minute,failure,full_raw_probability,full_calibrated_probability,ablation_raw_probability,ablation_calibrated_probability,full_trigger,ablation_trigger
74182,1,0.21866548,0.22222222,0.039752,0.009259258,0,0
74183,1,0.19379883,0.17333333,0.05715659,0.025263159,0,0
74184,1,0.18035637,0.17142858,0.08851995,0.04532967,0,0
74185,0,0.17799574,0.17142858,0.07180385,0.025263159,0,0
74186,0,0.13863309,0.06153846,0.09226189,0.04532967,0,0
74187,1,0.09486709,0.057771664,0.0983585,0.04532967,0,0
74188,1,0.19624412,0.17333333,0.109602526,0.06716418,0,0
74189,0,0.20892577,0.17333333,0.07070161,0.025263159,0,0
74190,0,0.14119643,0.06153846,0.07733514,0.04532967,0,0
74191,0,0.08130578,0.035928145,0.0590261,0.025263159,0,0
74192,0,0.08021808,0.035928145,0.07039474,0.025263159,0,0
74193,0,0.07856613,0.035928145,0.090376474,0.04532967,0,0
74194,0,0.12463404,0.057771664,0.23334697,0.10289389,0,0
74195,0,0.08073904,0.035928145,0.10413069,0.05050505,0,0
74196,0,0.10955986,0.057771664,0.1108235,0.06716418,0,0
74197,0,0.11082643,0.057771664,0.07068546,0.025263159,0,0
74198,0,0.109724544,0.057771664,0.11569592,0.078028746,0,0
74199,0,0.12624641,0.057771664,0.08684425,0.04532967,0,0
74200,0,0.120981105,0.057771664,0.1205658,0.078028746,0,0
74201,0,0.11663538,0.057771664,0.103309266,0.05050505,0,0
74202,0,0.12653787,0.057771664,0.10955534,0.06716418,0,0
74203,0,0.20978372,0.17333333,0.08980701,0.04532967,0,0
74204,0,0.07885172,0.035928145,0.1382505,0.092920355,0,0
74205,0,0.08697916,0.035928145,0.09897001,0.04532967,0,0
74206,0,0.07647801,0.035928145,0.08180492,0.04532967,0,0
74207,0,0.05974679,0.035928145,0.04728306,0.017391304,0,0
74208,0,0.043070894,0.02248394,0.06792034,0.025263159,0,0
74209,0,0.05741656,0.035928145,0.0836137,0.04532967,0,0
74210,0,0.04165686,0.02248394,0.05215462,0.017391304,0,0
74211,0,0.051398303,0.027237354,0.06253812,0.025263159,0,0
74212,0,0.06577411,0.035928145,0.04594644,0.017391304,0,0
74213,0,0.08005055,0.035928145,0.050639577,0.017391304,0,0
74214,0,0.06817334,0.035928145,0.060278356,0.025263159,0,0
74215,0,0.054963265,0.027237354,0.09645194,0.04532967,0,0
74216,0,0.036497816,0.02248394,0.05840761,0.025263159,0,0
74217,0,0.06609543,0.035928145,0.0660386,0.025263159,0,0
74218,0,0.08716361,0.035928145,0.07665318,0.04532967,0,0
74219,0,0.10164482,0.057771664,0.108741835,0.06716418,0,0
74220,0,0.11544822,0.057771664,0.2037052,0.09982175,0,0
74221,0,0.059056576,0.035928145,0.13917913,0.092920355,0,0
74222,0,0.06762011,0.035928145,0.113026954,0.069530405,0,0
74223,0,0.086452186,0.035928145,0.107555754,0.06716418,0,0
74224,0,0.0672379,0.035928145,0.08701364,0.04532967,0,0
74225,0,0.06260278,0.035928145,0.075260155,0.04532967,0,0
74226,0,0.05583342,0.027237354,0.101384215,0.04532967,0,0
74227,0,0.057842735,0.035928145,0.06767031,0.025263159,0,0
74228,0,0.07281635,0.035928145,0.16254303,0.092920355,0,0
74229,0,0.05247784,0.027237354,0.070025355,0.025263159,0,0
74230,0,0.053413674,0.027237354,0.06825574,0.025263159,0,0
74231,0,0.045530483,0.02248394,0.0876803,0.04532967,0,0
74232,0,0.06578328,0.035928145,0.07941518,0.04532967,0,0
74233,0,0.05821322,0.035928145,0.112627596,0.06716418,0,0
74234,1,0.064359635,0.035928145,0.099864915,0.04532967,0,0
74235,1,0.11409144,0.057771664,0.19025071,0.09982175,0,0
74236,0,0.087759174,0.035928145,0.15735482,0.092920355,0,0
74237,0,0.08381348,0.035928145,0.10403182,0.05050505,0,0
74238,0,0.083869375,0.035928145,0.06620461,0.025263159,0,0
74239,0,0.08411431,0.035928145,0.07291924,0.025263159,0,0
74240,0,0.08251188,0.035928145,0.08591225,0.04532967,0,0
74241,0,0.054116096,0.027237354,0.07835993,0.04532967,0,0
74242,0,0.08763654,0.035928145,0.086385496,0.04532967,0,0
74243,0,0.06792724,0.035928145,0.10148604,0.04532967,0,0
74244,1,0.12689658,0.057771664,0.21766394,0.10289389,0,0
74245,0,0.15861554,0.1554054,0.36117622,0.11621621,0,0
74246,0,0.21572988,0.17333333,0.23594868,0.10289389,0,0
74247,0,0.13481581,0.06153846,0.18473716,0.09982175,0,0
74248,0,0.14456773,0.06153846,0.13067612,0.078028746,0,0
74249,0,0.06456211,0.035928145,0.11307701,0.078028746,0,0
74250,1,0.08013332,0.035928145,0.10719267,0.06716418,0,0
74251,0,0.123508565,0.057771664,0.10946072,0.06716418,0,0
74252,0,0.081265755,0.035928145,0.08559674,0.04532967,0,0
74253,0,0.09426135,0.057771664,0.16275677,0.092920355,0,0
74254,0,0.103074566,0.057771664,0.15927662,0.092920355,0,0
74255,0,0.08184589,0.035928145,0.15864424,0.092920355,0,0
74256,0,0.093166485,0.057771664,0.18455687,0.09982175,0,0
74257,0,0.07181614,0.035928145,0.13399188,0.078028746,0,0
74258,0,0.08661624,0.035928145,0.1054827,0.05050505,0,0
74259,0,0.10052534,0.057771664,0.15732378,0.092920355,0,0
74260,0,0.062388137,0.035928145,0.12159241,0.078028746,0,0
74261,0,0.06992862,0.035928145,0.17400675,0.09982175,0,0
74262,0,0.06881937,0.035928145,0.14915685,0.092920355,0,0
74263,0,0.08155632,0.035928145,0.18541384,0.09982175,0,0
74264,0,0.08387066,0.035928145,0.13703439,0.08955224,0,0
74265,0,0.09454117,0.057771664,0.17787856,0.09982175,0,0
74266,0,0.07347766,0.035928145,0.15550658,0.092920355,0,0
74267,0,0.054480158,0.027237354,0.10192905,0.04532967,0,0
74268,0,0.05807966,0.035928145,0.09344006,0.04532967,0,0
74269,0,0.05627978,0.028378801,0.12977137,0.078028746,0,0
74270,0,0.055733,0.027237354,0.11050979,0.06716418,0,0
74271,0,0.04654805,0.02248394,0.112226576,0.06716418,0,0
74272,0,0.061663225,0.035928145,0.13938022,0.092920355,0,0
74273,0,0.048354246,0.02248394,0.121805124,0.078028746,0,0
74274,0,0.056158133,0.027237354,0.13080887,0.078028746,0,0
74275,0,0.053752296,0.027237354,0.12156771,0.078028746,0,0
74276,0,0.054012883,0.027237354,0.104537025,0.05050505,0,0
74277,0,0.06717236,0.035928145,0.13241127,0.078028746,0,0
74278,0,0.05283281,0.027237354,0.13965301,0.092920355,0,0
74279,0,0.041644793,0.02248394,0.10939259,0.06716418,0,0
74280,0,0.05046511,0.02248394,0.21191084,0.09982175,0,0
74281,0,0.04608299,0.02248394,0.15084504,0.092920355,0,0
74282,0,0.0817969,0.035928145,0.28173327,0.11621621,0,0
74283,0,0.05683603,0.03499205,0.17387052,0.09982175,0,0
74284,0,0.084359415,0.035928145,0.18171047,0.09982175,0,0
74285,0,0.114226975,0.057771664,0.23250079,0.10289389,0,0
74286,0,0.12792669,0.057771664,0.2640937,0.10289389,0,0
74287,0,0.1070597,0.057771664,0.2599696,0.10289389,0,0
74288,0,0.064608835,0.035928145,0.25650993,0.10289389,0,0
74289,0,0.09080784,0.057771664,0.23166826,0.10289389,0,0
74290,1,0.068638645,0.035928145,0.1968905,0.09982175,0,0
74291,0,0.13672498,0.06153846,0.22709624,0.10289389,0,0
74292,0,0.140359,0.06153846,0.23228854,0.10289389,0,0
74293,0,0.11278872,0.057771664,0.2139283,0.09982175,0,0
74294,0,0.08893418,0.035928145,0.18717787,0.09982175,0,0
74295,0,0.10553116,0.057771664,0.21487164,0.09982175,0,0
74296,0,0.072225824,0.035928145,0.14526145,0.092920355,0,0
74297,0,0.14279787,0.06153846,0.1975462,0.09982175,0,0
74298,0,0.08345467,0.035928145,0.18856624,0.09982175,0,0
74299,0,0.106288455,0.057771664,0.2376383,0.10289389,0,0
74300,0,0.09987396,0.057771664,0.2115259,0.09982175,0,0
74301,0,0.09501599,0.057771664,0.23343588,0.10289389,0,0
74302,0,0.0860497,0.035928145,0.17593117,0.09982175,0,0
74303,0,0.088625096,0.035928145,0.20163278,0.09982175,0,0
74304,0,0.07481919,0.035928145,0.15952083,0.092920355,0,0
74305,0,0.08221513,0.035928145,0.21192563,0.09982175,0,0
74306,0,0.08594174,0.035928145,0.23600231,0.10289389,0,0
74307,0,0.09972732,0.057771664,0.26778892,0.11621621,0,0
74308,0,0.103707,0.057771664,0.3086702,0.11621621,0,0
74309,0,0.09932069,0.057771664,0.25769752,0.10289389,0,0
74310,0,0.13434711,0.06153846,0.30249885,0.11621621,0,0
74311,0,0.07897299,0.035928145,0.27389672,0.11621621,0,0
74312,0,0.098203085,0.057771664,0.26783377,0.11621621,0,0
74313,0,0.09529393,0.057771664,0.2679166,0.11621621,0,0
74314,0,0.07485154,0.035928145,0.20655847,0.09982175,0,0
74315,0,0.0806426,0.035928145,0.16932681,0.09982175,0,0
74316,0,0.087235846,0.035928145,0.20938751,0.09982175,0,0
74317,0,0.100722335,0.057771664,0.23059939,0.10289389,0,0
74318,0,0.09985635,0.057771664,0.21777229,0.10289389,0,0
74319,0,0.12026736,0.057771664,0.2228185,0.10289389,0,0
74320,0,0.090658195,0.057771664,0.19809581,0.09982175,0,0
74321,0,0.10214209,0.057771664,0.2072482,0.09982175,0,0
74322,0,0.0888271,0.035928145,0.2224351,0.10289389,0,0
74323,0,0.0734351,0.035928145,0.26806086,0.11621621,0,0
74324,0,0.09142224,0.057771664,0.21462962,0.09982175,0,0
74325,0,0.09154579,0.057771664,0.25562733,0.10289389,0,0
74326,0,0.13084057,0.057771664,0.24257465,0.10289389,0,0
74327,0,0.09447374,0.057771664,0.2581394,0.10289389,0,0
74328,0,0.10281393,0.057771664,0.24355656,0.10289389,0,0
74329,0,0.098103955,0.057771664,0.25059286,0.10289389,0,0
74330,0,0.10667448,0.057771664,0.28318647,0.11621621,0,0
74331,0,0.110050686,0.057771664,0.22693214,0.10289389,0,0
74332,0,0.08878489,0.035928145,0.22905113,0.10289389,0,0
74333,0,0.10455719,0.057771664,0.20785964,0.09982175,0,0
74334,0,0.105974264,0.057771664,0.2199626,0.10289389,0,0
74335,0,0.095771074,0.057771664,0.23415825,0.10289389,0,0
74336,0,0.09883435,0.057771664,0.19160558,0.09982175,0,0
74337,0,0.09129893,0.057771664,0.16691422,0.09982175,0,0
74338,0,0.09712777,0.057771664,0.24419789,0.10289389,0,0
74339,0,0.13721286,0.06153846,0.2696967,0.11621621,0,0
74340,0,0.09187748,0.057771664,0.31647608,0.11621621,0,0
74341,0,0.12299543,0.057771664,0.22254388,0.10289389,0,0
74342,0,0.09358351,0.057771664,0.21977247,0.10289389,0,0
74343,0,0.07579454,0.035928145,0.20135647,0.09982175,0,0
74344,0,0.10987143,0.057771664,0.28868645,0.11621621,0,0
74345,0,0.09093792,0.057771664,0.21372241,0.09982175,0,0
74346,0,0.08634655,0.035928145,0.27471495,0.11621621,0,0
74347,0,0.097093366,0.057771664,0.21443118,0.09982175,0,0
74348,0,0.11430687,0.057771664,0.21015978,0.09982175,0,0
74349,0,0.12898631,0.057771664,0.29637763,0.11621621,0,0
74350,0,0.10285229,0.057771664,0.3202652,0.11621621,0,0
74351,0,0.11609643,0.057771664,0.30338752,0.11621621,0,0
74352,1,0.10039329,0.057771664,0.2770265,0.11621621,0,0
74353,0,0.091657445,0.057771664,0.19998337,0.09982175,0,0
74354,0,0.1399074,0.06153846,0.18929005,0.09982175,0,0
74355,0,0.087431654,0.035928145,0.28273365,0.11621621,0,0
74356,0,0.09648272,0.057771664,0.19906035,0.09982175,0,0
74357,0,0.10199921,0.057771664,0.24193054,0.10289389,0,0
74358,0,0.070699774,0.035928145,0.23616016,0.10289389,0,0
74359,0,0.09514983,0.057771664,0.2699008,0.11621621,0,0
74360,0,0.11018574,0.057771664,0.25947756,0.10289389,0,0
74361,0,0.106669284,0.057771664,0.2759102,0.11621621,0,0
74362,0,0.11406418,0.057771664,0.24573259,0.10289389,0,0
74363,0,0.109611474,0.057771664,0.25998467,0.10289389,0,0
74364,0,0.1173322,0.057771664,0.259757,0.10289389,0,0
74365,0,0.11954638,0.057771664,0.21663398,0.10289389,0,0
74366,0,0.07158881,0.035928145,0.17556328,0.09982175,0,0
74367,0,0.10545783,0.057771664,0.20238963,0.09982175,0,0
74368,0,0.10854296,0.057771664,0.21608312,0.10289389,0,0
74369,0,0.11368299,0.057771664,0.2490551,0.10289389,0,0
74370,0,0.0758026,0.035928145,0.24109845,0.10289389,0,0
74371,0,0.07837014,0.035928145,0.246638,0.10289389,0,0
74372,0,0.11303776,0.057771664,0.3010808,0.11621621,0,0
74373,0,0.09400918,0.057771664,0.26276746,0.10289389,0,0
74374,0,0.108918555,0.057771664,0.2652507,0.10289389,0,0
74375,0,0.09782828,0.057771664,0.2286278,0.10289389,0,0
74376,0,0.12603031,0.057771664,0.2800723,0.11621621,0,0
74377,0,0.08819804,0.035928145,0.23766948,0.10289389,0,0
74378,0,0.084459946,0.035928145,0.19881767,0.09982175,0,0
74379,0,0.092568345,0.057771664,0.1783475,0.09982175,0,0
74380,0,0.11391397,0.057771664,0.22894892,0.10289389,0,0
74381,1,0.14072667,0.06153846,0.18951504,0.09982175,0,0
74382,0,0.21482222,0.17333333,0.22982113,0.10289389,0,0
74383,0,0.14234945,0.06153846,0.18311222,0.09982175,0,0
74384,0,0.12393074,0.057771664,0.18400678,0.09982175,0,0
74385,0,0.12714498,0.057771664,0.16684783,0.09982175,0,0
74386,0,0.12838529,0.057771664,0.16236554,0.092920355,0,0
74387,0,0.10753409,0.057771664,0.15320694,0.092920355,0,0
74388,0,0.120711066,0.057771664,0.1487315,0.092920355,0,0
74389,0,0.14643157,0.0952381,0.15487656,0.092920355,0,0
74390,1,0.19720948,0.17333333,0.16251522,0.092920355,0,0
74391,0,0.40377554,0.62068963,0.17881502,0.09982175,0,0
74392,0,0.2729871,0.37096775,0.19826353,0.09982175,0,0
74393,0,0.2232308,0.22222222,0.15970643,0.092920355,0,0
74394,0,0.20812756,0.17333333,0.16700768,0.09982175,0,0
74395,0,0.2192649,0.22222222,0.14464612,0.092920355,0,0
74396,0,0.19023947,0.17333333,0.10907252,0.06716418,0,0
74397,0,0.1489581,0.0952381,0.13701078,0.08955224,0,0
74398,0,0.24445903,0.37096775,0.15971543,0.092920355,0,0
74399,0,0.2501835,0.37096775,0.14792092,0.092920355,0,0
74400,0,0.13214812,0.06153846,0.12668417,0.078028746,0,0
74401,0,0.18880808,0.17333333,0.20775717,0.09982175,0,0
74402,0,0.11947346,0.057771664,0.15497836,0.092920355,0,0
74403,0,0.2107962,0.17333333,0.13404436,0.078028746,0,0
74404,0,0.1663347,0.1554054,0.114988424,0.078028746,0,0
74405,0,0.19681582,0.17333333,0.15425336,0.092920355,0,0
74406,0,0.19493224,0.17333333,0.12250639,0.078028746,0,0
74407,0,0.2408649,0.37096775,0.17948437,0.09982175,0,0
74408,0,0.18780857,0.17333333,0.14498585,0.092920355,0,0
74409,0,0.25057653,0.37096775,0.19603525,0.09982175,0,0
74410,0,0.14165403,0.06153846,0.20288876,0.09982175,0,0
74411,0,0.121451996,0.057771664,0.1413294,0.092920355,0,0
74412,0,0.09983558,0.057771664,0.14062323,0.092920355,0,0
74413,0,0.120103076,0.057771664,0.19896081,0.09982175,0,0
74414,0,0.11014392,0.057771664,0.21613698,0.10289389,0,0
74415,0,0.13127495,0.057771664,0.18911847,0.09982175,0,0
74416,0,0.11310306,0.057771664,0.18983516,0.09982175,0,0
74417,0,0.1363913,0.06153846,0.1611957,0.092920355,0,0
74418,0,0.11871041,0.057771664,0.1870889,0.09982175,0,0
74419,0,0.13693559,0.06153846,0.26660657,0.10289389,0,0
74420,0,0.15878166,0.1554054,0.23506601,0.10289389,0,0
74421,0,0.12616745,0.057771664,0.20169671,0.09982175,0,0
74422,0,0.15419252,0.1554054,0.18145281,0.09982175,0,0
74423,0,0.16703975,0.1554054,0.17776798,0.09982175,0,0
74424,0,0.19654335,0.17333333,0.18619114,0.09982175,0,0
74425,0,0.16982158,0.1554054,0.21712233,0.10289389,0,0
74426,0,0.16269365,0.1554054,0.21102622,0.09982175,0,0
74427,0,0.18706341,0.17333333,0.21649429,0.10289389,0,0
74428,0,0.23543216,0.37096775,0.15597942,0.092920355,0,0
74429,0,0.18678038,0.17333333,0.24604936,0.10289389,0,0
74430,0,0.18526603,0.17142858,0.16183881,0.092920355,0,0
74431,0,0.20201157,0.17333333,0.17929389,0.09982175,0,0
74432,0,0.16762432,0.1554054,0.16850743,0.09982175,0,0
74433,0,0.16735396,0.1554054,0.18710883,0.09982175,0,0
74434,0,0.15320551,0.1554054,0.13132447,0.078028746,0,0
74435,0,0.15827878,0.1554054,0.11685633,0.078028746,0,0
74436,0,0.17056325,0.1554054,0.21111935,0.09982175,0,0
74437,1,0.11286901,0.057771664,0.15564097,0.092920355,0,0
74438,0,0.26567453,0.37096775,0.306708,0.11621621,0,0
74439,0,0.20606832,0.17333333,0.21233447,0.09982175,0,0
74440,0,0.1882802,0.17333333,0.30366987,0.11621621,0,0
74441,0,0.18230323,0.17142858,0.34399486,0.11621621,0,0
74442,0,0.17869863,0.17142858,0.30757514,0.11621621,0,0
74443,0,0.16735822,0.1554054,0.22817442,0.10289389,0,0
74444,0,0.17210421,0.1554054,0.15207219,0.092920355,0,0
74445,0,0.14701958,0.0952381,0.12509182,0.078028746,0,0
74446,0,0.16934736,0.1554054,0.13636099,0.08955224,0,0
74447,0,0.23071924,0.22222222,0.17387632,0.09982175,0,0
74448,0,0.14648901,0.0952381,0.15839173,0.092920355,0,0
74449,0,0.16775908,0.1554054,0.17735566,0.09982175,0,0
74450,0,0.21252158,0.17333333,0.19796957,0.09982175,0,0
74451,0,0.12719677,0.057771664,0.17197752,0.09982175,0,0
74452,0,0.12832399,0.057771664,0.17209892,0.09982175,0,0
74453,0,0.11824562,0.057771664,0.15511025,0.092920355,0,0
74454,0,0.117907934,0.057771664,0.13638872,0.08955224,0,0
74455,0,0.15186831,0.1554054,0.14915365,0.092920355,0,0
74456,0,0.18809587,0.17333333,0.23219196,0.10289389,0,0
74457,0,0.12681606,0.057771664,0.35159588,0.11621621,0,0
74458,0,0.099010505,0.057771664,0.15664285,0.092920355,0,0
74459,0,0.1243998,0.057771664,0.20714094,0.09982175,0,0
74460,0,0.16698888,0.1554054,0.27872738,0.11621621,0,0
74461,0,0.07611164,0.035928145,0.20824723,0.09982175,0,0
74462,0,0.109900825,0.057771664,0.29828456,0.11621621,0,0
74463,0,0.10440927,0.057771664,0.22021416,0.10289389,0,0
74464,0,0.10681293,0.057771664,0.17425686,0.09982175,0,0
74465,0,0.10879481,0.057771664,0.15915208,0.092920355,0,0
74466,0,0.13124965,0.057771664,0.25734794,0.10289389,0,0
74467,0,0.07786912,0.035928145,0.14756006,0.092920355,0,0
74468,0,0.17603622,0.1554054,0.21520768,0.09982175,0,0
74469,0,0.14485684,0.06153846,0.15980443,0.092920355,0,0
74470,0,0.11617162,0.057771664,0.14236282,0.092920355,0,0
74471,0,0.1371139,0.06153846,0.15922707,0.092920355,0,0
74472,0,0.15908402,0.1554054,0.15131852,0.092920355,0,0
74473,0,0.1930578,0.17333333,0.19165254,0.09982175,0,0
74474,0,0.15535654,0.1554054,0.1907778,0.09982175,0,0
74475,0,0.15708488,0.1554054,0.15012999,0.092920355,0,0
74476,0,0.16569185,0.1554054,0.1753239,0.09982175,0,0
74477,0,0.15291464,0.1554054,0.19986707,0.09982175,0,0
74478,0,0.18558171,0.17142858,0.2627296,0.10289389,0,0
74479,0,0.17234135,0.1554054,0.26612929,0.10289389,0,0
74480,0,0.1142468,0.057771664,0.18458532,0.09982175,0,0
74481,0,0.11227314,0.057771664,0.21258256,0.09982175,0,0
74482,0,0.10998671,0.057771664,0.21881981,0.10289389,0,0
74483,0,0.11357429,0.057771664,0.2880156,0.11621621,0,0
74484,0,0.13583523,0.06153846,0.25648114,0.10289389,0,0
74485,0,0.1014309,0.057771664,0.2162333,0.10289389,0,0
74486,0,0.12329796,0.057771664,0.23552428,0.10289389,0,0
74487,0,0.15387787,0.1554054,0.37118098,0.11621621,0,0
74488,0,0.1070183,0.057771664,0.24031967,0.10289389,0,0
74489,0,0.14723128,0.0952381,0.19900632,0.09982175,0,0
74490,0,0.13304758,0.06153846,0.22598314,0.10289389,0,0
74491,0,0.14956428,0.125,0.14858581,0.092920355,0,0
74492,0,0.20729807,0.17333333,0.1903616,0.09982175,0,0
74493,0,0.16806102,0.1554054,0.13200246,0.078028746,0,0
74494,0,0.21981591,0.22222222,0.16022712,0.092920355,0,0
74495,0,0.17406532,0.1554054,0.1711379,0.09982175,0,0
74496,0,0.18961072,0.17333333,0.21726471,0.10289389,0,0
74497,0,0.13527852,0.06153846,0.19302556,0.09982175,0,0
74498,0,0.15063877,0.125,0.1335183,0.078028746,0,0
74499,0,0.14318092,0.06153846,0.108373396,0.06716418,0,0
74500,0,0.11838813,0.057771664,0.25091374,0.10289389,0,0
74501,0,0.13649583,0.06153846,0.16104917,0.092920355,0,0
74502,0,0.15407535,0.1554054,0.12675866,0.078028746,0,0
74503,0,0.108347744,0.057771664,0.17718571,0.09982175,0,0
74504,0,0.119989954,0.057771664,0.19289427,0.09982175,0,0
74505,0,0.13435113,0.06153846,0.25070685,0.10289389,0,0
74506,0,0.15242139,0.1554054,0.26074263,0.10289389,0,0
74507,0,0.13403355,0.06153846,0.15677859,0.092920355,0,0
74508,0,0.13251443,0.06153846,0.13772003,0.092920355,0,0
74509,0,0.12600105,0.057771664,0.13775453,0.092920355,0,0
74510,0,0.15539838,0.1554054,0.144873,0.092920355,0,0
74511,0,0.10167282,0.057771664,0.11789131,0.078028746,0,0
74512,0,0.10513795,0.057771664,0.118414335,0.078028746,0,0
74513,0,0.12293508,0.057771664,0.107501715,0.06716418,0,0
74514,0,0.079761535,0.035928145,0.14368296,0.092920355,0,0
74515,0,0.08363296,0.035928145,0.10928405,0.06716418,0,0
74516,0,0.1402534,0.06153846,0.14272764,0.092920355,0,0
74517,0,0.098907754,0.057771664,0.19077212,0.09982175,0,0
74518,0,0.09912756,0.057771664,0.11975583,0.078028746,0,0
74519,0,0.12968309,0.057771664,0.13186951,0.078028746,0,0
74520,0,0.11755187,0.057771664,0.13769764,0.092920355,0,0
74521,0,0.11971282,0.057771664,0.13960652,0.092920355,0,0
74522,0,0.12861483,0.057771664,0.19913101,0.09982175,0,0
74523,0,0.18043754,0.17142858,0.19378975,0.09982175,0,0
74524,0,0.104959086,0.057771664,0.13671166,0.08955224,0,0
74525,0,0.114866644,0.057771664,0.14394167,0.092920355,0,0
74526,0,0.13835706,0.06153846,0.18697722,0.09982175,0,0
74527,0,0.08232424,0.035928145,0.15053324,0.092920355,0,0
74528,0,0.10048583,0.057771664,0.18119834,0.09982175,0,0
74529,0,0.16091253,0.1554054,0.19282694,0.09982175,0,0
74530,0,0.08955457,0.05263158,0.08971328,0.04532967,0,0
74531,0,0.13383739,0.06153846,0.10082565,0.04532967,0,0
74532,0,0.10191845,0.057771664,0.09564151,0.04532967,0,0
74533,0,0.13955326,0.06153846,0.10692079,0.05050505,0,0
74534,0,0.14935136,0.125,0.10105254,0.04532967,0,0
74535,0,0.10571621,0.057771664,0.10511763,0.05050505,0,0
74536,0,0.15149027,0.15047875,0.11498187,0.078028746,0,0
74537,0,0.14793654,0.0952381,0.1654421,0.09982175,0,0
74538,0,0.123379506,0.057771664,0.15013959,0.092920355,0,0
74539,0,0.15013286,0.125,0.1671852,0.09982175,0,0
74540,0,0.12719315,0.057771664,0.16850865,0.09982175,0,0
74541,0,0.14230087,0.06153846,0.22217657,0.10289389,0,0
74542,0,0.11190301,0.057771664,0.2469972,0.10289389,0,0
74543,0,0.15185319,0.1554054,0.20220748,0.09982175,0,0
74544,0,0.13738914,0.06153846,0.14634624,0.092920355,0,0
74545,0,0.1431237,0.06153846,0.18903488,0.09982175,0,0
74546,0,0.16204202,0.1554054,0.3084229,0.11621621,0,0
74547,0,0.1658613,0.1554054,0.31973514,0.11621621,0,0
74548,0,0.13854694,0.06153846,0.28526163,0.11621621,0,0
74549,0,0.12179221,0.057771664,0.14488631,0.092920355,0,0
74550,0,0.15085502,0.125,0.17705637,0.09982175,0,0
74551,0,0.17560877,0.1554054,0.32571667,0.11621621,0,0
74552,0,0.13726999,0.06153846,0.23346534,0.10289389,0,0
74553,0,0.10394039,0.057771664,0.19172066,0.09982175,0,0
74554,0,0.10174313,0.057771664,0.21824509,0.10289389,0,0
74555,0,0.11593493,0.057771664,0.20293678,0.09982175,0,0
74556,0,0.11648512,0.057771664,0.16531688,0.09982175,0,0
74557,0,0.09003954,0.05263158,0.12033072,0.078028746,0,0
74558,0,0.097192444,0.057771664,0.17925794,0.09982175,0,0
74559,0,0.12578867,0.057771664,0.14474185,0.092920355,0,0
74560,0,0.109594025,0.057771664,0.14696659,0.092920355,0,0
74561,0,0.100315474,0.057771664,0.08275473,0.04532967,0,0
74562,0,0.13149652,0.057771664,0.20082739,0.09982175,0,0
74563,0,0.13204728,0.06153846,0.2186286,0.10289389,0,0
74564,0,0.13164942,0.057771664,0.2846987,0.11621621,0,0
74565,0,0.13799196,0.06153846,0.16840605,0.09982175,0,0
74566,0,0.108328365,0.057771664,0.18825243,0.09982175,0,0
74567,0,0.07002045,0.035928145,0.19166574,0.09982175,0,0
74568,0,0.14997636,0.125,0.23097156,0.10289389,0,0
74569,0,0.07315023,0.035928145,0.21730389,0.10289389,0,0
74570,0,0.14346267,0.06153846,0.18656516,0.09982175,0,0
74571,0,0.11629782,0.057771664,0.23983568,0.10289389,0,0
74572,0,0.13355626,0.06153846,0.24259841,0.10289389,0,0
74573,0,0.124163836,0.057771664,0.15638612,0.092920355,0,0
74574,0,0.09790821,0.057771664,0.27038708,0.11621621,0,0
74575,0,0.12198239,0.057771664,0.38613737,0.11621621,0,0
74576,0,0.07164039,0.035928145,0.19684784,0.09982175,0,0
74577,0,0.09883664,0.057771664,0.29254156,0.11621621,0,0
74578,0,0.07382005,0.035928145,0.30134857,0.11621621,0,0
74579,0,0.07633849,0.035928145,0.21983187,0.10289389,0,0
74580,0,0.078576535,0.035928145,0.23338833,0.10289389,0,0
74581,0,0.07540978,0.035928145,0.18336421,0.09982175,0,0
74582,0,0.09527828,0.057771664,0.25250912,0.10289389,0,0
74583,0,0.098874055,0.057771664,0.23741958,0.10289389,0,0
74584,0,0.118614405,0.057771664,0.35204676,0.11621621,0,0
74585,0,0.10381846,0.057771664,0.2564753,0.10289389,0,0
74586,0,0.10435035,0.057771664,0.25770295,0.10289389,0,0
74587,0,0.13170864,0.057771664,0.2674134,0.10289389,0,0
74588,0,0.07757179,0.035928145,0.19449235,0.09982175,0,0
74589,0,0.066013925,0.035928145,0.16926742,0.09982175,0,0
74590,0,0.1136875,0.057771664,0.28101674,0.11621621,0,0
74591,0,0.08162541,0.035928145,0.25108784,0.10289389,0,0
74592,0,0.048658192,0.02248394,0.22831756,0.10289389,0,0
74593,0,0.065476224,0.035928145,0.2743389,0.11621621,0,0
74594,0,0.06177476,0.035928145,0.25821704,0.10289389,0,0
74595,0,0.15245582,0.1554054,0.40822607,0.11621621,0,0
74596,0,0.058333762,0.035928145,0.20577046,0.09982175,0,0
74597,0,0.088839896,0.035928145,0.29959852,0.11621621,0,0
74598,0,0.07197564,0.035928145,0.1851049,0.09982175,0,0
74599,0,0.079023674,0.035928145,0.29472736,0.11621621,0,0
74600,0,0.08620405,0.035928145,0.30219427,0.11621621,0,0
74601,0,0.13769865,0.06153846,0.24656871,0.10289389,0,0
74602,0,0.06327714,0.035928145,0.28440168,0.11621621,0,0
74603,0,0.08784569,0.035928145,0.23999196,0.10289389,0,0
74604,0,0.06008193,0.035928145,0.24096742,0.10289389,0,0
74605,0,0.13305587,0.06153846,0.27030948,0.11621621,0,0
74606,0,0.12197883,0.057771664,0.32836458,0.11621621,0,0
74607,0,0.1471066,0.0952381,0.32215464,0.11621621,0,0
74608,0,0.110409975,0.057771664,0.3166547,0.11621621,0,0
74609,0,0.17125739,0.1554054,0.31988305,0.11621621,0,0
74610,0,0.13309248,0.06153846,0.35234147,0.11621621,0,0
74611,0,0.14474271,0.06153846,0.2520458,0.10289389,0,0
74612,0,0.15038112,0.125,0.32396895,0.11621621,0,0
74613,0,0.14227024,0.06153846,0.2695115,0.11621621,0,0
74614,0,0.13704935,0.06153846,0.1980124,0.09982175,0,0
74615,0,0.20366788,0.17333333,0.27531284,0.11621621,0,0
74616,0,0.15789871,0.1554054,0.27784023,0.11621621,0,0
74617,0,0.15349251,0.1554054,0.25628677,0.10289389,0,0
74618,0,0.16856328,0.1554054,0.23072593,0.10289389,0,0
74619,0,0.16973986,0.1554054,0.22162434,0.10289389,0,0
74620,0,0.11131976,0.057771664,0.1404922,0.092920355,0,0
74621,0,0.092239335,0.057771664,0.21773468,0.10289389,0,0
74622,0,0.09303939,0.057771664,0.1840885,0.09982175,0,0
74623,0,0.09032961,0.05263158,0.24680829,0.10289389,0,0
74624,0,0.0844019,0.035928145,0.30116758,0.11621621,0,0
74625,0,0.13318148,0.06153846,0.25113812,0.10289389,0,0
74626,0,0.19943121,0.17333333,0.2992125,0.11621621,0,0
74627,0,0.19341052,0.17333333,0.27116233,0.11621621,0,0
74628,0,0.16096272,0.1554054,0.29486004,0.11621621,0,0
74629,0,0.123324275,0.057771664,0.36738265,0.11621621,0,0
74630,0,0.1006059,0.057771664,0.26702827,0.10289389,0,0
74631,0,0.105267204,0.057771664,0.22571933,0.10289389,0,0
74632,0,0.048717182,0.02248394,0.19122326,0.09982175,0,0
74633,0,0.063396394,0.035928145,0.22993235,0.10289389,0,0
74634,0,0.058986243,0.035928145,0.15853262,0.092920355,0,0
74635,0,0.05070729,0.02248394,0.17279637,0.09982175,0,0
74636,0,0.08583585,0.035928145,0.19441293,0.09982175,0,0
74637,0,0.073907755,0.035928145,0.20981608,0.09982175,0,0
74638,0,0.06284623,0.035928145,0.18875156,0.09982175,0,0
74639,0,0.07640287,0.035928145,0.1769692,0.09982175,0,0
74640,0,0.06833385,0.035928145,0.11082862,0.06716418,0,0
74641,0,0.0499522,0.02248394,0.15653448,0.092920355,0,0
74642,0,0.06957923,0.035928145,0.17589211,0.09982175,0,0
74643,0,0.07466259,0.035928145,0.14793605,0.092920355,0,0
74644,0,0.09078403,0.057771664,0.070594706,0.025263159,0,0
74645,0,0.07122567,0.035928145,0.08289675,0.04532967,0,0
74646,0,0.13620953,0.06153846,0.19877924,0.09982175,0,0
74647,0,0.09423825,0.057771664,0.12944226,0.078028746,0,0
74648,0,0.09378684,0.057771664,0.18874265,0.09982175,0,0
74649,0,0.11202169,0.057771664,0.28106746,0.11621621,0,0
74650,0,0.13545379,0.06153846,0.22266363,0.10289389,0,0
74651,0,0.13124542,0.057771664,0.26296556,0.10289389,0,0
74652,0,0.13350889,0.06153846,0.27321735,0.11621621,0,0
74653,0,0.13601717,0.06153846,0.26989785,0.11621621,0,0
74654,0,0.11583777,0.057771664,0.26333392,0.10289389,0,0
74655,0,0.14327274,0.06153846,0.20885372,0.09982175,0,0
74656,0,0.13507235,0.06153846,0.23877671,0.10289389,0,0
74657,0,0.13313627,0.06153846,0.2939921,0.11621621,0,0
74658,0,0.13773037,0.06153846,0.3264629,0.11621621,0,0
74659,0,0.14446089,0.06153846,0.24451655,0.10289389,0,0
74660,0,0.20704469,0.17333333,0.27432218,0.11621621,0,0
74661,0,0.13555487,0.06153846,0.20511976,0.09982175,0,0
74662,0,0.07519953,0.035928145,0.1680029,0.09982175,0,0
74663,0,0.16204976,0.1554054,0.23699626,0.10289389,0,0
74664,0,0.13055834,0.057771664,0.30576447,0.11621621,0,0
74665,0,0.11875293,0.057771664,0.24112365,0.10289389,0,0
74666,0,0.11175429,0.057771664,0.23902579,0.10289389,0,0
74667,0,0.10334767,0.057771664,0.20352368,0.09982175,0,0
74668,0,0.07923556,0.035928145,0.23244677,0.10289389,0,0
74669,0,0.08352687,0.035928145,0.22251926,0.10289389,0,0
74670,0,0.09044295,0.05263158,0.26292145,0.10289389,0,0
74671,0,0.07328683,0.035928145,0.21257581,0.09982175,0,0
74672,0,0.08877407,0.035928145,0.21681026,0.10289389,0,0
74673,0,0.0572439,0.035928145,0.15116823,0.092920355,0,0
74674,0,0.10524603,0.057771664,0.20259662,0.09982175,0,0
74675,0,0.066237696,0.035928145,0.12582237,0.078028746,0,0
74676,0,0.07721665,0.035928145,0.09773169,0.04532967,0,0
74677,0,0.07103656,0.035928145,0.19784765,0.09982175,0,0
74678,0,0.061250772,0.035928145,0.12314839,0.078028746,0,0
74679,0,0.06384132,0.035928145,0.22738157,0.10289389,0,0
74680,0,0.05859931,0.035928145,0.15577249,0.092920355,0,0
74681,0,0.10277377,0.057771664,0.22572607,0.10289389,0,0
74682,0,0.06642707,0.035928145,0.17275041,0.09982175,0,0
74683,0,0.06582797,0.035928145,0.13099986,0.078028746,0,0
74684,0,0.1368036,0.06153846,0.31699744,0.11621621,0,0
74685,0,0.12291953,0.057771664,0.2997869,0.11621621,0,0
74686,0,0.10864188,0.057771664,0.22107428,0.10289389,0,0
74687,0,0.08904795,0.035928145,0.30104455,0.11621621,0,0
74688,0,0.084858,0.035928145,0.24396087,0.10289389,0,0
74689,0,0.09691464,0.057771664,0.26148304,0.10289389,0,0
74690,0,0.082161196,0.035928145,0.19777447,0.09982175,0,0
74691,0,0.061552007,0.035928145,0.18078963,0.09982175,0,0
74692,0,0.14552723,0.06153846,0.23269211,0.10289389,0,0
74693,0,0.12489992,0.057771664,0.23362961,0.10289389,0,0
74694,0,0.12165965,0.057771664,0.20256735,0.09982175,0,0
74695,1,0.12481498,0.057771664,0.22057666,0.10289389,0,0
74696,1,0.16533904,0.1554054,0.18885736,0.09982175,0,0
74697,1,0.30223963,0.37096775,0.36151698,0.11621621,0,0
74698,0,0.34305575,0.37096775,0.39194584,0.11621621,0,0
74699,0,0.23931108,0.37096775,0.29760405,0.11621621,0,0
74700,0,0.20104256,0.17333333,0.357613,0.11621621,0,0
74701,0,0.18546991,0.17142858,0.25111583,0.10289389,0,0
74702,0,0.14017878,0.06153846,0.28162608,0.11621621,0,0
74703,0,0.13945477,0.06153846,0.27290314,0.11621621,0,0
74704,0,0.14280961,0.06153846,0.4479333,0.11621621,0,0
74705,0,0.11871534,0.057771664,0.24523734,0.10289389,0,0
74706,0,0.1151675,0.057771664,0.27032083,0.11621621,0,0
74707,0,0.16568713,0.1554054,0.2690656,0.11621621,0,0
74708,0,0.11100681,0.057771664,0.17173588,0.09982175,0,0
74709,0,0.11011923,0.057771664,0.1748859,0.09982175,0,0
74710,0,0.1290229,0.057771664,0.25371876,0.10289389,0,0
74711,0,0.14987,0.125,0.29224268,0.11621621,0,0
74712,0,0.1846365,0.17142858,0.24049644,0.10289389,0,0
74713,0,0.19725803,0.17333333,0.20502436,0.09982175,0,0
74714,0,0.13390969,0.06153846,0.26490313,0.10289389,0,0
74715,0,0.16753136,0.1554054,0.13164482,0.078028746,0,0
74716,0,0.13070212,0.057771664,0.21664095,0.10289389,0,0
74717,0,0.068936326,0.035928145,0.20702642,0.09982175,0,0
74718,0,0.085197955,0.035928145,0.33655336,0.11621621,0,0
74719,0,0.115556926,0.057771664,0.34346053,0.11621621,0,0
74720,0,0.09777537,0.057771664,0.2828364,0.11621621,0,0
74721,0,0.15233944,0.1554054,0.1797068,0.09982175,0,0
74722,0,0.16910563,0.1554054,0.19034131,0.09982175,0,0
74723,0,0.17400163,0.1554054,0.2695676,0.11621621,0,0
74724,0,0.15027395,0.125,0.22958435,0.10289389,0,0
74725,0,0.19957902,0.17333333,0.25860262,0.10289389,0,0
74726,0,0.23474471,0.37096775,0.3227166,0.11621621,0,0
74727,0,0.16394834,0.1554054,0.22438978,0.10289389,0,0
74728,0,0.15115593,0.125,0.31279734,0.11621621,0,0
74729,0,0.17508607,0.1554054,0.2906947,0.11621621,0,0
74730,0,0.17549624,0.1554054,0.28412893,0.11621621,0,0
74731,0,0.14818484,0.0952381,0.24567321,0.10289389,0,0
74732,0,0.1241099,0.057771664,0.21176372,0.09982175,0,0
74733,0,0.16853717,0.1554054,0.23392266,0.10289389,0,0
74734,0,0.13601781,0.06153846,0.21061698,0.09982175,0,0
74735,0,0.1973337,0.17333333,0.3226249,0.11621621,0,0
74736,0,0.18112816,0.17142858,0.2871334,0.11621621,0,0
74737,0,0.13065818,0.057771664,0.24223255,0.10289389,0,0
74738,0,0.119738646,0.057771664,0.3104242,0.11621621,0,0
74739,0,0.14097871,0.06153846,0.34533447,0.11621621,0,0
74740,0,0.19210893,0.17333333,0.3332255,0.11621621,0,0
74741,0,0.16306399,0.1554054,0.43503,0.11621621,0,0
74742,0,0.14165318,0.06153846,0.31504995,0.11621621,0,0
74743,0,0.12376186,0.057771664,0.30868718,0.11621621,0,0
74744,0,0.12131742,0.057771664,0.31072602,0.11621621,0,0
74745,0,0.09365612,0.057771664,0.23211806,0.10289389,0,0
74746,0,0.12927453,0.057771664,0.27324632,0.11621621,0,0
74747,0,0.1769903,0.16024292,0.28495494,0.11621621,0,0
74748,0,0.15280819,0.1554054,0.2350161,0.10289389,0,0
74749,0,0.13651282,0.06153846,0.23695534,0.10289389,0,0
74750,0,0.20242885,0.17333333,0.3167018,0.11621621,0,0
74751,0,0.18068764,0.17142858,0.30615383,0.11621621,0,0
74752,0,0.18500407,0.17142858,0.26799956,0.11621621,0,0
74753,0,0.14108692,0.06153846,0.25018942,0.10289389,0,0
74754,0,0.21892594,0.22222222,0.36054412,0.11621621,0,0
74755,0,0.19165882,0.17333333,0.27446312,0.11621621,0,0
74756,0,0.16257939,0.1554054,0.32430422,0.11621621,0,0
74757,0,0.14846596,0.0952381,0.27227134,0.11621621,0,0
74758,0,0.14885509,0.0952381,0.28401595,0.11621621,0,0
74759,0,0.19357616,0.17333333,0.21974562,0.10289389,0,0
74760,0,0.123446815,0.057771664,0.22844756,0.10289389,0,0
74761,0,0.17172576,0.1554054,0.23530486,0.10289389,0,0
74762,0,0.16617598,0.1554054,0.23444869,0.10289389,0,0
74763,0,0.21824513,0.22222222,0.2019252,0.09982175,0,0
74764,0,0.16609542,0.1554054,0.27219233,0.11621621,0,0
74765,0,0.13850407,0.06153846,0.24967957,0.10289389,0,0
74766,0,0.18171683,0.17142858,0.2808738,0.11621621,0,0
74767,0,0.15538363,0.1554054,0.25434947,0.10289389,0,0
74768,0,0.15592565,0.1554054,0.25268716,0.10289389,0,0
74769,0,0.118772805,0.057771664,0.209227,0.09982175,0,0
74770,0,0.09752361,0.057771664,0.21890843,0.10289389,0,0
74771,0,0.09281203,0.057771664,0.26551396,0.10289389,0,0
74772,0,0.090640135,0.057771664,0.1779081,0.09982175,0,0
74773,1,0.08705187,0.035928145,0.25139567,0.10289389,0,0
74774,0,0.16957043,0.1554054,0.33864802,0.11621621,0,0
74775,0,0.120367534,0.057771664,0.25173151,0.10289389,0,0
74776,0,0.10849295,0.057771664,0.35498315,0.11621621,0,0
74777,0,0.095566675,0.057771664,0.24678366,0.10289389,0,0
74778,0,0.10792404,0.057771664,0.30402127,0.11621621,0,0
74779,0,0.11323698,0.057771664,0.27060807,0.11621621,0,0
74780,0,0.09229457,0.057771664,0.22109225,0.10289389,0,0
74781,0,0.08020393,0.035928145,0.30322912,0.11621621,0,0
74782,0,0.10685007,0.057771664,0.31940636,0.11621621,0,0
74783,0,0.09274975,0.057771664,0.18492849,0.09982175,0,0
74784,0,0.08580018,0.035928145,0.2777891,0.11621621,0,0
74785,0,0.06398882,0.035928145,0.25061274,0.10289389,0,0
74786,0,0.09280542,0.057771664,0.29312283,0.11621621,0,0
74787,0,0.064780384,0.035928145,0.19825824,0.09982175,0,0
74788,0,0.05598315,0.027237354,0.20461465,0.09982175,0,0
74789,0,0.06872793,0.035928145,0.17910501,0.09982175,0,0
74790,0,0.1209458,0.057771664,0.26862022,0.11621621,0,0
74791,0,0.06455507,0.035928145,0.17483962,0.09982175,0,0
74792,0,0.05756682,0.035928145,0.16753718,0.09982175,0,0
74793,0,0.06982396,0.035928145,0.24404685,0.10289389,0,0
74794,0,0.08393357,0.035928145,0.19227338,0.09982175,0,0
74795,0,0.06623389,0.035928145,0.22193085,0.10289389,0,0
74796,0,0.07622547,0.035928145,0.19698524,0.09982175,0,0
74797,0,0.060894202,0.035928145,0.2059838,0.09982175,0,0
74798,0,0.06803301,0.035928145,0.26321563,0.10289389,0,0
74799,0,0.060496673,0.035928145,0.26825067,0.11621621,0,0
74800,0,0.08747312,0.035928145,0.27538013,0.11621621,0,0
74801,0,0.04743515,0.02248394,0.2919558,0.11621621,0,0
74802,0,0.11114609,0.057771664,0.33171606,0.11621621,0,0
74803,0,0.045389157,0.02248394,0.21296969,0.09982175,0,0
74804,0,0.061354276,0.035928145,0.23187311,0.10289389,0,0
74805,0,0.09137672,0.057771664,0.16745439,0.09982175,0,0
74806,0,0.053678982,0.027237354,0.1900666,0.09982175,0,0
74807,0,0.062439494,0.035928145,0.22268459,0.10289389,0,0
74808,0,0.06011975,0.035928145,0.1805084,0.09982175,0,0
74809,0,0.07089601,0.035928145,0.1846353,0.09982175,0,0
74810,0,0.051725656,0.027237354,0.17812029,0.09982175,0,0
74811,0,0.056424562,0.03448276,0.16083457,0.092920355,0,0
74812,0,0.04585117,0.02248394,0.1555982,0.092920355,0,0
74813,0,0.09456232,0.057771664,0.15655033,0.092920355,0,0
74814,0,0.042255558,0.02248394,0.14316672,0.092920355,0,0
74815,0,0.048159715,0.02248394,0.11850085,0.078028746,0,0
74816,0,0.054216906,0.027237354,0.151823,0.092920355,0,0
74817,0,0.062114175,0.035928145,0.18377444,0.09982175,0,0
74818,0,0.068863675,0.035928145,0.1262377,0.078028746,0,0
74819,0,0.08021033,0.035928145,0.1805144,0.09982175,0,0
74820,0,0.054825593,0.027237354,0.1343813,0.08955224,0,0
74821,0,0.058732744,0.035928145,0.11714145,0.078028746,0,0
74822,0,0.04292786,0.02248394,0.08702963,0.04532967,0,0
74823,0,0.062135186,0.035928145,0.1042756,0.05050505,0,0
74824,0,0.04115207,0.02248394,0.099249795,0.04532967,0,0
74825,0,0.056020033,0.027237354,0.15115537,0.092920355,0,0
74826,0,0.04467563,0.02248394,0.1291193,0.078028746,0,0
74827,0,0.0715311,0.035928145,0.14636207,0.092920355,0,0
74828,0,0.0716653,0.035928145,0.11948702,0.078028746,0,0
74829,0,0.04944894,0.02248394,0.08955577,0.04532967,0,0
74830,0,0.06044382,0.035928145,0.09447177,0.04532967,0,0
74831,0,0.053814076,0.027237354,0.117268294,0.078028746,0,0
74832,0,0.046783615,0.02248394,0.09127463,0.04532967,0,0
74833,0,0.075179935,0.035928145,0.09649053,0.04532967,0,0
74834,0,0.072678186,0.035928145,0.1682349,0.09982175,0,0
74835,0,0.058462217,0.035928145,0.11750099,0.078028746,0,0
74836,0,0.070236966,0.035928145,0.16040006,0.092920355,0,0
74837,0,0.08062159,0.035928145,0.11674211,0.078028746,0,0
74838,0,0.07362432,0.035928145,0.13465647,0.08955224,0,0
74839,0,0.080470465,0.035928145,0.13453726,0.08955224,0,0
74840,0,0.05234506,0.027237354,0.11968416,0.078028746,0,0
74841,0,0.115160264,0.057771664,0.13675922,0.08955224,0,0
74842,0,0.06150742,0.035928145,0.09252498,0.04532967,0,0
74843,0,0.060538404,0.035928145,0.07630395,0.04532967,0,0
74844,0,0.054639447,0.027237354,0.079517424,0.04532967,0,0
74845,0,0.05894617,0.035928145,0.0932186,0.04532967,0,0
74846,0,0.0721968,0.035928145,0.14535496,0.092920355,0,0
74847,0,0.08950316,0.05263158,0.13336636,0.078028746,0,0
74848,0,0.0750093,0.035928145,0.16457213,0.09982175,0,0
74849,0,0.06331186,0.035928145,0.12868547,0.078028746,0,0
74850,0,0.06485453,0.035928145,0.14249766,0.092920355,0,0
74851,0,0.04587677,0.02248394,0.16249396,0.092920355,0,0
74852,0,0.051126774,0.024816606,0.09131901,0.04532967,0,0
74853,0,0.047766913,0.02248394,0.11764634,0.078028746,0,0
74854,0,0.066799335,0.035928145,0.1634439,0.09982175,0,0
74855,0,0.052207317,0.027237354,0.17002545,0.09982175,0,0
74856,0,0.0765934,0.035928145,0.16885203,0.09982175,0,0
74857,0,0.046804808,0.02248394,0.11402179,0.078028746,0,0
74858,0,0.053254187,0.027237354,0.14572062,0.092920355,0,0
74859,0,0.051069703,0.02248394,0.15093924,0.092920355,0,0
74860,0,0.06707163,0.035928145,0.13698176,0.08955224,0,0
74861,0,0.052445106,0.027237354,0.13339786,0.078028746,0,0
74862,0,0.042825047,0.02248394,0.0952743,0.04532967,0,0
74863,1,0.052117083,0.027237354,0.12304796,0.078028746,0,0
74864,0,0.08973573,0.05263158,0.12997115,0.078028746,0,0
74865,0,0.067844465,0.035928145,0.108543,0.06716418,0,0
74866,0,0.06361554,0.035928145,0.17804329,0.09982175,0,0
74867,1,0.045362927,0.02248394,0.16698074,0.09982175,0,0
74868,1,0.28940007,0.37096775,0.39959174,0.11621621,0,0
74869,0,0.42523786,0.62068963,0.40494332,0.11621621,0,0
74870,0,0.17018618,0.1554054,0.14839305,0.092920355,0,0
74871,0,0.11205323,0.057771664,0.085808575,0.04532967,0,0
74872,0,0.10069969,0.057771664,0.097229645,0.04532967,0,0
74873,0,0.07100541,0.035928145,0.116495214,0.078028746,0,0
74874,0,0.06968991,0.035928145,0.08174491,0.04532967,0,0
74875,0,0.058927666,0.035928145,0.08593758,0.04532967,0,0
74876,0,0.047130816,0.02248394,0.10463074,0.05050505,0,0
74877,1,0.058734417,0.035928145,0.13741425,0.092920355,0,0
74878,0,0.1958736,0.17333333,0.14006306,0.092920355,0,0
74879,0,0.08749902,0.035928145,0.12162753,0.078028746,0,0
74880,0,0.060440045,0.035928145,0.1222016,0.078028746,0,0
74881,0,0.05726879,0.035928145,0.15292977,0.092920355,0,0
74882,0,0.08032049,0.035928145,0.13899028,0.092920355,0,0
74883,0,0.0669228,0.035928145,0.096179746,0.04532967,0,0
74884,0,0.08284416,0.035928145,0.11021574,0.06716418,0,0
74885,0,0.06651124,0.035928145,0.051599137,0.017391304,0,0
74886,0,0.051599804,0.027237354,0.057615966,0.025263159,0,0
74887,0,0.043298323,0.02248394,0.04572836,0.017391304,0,0
74888,0,0.04735875,0.02248394,0.059377313,0.025263159,0,0
74889,0,0.057835728,0.035928145,0.0744371,0.04532967,0,0
74890,0,0.07458057,0.035928145,0.069178134,0.025263159,0,0
74891,0,0.06926163,0.035928145,0.061177064,0.025263159,0,0
74892,0,0.053702306,0.027237354,0.06332243,0.025263159,0,0
74893,0,0.0674736,0.035928145,0.075758696,0.04532967,0,0
74894,0,0.04433651,0.02248394,0.05753407,0.025263159,0,0
74895,0,0.071914986,0.035928145,0.07721727,0.04532967,0,0
74896,0,0.06873764,0.035928145,0.04846267,0.017391304,0,0
74897,0,0.0804031,0.035928145,0.07718498,0.04532967,0,0
74898,0,0.058637083,0.035928145,0.047707725,0.017391304,0,0
74899,0,0.0696767,0.035928145,0.055938195,0.025263159,0,0
74900,0,0.066442646,0.035928145,0.06593536,0.025263159,0,0
74901,0,0.041342884,0.02248394,0.07862908,0.04532967,0,0
74902,0,0.061489623,0.035928145,0.066469096,0.025263159,0,0
74903,0,0.06998433,0.035928145,0.118781015,0.078028746,0,0
74904,0,0.045690056,0.02248394,0.035993017,0.009259258,0,0
74905,0,0.053223047,0.027237354,0.036016047,0.009259258,0,0
74906,0,0.04220843,0.02248394,0.029331965,0.009259258,0,0
74907,0,0.06273127,0.035928145,0.061964754,0.025263159,0,0
74908,0,0.050540704,0.02248394,0.054145493,0.025263159,0,0
74909,0,0.05416249,0.027237354,0.08202397,0.04532967,0,0
74910,0,0.039945215,0.02248394,0.052334756,0.017391304,0,0
74911,0,0.08268971,0.035928145,0.11892562,0.078028746,0,0
74912,0,0.07595838,0.035928145,0.06062108,0.025263159,0,0
74913,0,0.052071597,0.027237354,0.043592896,0.017391304,0,0
74914,0,0.050303325,0.02248394,0.042345066,0.017391304,0,0
74915,0,0.060593132,0.035928145,0.086399116,0.04532967,0,0
74916,0,0.047872864,0.02248394,0.045586497,0.017391304,0,0
74917,0,0.044906985,0.02248394,0.033467215,0.009259258,0,0
74918,0,0.048047937,0.02248394,0.067794435,0.025263159,0,0
74919,0,0.061831024,0.035928145,0.062315237,0.025263159,0,0
74920,0,0.047399912,0.02248394,0.055314638,0.025263159,0,0
74921,0,0.034529563,0.02248394,0.054655395,0.025263159,0,0
74922,0,0.04040456,0.02248394,0.032428827,0.009259258,0,0
74923,0,0.036621135,0.02248394,0.03376478,0.009259258,0,0
74924,0,0.043311037,0.02248394,0.03792044,0.009259258,0,0
74925,0,0.037662193,0.02248394,0.02868026,0.009259258,0,0
74926,0,0.027966322,0.004761905,0.028597262,0.009259258,0,0
74927,0,0.034513447,0.02248394,0.03535007,0.009259258,0,0
74928,0,0.021568762,0.0017482517,0.040104333,0.009259258,0,0
74929,0,0.025564536,0.004761905,0.030301504,0.009259258,0,0
74930,0,0.03137501,0.02248394,0.08083761,0.04532967,0,0
74931,0,0.027418446,0.004761905,0.043328248,0.017391304,0,0
74932,0,0.031069264,0.02248394,0.04498449,0.017391304,0,0
74933,0,0.026083866,0.004761905,0.05133717,0.017391304,0,0
74934,0,0.031291727,0.02248394,0.052080862,0.017391304,0,0
74935,0,0.02874731,0.004761905,0.046489622,0.017391304,0,0
74936,0,0.0278662,0.004761905,0.03473902,0.009259258,0,0
74937,0,0.0207979,0.0017482517,0.022889739,0.0013605442,0,0
74938,0,0.018575821,0.0017482517,0.020667283,0.0013605442,0,0
74939,0,0.016718958,0.0017482517,0.021947557,0.0013605442,0,0
74940,0,0.022738807,0.0017482517,0.01941365,0.0013605442,0,0
74941,0,0.019918645,0.0017482517,0.023252763,0.0013605442,0,0
74942,0,0.016821885,0.0017482517,0.012701463,0.0013605442,0,0
74943,0,0.030160017,0.02248394,0.051519837,0.017391304,0,0
74944,0,0.029078882,0.02248394,0.030909209,0.009259258,0,0
74945,0,0.024490794,0.004761905,0.033277474,0.009259258,0,0
74946,0,0.026677612,0.004761905,0.035909567,0.009259258,0,0
74947,0,0.031981677,0.02248394,0.035973795,0.009259258,0,0
74948,0,0.033738732,0.02248394,0.022219397,0.0013605442,0,0
74949,0,0.028931761,0.02248394,0.029664705,0.009259258,0,0
74950,0,0.023490565,0.0017482517,0.027307319,0.009259258,0,0
74951,0,0.022629311,0.0017482517,0.026503475,0.009259258,0,0
74952,0,0.041005645,0.02248394,0.031200446,0.009259258,0,0
74953,0,0.024952816,0.004761905,0.021625329,0.0013605442,0,0
74954,0,0.025064507,0.004761905,0.025981914,0.009259258,0,0
74955,0,0.02194898,0.0017482517,0.026916705,0.009259258,0,0
74956,0,0.028075075,0.004761905,0.05320898,0.025263159,0,0
74957,0,0.026651653,0.004761905,0.031959817,0.009259258,0,0
74958,0,0.032580417,0.02248394,0.0383984,0.009259258,0,0
74959,0,0.030950626,0.02248394,0.02166056,0.0013605442,0,0
74960,0,0.031210948,0.02248394,0.02823151,0.009259258,0,0
74961,0,0.035166252,0.02248394,0.03351091,0.009259258,0,0
74962,0,0.022206048,0.0017482517,0.02190352,0.0013605442,0,0
74963,0,0.025485624,0.004761905,0.035569564,0.009259258,0,0
74964,0,0.039675377,0.02248394,0.04811428,0.017391304,0,0
74965,0,0.062446766,0.035928145,0.064645745,0.025263159,0,0
74966,0,0.03501376,0.02248394,0.03556554,0.009259258,0,0
74967,0,0.03319317,0.02248394,0.036184654,0.009259258,0,0
74968,0,0.043022584,0.02248394,0.05285191,0.025263159,0,0
74969,0,0.03717959,0.02248394,0.061030094,0.025263159,0,0
74970,0,0.033544995,0.02248394,0.026432475,0.009259258,0,0
74971,0,0.05286618,0.027237354,0.072839774,0.025263159,0,0
74972,0,0.038213134,0.02248394,0.05147856,0.017391304,0,0
74973,0,0.038753502,0.02248394,0.03648561,0.009259258,0,0
74974,0,0.054669656,0.027237354,0.088161714,0.04532967,0,0
74975,0,0.07115323,0.035928145,0.061242487,0.025263159,0,0
74976,0,0.045244936,0.02248394,0.056827985,0.025263159,0,0
74977,0,0.06974702,0.035928145,0.048614826,0.017391304,0,0
74978,0,0.04820865,0.02248394,0.05868517,0.025263159,0,0
74979,0,0.031986315,0.02248394,0.022076482,0.0013605442,0,0
74980,0,0.03016331,0.02248394,0.02145646,0.0013605442,0,0
74981,0,0.024113957,0.0017482517,0.014304863,0.0013605442,0,0
74982,0,0.038355887,0.02248394,0.036899853,0.009259258,0,0
74983,0,0.03235086,0.02248394,0.014439137,0.0013605442,0,0
74984,0,0.033629682,0.02248394,0.01741726,0.0013605442,0,0
74985,0,0.048211046,0.02248394,0.022413773,0.0013605442,0,0
74986,0,0.030536307,0.02248394,0.019502144,0.0013605442,0,0
74987,0,0.028095935,0.004761905,0.01858252,0.0013605442,0,0
74988,0,0.022233097,0.0017482517,0.0109800175,0.0013605442,0,0
74989,0,0.015169126,0.0017482517,0.008033207,0.0,0,0
74990,0,0.017223436,0.0017482517,0.0072104805,0.0,0,0
74991,0,0.020708056,0.0017482517,0.0081000915,0.0,0,0
74992,0,0.046894804,0.02248394,0.02507995,0.009259258,0,0
74993,0,0.03870887,0.02248394,0.01707207,0.0013605442,0,0
74994,0,0.03106259,0.02248394,0.02081282,0.0013605442,0,0
74995,0,0.030552872,0.02248394,0.019847143,0.0013605442,0,0
74996,0,0.02281959,0.0017482517,0.0116455825,0.0013605442,0,0
74997,0,0.02266189,0.0017482517,0.010194142,0.0013605442,0,0
74998,0,0.02161252,0.0017482517,0.0110035725,0.0013605442,0,0
74999,0,0.020959357,0.0017482517,0.009298765,0.0013605442,0,0
75000,0,0.025950016,0.004761905,0.010851964,0.0013605442,0,0
75001,0,0.02065367,0.0017482517,0.010245661,0.0013605442,0,0
75002,0,0.021008288,0.0017482517,0.01204611,0.0013605442,0,0
75003,0,0.05438838,0.027237354,0.02572897,0.009259258,0,0
75004,0,0.03964855,0.02248394,0.031928524,0.009259258,0,0
75005,0,0.0430257,0.02248394,0.02111589,0.0013605442,0,0
75006,0,0.031059112,0.02248394,0.017463164,0.0013605442,0,0
75007,0,0.03887995,0.02248394,0.018554846,0.0013605442,0,0
75008,0,0.016638946,0.0017482517,0.0125660375,0.0013605442,0,0
75009,0,0.019842956,0.0017482517,0.008562806,0.0,0,0
75010,0,0.02065687,0.0017482517,0.009211916,0.0013605442,0,0
75011,0,0.020213183,0.0017482517,0.013971763,0.0013605442,0,0
75012,0,0.022690147,0.0017482517,0.008623319,0.0,0,0
75013,0,0.015499732,0.0017482517,0.0112150805,0.0013605442,0,0
75014,0,0.0151104275,0.0017482517,0.007715102,0.0,0,0
75015,0,0.018631633,0.0017482517,0.01524406,0.0013605442,0,0
75016,0,0.02025444,0.0017482517,0.009056989,0.0013605442,0,0
75017,0,0.021907842,0.0017482517,0.007196629,0.0,0,0
75018,0,0.021897698,0.0017482517,0.0171921,0.0013605442,0,0
75019,0,0.029103372,0.02248394,0.017234998,0.0013605442,0,0
75020,0,0.0298638,0.02248394,0.013584776,0.0013605442,0,0
75021,0,0.019418912,0.0017482517,0.013829504,0.0013605442,0,0
75022,0,0.024022141,0.0017482517,0.012087288,0.0013605442,0,0
75023,0,0.010432028,0.0017482517,0.006641034,0.0,0,0
75024,0,0.011167415,0.0017482517,0.0069085737,0.0,0,0
75025,0,0.013164074,0.0017482517,0.006999078,0.0,0,0
75026,0,0.012884018,0.0017482517,0.007416442,0.0,0,0
75027,0,0.013037813,0.0017482517,0.0074594426,0.0,0,0
75028,0,0.016274445,0.0017482517,0.0073935594,0.0,0,0
75029,0,0.012995678,0.0017482517,0.0065710344,0.0,0,0
75030,0,0.011405858,0.0017482517,0.00708891,0.0,0,0
75031,0,0.009493364,0.0017482517,0.0066165086,0.0,0,0
75032,0,0.01230118,0.0017482517,0.0089799445,0.0013605442,0,0
75033,0,0.0057113445,0.0017482517,0.005295928,0.0,0,0
75034,0,0.0077529945,0.0017482517,0.0052841655,0.0,0,0
75035,0,0.061202012,0.035928145,0.065736234,0.025263159,0,0
75036,0,0.043888375,0.02248394,0.027161615,0.009259258,0,0
75037,0,0.036857836,0.02248394,0.026095772,0.009259258,0,0
75038,0,0.039025836,0.02248394,0.02281245,0.0013605442,0,0
75039,0,0.02748455,0.004761905,0.024395265,0.009259258,0,0
75040,0,0.032577682,0.02248394,0.030222377,0.009259258,0,0
75041,0,0.027901167,0.004761905,0.024141245,0.009259258,0,0
75042,0,0.02772378,0.004761905,0.020746784,0.0013605442,0,0
75043,0,0.023221906,0.0017482517,0.017846324,0.0013605442,0,0
75044,0,0.013799011,0.0017482517,0.008784982,0.0,0,0
75045,0,0.013929076,0.0017482517,0.0083663855,0.0,0,0
75046,0,0.0118372915,0.0017482517,0.00631622,0.0,0,0
75047,0,0.0118372915,0.0017482517,0.00631622,0.0,0,0
75048,0,0.0123854,0.0017482517,0.006143328,0.0,0,0
75049,0,0.029447453,0.02248394,0.016728045,0.0013605442,0,0
75050,0,0.040828213,0.02248394,0.019103583,0.0013605442,0,0
75051,0,0.028865032,0.02248394,0.018485425,0.0013605442,0,0
75052,0,0.026868952,0.004761905,0.017440181,0.0013605442,0,0
75053,0,0.043318603,0.02248394,0.040934496,0.009259258,0,0
75054,0,0.021201197,0.0017482517,0.012627803,0.0013605442,0,0
75055,0,0.026448738,0.004761905,0.016802939,0.0013605442,0,0
75056,0,0.024890892,0.004761905,0.016695525,0.0013605442,0,0
75057,0,0.017241476,0.0017482517,0.011397264,0.0013605442,0,0
75058,0,0.010144536,0.0017482517,0.006849316,0.0,0,0
75059,0,0.013651647,0.0017482517,0.006478505,0.0,0,0
75060,0,0.009567765,0.0017482517,0.0061083883,0.0,0,0
75061,0,0.010700615,0.0017482517,0.0064083403,0.0,0,0
75062,0,0.024062509,0.0017482517,0.019184928,0.0013605442,0,0
75063,0,0.019106165,0.0017482517,0.0134334415,0.0013605442,0,0
75064,0,0.016274933,0.0017482517,0.009708807,0.0013605442,0,0
75065,0,0.019214002,0.0017482517,0.016908515,0.0013605442,0,0
75066,0,0.026576104,0.004761905,0.020509163,0.0013605442,0,0
75067,0,0.02475211,0.004761905,0.014189404,0.0013605442,0,0
75068,0,0.012209507,0.0017482517,0.009292354,0.0013605442,0,0
75069,0,0.0119112,0.0017482517,0.009640128,0.0013605442,0,0
75070,0,0.012507543,0.0017482517,0.009753493,0.0013605442,0,0
75071,0,0.015042022,0.0017482517,0.009888176,0.0013605442,0,0
75072,0,0.022531642,0.0017482517,0.014456043,0.0013605442,0,0
75073,0,0.020590734,0.0017482517,0.014473703,0.0013605442,0,0
75074,0,0.021020103,0.0017482517,0.019050743,0.0013605442,0,0
75075,0,0.024737254,0.004761905,0.020222364,0.0013605442,0,0
75076,0,0.030764677,0.02248394,0.026458055,0.009259258,0,0
75077,0,0.014301354,0.0017482517,0.009205129,0.0013605442,0,0
75078,0,0.010143287,0.0017482517,0.0074915425,0.0,0,0
75079,0,0.009922748,0.0017482517,0.0066053728,0.0,0,0
75080,0,0.010402044,0.0017482517,0.006832505,0.0,0,0
75081,0,0.009791003,0.0017482517,0.00668888,0.0,0,0
75082,0,0.010007579,0.0017482517,0.0062565473,0.0,0,0
75083,0,0.009255433,0.0017482517,0.0061238576,0.0,0,0
75084,0,0.010162115,0.0017482517,0.0067105787,0.0,0,0
75085,0,0.026748681,0.004761905,0.015559949,0.0013605442,0,0
75086,0,0.025308028,0.004761905,0.014144419,0.0013605442,0,0
75087,0,0.01805214,0.0017482517,0.012599867,0.0013605442,0,0
75088,0,0.01829172,0.0017482517,0.013112969,0.0013605442,0,0
75089,0,0.015913455,0.0017482517,0.010674343,0.0013605442,0,0
75090,0,0.010755315,0.0017482517,0.007427694,0.0,0,0
75091,0,0.010922296,0.0017482517,0.006636015,0.0,0,0
75092,0,0.011920097,0.0017482517,0.0072764223,0.0,0,0
75093,0,0.011203426,0.0017482517,0.00726318,0.0,0,0
75094,0,0.012804844,0.0017482517,0.0071511767,0.0,0,0
75095,0,0.011317851,0.0017482517,0.008616615,0.0,0,0
75096,0,0.034142707,0.02248394,0.022817181,0.0013605442,0,0
75097,0,0.035067774,0.02248394,0.018458122,0.0013605442,0,0
75098,0,0.039341547,0.02248394,0.025171574,0.009259258,0,0
75099,0,0.025372945,0.004761905,0.017747028,0.0013605442,0,0
75100,0,0.014092748,0.0017482517,0.011034235,0.0013605442,0,0
75101,0,0.008870135,0.0017482517,0.007832954,0.0,0,0
75102,0,0.008677261,0.0017482517,0.0073750983,0.0,0,0
75103,0,0.006803229,0.0017482517,0.0075449124,0.0,0,0
75104,0,0.008684751,0.0017482517,0.0066806194,0.0,0,0
75105,0,0.0074415547,0.0017482517,0.006882245,0.0,0,0
75106,0,0.007605229,0.0017482517,0.0070650624,0.0,0,0
75107,0,0.0065256306,0.0017482517,0.0064060916,0.0,0,0
75108,0,0.007769927,0.0017482517,0.007420368,0.0,0,0
75109,0,0.006637094,0.0017482517,0.006992893,0.0,0,0
75110,0,0.0052382154,0.0017482517,0.005307556,0.0,0,0
75111,0,0.00520963,0.0017482517,0.0050748317,0.0,0,0
75112,0,0.01220535,0.0017482517,0.011563609,0.0013605442,0,0
75113,0,0.010802794,0.0017482517,0.006768789,0.0,0,0
75114,0,0.008587288,0.0017482517,0.0045271916,0.0,0,0
75115,0,0.0077744536,0.0017482517,0.004969059,0.0,0,0
75116,0,0.0073291003,0.0017482517,0.004414996,0.0,0,0
75117,0,0.0044607352,0.0,0.0026615378,0.0,0,0
75118,0,0.0041713794,0.0,0.0035639682,0.0,0,0
75119,0,0.0040382408,0.0,0.0026615378,0.0,0,0
75120,0,0.0040382408,0.0,0.0026615378,0.0,0,0
75121,0,0.0037161736,0.0,0.0042730705,0.0,0,0
75122,0,0.0028133125,0.0,0.002258076,0.0,0,0
75123,0,0.0021939634,0.0,0.0016291637,0.0,0,0
75124,0,0.0020777776,0.0,0.0015620653,0.0,0,0
75125,0,0.0020777776,0.0,0.0015620653,0.0,0,0
75126,0,0.0020462272,0.0,0.0013875504,0.0,0,0
75127,0,0.0050203255,0.0017482517,0.0033440208,0.0,0,0
75128,0,0.017698806,0.0017482517,0.031612,0.009259258,0,0
75129,0,0.01564099,0.0017482517,0.014168588,0.0013605442,0,0
75130,0,0.011907558,0.0017482517,0.0121995155,0.0013605442,0,0
75131,0,0.009160858,0.0017482517,0.009940064,0.0013605442,0,0
75132,0,0.0055894237,0.0017482517,0.004705989,0.0,0,0
75133,0,0.0034302901,0.0,0.0030535737,0.0,0,0
75134,0,0.0034302901,0.0,0.0030535737,0.0,0,0
75135,0,0.0033976648,0.0,0.002940375,0.0,0,0
75136,0,0.0038684998,0.0,0.0031731036,0.0,0,0
75137,0,0.0033976648,0.0,0.002940375,0.0,0,0
75138,0,0.003587395,0.0,0.0030664955,0.0,0,0
75139,0,0.003587395,0.0,0.0030819995,0.0,0,0
75140,0,0.0033976648,0.0,0.002940375,0.0,0,0
75141,0,0.0032771837,0.0,0.0025426876,0.0,0,0
75142,0,0.0032037043,0.0,0.0024120538,0.0,0,0
75143,0,0.0014512567,0.0,0.0015323864,0.0,0,0
75144,0,0.00151861,0.0,0.00129601,0.0,0,0
75145,0,0.0014670122,0.0,0.0015078685,0.0,0,0
75146,0,0.0015014139,0.0,0.0012667141,0.0,0,0
75147,0,0.0014911253,0.0,0.0012381026,0.0,0,0
75148,0,0.0015014139,0.0,0.0012667141,0.0,0,0
75149,0,0.0014342265,0.0,0.0011870911,0.0,0,0
75150,0,0.0014342265,0.0,0.0011870911,0.0,0,0
75151,0,0.0014170469,0.0,0.0012134486,0.0,0,0
75152,0,0.0013743554,0.0,0.0011906803,0.0,0,0
75153,0,0.0013743554,0.0,0.0011906803,0.0,0,0
75154,0,0.0014317946,0.0,0.001221578,0.0,0,0
75155,0,0.0013552629,0.0,0.0012438494,0.0,0,0
75156,0,0.0013931473,0.0,0.0011646071,0.0,0,0
75157,0,0.0013796417,0.0,0.0011882699,0.0,0,0
75158,0,0.001366833,0.0,0.0011393093,0.0,0,0
75159,0,0.001366833,0.0,0.0011393093,0.0,0,0
75160,0,0.0014239583,0.0,0.0011688755,0.0,0,0
75161,0,0.001366833,0.0,0.0011287287,0.0,0,0
75162,0,0.0013605121,0.0,0.001100438,0.0,0,0
75163,0,0.0013222654,0.0,0.001100438,0.0,0,0
75164,0,0.0013222654,0.0,0.001100438,0.0,0,0
75165,0,0.0013222654,0.0,0.001100438,0.0,0,0
75166,0,0.0013222654,0.0,0.001100438,0.0,0,0
75167,0,0.0013695941,0.0,0.0011831034,0.0,0,0
75168,0,0.0013118215,0.0,0.001100438,0.0,0,0
75169,0,0.0014304849,0.0,0.001250852,0.0,0,0
75170,0,0.0013356488,0.0,0.001095845,0.0,0,0
75171,0,0.0013488252,0.0,0.0011439753,0.0,0,0
75172,0,0.0013681301,0.0,0.0011265374,0.0,0,0
75173,0,0.0013104192,0.0,0.0010720391,0.0,0,0
75174,0,0.0013104192,0.0,0.0010720391,0.0,0,0
75175,0,0.0013681301,0.0,0.0011265374,0.0,0,0
75176,0,0.0013104192,0.0,0.0011104182,0.0,0,0
75177,0,0.0015794918,0.0,0.0012638728,0.0,0,0
75178,0,0.0017988253,0.0,0.0015512524,0.0,0,0
75179,0,0.0013104192,0.0,0.0011503882,0.0,0,0
75180,0,0.0013104192,0.0,0.0011503882,0.0,0,0
75181,0,0.0013104192,0.0,0.0011503882,0.0,0,0
75182,0,0.0014423212,0.0,0.0012355673,0.0,0,0
75183,0,0.0013104192,0.0,0.0011503882,0.0,0,0
75184,0,0.001376602,0.0,0.0012214483,0.0,0,0
75185,0,0.0014171752,0.0,0.0012658209,0.0,0,0
75186,0,0.0014153119,0.0,0.0012668305,0.0,0,0
75187,0,0.0013890847,0.0,0.0013465066,0.0,0,0
75188,0,0.0013491407,0.0,0.0012294088,0.0,0,0
75189,0,0.0013491407,0.0,0.0011944018,0.0,0,0
75190,0,0.0016261511,0.0,0.0013594468,0.0,0,0
75191,0,0.0018511246,0.0,0.0016912717,0.0,0,0
75192,0,0.0012866687,0.0,0.0011944018,0.0,0,0
75193,0,0.0013230824,0.0,0.0012581378,0.0,0,0
75194,0,0.001317594,0.0,0.0012303689,0.0,0,0
75195,0,0.0013935805,0.0,0.0012581378,0.0,0,0
75196,0,0.0017086529,0.0,0.0014821683,0.0,0,0
75197,0,0.0013679282,0.0,0.0012417205,0.0,0,0
75198,0,0.0013552293,0.0,0.0012303689,0.0,0,0
75199,0,0.0013800708,0.0,0.0012836985,0.0,0,0
75200,0,0.0014531693,0.0,0.0013412973,0.0,0,0
75201,0,0.0014080334,0.0,0.0011087444,0.0,0,0
75202,0,0.0014364682,0.0,0.001132371,0.0,0,0
75203,0,0.0015340092,0.0,0.0011454616,0.0,0,0
75204,0,0.0014407885,0.0,0.0011232755,0.0,0,0
75205,0,0.0014067058,0.0,0.0010981953,0.0,0,0
75206,0,0.0014067058,0.0,0.0010981953,0.0,0,0
75207,0,0.0015012888,0.0,0.0011186709,0.0,0,0
75208,0,0.0014249837,0.0,0.0010915555,0.0,0,0
75209,0,0.001527605,0.0,0.0011105214,0.0,0,0
75210,0,0.0015996783,0.0,0.0011446511,0.0,0,0
75211,0,0.0014936243,0.0,0.0011720988,0.0,0,0
75212,0,0.0014936243,0.0,0.0011720988,0.0,0,0
75213,0,0.0018585648,0.0,0.0014054993,0.0,0,0
75214,0,0.0017684957,0.0,0.0013103998,0.0,0,0
75215,0,0.0016555231,0.0,0.0012153491,0.0,0,0
75216,0,0.0015427646,0.0,0.0011619865,0.0,0,0
75217,0,0.0015427646,0.0,0.0011619865,0.0,0,0
75218,0,0.0016179865,0.0,0.0012119205,0.0,0,0
75219,0,0.0016029702,0.0,0.0011619865,0.0,0,0
75220,0,0.0016029702,0.0,0.0011619865,0.0,0,0
75221,0,0.0016291491,0.0,0.0012399277,0.0,0,0
75222,0,0.0015469203,0.0,0.0011619865,0.0,0,0
75223,0,0.001561414,0.0,0.0012180593,0.0,0,0
75224,0,0.0015469203,0.0,0.0011619865,0.0,0,0
75225,0,0.0015469203,0.0,0.0011619865,0.0,0,0
75226,0,0.0015469203,0.0,0.001171048,0.0,0,0
75227,0,0.0015469203,0.0,0.001171048,0.0,0,0
75228,0,0.0015469203,0.0,0.001171048,0.0,0,0
75229,0,0.0016027107,0.0,0.0012146819,0.0,0,0
75230,0,0.0016027107,0.0,0.0012146819,0.0,0,0
75231,0,0.0016894451,0.0,0.0012146819,0.0,0,0
75232,0,0.0016132747,0.0,0.0011104806,0.0,0,0
75233,0,0.0016132747,0.0,0.0011104806,0.0,0,0
75234,0,0.0016428385,0.0,0.001110816,0.0,0,0
75235,0,0.0016714974,0.0,0.0011853289,0.0,0,0
75236,0,0.0014977169,0.0,0.0011385016,0.0,0,0
75237,0,0.0014977169,0.0,0.0011385016,0.0,0,0
75238,0,0.0014977169,0.0,0.0011385016,0.0,0,0
75239,0,0.0014977169,0.0,0.0011385016,0.0,0,0
75240,0,0.0014977169,0.0,0.0011385016,0.0,0,0
75241,0,0.0014977169,0.0,0.0011385016,0.0,0,0
75242,0,0.0015117489,0.0,0.0012148694,0.0,0,0
75243,0,0.0015117489,0.0,0.0011874276,0.0,0,0
75244,0,0.0014977169,0.0,0.0011385016,0.0,0,0
75245,0,0.0016382594,0.0,0.001175826,0.0,0,0
75246,0,0.0014467259,0.0,0.0010702178,0.0,0,0
75247,0,0.0015824912,0.0,0.0011150812,0.0,0,0
75248,0,0.0014467259,0.0,0.0010391467,0.0,0,0
75249,0,0.0014467259,0.0,0.0010391467,0.0,0,0
75250,0,0.0014467259,0.0,0.0010391467,0.0,0,0
75251,0,0.0014195477,0.0,0.0010391467,0.0,0,0
75252,0,0.0013701231,0.0,0.0010018122,0.0,0,0
75253,0,0.0013701231,0.0,0.0010018122,0.0,0,0
75254,0,0.0013829627,0.0,0.0010448701,0.0,0,0
75255,0,0.0013701231,0.0,0.0009940587,0.0,0,0
75256,0,0.0013701231,0.0,0.0009940587,0.0,0,0
75257,0,0.001656488,0.0,0.0010593921,0.0,0,0
75258,0,0.0013629845,0.0,0.00095392426,0.0,0,0
75259,0,0.0013629845,0.0,0.00095392426,0.0,0,0
75260,0,0.0013629845,0.0,0.00095392426,0.0,0,0
75261,0,0.0013629845,0.0,0.00095392426,0.0,0,0
75262,0,0.0013629845,0.0,0.00095392426,0.0,0,0
75263,0,0.0013117809,0.0,0.00095392426,0.0,0,0
75264,0,0.0013117809,0.0,0.00095392426,0.0,0,0
75265,0,0.0013117809,0.0,0.00095392426,0.0,0,0
75266,0,0.0012643009,0.0,0.00094977254,0.0,0,0
75267,0,0.0012643009,0.0,0.00094977254,0.0,0,0
75268,0,0.0012643009,0.0,0.00094977254,0.0,0,0
75269,0,0.0012643009,0.0,0.00094977254,0.0,0,0
75270,0,0.0012643009,0.0,0.00094977254,0.0,0,0
75271,0,0.0012643009,0.0,0.00094977254,0.0,0,0
75272,0,0.0017646705,0.0,0.0012190122,0.0,0,0
75273,0,0.0011700363,0.0,0.0008882602,0.0,0,0
75274,0,0.001349032,0.0,0.0009522389,0.0,0,0
75275,0,0.00112287,0.0,0.0008882602,0.0,0,0
75276,0,0.00112287,0.0,0.0008882602,0.0,0,0
75277,0,0.00112287,0.0,0.0008882602,0.0,0,0
75278,0,0.0012047252,0.0,0.0009466467,0.0,0,0
75279,0,0.00112287,0.0,0.0008641552,0.0,0,0
75280,0,0.0012542241,0.0,0.00097015954,0.0,0,0
75281,0,0.00112287,0.0,0.0008641552,0.0,0,0
75282,0,0.00112287,0.0,0.0008641552,0.0,0,0
75283,0,0.00112287,0.0,0.0008641552,0.0,0,0
75284,0,0.00112287,0.0,0.0008641552,0.0,0,0
75285,0,0.00112287,0.0,0.0008641552,0.0,0,0
75286,0,0.0010916813,0.0,0.0008641552,0.0,0,0
75287,0,0.0010916813,0.0,0.0008641552,0.0,0,0
75288,0,0.0011019144,0.0,0.00090130203,0.0,0,0
75289,0,0.0011083004,0.0,0.0008799549,0.0,0,0
75290,0,0.0010916813,0.0,0.0008641552,0.0,0,0
75291,0,0.0010916813,0.0,0.0008641552,0.0,0,0
75292,0,0.0011127044,0.0,0.0009221376,0.0,0,0
75293,0,0.0010657685,0.0,0.0008641552,0.0,0,0
75294,0,0.0010657685,0.0,0.0008641552,0.0,0,0
75295,0,0.0010657685,0.0,0.0008641552,0.0,0,0
75296,0,0.0010657685,0.0,0.0008641552,0.0,0,0
75297,0,0.0010657685,0.0,0.0008641552,0.0,0,0
75298,0,0.0010657685,0.0,0.0008641552,0.0,0,0
75299,0,0.0010967411,0.0,0.0009074407,0.0,0,0
75300,0,0.0010657685,0.0,0.0008641552,0.0,0,0
75301,0,0.0012645851,0.0,0.0008875934,0.0,0,0
75302,0,0.001086293,0.0,0.00088639965,0.0,0,0
75303,0,0.0010657685,0.0,0.00086713984,0.0,0,0
75304,0,0.0010657685,0.0,0.00086713984,0.0,0,0
75305,0,0.0010657685,0.0,0.00086713984,0.0,0,0
75306,0,0.0010657685,0.0,0.00086713984,0.0,0,0
75307,0,0.0010657685,0.0,0.00086713984,0.0,0,0
75308,0,0.0010657685,0.0,0.00086713984,0.0,0,0
75309,0,0.0010657685,0.0,0.00086713984,0.0,0,0
75310,0,0.0010657685,0.0,0.00086713984,0.0,0,0
75311,0,0.0010757579,0.0,0.00092532224,0.0,0,0
75312,0,0.0010657685,0.0,0.00086713984,0.0,0,0
75313,0,0.0010742557,0.0,0.00086713984,0.0,0,0
75314,0,0.0010742557,0.0,0.00086713984,0.0,0,0
75315,0,0.0010742557,0.0,0.00086713984,0.0,0,0
75316,0,0.0010742557,0.0,0.00086713984,0.0,0,0
75317,0,0.0010742557,0.0,0.00086713984,0.0,0,0
75318,0,0.0010742557,0.0,0.00086713984,0.0,0,0
75319,0,0.0011056745,0.0,0.0008585271,0.0,0,0
75320,0,0.0011056745,0.0,0.0008585271,0.0,0,0
75321,0,0.0011056745,0.0,0.0008585271,0.0,0,0
75322,0,0.0011056745,0.0,0.0008585271,0.0,0,0
75323,0,0.0011056745,0.0,0.0008585271,0.0,0,0
75324,0,0.0011160377,0.0,0.0008954322,0.0,0,0
75325,0,0.0011056745,0.0,0.0008585271,0.0,0,0
75326,0,0.0011056745,0.0,0.0008585271,0.0,0,0
75327,0,0.0011056745,0.0,0.0008585271,0.0,0,0
75328,0,0.0011056745,0.0,0.0008585271,0.0,0,0
75329,0,0.0011056745,0.0,0.0008585271,0.0,0,0
75330,0,0.0011116852,0.0,0.0008585271,0.0,0,0
75331,0,0.0011116852,0.0,0.0008585271,0.0,0,0
75332,0,0.0011116852,0.0,0.0008585271,0.0,0,0
75333,0,0.0011116852,0.0,0.0008585271,0.0,0,0
75334,0,0.0011116852,0.0,0.0008585271,0.0,0,0
75335,0,0.0011221045,0.0,0.0008954322,0.0,0,0
75336,0,0.0011116852,0.0,0.0008585271,0.0,0,0
75337,0,0.0011116852,0.0,0.0008585271,0.0,0,0
75338,0,0.0011269485,0.0,0.0008585271,0.0,0,0
75339,0,0.0011269485,0.0,0.00085368316,0.0,0,0
75340,0,0.0011269485,0.0,0.00085368316,0.0,0,0
75341,0,0.0011269485,0.0,0.00085368316,0.0,0,0
75342,0,0.0011269485,0.0,0.00085368316,0.0,0,0
75343,0,0.0011269485,0.0,0.00085368316,0.0,0,0
75344,0,0.0011269485,0.0,0.0008361632,0.0,0,0
75345,0,0.0011269485,0.0,0.0008361632,0.0,0,0
75346,0,0.0011269485,0.0,0.0008361632,0.0,0,0
75347,0,0.0011269485,0.0,0.0008361632,0.0,0,0
75348,0,0.0011269485,0.0,0.0008361632,0.0,0,0
75349,0,0.0011269485,0.0,0.0008167759,0.0,0,0
75350,0,0.0011269485,0.0,0.0008167759,0.0,0,0
75351,0,0.0011375108,0.0,0.0008518878,0.0,0,0
75352,0,0.0011269485,0.0,0.0008167759,0.0,0,0
75353,0,0.0011269485,0.0,0.0008167759,0.0,0,0
75354,0,0.0011269485,0.0,0.0008167759,0.0,0,0
75355,0,0.0011269485,0.0,0.00082550995,0.0,0,0
75356,0,0.0011269485,0.0,0.00082550995,0.0,0,0
75357,0,0.0011269485,0.0,0.00082550995,0.0,0,0
75358,0,0.0011269485,0.0,0.00082550995,0.0,0,0
75359,0,0.0011269485,0.0,0.00082550995,0.0,0,0
75360,0,0.0011269485,0.0,0.00082550995,0.0,0,0
75361,0,0.0011269485,0.0,0.0008084052,0.0,0,0
75362,0,0.0011269485,0.0,0.0008084052,0.0,0,0
75363,0,0.0014865849,0.0,0.0010098538,0.0,0,0
75364,0,0.0011269485,0.0,0.0008084052,0.0,0,0
75365,0,0.0011269485,0.0,0.0008084052,0.0,0,0
75366,0,0.0011375108,0.0,0.0008431576,0.0,0,0
75367,0,0.0017129651,0.0,0.0011232889,0.0,0,0
75368,0,0.0011269485,0.0,0.0008084052,0.0,0,0
75369,0,0.0011671209,0.0,0.0008084052,0.0,0,0
75370,0,0.0011671209,0.0,0.0008084052,0.0,0,0
75371,0,0.0011671209,0.0,0.0008084052,0.0,0,0
75372,0,0.0011671209,0.0,0.0008084052,0.0,0,0
75373,0,0.0011671209,0.0,0.0008084052,0.0,0,0
75374,0,0.0011671209,0.0,0.0008084052,0.0,0,0
75375,0,0.0011671209,0.0,0.0008084052,0.0,0,0
75376,0,0.0011671209,0.0,0.0008084052,0.0,0,0
75377,0,0.0011671209,0.0,0.0008084052,0.0,0,0
75378,0,0.0012173732,0.0,0.0008084052,0.0,0,0
75379,0,0.0012173732,0.0,0.0008084052,0.0,0,0
75380,0,0.0012173732,0.0,0.00084099954,0.0,0,0
75381,0,0.0012173732,0.0,0.00084099954,0.0,0,0
75382,0,0.0032058156,0.0,0.0022933292,0.0,0,0
75383,0,0.010024799,0.0017482517,0.015770648,0.0013605442,0,0
75384,0,0.008906365,0.0017482517,0.007261709,0.0,0,0
75385,0,0.0067844447,0.0017482517,0.0047368724,0.0,0,0
75386,0,0.0052838246,0.0017482517,0.0034218126,0.0,0,0
75387,0,0.0047098543,0.0017482517,0.0030456914,0.0,0,0
75388,0,0.0029437332,0.0,0.001973174,0.0,0,0
75389,0,0.0029437332,0.0,0.0020248746,0.0,0,0
75390,0,0.0029437332,0.0,0.0020248746,0.0,0,0
75391,0,0.0029437332,0.0,0.0020248746,0.0,0,0
75392,0,0.0029437332,0.0,0.0020248746,0.0,0,0
75393,0,0.0029437332,0.0,0.0020248746,0.0,0,0
75394,0,0.0029437332,0.0,0.0020248746,0.0,0,0
75395,0,0.0029437332,0.0,0.0020248746,0.0,0,0
75396,0,0.0026839834,0.0,0.0015867084,0.0,0,0
75397,0,0.0025397807,0.0,0.0015474868,0.0,0,0
75398,0,0.0018643652,0.0,0.001162514,0.0,0,0
75399,0,0.0039107315,0.0,0.002710665,0.0,0,0
75400,0,0.005472214,0.0017482517,0.004076972,0.0,0,0
75401,0,0.003999881,0.0,0.0029288728,0.0,0,0
75402,0,0.003999881,0.0,0.0029288728,0.0,0,0
75403,0,0.0032721816,0.0,0.0022833245,0.0,0,0
75404,0,0.0023644532,0.0,0.0016657019,0.0,0,0
75405,0,0.0023644532,0.0,0.0016657019,0.0,0,0
75406,0,0.0023644532,0.0,0.0016657019,0.0,0,0
75407,0,0.0036503808,0.0,0.0022205748,0.0,0,0
75408,0,0.0023644532,0.0,0.0016657019,0.0,0,0
75409,0,0.0023644532,0.0,0.0016657019,0.0,0,0
75410,0,0.0023644532,0.0,0.0016657019,0.0,0,0
75411,0,0.0023644532,0.0,0.0016657019,0.0,0,0
75412,0,0.0023644532,0.0,0.0016657019,0.0,0,0
75413,0,0.0022658037,0.0,0.001446217,0.0,0,0
75414,0,0.0016677505,0.0,0.0012343833,0.0,0,0
75415,0,0.0020526405,0.0,0.0013990339,0.0,0,0
75416,0,0.0016677505,0.0,0.0012343833,0.0,0,0
75417,0,0.001716189,0.0,0.0013480476,0.0,0,0
75418,0,0.0049136733,0.0017482517,0.0038767885,0.0,0,0
75419,0,0.0062345937,0.0017482517,0.0047749416,0.0,0,0
75420,0,0.00697454,0.0017482517,0.0057400595,0.0,0,0
75421,0,0.013141724,0.0017482517,0.008754035,0.0,0,0
75422,0,0.010390765,0.0017482517,0.006546567,0.0,0,0
75423,0,0.04241934,0.02248394,0.05585039,0.025263159,0,0
75424,0,0.026603397,0.004761905,0.013762804,0.0013605442,0,0
75425,0,0.034200456,0.02248394,0.0195559,0.0013605442,0,0
75426,0,0.03466264,0.02248394,0.022267828,0.0013605442,0,0
75427,0,0.030333837,0.02248394,0.016915865,0.0013605442,0,0
75428,0,0.01460302,0.0017482517,0.007918102,0.0,0,0
75429,0,0.011125701,0.0017482517,0.005239197,0.0,0,0
75430,0,0.030121693,0.02248394,0.010749641,0.0013605442,0,0
75431,0,0.019389143,0.0017482517,0.007788237,0.0,0,0
75432,0,0.028401269,0.004761905,0.00968619,0.0013605442,0,0
75433,0,0.024087224,0.0017482517,0.008736985,0.0,0,0
75434,0,0.05326902,0.027237354,0.019621715,0.0013605442,0,0
75435,0,0.055648565,0.027237354,0.02479236,0.009259258,0,0
75436,0,0.049592305,0.02248394,0.02104413,0.0013605442,0,0
75437,0,0.06644947,0.035928145,0.04620966,0.017391304,0,0
75438,0,0.1152503,0.057771664,0.057991084,0.025263159,0,0
75439,0,0.107001044,0.057771664,0.050609935,0.017391304,0,0
75440,0,0.0957485,0.057771664,0.049496,0.017391304,0,0
75441,0,0.1017816,0.057771664,0.051392633,0.017391304,0,0
75442,0,0.08408586,0.035928145,0.043450892,0.017391304,0,0
75443,0,0.043944404,0.02248394,0.022227459,0.0013605442,0,0
75444,1,0.06254617,0.035928145,0.03340755,0.009259258,0,0
75445,0,0.1502846,0.125,0.057376083,0.025263159,0,0
75446,0,0.026158134,0.004761905,0.024767114,0.009259258,0,0
75447,0,0.042116903,0.02248394,0.023561582,0.0013605442,0,0
75448,0,0.05763997,0.035928145,0.049979534,0.017391304,0,0
75449,0,0.029353539,0.02248394,0.021906393,0.0013605442,0,0
75450,0,0.018760426,0.0017482517,0.015585241,0.0013605442,0,0
75451,0,0.019608209,0.0017482517,0.01500008,0.0013605442,0,0
75452,0,0.03466806,0.02248394,0.039058868,0.009259258,0,0
75453,0,0.0275432,0.004761905,0.01621122,0.0013605442,0,0
75454,0,0.028422989,0.004761905,0.0175762,0.0013605442,0,0
75455,0,0.016872631,0.0017482517,0.01300026,0.0013605442,0,0
75456,0,0.024572521,0.004761905,0.014604762,0.0013605442,0,0
75457,0,0.024629073,0.004761905,0.0128838355,0.0013605442,0,0
75458,0,0.02427668,0.0022985598,0.019548573,0.0013605442,0,0
75459,0,0.020884762,0.0017482517,0.011417537,0.0013605442,0,0
75460,0,0.027003849,0.004761905,0.008892175,0.0013605442,0,0
75461,0,0.036404915,0.02248394,0.014734808,0.0013605442,0,0
75462,0,0.038051207,0.02248394,0.014798777,0.0013605442,0,0
75463,0,0.037843086,0.02248394,0.010737478,0.0013605442,0,0
75464,0,0.025918089,0.004761905,0.014667148,0.0013605442,0,0
75465,0,0.034027155,0.02248394,0.010949244,0.0013605442,0,0
75466,0,0.036220763,0.02248394,0.01322854,0.0013605442,0,0
75467,0,0.038296305,0.02248394,0.011958213,0.0013605442,0,0
75468,0,0.042478494,0.02248394,0.01208857,0.0013605442,0,0
75469,0,0.03140911,0.02248394,0.008663662,0.0,0,0
75470,0,0.033613507,0.02248394,0.01035088,0.0013605442,0,0
75471,0,0.03517435,0.02248394,0.016791148,0.0013605442,0,0
75472,0,0.044236243,0.02248394,0.013662585,0.0013605442,0,0
75473,0,0.023998858,0.0017482517,0.008611581,0.0,0,0
75474,0,0.029197054,0.02248394,0.0110846665,0.0013605442,0,0
75475,0,0.025446044,0.004761905,0.012036672,0.0013605442,0,0
75476,0,0.027657423,0.004761905,0.010474649,0.0013605442,0,0
75477,0,0.038606558,0.02248394,0.021140698,0.0013605442,0,0
75478,0,0.038996976,0.02248394,0.012351262,0.0013605442,0,0
75479,0,0.020613112,0.0017482517,0.011604507,0.0013605442,0,0
75480,0,0.026813705,0.004761905,0.012251755,0.0013605442,0,0
75481,0,0.029368304,0.02248394,0.012873379,0.0013605442,0,0
75482,0,0.025572063,0.004761905,0.0123511925,0.0013605442,0,0
75483,0,0.03151266,0.02248394,0.013819284,0.0013605442,0,0
75484,0,0.02750942,0.004761905,0.018274324,0.0013605442,0,0
75485,0,0.03200374,0.02248394,0.013207617,0.0013605442,0,0
75486,0,0.04965127,0.02248394,0.049710017,0.017391304,0,0
75487,0,0.046976037,0.02248394,0.023166135,0.0013605442,0,0
75488,0,0.045016434,0.02248394,0.016213609,0.0013605442,0,0
75489,0,0.072483286,0.035928145,0.036525697,0.009259258,0,0
75490,0,0.051692747,0.027237354,0.025667291,0.009259258,0,0
75491,0,0.047204655,0.02248394,0.019965662,0.0013605442,0,0
75492,0,0.028470175,0.004761905,0.015285892,0.0013605442,0,0
75493,0,0.031193329,0.02248394,0.019228904,0.0013605442,0,0
75494,0,0.050607126,0.02248394,0.026355939,0.009259258,0,0
75495,0,0.052522827,0.027237354,0.03798178,0.009259258,0,0
75496,0,0.042414054,0.02248394,0.0242252,0.009259258,0,0
75497,0,0.041008037,0.02248394,0.019650681,0.0013605442,0,0
75498,0,0.026644362,0.004761905,0.015905997,0.0013605442,0,0
75499,0,0.04096131,0.02248394,0.030822122,0.009259258,0,0
75500,0,0.060638037,0.035928145,0.026858568,0.009259258,0,0
75501,0,0.025731148,0.004761905,0.012252103,0.0013605442,0,0
75502,0,0.029388549,0.02248394,0.017605675,0.0013605442,0,0
75503,0,0.02821407,0.004761905,0.019398194,0.0013605442,0,0
75504,0,0.022201357,0.0017482517,0.012488229,0.0013605442,0,0
75505,0,0.038678337,0.02248394,0.020353118,0.0013605442,0,0
75506,0,0.028261913,0.004761905,0.017606748,0.0013605442,0,0
75507,0,0.026834592,0.004761905,0.011425764,0.0013605442,0,0
75508,0,0.023554754,0.0017482517,0.013639702,0.0013605442,0,0
75509,0,0.043914687,0.02248394,0.023218036,0.0013605442,0,0
75510,0,0.02467982,0.004761905,0.012057317,0.0013605442,0,0
75511,0,0.026114525,0.004761905,0.014036572,0.0013605442,0,0
75512,0,0.03829803,0.02248394,0.020529116,0.0013605442,0,0
75513,0,0.025504738,0.004761905,0.014482651,0.0013605442,0,0
75514,0,0.026690762,0.004761905,0.013828008,0.0013605442,0,0
75515,0,0.022693494,0.0017482517,0.021167697,0.0013605442,0,0
75516,0,0.030850252,0.02248394,0.015965017,0.0013605442,0,0
75517,0,0.023961253,0.0017482517,0.0097871795,0.0013605442,0,0
75518,0,0.0225512,0.0017482517,0.018445937,0.0013605442,0,0
75519,0,0.045500867,0.02248394,0.022573115,0.0013605442,0,0
75520,0,0.044016413,0.02248394,0.020493416,0.0013605442,0,0
75521,0,0.07208432,0.035928145,0.06472284,0.025263159,0,0
75522,0,0.062706694,0.035928145,0.0192052,0.0013605442,0,0
75523,0,0.042454906,0.02248394,0.027495198,0.009259258,0,0
75524,0,0.078941986,0.035928145,0.054718416,0.025263159,0,0
75525,0,0.055136766,0.027237354,0.05157737,0.017391304,0,0
75526,0,0.04720367,0.02248394,0.047795277,0.017391304,0,0
75527,0,0.05710851,0.035928145,0.089259796,0.04532967,0,0
75528,0,0.034931004,0.02248394,0.059405226,0.025263159,0,0
75529,0,0.045552388,0.02248394,0.0488236,0.017391304,0,0
75530,0,0.045648318,0.02248394,0.049753617,0.017391304,0,0
75531,0,0.047522217,0.02248394,0.043340903,0.017391304,0,0
75532,0,0.059587702,0.035928145,0.060447257,0.025263159,0,0
75533,0,0.0967115,0.057771664,0.08921732,0.04532967,0,0
75534,0,0.085595235,0.035928145,0.0810729,0.04532967,0,0
75535,0,0.060373314,0.035928145,0.06245806,0.025263159,0,0
75536,0,0.05346553,0.027237354,0.066612996,0.025263159,0,0
75537,0,0.06057108,0.035928145,0.03283617,0.009259258,0,0
75538,0,0.06265091,0.035928145,0.037277,0.009259258,0,0
75539,0,0.046819203,0.02248394,0.03371166,0.009259258,0,0
75540,0,0.073137954,0.035928145,0.04963002,0.017391304,0,0
75541,0,0.048784725,0.02248394,0.043147657,0.017391304,0,0
75542,0,0.07228818,0.035928145,0.055870157,0.025263159,0,0
75543,0,0.11087258,0.057771664,0.057844505,0.025263159,0,0
75544,0,0.059747797,0.035928145,0.04239718,0.017391304,0,0
75545,0,0.055700485,0.027237354,0.05346495,0.025263159,0,0
75546,0,0.065452434,0.035928145,0.06298558,0.025263159,0,0
75547,0,0.064871356,0.035928145,0.06893285,0.025263159,0,0
75548,0,0.10397153,0.057771664,0.0985777,0.04532967,0,0
75549,0,0.053543057,0.027237354,0.06771057,0.025263159,0,0
75550,0,0.05181236,0.027237354,0.060544513,0.025263159,0,0
75551,0,0.044598542,0.02248394,0.06550477,0.025263159,0,0
75552,0,0.047257066,0.02248394,0.07645979,0.04532967,0,0
75553,0,0.08988538,0.05263158,0.123474315,0.078028746,0,0
75554,0,0.057515014,0.035928145,0.071513586,0.025263159,0,0
75555,0,0.050373897,0.02248394,0.056750186,0.025263159,0,0
75556,0,0.054140802,0.027237354,0.06937047,0.025263159,0,0
75557,0,0.048122082,0.02248394,0.10105128,0.04532967,0,0
75558,0,0.11159585,0.057771664,0.115902305,0.078028746,0,0
75559,0,0.03454514,0.02248394,0.08371703,0.04532967,0,0
75560,0,0.07076385,0.035928145,0.12700401,0.078028746,0,0
75561,0,0.0641835,0.035928145,0.12614742,0.078028746,0,0
75562,0,0.030499635,0.02248394,0.078352645,0.04532967,0,0
75563,0,0.03542126,0.02248394,0.08147468,0.04532967,0,0
75564,0,0.03427238,0.02248394,0.07325696,0.025263159,0,0
75565,0,0.03457161,0.02248394,0.045333356,0.017391304,0,0
75566,0,0.042627066,0.02248394,0.06180262,0.025263159,0,0
75567,0,0.038620304,0.02248394,0.047320142,0.017391304,0,0
75568,0,0.080054134,0.035928145,0.06528248,0.025263159,0,0
75569,0,0.036024496,0.02248394,0.0340958,0.009259258,0,0
75570,0,0.047403194,0.02248394,0.04376781,0.017391304,0,0
75571,0,0.05300483,0.027237354,0.057767265,0.025263159,0,0
75572,0,0.0689392,0.035928145,0.054057147,0.025263159,0,0
75573,0,0.04251201,0.02248394,0.037724294,0.009259258,0,0
75574,0,0.03650076,0.02248394,0.05308019,0.025263159,0,0
75575,0,0.044724774,0.02248394,0.043878153,0.017391304,0,0
75576,0,0.05744921,0.035928145,0.04015061,0.009259258,0,0
75577,0,0.05301279,0.027237354,0.050627694,0.017391304,0,0
75578,0,0.10834251,0.057771664,0.026964257,0.009259258,0,0
75579,0,0.066792265,0.035928145,0.054776505,0.025263159,0,0
75580,0,0.06323685,0.035928145,0.04223885,0.017391304,0,0
75581,0,0.081273586,0.035928145,0.065338366,0.025263159,0,0
75582,0,0.08854452,0.035928145,0.039416395,0.009259258,0,0
75583,0,0.11048557,0.057771664,0.0458234,0.017391304,0,0
75584,0,0.07460772,0.035928145,0.030464135,0.009259258,0,0
75585,0,0.061169293,0.035928145,0.0313951,0.009259258,0,0
75586,0,0.11115508,0.057771664,0.05990265,0.025263159,0,0
75587,0,0.07518875,0.035928145,0.05307735,0.025263159,0,0
75588,0,0.08670105,0.035928145,0.04169514,0.017391304,0,0
75589,0,0.05875942,0.035928145,0.041635603,0.017391304,0,0
75590,0,0.056478318,0.03448276,0.05993008,0.025263159,0,0
75591,0,0.06027594,0.035928145,0.03875622,0.009259258,0,0
75592,0,0.06974897,0.035928145,0.06322524,0.025263159,0,0
75593,0,0.03813421,0.02248394,0.040923107,0.009259258,0,0
75594,0,0.044753842,0.02248394,0.043847766,0.017391304,0,0
75595,0,0.049469322,0.02248394,0.056595117,0.025263159,0,0
75596,0,0.0619573,0.035928145,0.05592684,0.025263159,0,0
75597,0,0.06467144,0.035928145,0.06116736,0.025263159,0,0
75598,0,0.07097822,0.035928145,0.046414956,0.017391304,0,0
75599,0,0.05121289,0.027237354,0.043520674,0.017391304,0,0
75600,0,0.053614024,0.027237354,0.048865095,0.017391304,0,0
75601,0,0.054595403,0.027237354,0.03698534,0.009259258,0,0
75602,0,0.057757147,0.035928145,0.06318513,0.025263159,0,0
75603,0,0.057333235,0.035928145,0.04887535,0.017391304,0,0
75604,0,0.034203716,0.02248394,0.050722774,0.017391304,0,0
75605,0,0.04614642,0.02248394,0.057689555,0.025263159,0,0
75606,0,0.038405858,0.02248394,0.0443657,0.017391304,0,0
75607,0,0.041375782,0.02248394,0.03267766,0.009259258,0,0
75608,0,0.037295252,0.02248394,0.018439135,0.0013605442,0,0
75609,0,0.03913978,0.02248394,0.022384254,0.0013605442,0,0
75610,0,0.05296597,0.027237354,0.02682894,0.009259258,0,0
75611,0,0.04760875,0.02248394,0.031043377,0.009259258,0,0
75612,0,0.075723924,0.035928145,0.027067136,0.009259258,0,0
75613,0,0.07623849,0.035928145,0.026921049,0.009259258,0,0
75614,0,0.07901264,0.035928145,0.025766987,0.009259258,0,0
75615,0,0.09327108,0.057771664,0.025731722,0.009259258,0,0
75616,0,0.06105391,0.035928145,0.022498947,0.0013605442,0,0
75617,0,0.057196967,0.035928145,0.026760492,0.009259258,0,0
75618,0,0.04959371,0.02248394,0.030761464,0.009259258,0,0
75619,0,0.050297845,0.02248394,0.036315497,0.009259258,0,0
75620,0,0.056891106,0.035928145,0.034728296,0.009259258,0,0
75621,0,0.055719636,0.027237354,0.028182736,0.009259258,0,0
75622,0,0.08528982,0.035928145,0.020468282,0.0013605442,0,0
75623,0,0.057011332,0.035928145,0.029565252,0.009259258,0,0
75624,0,0.080970585,0.035928145,0.04193449,0.017391304,0,0
75625,0,0.05266058,0.027237354,0.04387088,0.017391304,0,0
75626,0,0.038930032,0.02248394,0.028400952,0.009259258,0,0
75627,0,0.06947989,0.035928145,0.028764145,0.009259258,0,0
75628,0,0.037848894,0.02248394,0.029466875,0.009259258,0,0
75629,0,0.033118486,0.02248394,0.025689252,0.009259258,0,0
75630,0,0.036229514,0.02248394,0.018125756,0.0013605442,0,0
75631,0,0.04539707,0.02248394,0.022443203,0.0013605442,0,0
75632,0,0.03532286,0.02248394,0.02486028,0.009259258,0,0
75633,0,0.02546045,0.004761905,0.02177265,0.0013605442,0,0
75634,0,0.0341651,0.02248394,0.018835623,0.0013605442,0,0
75635,0,0.028491534,0.004761905,0.014346386,0.0013605442,0,0
75636,0,0.06620884,0.035928145,0.044999998,0.017391304,0,0
75637,0,0.02481728,0.004761905,0.015755178,0.0013605442,0,0
75638,0,0.03628263,0.02248394,0.026137382,0.009259258,0,0
75639,0,0.050109707,0.02248394,0.020368986,0.0013605442,0,0
75640,0,0.043383677,0.02248394,0.018664151,0.0013605442,0,0
75641,0,0.024436818,0.004761905,0.014160273,0.0013605442,0,0
75642,0,0.020850653,0.0017482517,0.018298166,0.0013605442,0,0
75643,0,0.029952943,0.02248394,0.026709195,0.009259258,0,0
75644,0,0.023186155,0.0017482517,0.019079275,0.0013605442,0,0
75645,0,0.03365445,0.02248394,0.024612801,0.009259258,0,0
75646,0,0.027040107,0.004761905,0.015342481,0.0013605442,0,0
75647,0,0.03502558,0.02248394,0.018962936,0.0013605442,0,0
75648,0,0.034182508,0.02248394,0.014079788,0.0013605442,0,0
75649,0,0.03391569,0.02248394,0.020538768,0.0013605442,0,0
75650,0,0.030587452,0.02248394,0.017992305,0.0013605442,0,0
75651,0,0.020758104,0.0017482517,0.014156079,0.0013605442,0,0
75652,0,0.022737177,0.0017482517,0.017422622,0.0013605442,0,0
75653,0,0.030666785,0.02248394,0.020233288,0.0013605442,0,0
75654,0,0.032423723,0.02248394,0.024278397,0.009259258,0,0
75655,0,0.035080783,0.02248394,0.03151831,0.009259258,0,0
75656,0,0.025334163,0.004761905,0.02118155,0.0013605442,0,0
75657,0,0.053747248,0.027237354,0.030502375,0.009259258,0,0
75658,0,0.047878876,0.02248394,0.024008505,0.009259258,0,0
75659,0,0.066991925,0.035928145,0.029194105,0.009259258,0,0
75660,0,0.037400644,0.02248394,0.03156619,0.009259258,0,0
75661,0,0.030377025,0.02248394,0.025146917,0.009259258,0,0
75662,0,0.022931326,0.0017482517,0.015549509,0.0013605442,0,0
75663,0,0.020498414,0.0017482517,0.015634943,0.0013605442,0,0
75664,0,0.01613518,0.0017482517,0.012689982,0.0013605442,0,0
75665,0,0.025436928,0.004761905,0.02122893,0.0013605442,0,0
75666,0,0.018864784,0.0017482517,0.016412506,0.0013605442,0,0
75667,0,0.031074686,0.02248394,0.020679645,0.0013605442,0,0
75668,0,0.019160336,0.0017482517,0.015938923,0.0013605442,0,0
75669,0,0.017496519,0.0017482517,0.020775786,0.0013605442,0,0
75670,0,0.030371904,0.02248394,0.02378419,0.009259258,0,0
75671,0,0.017978117,0.0017482517,0.0185654,0.0013605442,0,0
75672,0,0.04078192,0.02248394,0.0582705,0.025263159,0,0
75673,0,0.031092878,0.02248394,0.07007378,0.025263159,0,0
75674,0,0.023593904,0.0017482517,0.031466186,0.009259258,0,0
75675,0,0.027376665,0.004761905,0.03296763,0.009259258,0,0
75676,0,0.016874554,0.0017482517,0.021409066,0.0013605442,0,0
75677,0,0.02198458,0.0017482517,0.027235989,0.009259258,0,0
75678,0,0.016114876,0.0017482517,0.015174134,0.0013605442,0,0
75679,0,0.018907605,0.0017482517,0.016241422,0.0013605442,0,0
75680,0,0.016345793,0.0017482517,0.019356541,0.0013605442,0,0
75681,0,0.010958115,0.0017482517,0.017088985,0.0013605442,0,0
75682,0,0.039939728,0.02248394,0.036904253,0.009259258,0,0
75683,0,0.023581035,0.0017482517,0.035254583,0.009259258,0,0
75684,0,0.060313124,0.035928145,0.048511133,0.017391304,0,0
75685,0,0.06791141,0.035928145,0.039988328,0.009259258,0,0
75686,0,0.05942551,0.035928145,0.03254252,0.009259258,0,0
75687,0,0.045252647,0.02248394,0.029571636,0.009259258,0,0
75688,0,0.05417715,0.027237354,0.04998983,0.017391304,0,0
75689,0,0.02654649,0.004761905,0.06889398,0.025263159,0,0
75690,0,0.023096664,0.0017482517,0.06382409,0.025263159,0,0
75691,0,0.033755794,0.02248394,0.07671322,0.04532967,0,0
75692,0,0.03563222,0.02248394,0.071061775,0.025263159,0,0
75693,0,0.025571423,0.004761905,0.06295625,0.025263159,0,0
75694,0,0.029436063,0.02248394,0.056299187,0.025263159,0,0
75695,0,0.028064063,0.004761905,0.055049896,0.025263159,0,0
75696,0,0.051857483,0.027237354,0.037426446,0.009259258,0,0
75697,0,0.049347725,0.02248394,0.053767353,0.025263159,0,0
75698,0,0.04629964,0.02248394,0.06074408,0.025263159,0,0
75699,0,0.041323442,0.02248394,0.07103785,0.025263159,0,0
75700,0,0.04959908,0.02248394,0.070598334,0.025263159,0,0
75701,0,0.04107342,0.02248394,0.052043624,0.017391304,0,0
75702,0,0.056996606,0.035928145,0.07005022,0.025263159,0,0
75703,0,0.061366916,0.035928145,0.06558647,0.025263159,0,0
75704,0,0.030316455,0.02248394,0.072586246,0.025263159,0,0
75705,0,0.045477774,0.02248394,0.062105257,0.025263159,0,0
75706,0,0.047668193,0.02248394,0.043344934,0.017391304,0,0
75707,0,0.056389958,0.03448276,0.036120705,0.009259258,0,0
75708,0,0.07473817,0.035928145,0.047184512,0.017391304,0,0
75709,0,0.12501907,0.057771664,0.048789054,0.017391304,0,0
75710,0,0.039872207,0.02248394,0.039310597,0.009259258,0,0
75711,0,0.04216196,0.02248394,0.026237184,0.009259258,0,0
75712,0,0.034131743,0.02248394,0.023264835,0.0013605442,0,0
75713,0,0.059556946,0.035928145,0.05318295,0.025263159,0,0
75714,0,0.04561526,0.02248394,0.045784816,0.017391304,0,0
75715,0,0.040447187,0.02248394,0.035655156,0.009259258,0,0
75716,0,0.03847532,0.02248394,0.044055518,0.017391304,0,0
75717,0,0.036974244,0.02248394,0.034109175,0.009259258,0,0
75718,0,0.031233253,0.02248394,0.03832091,0.009259258,0,0
75719,0,0.033421565,0.02248394,0.047849778,0.017391304,0,0
75720,0,0.040641256,0.02248394,0.04821006,0.017391304,0,0
75721,0,0.04209731,0.02248394,0.051433224,0.017391304,0,0
75722,0,0.032515492,0.02248394,0.038284473,0.009259258,0,0
75723,0,0.041098896,0.02248394,0.05254274,0.017391304,0,0
75724,0,0.047825634,0.02248394,0.05043534,0.017391304,0,0
75725,0,0.036693797,0.02248394,0.042808786,0.017391304,0,0
75726,0,0.04489552,0.02248394,0.04659699,0.017391304,0,0
75727,0,0.035846148,0.02248394,0.05089432,0.017391304,0,0
75728,0,0.040738534,0.02248394,0.055360742,0.025263159,0,0
75729,0,0.045317136,0.02248394,0.0647792,0.025263159,0,0
75730,0,0.039979212,0.02248394,0.077785164,0.04532967,0,0
75731,0,0.031062718,0.02248394,0.047795277,0.017391304,0,0
75732,0,0.040347535,0.02248394,0.037826005,0.009259258,0,0
75733,0,0.030550744,0.02248394,0.046123326,0.017391304,0,0
75734,0,0.03635054,0.02248394,0.04461907,0.017391304,0,0
75735,0,0.021923993,0.0017482517,0.029464697,0.009259258,0,0
75736,0,0.022696704,0.0017482517,0.02471531,0.009259258,0,0
75737,0,0.028338892,0.004761905,0.056660224,0.025263159,0,0
75738,0,0.02375429,0.0017482517,0.035575517,0.009259258,0,0
75739,0,0.03302436,0.02248394,0.045811735,0.017391304,0,0
75740,0,0.023014143,0.0017482517,0.019798461,0.0013605442,0,0
75741,0,0.019262915,0.0017482517,0.019351577,0.0013605442,0,0
75742,0,0.027664497,0.004761905,0.025631387,0.009259258,0,0
75743,0,0.09037331,0.05263158,0.053750113,0.025263159,0,0
75744,0,0.04743784,0.02248394,0.035217594,0.009259258,0,0
75745,0,0.03953607,0.02248394,0.03670762,0.009259258,0,0
75746,0,0.0808965,0.035928145,0.05857702,0.025263159,0,0
75747,0,0.034820948,0.02248394,0.029951712,0.009259258,0,0
75748,0,0.05213428,0.027237354,0.043575242,0.017391304,0,0
75749,0,0.039819755,0.02248394,0.028891249,0.009259258,0,0
75750,0,0.049197707,0.02248394,0.035575673,0.009259258,0,0
75751,0,0.057009112,0.035928145,0.044693463,0.017391304,0,0
75752,0,0.055297013,0.027237354,0.044929553,0.017391304,0,0
75753,0,0.03988828,0.02248394,0.032930955,0.009259258,0,0
75754,0,0.05393029,0.027237354,0.0611795,0.025263159,0,0
75755,0,0.07477857,0.035928145,0.059601236,0.025263159,0,0
75756,0,0.040779952,0.02248394,0.035874404,0.009259258,0,0
75757,0,0.06688321,0.035928145,0.06149591,0.025263159,0,0
75758,0,0.076751724,0.035928145,0.07826382,0.04532967,0,0
75759,0,0.109791726,0.057771664,0.113241866,0.078028746,0,0
75760,0,0.11734049,0.057771664,0.11430399,0.078028746,0,0
75761,0,0.0763528,0.035928145,0.088152975,0.04532967,0,0
75762,0,0.065940924,0.035928145,0.06569735,0.025263159,0,0
75763,0,0.07649028,0.035928145,0.074742176,0.04532967,0,0
75764,0,0.059404287,0.035928145,0.066386834,0.025263159,0,0
75765,0,0.05646414,0.03448276,0.049435597,0.017391304,0,0
75766,0,0.054836668,0.027237354,0.054385718,0.025263159,0,0
75767,0,0.06200611,0.035928145,0.06108874,0.025263159,0,0
75768,0,0.045306955,0.02248394,0.059873693,0.025263159,0,0
75769,0,0.039552633,0.02248394,0.032097228,0.009259258,0,0
75770,0,0.05075826,0.02248394,0.042465433,0.017391304,0,0
75771,0,0.044499587,0.02248394,0.049781345,0.017391304,0,0
75772,0,0.065017514,0.035928145,0.067571126,0.025263159,0,0
75773,0,0.02538436,0.004761905,0.029048895,0.009259258,0,0
75774,0,0.03356177,0.02248394,0.030519338,0.009259258,0,0
75775,0,0.06633049,0.035928145,0.043670118,0.017391304,0,0
75776,0,0.03688084,0.02248394,0.0341448,0.009259258,0,0
75777,0,0.0402902,0.02248394,0.0393887,0.009259258,0,0
75778,0,0.03936136,0.02248394,0.036131613,0.009259258,0,0
75779,0,0.042683747,0.02248394,0.04157817,0.017391304,0,0
75780,0,0.054257277,0.027237354,0.064050354,0.025263159,0,0
75781,0,0.06722193,0.035928145,0.057786707,0.025263159,0,0
75782,0,0.069533214,0.035928145,0.054471526,0.025263159,0,0
75783,0,0.06090279,0.035928145,0.094974086,0.04532967,0,0
75784,0,0.046159003,0.02248394,0.06659063,0.025263159,0,0
75785,0,0.05398806,0.027237354,0.066189766,0.025263159,0,0
75786,0,0.04859356,0.02248394,0.058409337,0.025263159,0,0
75787,0,0.05183436,0.027237354,0.050684784,0.017391304,0,0
75788,0,0.0462118,0.02248394,0.07985309,0.04532967,0,0
75789,0,0.058140956,0.035928145,0.07710484,0.04532967,0,0
75790,0,0.029374467,0.02248394,0.044138186,0.017391304,0,0
75791,0,0.04745906,0.02248394,0.07225863,0.025263159,0,0
75792,0,0.042525753,0.02248394,0.06390943,0.025263159,0,0
75793,0,0.052024383,0.027237354,0.06422202,0.025263159,0,0
75794,0,0.060581747,0.035928145,0.06861685,0.025263159,0,0
75795,0,0.0767272,0.035928145,0.08148807,0.04532967,0,0
75796,0,0.06375284,0.035928145,0.041737765,0.017391304,0,0
75797,0,0.04221827,0.02248394,0.04863024,0.017391304,0,0
75798,0,0.06049458,0.035928145,0.0774784,0.04532967,0,0
75799,0,0.045269422,0.02248394,0.06578394,0.025263159,0,0
75800,0,0.04630329,0.02248394,0.07561505,0.04532967,0,0
75801,0,0.047688436,0.02248394,0.0661585,0.025263159,0,0
75802,0,0.037451115,0.02248394,0.0603597,0.025263159,0,0
75803,0,0.03859092,0.02248394,0.06515379,0.025263159,0,0
75804,0,0.050399575,0.02248394,0.06865364,0.025263159,0,0
75805,0,0.08568116,0.035928145,0.10116738,0.04532967,0,0
75806,0,0.046632294,0.02248394,0.07023044,0.025263159,0,0
75807,0,0.060809884,0.035928145,0.07354255,0.025263159,0,0
75808,0,0.07584325,0.035928145,0.10435288,0.05050505,0,0
75809,0,0.04705666,0.02248394,0.08452287,0.04532967,0,0
75810,0,0.039196193,0.02248394,0.08005714,0.04532967,0,0
75811,0,0.053811938,0.027237354,0.07830535,0.04532967,0,0
75812,0,0.057686277,0.035928145,0.06622221,0.025263159,0,0
75813,0,0.04141495,0.02248394,0.0965208,0.04532967,0,0
75814,0,0.050744798,0.02248394,0.07405036,0.04532967,0,0
75815,0,0.060020573,0.035928145,0.113438,0.078028746,0,0
75816,0,0.04362939,0.02248394,0.09396907,0.04532967,0,0
75817,0,0.032571763,0.02248394,0.08265053,0.04532967,0,0
75818,0,0.071876444,0.035928145,0.080171674,0.04532967,0,0
75819,0,0.057798043,0.035928145,0.08775429,0.04532967,0,0
75820,0,0.038132094,0.02248394,0.08005847,0.04532967,0,0
75821,0,0.058007017,0.035928145,0.096674286,0.04532967,0,0
75822,0,0.039869074,0.02248394,0.07941384,0.04532967,0,0
75823,0,0.03755839,0.02248394,0.082339264,0.04532967,0,0
75824,0,0.04212322,0.02248394,0.06325706,0.025263159,0,0
75825,0,0.043310028,0.02248394,0.078196235,0.04532967,0,0
75826,0,0.046984002,0.02248394,0.08164457,0.04532967,0,0
75827,0,0.039941426,0.02248394,0.07715911,0.04532967,0,0
75828,0,0.043700617,0.02248394,0.072314836,0.025263159,0,0
75829,0,0.039135695,0.02248394,0.062462993,0.025263159,0,0
75830,0,0.04110801,0.02248394,0.06876388,0.025263159,0,0
75831,0,0.032670073,0.02248394,0.07570262,0.04532967,0,0
75832,0,0.04412896,0.02248394,0.05938479,0.025263159,0,0
75833,0,0.035763137,0.02248394,0.0404912,0.009259258,0,0
75834,0,0.04342316,0.02248394,0.048483714,0.017391304,0,0
75835,0,0.033229694,0.02248394,0.03549286,0.009259258,0,0
75836,0,0.04601327,0.02248394,0.06068363,0.025263159,0,0
75837,0,0.037343502,0.02248394,0.037752975,0.009259258,0,0
75838,0,0.053826544,0.027237354,0.062851585,0.025263159,0,0
75839,0,0.04133086,0.02248394,0.05727282,0.025263159,0,0
75840,0,0.046536017,0.02248394,0.049659837,0.017391304,0,0
75841,0,0.052643918,0.027237354,0.050410964,0.017391304,0,0
75842,0,0.05751249,0.035928145,0.041268412,0.009259258,0,0
75843,0,0.06946935,0.035928145,0.072575234,0.025263159,0,0
75844,0,0.065302685,0.035928145,0.0714489,0.025263159,0,0
75845,0,0.05899257,0.035928145,0.065614104,0.025263159,0,0
75846,0,0.051390518,0.027237354,0.04730788,0.017391304,0,0
75847,0,0.071659245,0.035928145,0.08037495,0.04532967,0,0
75848,0,0.059078164,0.035928145,0.05893382,0.025263159,0,0
75849,0,0.05226793,0.027237354,0.051031243,0.017391304,0,0
75850,0,0.031098206,0.02248394,0.05220109,0.017391304,0,0
75851,0,0.059795074,0.035928145,0.08335859,0.04532967,0,0
75852,0,0.06554961,0.035928145,0.075355686,0.04532967,0,0
75853,0,0.043781664,0.02248394,0.067733064,0.025263159,0,0
75854,0,0.080614306,0.035928145,0.08828574,0.04532967,0,0
75855,0,0.04034868,0.02248394,0.055469505,0.025263159,0,0
75856,0,0.054758757,0.027237354,0.071945615,0.025263159,0,0
75857,0,0.05260807,0.027237354,0.06272214,0.025263159,0,0
75858,0,0.029306456,0.02248394,0.039280653,0.009259258,0,0
75859,0,0.048449837,0.02248394,0.056352656,0.025263159,0,0
75860,0,0.065325834,0.035928145,0.03268423,0.009259258,0,0
75861,0,0.060383115,0.035928145,0.03922093,0.009259258,0,0
75862,0,0.04280793,0.02248394,0.03186872,0.009259258,0,0
75863,0,0.04587983,0.02248394,0.051658012,0.017391304,0,0
75864,0,0.06835776,0.035928145,0.038103674,0.009259258,0,0
75865,0,0.035269022,0.02248394,0.05301505,0.025263159,0,0
75866,0,0.051716242,0.027237354,0.06280923,0.025263159,0,0
75867,0,0.03305347,0.02248394,0.05534219,0.025263159,0,0
75868,0,0.047094654,0.02248394,0.04055773,0.009259258,0,0
75869,0,0.052894786,0.027237354,0.032413196,0.009259258,0,0
75870,0,0.12524983,0.057771664,0.06274053,0.025263159,0,0
75871,0,0.079306,0.035928145,0.046540532,0.017391304,0,0
75872,0,0.086592175,0.035928145,0.069962785,0.025263159,0,0
75873,0,0.06135518,0.035928145,0.059476517,0.025263159,0,0
75874,0,0.065208815,0.035928145,0.044881098,0.017391304,0,0
75875,0,0.041348364,0.02248394,0.048217773,0.017391304,0,0
75876,0,0.060967322,0.035928145,0.08996053,0.04532967,0,0
75877,0,0.06207842,0.035928145,0.03931818,0.009259258,0,0
75878,0,0.065060705,0.035928145,0.058736153,0.025263159,0,0
75879,0,0.065328814,0.035928145,0.085533015,0.04532967,0,0
75880,0,0.071155846,0.035928145,0.07512699,0.04532967,0,0
75881,0,0.07148074,0.035928145,0.058205854,0.025263159,0,0
75882,0,0.061028346,0.035928145,0.04880036,0.017391304,0,0
75883,0,0.07308255,0.035928145,0.05542651,0.025263159,0,0
75884,1,0.12761115,0.057771664,0.07947867,0.04532967,0,0
75885,0,0.15871991,0.1554054,0.075209826,0.04532967,0,0
75886,0,0.09279546,0.057771664,0.06594472,0.025263159,0,0
75887,0,0.12647194,0.057771664,0.0900278,0.04532967,0,0
75888,0,0.10742828,0.057771664,0.10306626,0.04532967,0,0
75889,0,0.1256617,0.057771664,0.112689525,0.06716418,0,0
75890,0,0.114375696,0.057771664,0.106771134,0.05050505,0,0
75891,0,0.12299836,0.057771664,0.10195414,0.04532967,0,0
75892,0,0.075036146,0.035928145,0.057774983,0.025263159,0,0
75893,0,0.17877248,0.17142858,0.102295704,0.04532967,0,0
75894,0,0.08821323,0.035928145,0.06831882,0.025263159,0,0
75895,0,0.16862535,0.1554054,0.11860829,0.078028746,0,0
75896,0,0.14632452,0.0952381,0.08483827,0.04532967,0,0
75897,0,0.11259658,0.057771664,0.10272862,0.04532967,0,0
75898,0,0.08523385,0.035928145,0.075485416,0.04532967,0,0
75899,0,0.07008859,0.035928145,0.056614276,0.025263159,0,0
75900,0,0.06770467,0.035928145,0.074929595,0.04532967,0,0
75901,0,0.05505347,0.027237354,0.050668906,0.017391304,0,0
75902,0,0.064221404,0.035928145,0.05601601,0.025263159,0,0
75903,0,0.07301254,0.035928145,0.07866227,0.04532967,0,0
75904,0,0.0875096,0.035928145,0.09059909,0.04532967,0,0
75905,0,0.068933986,0.035928145,0.05797263,0.025263159,0,0
75906,0,0.06958224,0.035928145,0.08328881,0.04532967,0,0
75907,0,0.092134334,0.057771664,0.08358093,0.04532967,0,0
75908,0,0.08243997,0.035928145,0.09017995,0.04532967,0,0
75909,0,0.06784096,0.035928145,0.060592942,0.025263159,0,0
75910,0,0.07716796,0.035928145,0.099956065,0.04532967,0,0
75911,0,0.09995996,0.057771664,0.062800445,0.025263159,0,0
75912,0,0.08310394,0.035928145,0.05807759,0.025263159,0,0
75913,0,0.11305437,0.057771664,0.07886921,0.04532967,0,0
75914,0,0.085738525,0.035928145,0.05012321,0.017391304,0,0
75915,0,0.08418257,0.035928145,0.06223158,0.025263159,0,0
75916,0,0.08833102,0.035928145,0.06327998,0.025263159,0,0
75917,0,0.059659198,0.035928145,0.05605437,0.025263159,0,0
75918,0,0.07649711,0.035928145,0.08947241,0.04532967,0,0
75919,0,0.06627353,0.035928145,0.091420315,0.04532967,0,0
75920,0,0.06423042,0.035928145,0.06362739,0.025263159,0,0
75921,0,0.057006758,0.035928145,0.045977544,0.017391304,0,0
75922,0,0.054977696,0.027237354,0.038462657,0.009259258,0,0
75923,0,0.049774643,0.02248394,0.045583423,0.017391304,0,0
75924,0,0.043924045,0.02248394,0.03226118,0.009259258,0,0
75925,0,0.05689525,0.035928145,0.052333254,0.017391304,0,0
75926,0,0.049055785,0.02248394,0.052688427,0.017391304,0,0
75927,0,0.03301737,0.02248394,0.03525248,0.009259258,0,0
75928,0,0.05654928,0.03448276,0.057627413,0.025263159,0,0
75929,0,0.03526888,0.02248394,0.055539895,0.025263159,0,0
75930,0,0.050117426,0.02248394,0.07858106,0.04532967,0,0
75931,0,0.050718542,0.02248394,0.076384366,0.04532967,0,0
75932,0,0.060922563,0.035928145,0.07822827,0.04532967,0,0
75933,0,0.030995144,0.02248394,0.048649147,0.017391304,0,0
75934,0,0.060696095,0.035928145,0.049175363,0.017391304,0,0
75935,0,0.0848773,0.035928145,0.080035314,0.04532967,0,0
75936,0,0.04735616,0.02248394,0.0740802,0.04532967,0,0
75937,0,0.06864936,0.035928145,0.050751783,0.017391304,0,0
75938,0,0.050761607,0.02248394,0.06306372,0.025263159,0,0
75939,0,0.04410996,0.02248394,0.07651456,0.04532967,0,0
75940,0,0.05468788,0.027237354,0.052244652,0.017391304,0,0
75941,0,0.050725635,0.02248394,0.064368755,0.025263159,0,0
75942,0,0.056351453,0.03448276,0.06612085,0.025263159,0,0
75943,0,0.047034856,0.02248394,0.049851224,0.017391304,0,0
75944,0,0.04209238,0.02248394,0.04336602,0.017391304,0,0
75945,0,0.044474125,0.02248394,0.03544558,0.009259258,0,0
75946,0,0.07426621,0.035928145,0.06375264,0.025263159,0,0
75947,0,0.074299954,0.035928145,0.079584986,0.04532967,0,0
75948,0,0.053495325,0.027237354,0.05301425,0.025263159,0,0
75949,0,0.04375078,0.02248394,0.029486217,0.009259258,0,0
75950,0,0.058844578,0.035928145,0.041095823,0.009259258,0,0
75951,0,0.020274045,0.0017482517,0.025372956,0.009259258,0,0
75952,0,0.023074668,0.0017482517,0.031519942,0.009259258,0,0
75953,0,0.018707804,0.0017482517,0.022150697,0.0013605442,0,0
75954,0,0.025553433,0.004761905,0.026073432,0.009259258,0,0
75955,0,0.032279473,0.02248394,0.019185264,0.0013605442,0,0
75956,0,0.033485796,0.02248394,0.024575928,0.009259258,0,0
75957,0,0.030627262,0.02248394,0.023095094,0.0013605442,0,0
75958,0,0.034347314,0.02248394,0.021840645,0.0013605442,0,0
75959,0,0.030244542,0.02248394,0.029840946,0.009259258,0,0
75960,0,0.049182028,0.02248394,0.03719897,0.009259258,0,0
75961,0,0.046254136,0.02248394,0.033551667,0.009259258,0,0
75962,0,0.056708872,0.03448276,0.03927252,0.009259258,0,0
75963,0,0.065843575,0.035928145,0.048273396,0.017391304,0,0
75964,0,0.033556536,0.02248394,0.026310753,0.009259258,0,0
75965,0,0.029270634,0.02248394,0.02290493,0.0013605442,0,0
75966,0,0.026211316,0.004761905,0.02912816,0.009259258,0,0
75967,0,0.030869404,0.02248394,0.02339074,0.0013605442,0,0
75968,0,0.022997873,0.0017482517,0.027170839,0.009259258,0,0
75969,0,0.030919734,0.02248394,0.032754183,0.009259258,0,0
75970,0,0.031853054,0.02248394,0.029644795,0.009259258,0,0
75971,0,0.028966403,0.02248394,0.035074346,0.009259258,0,0
75972,0,0.02497059,0.004761905,0.027241826,0.009259258,0,0
75973,0,0.022930162,0.0017482517,0.027148949,0.009259258,0,0
75974,0,0.025505923,0.004761905,0.025359914,0.009259258,0,0
75975,0,0.04652114,0.02248394,0.048753954,0.017391304,0,0
75976,0,0.069233805,0.035928145,0.046840817,0.017391304,0,0
75977,0,0.030073697,0.02248394,0.035324816,0.009259258,0,0
75978,0,0.03293633,0.02248394,0.02195984,0.0013605442,0,0
75979,0,0.029748805,0.02248394,0.020859225,0.0013605442,0,0
75980,0,0.029713888,0.02248394,0.020930076,0.0013605442,0,0
75981,0,0.021135611,0.0017482517,0.015951935,0.0013605442,0,0
75982,0,0.0303892,0.02248394,0.02619087,0.009259258,0,0
75983,0,0.027835295,0.004761905,0.019447993,0.0013605442,0,0
75984,0,0.031415775,0.02248394,0.03000154,0.009259258,0,0
75985,0,0.03061568,0.02248394,0.021884654,0.0013605442,0,0
75986,0,0.029348362,0.02248394,0.027688017,0.009259258,0,0
75987,0,0.022333916,0.0017482517,0.023004163,0.0013605442,0,0
75988,0,0.059504762,0.035928145,0.051122498,0.017391304,0,0
75989,0,0.045117088,0.02248394,0.025834834,0.009259258,0,0
75990,0,0.07501137,0.035928145,0.04890368,0.017391304,0,0
75991,0,0.11209288,0.057771664,0.055760745,0.025263159,0,0
75992,0,0.07862996,0.035928145,0.08283972,0.04532967,0,0
75993,0,0.0500415,0.02248394,0.050093368,0.017391304,0,0
75994,0,0.044032358,0.02248394,0.06328007,0.025263159,0,0
75995,0,0.0593143,0.035928145,0.046955477,0.017391304,0,0
75996,0,0.047523636,0.02248394,0.051645037,0.017391304,0,0
75997,0,0.04808299,0.02248394,0.03942157,0.009259258,0,0
75998,0,0.055613868,0.027237354,0.0455502,0.017391304,0,0
75999,0,0.064526826,0.035928145,0.055212457,0.025263159,0,0
76000,0,0.07181184,0.035928145,0.06532042,0.025263159,0,0
76001,0,0.077705145,0.035928145,0.054929223,0.025263159,0,0
76002,0,0.06775425,0.035928145,0.09549836,0.04532967,0,0
76003,0,0.10392494,0.057771664,0.09225716,0.04532967,0,0
76004,0,0.10078779,0.057771664,0.08636036,0.04532967,0,0
76005,0,0.049180288,0.02248394,0.047233928,0.017391304,0,0
76006,0,0.078071885,0.035928145,0.07597615,0.04532967,0,0
76007,0,0.08630003,0.035928145,0.050448176,0.017391304,0,0
76008,0,0.09999867,0.057771664,0.07989625,0.04532967,0,0
76009,0,0.13596527,0.06153846,0.041134868,0.009259258,0,0
76010,0,0.105606265,0.057771664,0.047786295,0.017391304,0,0
76011,0,0.1071838,0.057771664,0.07670889,0.04532967,0,0
76012,0,0.11495964,0.057771664,0.06781468,0.025263159,0,0
76013,0,0.08091084,0.035928145,0.07280141,0.025263159,0,0
76014,0,0.10341813,0.057771664,0.07314794,0.025263159,0,0
76015,0,0.13069877,0.057771664,0.07474735,0.04532967,0,0
76016,0,0.08538614,0.035928145,0.06524032,0.025263159,0,0
76017,0,0.08169689,0.035928145,0.05767697,0.025263159,0,0
76018,0,0.07907122,0.035928145,0.060301505,0.025263159,0,0
76019,0,0.07317274,0.035928145,0.057008833,0.025263159,0,0
76020,0,0.077470474,0.035928145,0.040865216,0.009259258,0,0
76021,0,0.06633886,0.035928145,0.038366493,0.009259258,0,0
76022,0,0.09628954,0.057771664,0.052976247,0.025263159,0,0
76023,0,0.08262765,0.035928145,0.06770074,0.025263159,0,0
76024,0,0.102813765,0.057771664,0.0634734,0.025263159,0,0
76025,0,0.05933861,0.035928145,0.08339903,0.04532967,0,0
76026,0,0.07283349,0.035928145,0.045022562,0.017391304,0,0
76027,0,0.10202902,0.057771664,0.04399883,0.017391304,0,0
76028,0,0.08478236,0.035928145,0.08325812,0.04532967,0,0
76029,0,0.07556965,0.035928145,0.08287273,0.04532967,0,0
76030,0,0.04890287,0.02248394,0.09100161,0.04532967,0,0
76031,0,0.055002365,0.027237354,0.076828055,0.04532967,0,0
76032,0,0.09024773,0.05263158,0.08332453,0.04532967,0,0
76033,0,0.10657653,0.057771664,0.07840829,0.04532967,0,0
76034,0,0.10869291,0.057771664,0.09837507,0.04532967,0,0
76035,0,0.105146825,0.057771664,0.08942105,0.04532967,0,0
76036,0,0.05051951,0.02248394,0.05680142,0.025263159,0,0
76037,0,0.04718335,0.02248394,0.03486626,0.009259258,0,0
76038,0,0.038324777,0.02248394,0.04603183,0.017391304,0,0
76039,0,0.037481163,0.02248394,0.046224277,0.017391304,0,0
76040,0,0.047503937,0.02248394,0.036160678,0.009259258,0,0
76041,0,0.039777946,0.02248394,0.051024232,0.017391304,0,0
76042,0,0.04641579,0.02248394,0.054894157,0.025263159,0,0
76043,0,0.05403683,0.027237354,0.065871105,0.025263159,0,0
76044,0,0.034809932,0.02248394,0.048123587,0.017391304,0,0
76045,0,0.036541495,0.02248394,0.07098312,0.025263159,0,0
76046,0,0.029048322,0.02248394,0.052529115,0.017391304,0,0
76047,0,0.030943764,0.02248394,0.063460626,0.025263159,0,0
76048,0,0.039756577,0.02248394,0.053227533,0.025263159,0,0
76049,0,0.038356222,0.02248394,0.04057462,0.009259258,0,0
76050,0,0.04758475,0.02248394,0.048871264,0.017391304,0,0
76051,0,0.03628885,0.02248394,0.03595499,0.009259258,0,0
76052,0,0.050079644,0.02248394,0.0382978,0.009259258,0,0
76053,0,0.05282422,0.027237354,0.04227789,0.017391304,0,0
76054,0,0.064762935,0.035928145,0.06034628,0.025263159,0,0
76055,0,0.05191701,0.027237354,0.06666708,0.025263159,0,0
76056,0,0.04027149,0.02248394,0.049158912,0.017391304,0,0
76057,0,0.03605789,0.02248394,0.037012983,0.009259258,0,0
76058,0,0.03225452,0.02248394,0.031969182,0.009259258,0,0
76059,0,0.03741577,0.02248394,0.03488282,0.009259258,0,0
76060,0,0.045613587,0.02248394,0.05358483,0.025263159,0,0
76061,0,0.050542045,0.02248394,0.069028474,0.025263159,0,0
76062,0,0.08651333,0.035928145,0.094822526,0.04532967,0,0
76063,0,0.05833285,0.035928145,0.103379376,0.05050505,0,0
76064,0,0.049571294,0.02248394,0.03644489,0.009259258,0,0
76065,0,0.062147215,0.035928145,0.04293715,0.017391304,0,0
76066,0,0.058059175,0.035928145,0.07680961,0.04532967,0,0
76067,0,0.05573017,0.027237354,0.111962646,0.06716418,0,0
76068,0,0.04380957,0.02248394,0.07138242,0.025263159,0,0
76069,0,0.05940128,0.035928145,0.10258367,0.04532967,0,0
76070,0,0.054198533,0.027237354,0.08187472,0.04532967,0,0
76071,0,0.040063236,0.02248394,0.06609265,0.025263159,0,0
76072,0,0.04690285,0.02248394,0.0604585,0.025263159,0,0
76073,0,0.051430352,0.027237354,0.05305212,0.025263159,0,0
76074,0,0.06436358,0.035928145,0.057972763,0.025263159,0,0
76075,0,0.06419439,0.035928145,0.062201783,0.025263159,0,0
76076,0,0.06892845,0.035928145,0.041783903,0.017391304,0,0
76077,0,0.045739774,0.02248394,0.06286913,0.025263159,0,0
76078,0,0.05222837,0.027237354,0.057364456,0.025263159,0,0
76079,0,0.04424076,0.02248394,0.03924834,0.009259258,0,0
76080,0,0.04362193,0.02248394,0.04779886,0.017391304,0,0
76081,0,0.12086871,0.057771664,0.03441571,0.009259258,0,0
76082,0,0.051127598,0.024949027,0.037629843,0.009259258,0,0
76083,0,0.07587652,0.035928145,0.046929855,0.017391304,0,0
76084,0,0.062690005,0.035928145,0.039711356,0.009259258,0,0
76085,0,0.059462704,0.035928145,0.04855428,0.017391304,0,0
76086,0,0.08651387,0.035928145,0.051702105,0.017391304,0,0
76087,0,0.07745473,0.035928145,0.07123419,0.025263159,0,0
76088,0,0.051446684,0.027237354,0.049607884,0.017391304,0,0
76089,0,0.05423559,0.027237354,0.039900783,0.009259258,0,0
76090,0,0.0650202,0.035928145,0.03807008,0.009259258,0,0
76091,0,0.054840807,0.027237354,0.07359669,0.025263159,0,0
76092,0,0.055733282,0.027237354,0.05513086,0.025263159,0,0
76093,0,0.056935266,0.035928145,0.0427889,0.017391304,0,0
76094,0,0.05513929,0.027237354,0.05973738,0.025263159,0,0
76095,0,0.042835675,0.02248394,0.050303824,0.017391304,0,0
76096,0,0.07417483,0.035928145,0.05847545,0.025263159,0,0
76097,0,0.08374198,0.035928145,0.07485325,0.04532967,0,0
76098,0,0.054168895,0.027237354,0.041278865,0.009259258,0,0
76099,0,0.0621234,0.035928145,0.035612307,0.009259258,0,0
76100,0,0.059649326,0.035928145,0.05088102,0.017391304,0,0
76101,0,0.05055539,0.02248394,0.036650512,0.009259258,0,0
76102,0,0.10505989,0.057771664,0.068777345,0.025263159,0,0
76103,0,0.08833619,0.035928145,0.06803805,0.025263159,0,0
76104,0,0.088951685,0.035928145,0.052532542,0.017391304,0,0
76105,0,0.10033315,0.057771664,0.080063425,0.04532967,0,0
76106,0,0.09315762,0.057771664,0.09071694,0.04532967,0,0
76107,0,0.058552783,0.035928145,0.06580849,0.025263159,0,0
76108,0,0.0764572,0.035928145,0.06628373,0.025263159,0,0
76109,0,0.06017991,0.035928145,0.0593784,0.025263159,0,0
76110,0,0.061126914,0.035928145,0.05051067,0.017391304,0,0
76111,0,0.07997354,0.035928145,0.07140987,0.025263159,0,0
76112,0,0.058386616,0.035928145,0.05635028,0.025263159,0,0
76113,0,0.07816845,0.035928145,0.055536006,0.025263159,0,0
76114,0,0.07073235,0.035928145,0.043657403,0.017391304,0,0
76115,0,0.07047696,0.035928145,0.06442162,0.025263159,0,0
76116,0,0.06850951,0.035928145,0.052500036,0.017391304,0,0
76117,0,0.057732016,0.035928145,0.07428619,0.04532967,0,0
76118,0,0.064794466,0.035928145,0.08081937,0.04532967,0,0
76119,0,0.050831012,0.02248394,0.05192244,0.017391304,0,0
76120,0,0.056356136,0.03448276,0.0522116,0.017391304,0,0
76121,0,0.045449257,0.02248394,0.04256715,0.017391304,0,0
76122,0,0.046203364,0.02248394,0.04153738,0.017391304,0,0
76123,0,0.067011885,0.035928145,0.056350973,0.025263159,0,0
76124,0,0.04380116,0.02248394,0.046328492,0.017391304,0,0
76125,0,0.035556555,0.02248394,0.046888035,0.017391304,0,0
76126,0,0.03118389,0.02248394,0.04315135,0.017391304,0,0
76127,0,0.061865203,0.035928145,0.06200407,0.025263159,0,0
76128,0,0.06345579,0.035928145,0.07076474,0.025263159,0,0
76129,0,0.04540205,0.02248394,0.057169244,0.025263159,0,0
76130,0,0.07957854,0.035928145,0.06564314,0.025263159,0,0
76131,0,0.036995832,0.02248394,0.04214664,0.017391304,0,0
76132,0,0.06927341,0.035928145,0.050733935,0.017391304,0,0
76133,0,0.06962383,0.035928145,0.060525697,0.025263159,0,0
76134,0,0.08685484,0.035928145,0.073975265,0.04532967,0,0
76135,0,0.062500596,0.035928145,0.049662437,0.017391304,0,0
76136,0,0.0684553,0.035928145,0.058080588,0.025263159,0,0
76137,0,0.05507969,0.027237354,0.053853385,0.025263159,0,0
76138,0,0.05382414,0.027237354,0.07567747,0.04532967,0,0
76139,0,0.04583779,0.02248394,0.085734725,0.04532967,0,0
76140,0,0.05513865,0.027237354,0.057060957,0.025263159,0,0
76141,0,0.044480816,0.02248394,0.03749994,0.009259258,0,0
76142,0,0.04304671,0.02248394,0.040806,0.009259258,0,0
76143,0,0.03913883,0.02248394,0.047825474,0.017391304,0,0
76144,0,0.040671803,0.02248394,0.059973285,0.025263159,0,0
76145,0,0.051395435,0.027237354,0.04850618,0.017391304,0,0
76146,0,0.096340716,0.057771664,0.07244626,0.025263159,0,0
76147,0,0.0663826,0.035928145,0.04879452,0.017391304,0,0
76148,0,0.06846944,0.035928145,0.042063694,0.017391304,0,0
76149,0,0.07964077,0.035928145,0.07598858,0.04532967,0,0
76150,0,0.068932794,0.035928145,0.052640077,0.017391304,0,0
76151,0,0.055963196,0.027237354,0.037017073,0.009259258,0,0
76152,0,0.035510127,0.02248394,0.031524483,0.009259258,0,0
76153,0,0.07452042,0.035928145,0.055017028,0.025263159,0,0
76154,0,0.041225813,0.02248394,0.051619172,0.017391304,0,0
76155,0,0.036144536,0.02248394,0.045208193,0.017391304,0,0
76156,0,0.054722317,0.027237354,0.036751967,0.009259258,0,0
76157,0,0.037958078,0.02248394,0.03315113,0.009259258,0,0
76158,0,0.05038487,0.02248394,0.045247346,0.017391304,0,0
76159,0,0.04175622,0.02248394,0.024805218,0.009259258,0,0
76160,0,0.06132722,0.035928145,0.03254637,0.009259258,0,0
76161,0,0.057351924,0.035928145,0.043697856,0.017391304,0,0
76162,0,0.057666186,0.035928145,0.039761145,0.009259258,0,0
76163,0,0.068150245,0.035928145,0.05965519,0.025263159,0,0
76164,0,0.035943437,0.02248394,0.032462135,0.009259258,0,0
76165,0,0.045246143,0.02248394,0.06338222,0.025263159,0,0
76166,0,0.05905429,0.035928145,0.0978344,0.04532967,0,0
76167,0,0.041938934,0.02248394,0.09357561,0.04532967,0,0
76168,0,0.050628345,0.02248394,0.09453814,0.04532967,0,0
76169,0,0.054937463,0.027237354,0.06786977,0.025263159,0,0
76170,0,0.068345614,0.035928145,0.06262828,0.025263159,0,0
76171,0,0.036210194,0.02248394,0.04443779,0.017391304,0,0
76172,0,0.072658345,0.035928145,0.05763031,0.025263159,0,0
76173,0,0.030684514,0.02248394,0.049253788,0.017391304,0,0
76174,0,0.04578824,0.02248394,0.060542352,0.025263159,0,0
76175,0,0.036195505,0.02248394,0.050974384,0.017391304,0,0
76176,0,0.06457442,0.035928145,0.052409444,0.017391304,0,0
76177,0,0.03517041,0.02248394,0.06457626,0.025263159,0,0
76178,0,0.031778842,0.02248394,0.043509733,0.017391304,0,0
76179,0,0.025729522,0.004761905,0.035721634,0.009259258,0,0
76180,0,0.04222778,0.02248394,0.03333206,0.009259258,0,0
76181,0,0.036488336,0.02248394,0.03430468,0.009259258,0,0
76182,0,0.04184678,0.02248394,0.03752571,0.009259258,0,0
76183,0,0.041514162,0.02248394,0.03704302,0.009259258,0,0
76184,0,0.06676118,0.035928145,0.04353228,0.017391304,0,0
76185,0,0.04529122,0.02248394,0.050292607,0.017391304,0,0
76186,0,0.04978024,0.02248394,0.033444695,0.009259258,0,0
76187,0,0.05642597,0.03448276,0.04697603,0.017391304,0,0
76188,0,0.032935694,0.02248394,0.035453003,0.009259258,0,0
76189,0,0.048338935,0.02248394,0.04236496,0.017391304,0,0
76190,0,0.044509787,0.02248394,0.05584202,0.025263159,0,0
76191,0,0.035962876,0.02248394,0.038403235,0.009259258,0,0
76192,0,0.03989228,0.02248394,0.07324853,0.025263159,0,0
76193,0,0.0470833,0.02248394,0.044666056,0.017391304,0,0
76194,0,0.047621686,0.02248394,0.043903288,0.017391304,0,0
76195,0,0.050751932,0.02248394,0.038586743,0.009259258,0,0
76196,0,0.061231073,0.035928145,0.05174094,0.017391304,0,0
76197,0,0.06235888,0.035928145,0.036576685,0.009259258,0,0
76198,0,0.03775158,0.02248394,0.03510162,0.009259258,0,0
76199,0,0.03981157,0.02248394,0.032090794,0.009259258,0,0
76200,0,0.042543884,0.02248394,0.038052842,0.009259258,0,0
76201,0,0.053595953,0.027237354,0.04294534,0.017391304,0,0
76202,0,0.040809974,0.02248394,0.036460843,0.009259258,0,0
76203,0,0.05467112,0.027237354,0.044924777,0.017391304,0,0
76204,0,0.0513949,0.027237354,0.035344835,0.009259258,0,0
76205,0,0.06963107,0.035928145,0.048196934,0.017391304,0,0
76206,0,0.048300657,0.02248394,0.055464815,0.025263159,0,0
76207,0,0.050633766,0.02248394,0.053245123,0.025263159,0,0
76208,0,0.06749864,0.035928145,0.08274541,0.04532967,0,0
76209,0,0.05190066,0.027237354,0.038727444,0.009259258,0,0
76210,0,0.06288787,0.035928145,0.042908482,0.017391304,0,0
76211,0,0.05206692,0.027237354,0.0775263,0.04532967,0,0
76212,0,0.05172866,0.027237354,0.09102539,0.04532967,0,0
76213,0,0.056580286,0.03448276,0.10875935,0.06716418,0,0
76214,0,0.037960082,0.02248394,0.096165605,0.04532967,0,0
76215,0,0.0320765,0.02248394,0.08936645,0.04532967,0,0
76216,0,0.042487428,0.02248394,0.113575585,0.078028746,0,0
76217,0,0.04737197,0.02248394,0.13960311,0.092920355,0,0
76218,0,0.049730096,0.02248394,0.08604049,0.04532967,0,0
76219,0,0.049283292,0.02248394,0.07458671,0.04532967,0,0
76220,0,0.039693397,0.02248394,0.074745044,0.04532967,0,0
76221,0,0.055602886,0.027237354,0.078098096,0.04532967,0,0
76222,0,0.041287303,0.02248394,0.08318758,0.04532967,0,0
76223,0,0.039877426,0.02248394,0.073013745,0.025263159,0,0
76224,0,0.0329717,0.02248394,0.07904426,0.04532967,0,0
76225,0,0.057276744,0.035928145,0.08684962,0.04532967,0,0
76226,0,0.037826553,0.02248394,0.07665145,0.04532967,0,0
76227,0,0.042552244,0.02248394,0.06249427,0.025263159,0,0
76228,0,0.047221504,0.02248394,0.092913084,0.04532967,0,0
76229,0,0.043966983,0.02248394,0.08010923,0.04532967,0,0
76230,0,0.048137415,0.02248394,0.066891395,0.025263159,0,0
76231,0,0.050567403,0.02248394,0.10808553,0.06716418,0,0
76232,0,0.039536443,0.02248394,0.08894937,0.04532967,0,0
76233,0,0.056855083,0.035599023,0.06624042,0.025263159,0,0
76234,0,0.06618324,0.035928145,0.08350078,0.04532967,0,0
76235,0,0.045362946,0.02248394,0.07912719,0.04532967,0,0
76236,0,0.05255805,0.027237354,0.08043473,0.04532967,0,0
76237,0,0.066582955,0.035928145,0.09424494,0.04532967,0,0
76238,0,0.02824036,0.004761905,0.085511796,0.04532967,0,0
76239,0,0.031263184,0.02248394,0.082289964,0.04532967,0,0
76240,0,0.034894638,0.02248394,0.08864698,0.04532967,0,0
76241,0,0.033804674,0.02248394,0.07663227,0.04532967,0,0
76242,0,0.032201003,0.02248394,0.050136678,0.017391304,0,0
76243,0,0.042474754,0.02248394,0.09003041,0.04532967,0,0
76244,0,0.037911024,0.02248394,0.10529593,0.05050505,0,0
76245,0,0.044855114,0.02248394,0.07610729,0.04532967,0,0
76246,0,0.0575781,0.035928145,0.08468499,0.04532967,0,0
76247,0,0.041846737,0.02248394,0.07785419,0.04532967,0,0
76248,0,0.044283018,0.02248394,0.09130819,0.04532967,0,0
76249,0,0.059185605,0.035928145,0.10713081,0.06716418,0,0
76250,0,0.042024408,0.02248394,0.088787906,0.04532967,0,0
76251,0,0.04137228,0.02248394,0.07605356,0.04532967,0,0
76252,0,0.049490616,0.02248394,0.07074574,0.025263159,0,0
76253,0,0.04675822,0.02248394,0.07157567,0.025263159,0,0
76254,0,0.04701577,0.02248394,0.077838644,0.04532967,0,0
76255,0,0.05796802,0.035928145,0.09293694,0.04532967,0,0
76256,0,0.050352503,0.02248394,0.13933015,0.092920355,0,0
76257,0,0.026515296,0.004761905,0.0844224,0.04532967,0,0
76258,0,0.038165644,0.02248394,0.07255574,0.025263159,0,0
76259,0,0.037452523,0.02248394,0.066555604,0.025263159,0,0
76260,0,0.03167902,0.02248394,0.06199528,0.025263159,0,0
76261,0,0.045625087,0.02248394,0.087329976,0.04532967,0,0
76262,0,0.07736,0.035928145,0.09134751,0.04532967,0,0
76263,0,0.056592975,0.03448276,0.08967824,0.04532967,0,0
76264,0,0.0599589,0.035928145,0.06766899,0.025263159,0,0
76265,0,0.07316778,0.035928145,0.058356795,0.025263159,0,0
76266,0,0.07961761,0.035928145,0.06817722,0.025263159,0,0
76267,0,0.043450035,0.02248394,0.053178515,0.025263159,0,0
76268,0,0.03764341,0.02248394,0.05458275,0.025263159,0,0
76269,0,0.047158107,0.02248394,0.07370627,0.025263159,0,0
76270,0,0.03444542,0.02248394,0.036016792,0.009259258,0,0
76271,0,0.05474031,0.027237354,0.041048985,0.009259258,0,0
76272,0,0.04967917,0.02248394,0.04613624,0.017391304,0,0
76273,0,0.041832376,0.02248394,0.048671726,0.017391304,0,0
76274,0,0.028755415,0.004761905,0.035838377,0.009259258,0,0
76275,0,0.053116977,0.027237354,0.06163239,0.025263159,0,0
76276,0,0.027618065,0.004761905,0.030768368,0.009259258,0,0
76277,0,0.028815798,0.011979019,0.029725306,0.009259258,0,0
76278,0,0.046657823,0.02248394,0.045057,0.017391304,0,0
76279,0,0.03298513,0.02248394,0.022405714,0.0013605442,0,0
76280,0,0.036230356,0.02248394,0.029642895,0.009259258,0,0
76281,0,0.040783536,0.02248394,0.043802597,0.017391304,0,0
76282,0,0.045869987,0.02248394,0.03208351,0.009259258,0,0
76283,0,0.05008629,0.02248394,0.028792266,0.009259258,0,0
76284,0,0.052508302,0.027237354,0.01662918,0.0013605442,0,0
76285,0,0.03767623,0.02248394,0.078087844,0.04532967,0,0
76286,0,0.03138988,0.02248394,0.06385599,0.025263159,0,0
76287,0,0.03414109,0.02248394,0.040201213,0.009259258,0,0
76288,0,0.038128972,0.02248394,0.06529215,0.025263159,0,0
76289,0,0.03385499,0.02248394,0.05696974,0.025263159,0,0
76290,0,0.030233573,0.02248394,0.061869796,0.025263159,0,0
76291,0,0.031783633,0.02248394,0.078019336,0.04532967,0,0
76292,0,0.02279728,0.0017482517,0.05454241,0.025263159,0,0
76293,0,0.030968009,0.02248394,0.056507234,0.025263159,0,0
76294,0,0.020282045,0.0017482517,0.050773174,0.017391304,0,0
76295,0,0.023148509,0.0017482517,0.054641023,0.025263159,0,0
76296,0,0.019595549,0.0017482517,0.047041405,0.017391304,0,0
76297,0,0.01936167,0.0017482517,0.040853094,0.009259258,0,0
76298,0,0.028626032,0.004761905,0.049408257,0.017391304,0,0
76299,0,0.025186047,0.004761905,0.047250647,0.017391304,0,0
76300,0,0.042266086,0.02248394,0.12179884,0.078028746,0,0
76301,0,0.05967605,0.035928145,0.05868062,0.025263159,0,0
76302,0,0.08987367,0.05263158,0.09437505,0.04532967,0,0
76303,0,0.058039527,0.035928145,0.09703544,0.04532967,0,0
76304,0,0.047435265,0.02248394,0.0828817,0.04532967,0,0
76305,0,0.03691917,0.02248394,0.08526728,0.04532967,0,0
76306,0,0.026751015,0.004761905,0.09321801,0.04532967,0,0
76307,0,0.02636671,0.004761905,0.07164809,0.025263159,0,0
76308,0,0.028486228,0.004761905,0.06812471,0.025263159,0,0
76309,0,0.02946382,0.02248394,0.08717173,0.04532967,0,0
76310,0,0.02646833,0.004761905,0.085015625,0.04532967,0,0
76311,0,0.021360548,0.0017482517,0.06779082,0.025263159,0,0
76312,0,0.03853893,0.02248394,0.07659052,0.04532967,0,0
76313,0,0.028884185,0.02248394,0.061121207,0.025263159,0,0
76314,0,0.041516718,0.02248394,0.08168182,0.04532967,0,0
76315,0,0.06510966,0.035928145,0.11027448,0.06716418,0,0
76316,0,0.04332553,0.02248394,0.055354156,0.025263159,0,0
76317,0,0.035902303,0.02248394,0.07141811,0.025263159,0,0
76318,0,0.044958353,0.02248394,0.09323975,0.04532967,0,0
76319,0,0.044116747,0.02248394,0.050224315,0.017391304,0,0
76320,0,0.043658,0.02248394,0.063914336,0.025263159,0,0
76321,0,0.039034322,0.02248394,0.049023192,0.017391304,0,0
76322,0,0.036782827,0.02248394,0.047978573,0.017391304,0,0
76323,0,0.039291117,0.02248394,0.054456174,0.025263159,0,0
76324,0,0.039788425,0.02248394,0.05127671,0.017391304,0,0
76325,0,0.034195174,0.02248394,0.070270024,0.025263159,0,0
76326,0,0.041650712,0.02248394,0.08984056,0.04532967,0,0
76327,0,0.035133936,0.02248394,0.05630283,0.025263159,0,0
76328,0,0.049,0.02248394,0.059561253,0.025263159,0,0
76329,0,0.029860396,0.02248394,0.05040687,0.017391304,0,0
76330,0,0.028390571,0.004761905,0.035945456,0.009259258,0,0
76331,0,0.03661042,0.02248394,0.04622381,0.017391304,0,0
76332,0,0.03959408,0.02248394,0.05047024,0.017391304,0,0
76333,0,0.037963685,0.02248394,0.06949412,0.025263159,0,0
76334,0,0.035791736,0.02248394,0.057593964,0.025263159,0,0
76335,0,0.054734748,0.027237354,0.077249594,0.04532967,0,0
76336,0,0.04997862,0.02248394,0.06892612,0.025263159,0,0
76337,0,0.046119925,0.02248394,0.073723614,0.025263159,0,0
76338,0,0.04803322,0.02248394,0.08458001,0.04532967,0,0
76339,0,0.035416324,0.02248394,0.10458793,0.05050505,0,0
76340,0,0.0316319,0.02248394,0.04089136,0.009259258,0,0
76341,0,0.038730737,0.02248394,0.076871455,0.04532967,0,0
76342,0,0.036400523,0.02248394,0.06917133,0.025263159,0,0
76343,0,0.031704582,0.02248394,0.04921477,0.017391304,0,0
76344,0,0.031680543,0.02248394,0.090164945,0.04532967,0,0
76345,0,0.027389303,0.004761905,0.07050672,0.025263159,0,0
76346,0,0.040730506,0.02248394,0.051829822,0.017391304,0,0
76347,0,0.035709947,0.02248394,0.05211898,0.017391304,0,0
76348,0,0.03847238,0.02248394,0.050069597,0.017391304,0,0
76349,0,0.041520502,0.02248394,0.0658659,0.025263159,0,0
76350,0,0.046451367,0.02248394,0.07844612,0.04532967,0,0
76351,0,0.040782165,0.02248394,0.08536224,0.04532967,0,0
76352,0,0.039556265,0.02248394,0.062561214,0.025263159,0,0
76353,0,0.042417124,0.02248394,0.08228651,0.04532967,0,0
76354,0,0.048013076,0.02248394,0.09424378,0.04532967,0,0
76355,0,0.06198962,0.035928145,0.09517585,0.04532967,0,0
76356,0,0.0684144,0.035928145,0.105386525,0.05050505,0,0
76357,0,0.0645234,0.035928145,0.101994425,0.04532967,0,0
76358,0,0.049907986,0.02248394,0.063669726,0.025263159,0,0
76359,0,0.0528053,0.027237354,0.0577343,0.025263159,0,0
76360,0,0.08104583,0.035928145,0.073786765,0.025263159,0,0
76361,0,0.06521261,0.035928145,0.08456737,0.04532967,0,0
76362,0,0.04692901,0.02248394,0.06701009,0.025263159,0,0
76363,0,0.034823064,0.02248394,0.048905388,0.017391304,0,0
76364,0,0.034044676,0.02248394,0.055507414,0.025263159,0,0
76365,0,0.029407803,0.02248394,0.05974461,0.025263159,0,0
76366,0,0.03537654,0.02248394,0.065559804,0.025263159,0,0
76367,0,0.055353187,0.027237354,0.06670893,0.025263159,0,0
76368,0,0.045219123,0.02248394,0.05243878,0.017391304,0,0
76369,0,0.058232807,0.035928145,0.084308915,0.04532967,0,0
76370,0,0.098532856,0.057771664,0.09909338,0.04532967,0,0
76371,0,0.080870375,0.035928145,0.09900225,0.04532967,0,0
76372,0,0.108604126,0.057771664,0.10337399,0.05050505,0,0
76373,0,0.068170704,0.035928145,0.092972286,0.04532967,0,0
76374,0,0.09352129,0.057771664,0.09505646,0.04532967,0,0
76375,0,0.115747824,0.057771664,0.10822703,0.06716418,0,0
76376,0,0.06976896,0.035928145,0.055601746,0.025263159,0,0
76377,0,0.099279895,0.057771664,0.10307333,0.04532967,0,0
76378,0,0.07053724,0.035928145,0.09483684,0.04532967,0,0
76379,0,0.07598392,0.035928145,0.07364105,0.025263159,0,0
76380,0,0.05189565,0.027237354,0.06617823,0.025263159,0,0
76381,0,0.051631924,0.027237354,0.07416479,0.04532967,0,0
76382,0,0.06262037,0.035928145,0.07586395,0.04532967,0,0
76383,0,0.03992307,0.02248394,0.066175856,0.025263159,0,0
76384,0,0.07157432,0.035928145,0.095227905,0.04532967,0,0
76385,0,0.039843015,0.02248394,0.07741921,0.04532967,0,0
76386,0,0.04008744,0.02248394,0.08390796,0.04532967,0,0
76387,0,0.045543134,0.02248394,0.08655179,0.04532967,0,0
76388,0,0.04067318,0.02248394,0.049582515,0.017391304,0,0
76389,0,0.037387103,0.02248394,0.063038096,0.025263159,0,0
76390,0,0.03431774,0.02248394,0.054684684,0.025263159,0,0
76391,0,0.045282565,0.02248394,0.054370552,0.025263159,0,0
76392,0,0.05129403,0.027237354,0.057714872,0.025263159,0,0
76393,0,0.0484747,0.02248394,0.06975578,0.025263159,0,0
76394,0,0.054385852,0.027237354,0.0718237,0.025263159,0,0
76395,0,0.060627267,0.035928145,0.06595048,0.025263159,0,0
76396,0,0.063027725,0.035928145,0.0725532,0.025263159,0,0
76397,0,0.04764878,0.02248394,0.045724344,0.017391304,0,0
76398,0,0.0406269,0.02248394,0.034571134,0.009259258,0,0
76399,0,0.08834045,0.035928145,0.06903738,0.025263159,0,0
76400,0,0.039884612,0.02248394,0.040986046,0.009259258,0,0
76401,0,0.04102772,0.02248394,0.036805954,0.009259258,0,0
76402,0,0.040119655,0.02248394,0.046837922,0.017391304,0,0
76403,0,0.058053434,0.035928145,0.03958083,0.009259258,0,0
76404,0,0.057166077,0.035928145,0.047443293,0.017391304,0,0
76405,0,0.03826339,0.02248394,0.028067699,0.009259258,0,0
76406,0,0.036264766,0.02248394,0.030429818,0.009259258,0,0
76407,0,0.0349179,0.02248394,0.05054701,0.017391304,0,0
76408,0,0.044922315,0.02248394,0.024279164,0.009259258,0,0
76409,0,0.058515612,0.035928145,0.020727776,0.0013605442,0,0
76410,0,0.0463426,0.02248394,0.025400411,0.009259258,0,0
76411,0,0.04327454,0.02248394,0.037191436,0.009259258,0,0
76412,0,0.047972914,0.02248394,0.036298614,0.009259258,0,0
76413,0,0.057519834,0.035928145,0.04296303,0.017391304,0,0
76414,0,0.052326873,0.027237354,0.035053276,0.009259258,0,0
76415,0,0.05275718,0.027237354,0.0400707,0.009259258,0,0
76416,0,0.051035997,0.02248394,0.032279562,0.009259258,0,0
76417,0,0.06532494,0.035928145,0.033798873,0.009259258,0,0
76418,0,0.060681157,0.035928145,0.039185815,0.009259258,0,0
76419,0,0.06524582,0.035928145,0.04464327,0.017391304,0,0
76420,0,0.06034614,0.035928145,0.043192014,0.017391304,0,0
76421,0,0.048237603,0.02248394,0.029828621,0.009259258,0,0
76422,0,0.04924258,0.02248394,0.034436483,0.009259258,0,0
76423,0,0.044813927,0.02248394,0.031606194,0.009259258,0,0
76424,0,0.028176531,0.004761905,0.029286746,0.009259258,0,0
76425,0,0.056532428,0.03448276,0.035093263,0.009259258,0,0
76426,0,0.05860039,0.035928145,0.047466617,0.017391304,0,0
76427,0,0.05558939,0.027237354,0.026443731,0.009259258,0,0
76428,0,0.044784404,0.02248394,0.022355612,0.0013605442,0,0
76429,0,0.03729849,0.02248394,0.024326699,0.009259258,0,0
76430,0,0.030826345,0.02248394,0.015716864,0.0013605442,0,0
76431,0,0.032180227,0.02248394,0.014912787,0.0013605442,0,0
76432,0,0.023769625,0.0017482517,0.010352083,0.0013605442,0,0
76433,0,0.014492938,0.0017482517,0.010011396,0.0013605442,0,0
76434,0,0.01673662,0.0017482517,0.014456695,0.0013605442,0,0
76435,0,0.018097544,0.0017482517,0.015084115,0.0013605442,0,0
76436,0,0.012784385,0.0017482517,0.009329428,0.0013605442,0,0
76437,0,0.023132449,0.0017482517,0.0142944185,0.0013605442,0,0
76438,0,0.02806067,0.004761905,0.012673598,0.0013605442,0,0
76439,0,0.027023146,0.004761905,0.01141178,0.0013605442,0,0
76440,0,0.032560922,0.02248394,0.015772166,0.0013605442,0,0
76441,0,0.029772138,0.02248394,0.013034266,0.0013605442,0,0
76442,0,0.03676299,0.02248394,0.01507517,0.0013605442,0,0
76443,0,0.0355733,0.02248394,0.015936358,0.0013605442,0,0
76444,0,0.033590883,0.02248394,0.013195636,0.0013605442,0,0
76445,0,0.036337316,0.02248394,0.016106123,0.0013605442,0,0
76446,0,0.030231798,0.02248394,0.01394498,0.0013605442,0,0
76447,0,0.022006331,0.0017482517,0.011599455,0.0013605442,0,0
76448,0,0.02135394,0.0017482517,0.010095379,0.0013605442,0,0
76449,0,0.0221115,0.0017482517,0.013096885,0.0013605442,0,0
76450,0,0.0124997785,0.0017482517,0.00830582,0.0,0,0
76451,0,0.011153165,0.0017482517,0.009418861,0.0013605442,0,0
76452,0,0.018718654,0.0017482517,0.00896524,0.0013605442,0,0
76453,0,0.015457992,0.0017482517,0.00825444,0.0,0,0
76454,0,0.014480166,0.0017482517,0.0077537647,0.0,0,0
76455,0,0.0215036,0.0017482517,0.009921035,0.0013605442,0,0
76456,0,0.018073194,0.0017482517,0.010086339,0.0013605442,0,0
76457,0,0.022728356,0.0017482517,0.008594298,0.0,0,0
76458,0,0.026861226,0.004761905,0.010160197,0.0013605442,0,0
76459,0,0.022231532,0.0017482517,0.0109518785,0.0013605442,0,0
76460,0,0.02564024,0.004761905,0.013776733,0.0013605442,0,0
76461,0,0.028953288,0.02248394,0.0138353575,0.0013605442,0,0
76462,0,0.02177335,0.0017482517,0.016340865,0.0013605442,0,0
76463,0,0.027531536,0.004761905,0.014694193,0.0013605442,0,0
76464,0,0.030355638,0.02248394,0.010851841,0.0013605442,0,0
76465,0,0.017138988,0.0017482517,0.0082006715,0.0,0,0
76466,0,0.013073265,0.0017482517,0.00701603,0.0,0,0
76467,0,0.017153984,0.0017482517,0.012717881,0.0013605442,0,0
76468,0,0.0215484,0.0017482517,0.010150638,0.0013605442,0,0
76469,0,0.023302801,0.0017482517,0.009957146,0.0013605442,0,0
76470,0,0.026179902,0.004761905,0.010458649,0.0013605442,0,0
76471,0,0.030555628,0.02248394,0.018070048,0.0013605442,0,0
76472,0,0.032844227,0.02248394,0.008704564,0.0,0,0
76473,0,0.022150697,0.0017482517,0.009856258,0.0013605442,0,0
76474,0,0.018518103,0.0017482517,0.007853923,0.0,0,0
76475,0,0.02047237,0.0017482517,0.008779507,0.0,0,0
76476,0,0.017402316,0.0017482517,0.0061634164,0.0,0,0
76477,0,0.014400638,0.0017482517,0.01004761,0.0013605442,0,0
76478,0,0.021874975,0.0017482517,0.010093793,0.0013605442,0,0
76479,0,0.024949325,0.004761905,0.01706735,0.0013605442,0,0
76480,0,0.026645442,0.004761905,0.010062258,0.0013605442,0,0
76481,0,0.035951596,0.02248394,0.010578641,0.0013605442,0,0
76482,0,0.016813615,0.0017482517,0.009888601,0.0013605442,0,0
76483,0,0.016444357,0.0017482517,0.010296588,0.0013605442,0,0
76484,0,0.0123115545,0.0017482517,0.007889513,0.0,0,0
76485,0,0.014055861,0.0017482517,0.015046734,0.0013605442,0,0
76486,0,0.01760877,0.0017482517,0.011185401,0.0013605442,0,0
76487,0,0.018506477,0.0017482517,0.009517607,0.0013605442,0,0
76488,0,0.023502102,0.0017482517,0.0069479593,0.0,0,0
76489,0,0.01894547,0.0017482517,0.014486395,0.0013605442,0,0
76490,0,0.013364613,0.0017482517,0.00751622,0.0,0,0
76491,0,0.01117742,0.0017482517,0.005026098,0.0,0,0
76492,0,0.0145045,0.0017482517,0.006697643,0.0,0,0
76493,0,0.013173655,0.0017482517,0.0042845733,0.0,0,0
76494,0,0.0097230105,0.0017482517,0.007020503,0.0,0,0
76495,0,0.009438179,0.0017482517,0.005351039,0.0,0,0
76496,0,0.0084349075,0.0017482517,0.008432093,0.0,0,0
76497,0,0.011054917,0.0017482517,0.0061931196,0.0,0,0
76498,0,0.009008689,0.0017482517,0.010001807,0.0013605442,0,0
76499,0,0.015349061,0.0017482517,0.007866395,0.0,0,0
76500,0,0.011141896,0.0017482517,0.011907569,0.0013605442,0,0
76501,0,0.014389794,0.0017482517,0.00781577,0.0,0,0
76502,0,0.006888437,0.0017482517,0.008697905,0.0,0,0
76503,0,0.0068793683,0.0017482517,0.0037856465,0.0,0,0
76504,0,0.0054286476,0.0017482517,0.00436939,0.0,0,0
76505,0,0.0128270695,0.0017482517,0.014641975,0.0013605442,0,0
76506,0,0.016150288,0.0017482517,0.0078758905,0.0,0,0
76507,0,0.013630365,0.0017482517,0.009851493,0.0013605442,0,0
76508,0,0.014034868,0.0017482517,0.004712307,0.0,0,0
76509,0,0.0089003565,0.0017482517,0.0048056804,0.0,0,0
76510,0,0.008796117,0.0017482517,0.0040141693,0.0,0,0
76511,0,0.006324956,0.0017482517,0.00465433,0.0,0,0
76512,0,0.004781093,0.0017482517,0.0035033622,0.0,0,0
76513,0,0.0066502476,0.0017482517,0.0036232502,0.0,0,0
76514,0,0.0071329386,0.0017482517,0.0038742092,0.0,0,0
76515,0,0.006373954,0.0017482517,0.0040385798,0.0,0,0
76516,0,0.006110592,0.0017482517,0.0032104298,0.0,0,0
76517,0,0.009103205,0.0017482517,0.014830073,0.0013605442,0,0
76518,0,0.00820088,0.0017482517,0.0086694015,0.0,0,0
76519,0,0.014443073,0.0017482517,0.01238694,0.0013605442,0,0
76520,0,0.0080167595,0.0017482517,0.0050524734,0.0,0,0
76521,0,0.009462645,0.0017482517,0.007228081,0.0,0,0
76522,0,0.0076512704,0.0017482517,0.006423259,0.0,0,0
76523,0,0.007441329,0.0017482517,0.004725312,0.0,0,0
76524,0,0.006190282,0.0017482517,0.0057778517,0.0,0,0
76525,0,0.007242426,0.0017482517,0.004732922,0.0,0,0
76526,0,0.0069776983,0.0017482517,0.006771393,0.0,0,0
76527,0,0.008445511,0.0017482517,0.008392306,0.0,0,0
76528,0,0.0072391937,0.0017482517,0.0073994235,0.0,0,0
76529,0,0.0075696115,0.0017482517,0.0054378486,0.0,0,0
76530,0,0.008251192,0.0017482517,0.009421802,0.0013605442,0,0
76531,0,0.009896961,0.0017482517,0.0070493883,0.0,0,0
76532,0,0.010434746,0.0017482517,0.0056324466,0.0,0,0
76533,0,0.008718506,0.0017482517,0.0047155595,0.0,0,0
76534,0,0.0076847346,0.0017482517,0.005356806,0.0,0,0
76535,0,0.009870941,0.0017482517,0.0058021857,0.0,0,0
76536,0,0.012026446,0.0017482517,0.0048440257,0.0,0,0
76537,0,0.011613958,0.0017482517,0.005975785,0.0,0,0
76538,0,0.007951934,0.0017482517,0.005293736,0.0,0,0
76539,0,0.007681735,0.0017482517,0.0059338077,0.0,0,0
76540,0,0.005095898,0.0017482517,0.00406279,0.0,0,0
76541,0,0.0087479595,0.0017482517,0.0116426805,0.0013605442,0,0
76542,0,0.008327072,0.0017482517,0.0057826997,0.0,0,0
76543,0,0.007195845,0.0017482517,0.0059293685,0.0,0,0
76544,0,0.005729184,0.0017482517,0.0041351737,0.0,0,0
76545,0,0.006576506,0.0017482517,0.0043582646,0.0,0,0
76546,0,0.007617853,0.0017482517,0.0072360993,0.0,0,0
76547,0,0.005785765,0.0017482517,0.0044570398,0.0,0,0
76548,0,0.0050272285,0.0017482517,0.0034064678,0.0,0,0
76549,0,0.0050272285,0.0017482517,0.0033576728,0.0,0,0
76550,0,0.0073787686,0.0017482517,0.006895741,0.0,0,0
76551,0,0.0089557385,0.0017482517,0.0067066546,0.0,0,0
76552,0,0.007904513,0.0017482517,0.006402835,0.0,0,0
76553,0,0.008231441,0.0017482517,0.0066409055,0.0,0,0
76554,0,0.0066374675,0.0017482517,0.005824475,0.0,0,0
76555,0,0.007933343,0.0017482517,0.009017437,0.0013605442,0,0
76556,0,0.011746571,0.0017482517,0.0075795655,0.0,0,0
76557,0,0.015424147,0.0017482517,0.012709376,0.0013605442,0,0
76558,0,0.017400399,0.0017482517,0.009512462,0.0013605442,0,0
76559,0,0.010761583,0.0017482517,0.008807703,0.0,0,0
76560,0,0.012642872,0.0017482517,0.008685801,0.0,0,0
76561,0,0.009679385,0.0017482517,0.011569099,0.0013605442,0,0
76562,0,0.010048663,0.0017482517,0.008349368,0.0,0,0
76563,0,0.008539905,0.0017482517,0.008050362,0.0,0,0
76564,0,0.007191704,0.0017482517,0.0063214987,0.0,0,0
76565,0,0.007878305,0.0017482517,0.007301828,0.0,0,0
76566,0,0.0074812006,0.0017482517,0.009552999,0.0013605442,0,0
76567,0,0.008595423,0.0017482517,0.008062629,0.0,0,0
76568,0,0.008633813,0.0017482517,0.008087634,0.0,0,0
76569,0,0.0083381,0.0017482517,0.0073941615,0.0,0,0
76570,0,0.007922617,0.0017482517,0.0054701096,0.0,0,0
76571,0,0.0073943436,0.0017482517,0.0066425693,0.0,0,0
76572,0,0.009124564,0.0017482517,0.0061673783,0.0,0,0
76573,0,0.0075149722,0.0017482517,0.006349193,0.0,0,0
76574,0,0.0068601514,0.0017482517,0.0072139497,0.0,0,0
76575,0,0.005151345,0.0017482517,0.00468854,0.0,0,0
76576,0,0.0060402863,0.0017482517,0.005691587,0.0,0,0
76577,0,0.0056049125,0.0017482517,0.004868986,0.0,0,0
76578,0,0.005927413,0.0017482517,0.004731817,0.0,0,0
76579,0,0.0058303373,0.0017482517,0.004605275,0.0,0,0
76580,0,0.0046039396,0.0017482517,0.0035440659,0.0,0,0
76581,0,0.006360448,0.0017482517,0.0057551283,0.0,0,0
76582,0,0.0055586267,0.0017482517,0.004500302,0.0,0,0
76583,0,0.0050163683,0.0017482517,0.0041169715,0.0,0,0
76584,0,0.0051303715,0.0017482517,0.0034755326,0.0,0,0
76585,0,0.009053835,0.0017482517,0.010841871,0.0013605442,0,0
76586,0,0.01079466,0.0017482517,0.0065245265,0.0,0,0
76587,0,0.00802383,0.0017482517,0.005965096,0.0,0,0
76588,0,0.009142438,0.0017482517,0.0065126596,0.0,0,0
76589,0,0.007069068,0.0017482517,0.005277185,0.0,0,0
76590,0,0.004956134,0.0017482517,0.0030022857,0.0,0,0
76591,0,0.0050818953,0.0017482517,0.0032436426,0.0,0,0
76592,0,0.004899539,0.0017482517,0.0031454319,0.0,0,0
76593,0,0.009151479,0.0017482517,0.0110441055,0.0013605442,0,0
76594,0,0.014707041,0.0017482517,0.011350997,0.0013605442,0,0
76595,0,0.01660595,0.0017482517,0.012303023,0.0013605442,0,0
76596,0,0.010983985,0.0017482517,0.011065912,0.0013605442,0,0
76597,0,0.009845491,0.0017482517,0.009261033,0.0013605442,0,0
76598,0,0.0077260206,0.0017482517,0.010077696,0.0013605442,0,0
76599,0,0.004466883,0.0,0.0035242958,0.0,0,0
76600,0,0.0052244035,0.0017482517,0.0044568367,0.0,0,0
76601,0,0.0039752177,0.0,0.0031052318,0.0,0,0
76602,0,0.003955879,0.0,0.0031882839,0.0,0,0
76603,0,0.003637058,0.0,0.0031995422,0.0,0,0
76604,0,0.003637058,0.0,0.0031995422,0.0,0,0
76605,0,0.0041691097,0.0,0.0037472218,0.0,0,0
76606,0,0.0047901315,0.0017482517,0.0036415241,0.0,0,0
76607,0,0.0042288415,0.0,0.002876806,0.0,0,0
76608,0,0.003718169,0.0,0.0017503892,0.0,0,0
76609,0,0.002223094,0.0,0.0015047252,0.0,0,0
76610,0,0.0024027422,0.0,0.00172311,0.0,0,0
76611,0,0.0048779864,0.0017482517,0.0034185783,0.0,0,0
76612,0,0.004947871,0.0017482517,0.0037122052,0.0,0,0
76613,0,0.009102671,0.0017482517,0.00968936,0.0013605442,0,0
76614,0,0.011473972,0.0017482517,0.00782428,0.0,0,0
76615,0,0.008045398,0.0017482517,0.006897022,0.0,0,0
76616,0,0.01318625,0.0017482517,0.008530846,0.0,0,0
76617,0,0.0077412357,0.0017482517,0.00787081,0.0,0,0
76618,0,0.0060504633,0.0017482517,0.007594544,0.0,0,0
76619,0,0.0057599624,0.0017482517,0.0077843177,0.0,0,0
76620,0,0.004303199,0.0,0.0035906758,0.0,0,0
76621,0,0.0037976368,0.0,0.00394294,0.0,0,0
76622,0,0.0036839796,0.0,0.00394294,0.0,0,0
76623,0,0.005053178,0.0017482517,0.0071272803,0.0,0,0
76624,0,0.009950755,0.0017482517,0.0077326773,0.0,0,0
76625,0,0.010503334,0.0017482517,0.008012252,0.0,0,0
76626,0,0.00870975,0.0017482517,0.009023357,0.0013605442,0,0
76627,0,0.007566041,0.0017482517,0.006354231,0.0,0,0
76628,0,0.007609235,0.0017482517,0.008049863,0.0,0,0
76629,0,0.0073845084,0.0017482517,0.008359446,0.0,0,0
76630,0,0.008609966,0.0017482517,0.011257541,0.0013605442,0,0
76631,0,0.008395465,0.0017482517,0.011940856,0.0013605442,0,0
76632,0,0.0074878987,0.0017482517,0.01170409,0.0013605442,0,0
76633,0,0.00481649,0.0017482517,0.0050943173,0.0,0,0
76634,0,0.0056258165,0.0017482517,0.0090359105,0.0013605442,0,0
76635,0,0.0064729126,0.0017482517,0.007598592,0.0,0,0
76636,0,0.008559018,0.0017482517,0.008676998,0.0,0,0
76637,0,0.006911663,0.0017482517,0.006946038,0.0,0,0
76638,0,0.0070508104,0.0017482517,0.007495284,0.0,0,0
76639,0,0.007924056,0.0017482517,0.01011178,0.0013605442,0,0
76640,0,0.007129626,0.0017482517,0.008583659,0.0,0,0
76641,0,0.010358288,0.0017482517,0.011642757,0.0013605442,0,0
76642,0,0.0071730195,0.0017482517,0.007422985,0.0,0,0
76643,0,0.01143295,0.0017482517,0.01160261,0.0013605442,0,0
76644,0,0.014420408,0.0017482517,0.010160076,0.0013605442,0,0
76645,0,0.008517969,0.0017482517,0.011010003,0.0013605442,0,0
76646,0,0.0070586796,0.0017482517,0.010258532,0.0013605442,0,0
76647,0,0.006914213,0.0017482517,0.009453157,0.0013605442,0,0
76648,0,0.01146042,0.0017482517,0.017832112,0.0013605442,0,0
76649,0,0.017036779,0.0017482517,0.016719796,0.0013605442,0,0
76650,0,0.013299724,0.0017482517,0.012435626,0.0013605442,0,0
76651,0,0.012987924,0.0017482517,0.012224767,0.0013605442,0,0
76652,0,0.011569775,0.0017482517,0.011293903,0.0013605442,0,0
76653,0,0.006355152,0.0017482517,0.0043740124,0.0,0,0
76654,0,0.0057916767,0.0017482517,0.003923347,0.0,0,0
76655,0,0.008083718,0.0017482517,0.006622914,0.0,0,0
76656,0,0.008301932,0.0017482517,0.0070010303,0.0,0,0
76657,0,0.0075925714,0.0017482517,0.005391613,0.0,0,0
76658,0,0.01645086,0.0017482517,0.013335307,0.0013605442,0,0
76659,0,0.023512645,0.0017482517,0.02139623,0.0013605442,0,0
76660,0,0.019228956,0.0017482517,0.014299546,0.0013605442,0,0
76661,0,0.019323906,0.0017482517,0.015637659,0.0013605442,0,0
76662,0,0.024165932,0.0017482517,0.019203255,0.0013605442,0,0
76663,0,0.006162447,0.0017482517,0.0038760058,0.0,0,0
76664,0,0.00528968,0.0017482517,0.0036828786,0.0,0,0
76665,0,0.004039447,0.0,0.0036457358,0.0,0,0
76666,0,0.012600471,0.0017482517,0.016491191,0.0013605442,0,0
76667,0,0.015280524,0.0017482517,0.014786595,0.0013605442,0,0
76668,0,0.013073226,0.0017482517,0.013602308,0.0013605442,0,0
76669,0,0.014564563,0.0017482517,0.013910383,0.0013605442,0,0
76670,0,0.013969916,0.0017482517,0.015143679,0.0013605442,0,0
76671,0,0.018503016,0.0017482517,0.017120443,0.0013605442,0,0
76672,0,0.012884199,0.0017482517,0.01117646,0.0013605442,0,0
76673,0,0.014439388,0.0017482517,0.015409034,0.0013605442,0,0
76674,0,0.011935997,0.0017482517,0.014900307,0.0013605442,0,0
76675,0,0.006146187,0.0017482517,0.0052929274,0.0,0,0
76676,0,0.006541877,0.0017482517,0.005821113,0.0,0,0
76677,0,0.006541877,0.0017482517,0.005821113,0.0,0,0
76678,0,0.006541877,0.0017482517,0.005821113,0.0,0,0
76679,0,0.006693704,0.0017482517,0.005821113,0.0,0,0
76680,0,0.0054112175,0.0017482517,0.004058555,0.0,0,0
76681,0,0.0041758223,0.0,0.003694132,0.0,0,0
76682,0,0.0042120144,0.0,0.00360386,0.0,0,0
76683,0,0.0043338267,0.0,0.0036372638,0.0,0,0
76684,0,0.004159373,0.0,0.0032021455,0.0,0,0
76685,0,0.0025893766,0.0,0.0024714086,0.0,0,0
76686,0,0.0025893766,0.0,0.0024714086,0.0,0,0
76687,0,0.0026816358,0.0,0.0026183785,0.0,0,0
76688,0,0.002604566,0.0,0.0023907789,0.0,0,0
76689,0,0.002604566,0.0,0.0023907789,0.0,0,0
76690,0,0.0025320228,0.0,0.002341099,0.0,0,0
76691,0,0.0027079363,0.0,0.0023907789,0.0,0,0
76692,0,0.0027079363,0.0,0.0023907789,0.0,0,0
76693,0,0.0027283733,0.0,0.002446008,0.0,0,0
76694,0,0.002726314,0.0,0.0025476762,0.0,0,0
76695,0,0.002509535,0.0,0.0019890477,0.0,0,0
76696,0,0.002509535,0.0,0.0019890477,0.0,0,0
76697,0,0.002439632,0.0,0.0019420433,0.0,0,0
76698,0,0.002509535,0.0,0.0019890477,0.0,0,0
76699,0,0.0025265696,0.0,0.0020531984,0.0,0,0
76700,0,0.0026193822,0.0,0.0019890477,0.0,0,0
76701,0,0.0030813066,0.0,0.0021374535,0.0,0,0
76702,0,0.0031020348,0.0,0.0019902429,0.0,0,0
76703,0,0.0021292395,0.0,0.0012705209,0.0,0,0
76704,0,0.0021292395,0.0,0.0012705209,0.0,0,0
76705,0,0.0020699077,0.0,0.0012819885,0.0,0,0
76706,0,0.0023991787,0.0,0.0013640281,0.0,0,0
76707,0,0.001816976,0.0,0.0014441196,0.0,0,0
76708,0,0.0012866841,0.0,0.0009964377,0.0,0,0
76709,0,0.0012866841,0.0,0.0009964377,0.0,0,0
76710,0,0.0015804704,0.0,0.0011048196,0.0,0,0
76711,0,0.0012508008,0.0,0.0011062977,0.0,0,0
76712,0,0.0011500107,0.0,0.0009248745,0.0,0,0
76713,0,0.0011500107,0.0,0.0009248745,0.0,0,0
76714,0,0.001103651,0.0,0.0009248745,0.0,0,0
76715,0,0.001103651,0.0,0.0009248745,0.0,0,0
76716,0,0.0011139956,0.0,0.0010346585,0.0,0,0
76717,0,0.001103939,0.0,0.0009269018,0.0,0,0
76718,0,0.0008932277,0.0,0.0007109335,0.0,0,0
76719,0,0.00071814435,0.0,0.00065069244,0.0,0,0
76720,0,0.00071814435,0.0,0.00065069244,0.0,0,0
76721,0,0.00071814435,0.0,0.00065069244,0.0,0,0
76722,0,0.00071814435,0.0,0.00065069244,0.0,0,0
76723,0,0.0035002104,0.0,0.0030417833,0.0,0,0
76724,0,0.006318588,0.0017482517,0.004749165,0.0,0,0
76725,0,0.008874589,0.0017482517,0.009231831,0.0013605442,0,0
76726,0,0.0152763715,0.0017482517,0.010251151,0.0013605442,0,0
76727,0,0.0065113944,0.0017482517,0.0037787973,0.0,0,0
76728,0,0.005905759,0.0017482517,0.0038900934,0.0,0,0
76729,0,0.0049569174,0.0017482517,0.004023411,0.0,0,0
76730,0,0.0018671536,0.0,0.0012103826,0.0,0,0
76731,0,0.0018671536,0.0,0.0012103826,0.0,0,0
76732,0,0.0018671536,0.0,0.0012103826,0.0,0,0
76733,0,0.0024626895,0.0,0.0013223271,0.0,0,0
76734,0,0.0018228664,0.0,0.0012103826,0.0,0,0
76735,0,0.001996689,0.0,0.001380126,0.0,0,0
76736,0,0.0045158057,0.0017482517,0.0037165142,0.0,0,0
76737,0,0.006607679,0.0017482517,0.005009196,0.0,0,0
76738,0,0.007382705,0.0017482517,0.005050424,0.0,0,0
76739,0,0.0052999887,0.0017482517,0.0031987666,0.0,0,0
76740,0,0.0033549292,0.0,0.0024616309,0.0,0,0
76741,0,0.0063891322,0.0017482517,0.004642152,0.0,0,0
76742,0,0.00818568,0.0017482517,0.0059171636,0.0,0,0
76743,0,0.006174233,0.0017482517,0.0038945023,0.0,0,0
76744,0,0.0074894656,0.0017482517,0.0048892624,0.0,0,0
76745,0,0.0058224043,0.0017482517,0.004353442,0.0,0,0
76746,0,0.0041661235,0.0,0.002080244,0.0,0,0
76747,0,0.0028232639,0.0,0.0016044008,0.0,0,0
76748,0,0.0028232639,0.0,0.0016044008,0.0,0,0
76749,0,0.0028232639,0.0,0.0016044008,0.0,0,0
76750,0,0.0024039666,0.0,0.0013406001,0.0,0,0
76751,0,0.0020169858,0.0,0.001149034,0.0,0,0
76752,0,0.0016010047,0.0,0.0008804821,0.0,0,0
76753,0,0.0016137479,0.0,0.0008804821,0.0,0,0
76754,0,0.0016137479,0.0,0.0008804821,0.0,0,0
76755,0,0.0047267987,0.0017482517,0.0031923996,0.0,0,0
76756,0,0.0050503593,0.0017482517,0.0034415415,0.0,0,0
76757,0,0.0033146793,0.0,0.0022087179,0.0,0,0
76758,0,0.0034083608,0.0,0.0024705187,0.0,0,0
76759,0,0.00302426,0.0,0.0021444538,0.0,0,0
76760,0,0.006165216,0.0017482517,0.004265868,0.0,0,0
76761,0,0.014472201,0.0017482517,0.010232262,0.0013605442,0,0
76762,0,0.019711096,0.0017482517,0.009922018,0.0013605442,0,0
76763,0,0.013024535,0.0017482517,0.006723231,0.0,0,0
76764,0,0.011061217,0.0017482517,0.0054577864,0.0,0,0
76765,0,0.00832565,0.0017482517,0.00506196,0.0,0,0
76766,0,0.0039946926,0.0,0.0019809175,0.0,0,0
76767,0,0.003943906,0.0,0.0019987843,0.0,0,0
76768,0,0.0038781958,0.0,0.0019809175,0.0,0,0
76769,0,0.0033491452,0.0,0.0016614825,0.0,0,0
76770,0,0.0039715418,0.0,0.002219754,0.0,0,0
76771,0,0.003582571,0.0,0.0018535939,0.0,0,0
76772,0,0.003582571,0.0,0.0018535939,0.0,0,0
76773,0,0.003643291,0.0,0.0019477218,0.0,0,0
76774,0,0.0031247209,0.0,0.0015741161,0.0,0,0
76775,0,0.0023395002,0.0,0.0010936497,0.0,0,0
76776,0,0.0014938171,0.0,0.0008125045,0.0,0,0
76777,0,0.0014938171,0.0,0.0008125045,0.0,0,0
76778,0,0.0014938171,0.0,0.0008125045,0.0,0,0
76779,0,0.0058881203,0.0017482517,0.004330994,0.0,0,0
76780,0,0.007262204,0.0017482517,0.0052547473,0.0,0,0
76781,0,0.005569185,0.0017482517,0.004380993,0.0,0,0
76782,0,0.005520873,0.0017482517,0.0047471253,0.0,0,0
76783,0,0.0046862843,0.0017482517,0.0033003981,0.0,0,0
76784,0,0.0026642506,0.0,0.001349737,0.0,0,0
76785,0,0.0017796101,0.0,0.0009239783,0.0,0,0
76786,0,0.0017796101,0.0,0.0009239783,0.0,0,0
76787,0,0.0017796101,0.0,0.0009239783,0.0,0,0
76788,0,0.0017796101,0.0,0.0009239783,0.0,0,0
76789,0,0.001879155,0.0,0.00091070624,0.0,0,0
76790,0,0.0017796101,0.0,0.0009025567,0.0,0,0
76791,0,0.0017796101,0.0,0.0009025567,0.0,0,0
76792,0,0.00958812,0.0017482517,0.008068122,0.0,0,0
76793,0,0.013606314,0.0017482517,0.009653385,0.0013605442,0,0
76794,0,0.008065275,0.0017482517,0.0055111498,0.0,0,0
76795,0,0.007995487,0.0017482517,0.0058320537,0.0,0,0
76796,0,0.0062595243,0.0017482517,0.004216871,0.0,0,0
76797,0,0.0020840692,0.0,0.0009138167,0.0,0,0
76798,0,0.0020840692,0.0,0.0009138167,0.0,0,0
76799,0,0.007156338,0.0017482517,0.005042387,0.0,0,0
76800,0,0.010632669,0.0017482517,0.009710976,0.0013605442,0,0
76801,0,0.007855963,0.0017482517,0.004170694,0.0,0,0
76802,0,0.007855963,0.0017482517,0.004170694,0.0,0,0
76803,0,0.009392706,0.0017482517,0.007999516,0.0,0,0
76804,0,0.010990331,0.0017482517,0.008972627,0.0013605442,0,0
76805,0,0.008992484,0.0017482517,0.007832776,0.0,0,0
76806,0,0.0076579964,0.0017482517,0.0051987185,0.0,0,0
76807,0,0.0066442587,0.0017482517,0.0057967748,0.0,0,0
76808,0,0.009719412,0.0017482517,0.007941006,0.0,0,0
76809,0,0.011597815,0.0017482517,0.009807242,0.0013605442,0,0
76810,0,0.009423889,0.0017482517,0.007346936,0.0,0,0
76811,0,0.009514829,0.0017482517,0.0075398083,0.0,0,0
76812,0,0.0075286375,0.0017482517,0.0069002886,0.0,0,0
76813,0,0.0035243863,0.0,0.0021641261,0.0,0,0
76814,0,0.0040985704,0.0,0.0028298923,0.0,0,0
76815,0,0.009692911,0.0017482517,0.009278045,0.0013605442,0,0
76816,0,0.016356384,0.0017482517,0.012788358,0.0013605442,0,0
76817,0,0.009272612,0.0017482517,0.0070471824,0.0,0,0
76818,0,0.010440997,0.0017482517,0.009008063,0.0013605442,0,0
76819,0,0.01634742,0.0017482517,0.029460538,0.009259258,0,0
76820,0,0.015138931,0.0017482517,0.016764876,0.0013605442,0,0
76821,0,0.009596958,0.0017482517,0.011529383,0.0013605442,0,0
76822,0,0.008018405,0.0017482517,0.009028471,0.0013605442,0,0
76823,0,0.011055501,0.0017482517,0.008750606,0.0,0,0
76824,0,0.0046984837,0.0017482517,0.0027958876,0.0,0,0
76825,0,0.004620259,0.0017482517,0.0027299658,0.0,0,0
76826,0,0.004620259,0.0017482517,0.0027299658,0.0,0,0
76827,0,0.004620259,0.0017482517,0.0027299658,0.0,0,0
76828,0,0.004620259,0.0017482517,0.0027299658,0.0,0,0
76829,0,0.004039338,0.0,0.0022214993,0.0,0,0
76830,0,0.0042597395,0.0,0.0027002606,0.0,0,0
76831,0,0.0042597395,0.0,0.0027002606,0.0,0,0
76832,0,0.009057207,0.0017482517,0.00889883,0.0013605442,0,0
76833,0,0.010527129,0.0017482517,0.012463186,0.0013605442,0,0
76834,0,0.013718912,0.0017482517,0.013312146,0.0013605442,0,0
76835,0,0.011477038,0.0017482517,0.0116132945,0.0013605442,0,0
76836,0,0.010567816,0.0017482517,0.011098129,0.0013605442,0,0
76837,0,0.008420949,0.0017482517,0.008703552,0.0,0,0
76838,0,0.008372809,0.0017482517,0.00974239,0.0013605442,0,0
76839,0,0.0071511054,0.0017482517,0.006504125,0.0,0,0
76840,0,0.005470398,0.0017482517,0.003989765,0.0,0,0
76841,0,0.005470398,0.0017482517,0.003989765,0.0,0,0
76842,0,0.005470398,0.0017482517,0.003989765,0.0,0,0
76843,0,0.005470398,0.0017482517,0.003989765,0.0,0,0
76844,0,0.005470398,0.0017482517,0.003989765,0.0,0,0
76845,0,0.007086295,0.0017482517,0.008330211,0.0,0,0
76846,0,0.0069472254,0.0017482517,0.006352906,0.0,0,0
76847,0,0.0064951554,0.0017482517,0.005052773,0.0,0,0
76848,0,0.009141514,0.0017482517,0.008240329,0.0,0,0
76849,0,0.008160123,0.0017482517,0.0125297895,0.0013605442,0,0
76850,0,0.01156893,0.0017482517,0.018556252,0.0013605442,0,0
76851,0,0.013792251,0.0017482517,0.012297954,0.0013605442,0,0
76852,0,0.011061895,0.0017482517,0.010365754,0.0013605442,0,0
76853,0,0.008819175,0.0017482517,0.007595087,0.0,0,0
76854,0,0.011023854,0.0017482517,0.006652743,0.0,0,0
76855,0,0.021442173,0.0017482517,0.013316612,0.0013605442,0,0
76856,0,0.026010143,0.004761905,0.01439762,0.0013605442,0,0
76857,0,0.01581814,0.0017482517,0.009246483,0.0013605442,0,0
76858,0,0.048107024,0.02248394,0.02163479,0.0013605442,0,0
76859,0,0.036619227,0.02248394,0.021069733,0.0013605442,0,0
76860,0,0.02342621,0.0017482517,0.009823528,0.0013605442,0,0
76861,0,0.014361801,0.0017482517,0.0065444214,0.0,0,0
76862,0,0.024408273,0.004761905,0.013550754,0.0013605442,0,0
76863,0,0.017212374,0.0017482517,0.009200246,0.0013605442,0,0
76864,0,0.011003224,0.0017482517,0.0055414727,0.0,0,0
76865,0,0.023032483,0.0017482517,0.015008185,0.0013605442,0,0
76866,0,0.023325901,0.0017482517,0.014377821,0.0013605442,0,0
76867,0,0.031643413,0.02248394,0.013395931,0.0013605442,0,0
76868,0,0.01902289,0.0017482517,0.010251939,0.0013605442,0,0
76869,0,0.013672072,0.0017482517,0.010974623,0.0013605442,0,0
76870,0,0.014417431,0.0017482517,0.008342391,0.0,0,0
76871,0,0.0043680607,0.0,0.0031069696,0.0,0,0
76872,0,0.006410108,0.0017482517,0.005530998,0.0,0,0
76873,0,0.003964587,0.0,0.0031122216,0.0,0,0
76874,0,0.0054167714,0.0017482517,0.005280855,0.0,0,0
76875,0,0.012609949,0.0017482517,0.016368663,0.0013605442,0,0
76876,0,0.015687222,0.0017482517,0.00915269,0.0013605442,0,0
76877,0,0.019204233,0.0017482517,0.008536417,0.0,0,0
76878,0,0.013158916,0.0017482517,0.011497956,0.0013605442,0,0
76879,0,0.020783752,0.0017482517,0.015340025,0.0013605442,0,0
76880,0,0.013918606,0.0017482517,0.006450394,0.0,0,0
76881,0,0.01307916,0.0017482517,0.006562962,0.0,0,0
76882,0,0.013312734,0.0017482517,0.0060503837,0.0,0,0
76883,0,0.013578898,0.0017482517,0.009008126,0.0013605442,0,0
76884,0,0.016579978,0.0017482517,0.019781265,0.0013605442,0,0
76885,0,0.020507272,0.0017482517,0.02166951,0.0013605442,0,0
76886,0,0.018821375,0.0017482517,0.017908722,0.0013605442,0,0
76887,0,0.024869315,0.004761905,0.031501424,0.009259258,0,0
76888,0,0.024427379,0.004761905,0.04331426,0.017391304,0,0
76889,0,0.031964984,0.02248394,0.034317587,0.009259258,0,0
76890,0,0.023005953,0.0017482517,0.02308565,0.0013605442,0,0
76891,0,0.06081577,0.035928145,0.041014563,0.009259258,0,0
76892,0,0.03747342,0.02248394,0.020656414,0.0013605442,0,0
76893,0,0.04390892,0.02248394,0.024402438,0.009259258,0,0
76894,0,0.0245657,0.004761905,0.022885634,0.0013605442,0,0
76895,0,0.04054706,0.02248394,0.02624047,0.009259258,0,0
76896,0,0.024791865,0.004761905,0.025456974,0.009259258,0,0
76897,0,0.043156862,0.02248394,0.030229827,0.009259258,0,0
76898,0,0.12573618,0.057771664,0.07030562,0.025263159,0,0
76899,0,0.06885039,0.035928145,0.035824865,0.009259258,0,0
76900,0,0.062460136,0.035928145,0.04443246,0.017391304,0,0
76901,0,0.039277397,0.02248394,0.021843068,0.0013605442,0,0
76902,0,0.05099814,0.02248394,0.031010386,0.009259258,0,0
76903,0,0.041285,0.02248394,0.02497665,0.009259258,0,0
76904,0,0.032317825,0.02248394,0.033853494,0.009259258,0,0
76905,0,0.027384564,0.004761905,0.018792924,0.0013605442,0,0
76906,0,0.031145435,0.02248394,0.015502076,0.0013605442,0,0
76907,0,0.03991612,0.02248394,0.02012008,0.0013605442,0,0
76908,0,0.040544353,0.02248394,0.025545912,0.009259258,0,0
76909,0,0.026129263,0.004761905,0.01844238,0.0013605442,0,0
76910,0,0.027633788,0.004761905,0.011883995,0.0013605442,0,0
76911,0,0.02377164,0.0017482517,0.009561002,0.0013605442,0,0
76912,0,0.02146043,0.0017482517,0.019090652,0.0013605442,0,0
76913,0,0.052875552,0.027237354,0.040914517,0.009259258,0,0
76914,0,0.012230026,0.0017482517,0.011188577,0.0013605442,0,0
76915,0,0.0130727105,0.0017482517,0.012196511,0.0013605442,0,0
76916,0,0.027690772,0.004761905,0.01581491,0.0013605442,0,0
76917,0,0.022627918,0.0017482517,0.020027868,0.0013605442,0,0
76918,0,0.018176243,0.0017482517,0.010459794,0.0013605442,0,0
76919,0,0.011185834,0.0017482517,0.0097380355,0.0013605442,0,0
76920,0,0.014691645,0.0017482517,0.014195596,0.0013605442,0,0
76921,0,0.01761188,0.0017482517,0.01129672,0.0013605442,0,0
76922,0,0.012880688,0.0017482517,0.0075056567,0.0,0,0
76923,0,0.013281479,0.0017482517,0.009037473,0.0013605442,0,0
76924,0,0.015775245,0.0017482517,0.010879516,0.0013605442,0,0
76925,0,0.022353113,0.0017482517,0.018727945,0.0013605442,0,0
76926,0,0.01955972,0.0017482517,0.012746688,0.0013605442,0,0
76927,0,0.035525758,0.02248394,0.018692685,0.0013605442,0,0
76928,0,0.023086186,0.0017482517,0.012133857,0.0013605442,0,0
76929,0,0.0236718,0.0017482517,0.008616457,0.0,0,0
76930,0,0.019984022,0.0017482517,0.014320868,0.0013605442,0,0
76931,0,0.018590704,0.0017482517,0.011222237,0.0013605442,0,0
76932,0,0.029947057,0.02248394,0.018531062,0.0013605442,0,0
76933,0,0.016656555,0.0017482517,0.009195771,0.0013605442,0,0
76934,0,0.024764528,0.004761905,0.016450483,0.0013605442,0,0
76935,0,0.027406348,0.004761905,0.023138275,0.0013605442,0,0
76936,0,0.026146127,0.004761905,0.017940903,0.0013605442,0,0
76937,0,0.019170022,0.0017482517,0.011676027,0.0013605442,0,0
76938,0,0.040490367,0.02248394,0.030142443,0.009259258,0,0
76939,0,0.06697604,0.035928145,0.033615768,0.009259258,0,0
76940,0,0.04564592,0.02248394,0.031028958,0.009259258,0,0
76941,0,0.06652519,0.035928145,0.041214537,0.009259258,0,0
76942,0,0.11588852,0.057771664,0.052449528,0.017391304,0,0
76943,0,0.1037516,0.057771664,0.055886194,0.025263159,0,0
76944,0,0.081033826,0.035928145,0.07201038,0.025263159,0,0
76945,0,0.07116157,0.035928145,0.060038183,0.025263159,0,0
76946,0,0.057436317,0.035928145,0.044754423,0.017391304,0,0
76947,0,0.07479235,0.035928145,0.07529366,0.04532967,0,0
76948,0,0.14248054,0.06153846,0.12803961,0.078028746,0,0
76949,0,0.12251728,0.057771664,0.070864946,0.025263159,0,0
76950,0,0.13304248,0.06153846,0.09133612,0.04532967,0,0
76951,0,0.120065615,0.057771664,0.095726,0.04532967,0,0
76952,0,0.07700297,0.035928145,0.046417184,0.017391304,0,0
76953,0,0.099373,0.057771664,0.08154193,0.04532967,0,0
76954,0,0.088643186,0.035928145,0.041840415,0.017391304,0,0
76955,0,0.09394343,0.057771664,0.05093101,0.017391304,0,0
76956,0,0.12773935,0.057771664,0.100679286,0.04532967,0,0
76957,0,0.12165446,0.057771664,0.074232385,0.04532967,0,0
76958,0,0.11171957,0.057771664,0.06250811,0.025263159,0,0
76959,0,0.07598184,0.035928145,0.057295315,0.025263159,0,0
76960,0,0.11083454,0.057771664,0.086278304,0.04532967,0,0
76961,0,0.07302698,0.035928145,0.044434927,0.017391304,0,0
76962,0,0.052766442,0.027237354,0.022715148,0.0013605442,0,0
76963,0,0.059180982,0.035928145,0.029420353,0.009259258,0,0
76964,0,0.07421897,0.035928145,0.028864028,0.009259258,0,0
76965,0,0.067371435,0.035928145,0.031810105,0.009259258,0,0
76966,0,0.09208896,0.057771664,0.042623337,0.017391304,0,0
76967,0,0.08678311,0.035928145,0.027896978,0.009259258,0,0
76968,0,0.0608303,0.035928145,0.031270456,0.009259258,0,0
76969,0,0.07363655,0.035928145,0.029459387,0.009259258,0,0
76970,0,0.07330863,0.035928145,0.039530028,0.009259258,0,0
76971,0,0.036934584,0.02248394,0.02213148,0.0013605442,0,0
76972,0,0.02347671,0.0017482517,0.0098774815,0.0013605442,0,0
76973,0,0.02438043,0.004761905,0.01631843,0.0013605442,0,0
76974,0,0.029667348,0.02248394,0.012555007,0.0013605442,0,0
76975,0,0.023748579,0.0017482517,0.013221484,0.0013605442,0,0
76976,0,0.064225234,0.035928145,0.032730263,0.009259258,0,0
76977,0,0.06665291,0.035928145,0.028836517,0.009259258,0,0
76978,0,0.04474676,0.02248394,0.020029243,0.0013605442,0,0
76979,0,0.0595815,0.035928145,0.03384929,0.009259258,0,0
76980,1,0.10734986,0.057771664,0.04358734,0.017391304,0,0
76981,0,0.14225847,0.06153846,0.026194597,0.009259258,0,0
76982,0,0.040242895,0.02248394,0.019435644,0.0013605442,0,0
76983,0,0.057083603,0.035928145,0.028906899,0.009259258,0,0
76984,0,0.05276246,0.027237354,0.02670973,0.009259258,0,0
76985,0,0.08250415,0.035928145,0.03275929,0.009259258,0,0
76986,0,0.18402871,0.17142858,0.09100336,0.04532967,0,0
76987,0,0.109049544,0.057771664,0.056781203,0.025263159,0,0
76988,0,0.09244111,0.057771664,0.038139336,0.009259258,0,0
76989,0,0.14476335,0.06153846,0.08682866,0.04532967,0,0
76990,0,0.09884999,0.057771664,0.07958284,0.04532967,0,0
76991,0,0.055567734,0.027237354,0.043285802,0.017391304,0,0
76992,0,0.10139446,0.057771664,0.066198595,0.025263159,0,0
76993,0,0.0936663,0.057771664,0.058572408,0.025263159,0,0
76994,0,0.07861024,0.035928145,0.06514291,0.025263159,0,0
76995,0,0.15109551,0.125,0.06587738,0.025263159,0,0
76996,0,0.07175345,0.035928145,0.055991493,0.025263159,0,0
76997,0,0.101464935,0.057771664,0.062765375,0.025263159,0,0
76998,0,0.13443166,0.06153846,0.08034614,0.04532967,0,0
76999,0,0.08323251,0.035928145,0.06815335,0.025263159,0,0
77000,0,0.10767006,0.057771664,0.05460938,0.025263159,0,0
77001,0,0.084434666,0.035928145,0.0417202,0.017391304,0,0
77002,0,0.09994188,0.057771664,0.0801623,0.04532967,0,0
77003,0,0.06627225,0.035928145,0.059063498,0.025263159,0,0
77004,0,0.10702944,0.057771664,0.052765705,0.024079932,0,0
77005,0,0.08029142,0.035928145,0.04507078,0.017391304,0,0
77006,0,0.07400168,0.035928145,0.047174,0.017391304,0,0
77007,0,0.046791483,0.02248394,0.037011698,0.009259258,0,0
77008,0,0.035296142,0.02248394,0.04381681,0.017391304,0,0
77009,0,0.045784876,0.02248394,0.03328213,0.009259258,0,0
77010,0,0.0395684,0.02248394,0.049546182,0.017391304,0,0
77011,0,0.039990187,0.02248394,0.02611042,0.009259258,0,0
77012,0,0.057183575,0.035928145,0.0386057,0.009259258,0,0
77013,0,0.028943913,0.02248394,0.03450031,0.009259258,0,0
77014,0,0.05340973,0.027237354,0.025759451,0.009259258,0,0
77015,0,0.042316917,0.02248394,0.03418615,0.009259258,0,0
77016,0,0.0396829,0.02248394,0.032635305,0.009259258,0,0
77017,0,0.050151713,0.02248394,0.043803938,0.017391304,0,0
77018,0,0.05042675,0.02248394,0.040138867,0.009259258,0,0
77019,0,0.060692523,0.035928145,0.03058165,0.009259258,0,0
77020,0,0.055142965,0.027237354,0.029307544,0.009259258,0,0
77021,0,0.040685564,0.02248394,0.04357157,0.017391304,0,0
77022,0,0.05164628,0.027237354,0.04976656,0.017391304,0,0
77023,0,0.030912755,0.02248394,0.028301207,0.009259258,0,0
77024,0,0.040383175,0.02248394,0.047427725,0.017391304,0,0
77025,0,0.038148332,0.02248394,0.035124786,0.009259258,0,0
77026,0,0.03640351,0.02248394,0.032637555,0.009259258,0,0
77027,0,0.042796843,0.02248394,0.022816475,0.0013605442,0,0
77028,0,0.04366968,0.02248394,0.02469526,0.009259258,0,0
77029,0,0.04765304,0.02248394,0.021416295,0.0013605442,0,0
77030,0,0.037997626,0.02248394,0.02486167,0.009259258,0,0
77031,0,0.028968496,0.02248394,0.021435376,0.0013605442,0,0
77032,0,0.030137124,0.02248394,0.020824771,0.0013605442,0,0
77033,0,0.022809826,0.0017482517,0.017149,0.0013605442,0,0
77034,0,0.023077704,0.0017482517,0.015426769,0.0013605442,0,0
77035,0,0.032088947,0.02248394,0.031395115,0.009259258,0,0
77036,0,0.024334678,0.004761905,0.015294507,0.0013605442,0,0
77037,0,0.017322816,0.0017482517,0.018620176,0.0013605442,0,0
77038,0,0.021924995,0.0017482517,0.016228652,0.0013605442,0,0
77039,0,0.023904512,0.0017482517,0.021393387,0.0013605442,0,0
77040,0,0.020247338,0.0017482517,0.012745537,0.0013605442,0,0
77041,0,0.041673418,0.02248394,0.016521744,0.0013605442,0,0
77042,0,0.026278082,0.004761905,0.015049462,0.0013605442,0,0
77043,0,0.03425206,0.02248394,0.022732794,0.0013605442,0,0
77044,0,0.086729124,0.035928145,0.039715696,0.009259258,0,0
77045,0,0.13079745,0.057771664,0.051640827,0.017391304,0,0
77046,0,0.14988223,0.125,0.085936084,0.04532967,0,0
77047,0,0.0882924,0.035928145,0.03771564,0.009259258,0,0
77048,0,0.14712808,0.0952381,0.08446976,0.04532967,0,0
77049,0,0.08021387,0.035928145,0.041608565,0.017391304,0,0
77050,0,0.08978504,0.05263158,0.02648287,0.009259258,0,0
77051,0,0.04545423,0.02248394,0.019516949,0.0013605442,0,0
77052,0,0.03181317,0.02248394,0.016939169,0.0013605442,0,0
77053,0,0.04157847,0.02248394,0.018759802,0.0013605442,0,0
77054,0,0.028850632,0.02081311,0.014817372,0.0013605442,0,0
77055,0,0.029292319,0.02248394,0.017324626,0.0013605442,0,0
77056,0,0.030024951,0.02248394,0.021894686,0.0013605442,0,0
77057,0,0.024196979,0.0017482517,0.0212555,0.0013605442,0,0
77058,0,0.03208667,0.02248394,0.023981843,0.009259258,0,0
77059,0,0.024045901,0.0017482517,0.023680264,0.009259258,0,0
77060,0,0.025619693,0.004761905,0.017103,0.0013605442,0,0
77061,0,0.033540845,0.02248394,0.02114924,0.0013605442,0,0
77062,0,0.035265137,0.02248394,0.019841807,0.0013605442,0,0
77063,0,0.046766136,0.02248394,0.021202503,0.0013605442,0,0
77064,0,0.040289722,0.02248394,0.020928929,0.0013605442,0,0
77065,0,0.03407502,0.02248394,0.021419859,0.0013605442,0,0
77066,0,0.03849387,0.02248394,0.02883873,0.009259258,0,0
77067,0,0.033894528,0.02248394,0.023521882,0.0013605442,0,0
77068,0,0.036059786,0.02248394,0.023585597,0.0013605442,0,0
77069,0,0.03426542,0.02248394,0.024643878,0.009259258,0,0
77070,0,0.035568155,0.02248394,0.028783025,0.009259258,0,0
77071,0,0.040198643,0.02248394,0.028180927,0.009259258,0,0
77072,0,0.036301475,0.02248394,0.023105936,0.0013605442,0,0
77073,0,0.026426088,0.004761905,0.022418527,0.0013605442,0,0
77074,0,0.03048916,0.02248394,0.021266982,0.0013605442,0,0
77075,0,0.01798926,0.0017482517,0.01581949,0.0013605442,0,0
77076,0,0.031138217,0.02248394,0.011792376,0.0013605442,0,0
77077,0,0.020189159,0.0017482517,0.01292183,0.0013605442,0,0
77078,0,0.022665773,0.0017482517,0.019970112,0.0013605442,0,0
77079,0,0.018790727,0.0017482517,0.012250267,0.0013605442,0,0
77080,0,0.02235651,0.0017482517,0.01686165,0.0013605442,0,0
77081,0,0.021480933,0.0017482517,0.011378384,0.0013605442,0,0
77082,0,0.01811695,0.0017482517,0.020712944,0.0013605442,0,0
77083,0,0.022296822,0.0017482517,0.012387838,0.0013605442,0,0
77084,0,0.0403399,0.02248394,0.020194082,0.0013605442,0,0
77085,0,0.044699457,0.02248394,0.015875058,0.0013605442,0,0
77086,0,0.035917327,0.02248394,0.01723348,0.0013605442,0,0
77087,0,0.035974383,0.02248394,0.018742101,0.0013605442,0,0
77088,0,0.05447316,0.027237354,0.03184496,0.009259258,0,0
77089,0,0.045118444,0.02248394,0.024556998,0.009259258,0,0
77090,0,0.050569944,0.02248394,0.022997133,0.0013605442,0,0
77091,0,0.07138221,0.035928145,0.032475974,0.009259258,0,0
77092,0,0.0992396,0.057771664,0.05207478,0.017391304,0,0
77093,0,0.056778878,0.03448276,0.028002324,0.009259258,0,0
77094,0,0.084333934,0.035928145,0.05003639,0.017391304,0,0
77095,0,0.05794748,0.035928145,0.07107683,0.025263159,0,0
77096,0,0.060447626,0.035928145,0.046756648,0.017391304,0,0
77097,0,0.08673645,0.035928145,0.08146229,0.04532967,0,0
77098,0,0.08306556,0.035928145,0.0326234,0.009259258,0,0
77099,0,0.055342603,0.027237354,0.022408068,0.0013605442,0,0
77100,0,0.064398095,0.035928145,0.026938833,0.009259258,0,0
77101,0,0.08810921,0.035928145,0.034551848,0.009259258,0,0
77102,0,0.06810458,0.035928145,0.029267523,0.009259258,0,0
77103,0,0.033578306,0.02248394,0.01392438,0.0013605442,0,0
77104,0,0.03690705,0.02248394,0.022260344,0.0013605442,0,0
77105,0,0.04145113,0.02248394,0.016363867,0.0013605442,0,0
77106,0,0.04572906,0.02248394,0.013926764,0.0013605442,0,0
77107,0,0.0767438,0.035928145,0.020845624,0.0013605442,0,0
77108,0,0.061083287,0.035928145,0.018497579,0.0013605442,0,0
77109,0,0.045381326,0.02248394,0.012229438,0.0013605442,0,0
77110,0,0.044225365,0.02248394,0.015635192,0.0013605442,0,0
77111,0,0.03341409,0.02248394,0.011112943,0.0013605442,0,0
77112,0,0.049655374,0.02248394,0.017819189,0.0013605442,0,0
77113,0,0.051277522,0.027237354,0.017769925,0.0013605442,0,0
77114,0,0.05558002,0.027237354,0.021796614,0.0013605442,0,0
77115,0,0.04443035,0.02248394,0.022097852,0.0013605442,0,0
77116,0,0.070001885,0.035928145,0.040605016,0.009259258,0,0
77117,0,0.089891635,0.05263158,0.032038838,0.009259258,0,0
77118,0,0.06723675,0.035928145,0.027371168,0.009259258,0,0
77119,0,0.091201365,0.057771664,0.038453136,0.009259258,0,0
77120,0,0.08673581,0.035928145,0.061386187,0.025263159,0,0
77121,0,0.07558489,0.035928145,0.040804133,0.009259258,0,0
77122,0,0.064478084,0.035928145,0.032330204,0.009259258,0,0
77123,0,0.08467524,0.035928145,0.04017147,0.009259258,0,0
77124,0,0.07209232,0.035928145,0.046622504,0.017391304,0,0
77125,0,0.08920173,0.05263158,0.040533505,0.009259258,0,0
77126,0,0.046405997,0.02248394,0.03039424,0.009259258,0,0
77127,0,0.04745298,0.02248394,0.022186676,0.0013605442,0,0
77128,0,0.0959695,0.057771664,0.030929482,0.009259258,0,0
77129,0,0.08035123,0.035928145,0.04216032,0.017391304,0,0
77130,0,0.08480227,0.035928145,0.036200758,0.009259258,0,0
77131,0,0.043769605,0.02248394,0.025475753,0.009259258,0,0
77132,0,0.068364106,0.035928145,0.047151465,0.017391304,0,0
77133,0,0.07704945,0.035928145,0.04532867,0.017391304,0,0
77134,0,0.12466437,0.057771664,0.055952337,0.025263159,0,0
77135,0,0.122862324,0.057771664,0.044185106,0.017391304,0,0
77136,0,0.085141234,0.035928145,0.038216602,0.009259258,0,0
77137,0,0.20886849,0.17333333,0.06052599,0.025263159,0,0
77138,0,0.19125004,0.17333333,0.06849855,0.025263159,0,0
77139,0,0.17045754,0.1554054,0.06794225,0.025263159,0,0
77140,0,0.12818967,0.057771664,0.090580195,0.04532967,0,0
77141,0,0.12193411,0.057771664,0.06385112,0.025263159,0,0
77142,0,0.12287483,0.057771664,0.0712021,0.025263159,0,0
77143,1,0.105122045,0.057771664,0.07169442,0.025263159,0,0
77144,1,0.21159518,0.17333333,0.047978256,0.017391304,0,0
77145,1,0.27819926,0.37096775,0.08172383,0.04532967,0,0
77146,0,0.28788197,0.37096775,0.10007102,0.04532967,0,0
77147,0,0.16874307,0.1554054,0.10605084,0.05050505,0,0
77148,0,0.12435977,0.057771664,0.07232248,0.025263159,0,0
77149,1,0.16463485,0.1554054,0.08899211,0.04532967,0,0
77150,0,0.17355931,0.1554054,0.08988457,0.04532967,0,0
77151,1,0.16432732,0.1554054,0.06043213,0.025263159,0,0
77152,0,0.38765967,0.62068963,0.06842311,0.025263159,0,0
77153,0,0.15835203,0.1554054,0.04491958,0.017391304,0,0
77154,0,0.10444675,0.057771664,0.049585678,0.017391304,0,0
77155,0,0.09938519,0.057771664,0.03948479,0.009259258,0,0
77156,0,0.116558835,0.057771664,0.048128415,0.017391304,0,0
77157,1,0.07470588,0.035928145,0.04693945,0.017391304,0,0
77158,0,0.22584763,0.22222222,0.054461837,0.025263159,0,0
77159,0,0.20521319,0.17333333,0.09757159,0.04532967,0,0
77160,0,0.17480624,0.1554054,0.083014384,0.04532967,0,0
77161,0,0.101839304,0.057771664,0.053114895,0.025263159,0,0
77162,1,0.115385465,0.057771664,0.053470332,0.025263159,0,0
77163,1,0.34373218,0.37096775,0.109164655,0.06716418,0,0
77164,0,0.5960575,0.64285713,0.15017578,0.092920355,0,0
77165,0,0.22001605,0.22222222,0.044286117,0.017391304,0,0
77166,1,0.13490865,0.06153846,0.04150856,0.017391304,0,0
77167,1,0.35528192,0.62068963,0.035903722,0.009259258,0,0
77168,1,0.6626431,0.9230769,0.0677035,0.025263159,0,0
77169,0,0.45337132,0.62068963,0.10254983,0.04532967,0,0
77170,1,0.3417855,0.37096775,0.06943995,0.025263159,0,0
77171,0,0.5065969,0.64285713,0.07405509,0.04532967,0,0
77172,1,0.37149775,0.62068963,0.061022386,0.025263159,0,0
77173,0,0.35435808,0.62068963,0.032346416,0.009259258,0,0
77174,0,0.19446632,0.17333333,0.05187469,0.017391304,0,0
77175,0,0.17516635,0.1554054,0.058648575,0.025263159,0,0
77176,0,0.092676714,0.057771664,0.031179106,0.009259258,0,0
77177,0,0.10333769,0.057771664,0.025050139,0.009259258,0,0
77178,0,0.120568186,0.057771664,0.029791102,0.009259258,0,0
77179,0,0.12290845,0.057771664,0.029712975,0.009259258,0,0
77180,0,0.12737763,0.057771664,0.026130896,0.009259258,0,0
77181,0,0.13624224,0.06153846,0.037439287,0.009259258,0,0
77182,0,0.09887859,0.057771664,0.032672856,0.009259258,0,0
77183,1,0.08453633,0.035928145,0.02737075,0.009259258,0,0
77184,0,0.17602298,0.1554054,0.05033919,0.017391304,0,0
77185,0,0.12727685,0.057771664,0.021399261,0.0013605442,0,0
77186,0,0.08443387,0.035928145,0.018834757,0.0013605442,0,0
77187,0,0.081071794,0.035928145,0.018993476,0.0013605442,0,0
77188,0,0.074637346,0.035928145,0.023220442,0.0013605442,0,0
77189,0,0.039202675,0.02248394,0.020736208,0.0013605442,0,0
77190,0,0.055499792,0.027237354,0.019438703,0.0013605442,0,0
77191,0,0.059993308,0.035928145,0.022286253,0.0013605442,0,0
77192,0,0.047573168,0.02248394,0.029991526,0.009259258,0,0
77193,0,0.049593497,0.02248394,0.039992042,0.009259258,0,0
77194,0,0.098078944,0.057771664,0.045457456,0.017391304,0,0
77195,0,0.1048128,0.057771664,0.049141493,0.017391304,0,0
77196,0,0.07663351,0.035928145,0.03274297,0.009259258,0,0
77197,0,0.07799847,0.035928145,0.028993221,0.009259258,0,0
77198,0,0.11703249,0.057771664,0.07925811,0.04532967,0,0
77199,0,0.114759594,0.057771664,0.05895715,0.025263159,0,0
77200,0,0.09690139,0.057771664,0.05278054,0.025263159,0,0
77201,0,0.11653312,0.057771664,0.06598562,0.025263159,0,0
77202,0,0.10964604,0.057771664,0.09035902,0.04532967,0,0
77203,0,0.11073477,0.057771664,0.07673453,0.04532967,0,0
77204,0,0.100199394,0.057771664,0.07848082,0.04532967,0,0
77205,0,0.111236066,0.057771664,0.08452042,0.04532967,0,0
77206,0,0.13005759,0.057771664,0.06666914,0.025263159,0,0
77207,0,0.07415494,0.035928145,0.039809044,0.009259258,0,0
77208,0,0.075183034,0.035928145,0.03343861,0.009259258,0,0
77209,0,0.093496986,0.057771664,0.038142692,0.009259258,0,0
77210,0,0.058934648,0.035928145,0.023597388,0.0013605442,0,0
77211,0,0.061874863,0.035928145,0.027582921,0.009259258,0,0
77212,0,0.06777068,0.035928145,0.027213491,0.009259258,0,0
77213,0,0.05834415,0.035928145,0.041589696,0.017391304,0,0
77214,0,0.05720657,0.035928145,0.03873521,0.009259258,0,0
77215,0,0.04999416,0.02248394,0.03822466,0.009259258,0,0
77216,0,0.056649394,0.03448276,0.031938687,0.009259258,0,0
77217,0,0.031019313,0.02248394,0.02495995,0.009259258,0,0
77218,0,0.08562168,0.035928145,0.04003648,0.009259258,0,0
77219,0,0.07283366,0.035928145,0.04374979,0.017391304,0,0
77220,0,0.054832503,0.027237354,0.04841202,0.017391304,0,0
77221,0,0.046677236,0.02248394,0.044597954,0.017391304,0,0
77222,0,0.05142448,0.027237354,0.02768993,0.009259258,0,0
77223,0,0.037767556,0.02248394,0.024771882,0.009259258,0,0
77224,0,0.03400393,0.02248394,0.042464774,0.017391304,0,0
77225,0,0.040511556,0.02248394,0.024371302,0.009259258,0,0
77226,0,0.052678812,0.027237354,0.038213275,0.009259258,0,0
77227,0,0.07852123,0.035928145,0.040899944,0.009259258,0,0
77228,0,0.09776004,0.057771664,0.047926284,0.017391304,0,0
77229,0,0.07363655,0.035928145,0.0676275,0.025263159,0,0
77230,0,0.09228026,0.057771664,0.088406295,0.04532967,0,0
77231,0,0.12645063,0.057771664,0.07565797,0.04532967,0,0
77232,0,0.07202364,0.035928145,0.05526363,0.025263159,0,0
77233,0,0.08633719,0.035928145,0.04295024,0.017391304,0,0
77234,0,0.097636305,0.057771664,0.05200843,0.017391304,0,0
77235,0,0.07799694,0.035928145,0.053895496,0.025263159,0,0
77236,0,0.06411284,0.035928145,0.05589173,0.025263159,0,0
77237,0,0.09650882,0.057771664,0.08759497,0.04532967,0,0
77238,0,0.08233969,0.035928145,0.048317943,0.017391304,0,0
77239,0,0.06502989,0.035928145,0.061816603,0.025263159,0,0
77240,0,0.09521684,0.057771664,0.06342077,0.025263159,0,0
77241,0,0.07668674,0.035928145,0.06474283,0.025263159,0,0
77242,0,0.074525364,0.035928145,0.052574284,0.017391304,0,0
77243,0,0.07112483,0.035928145,0.055913735,0.025263159,0,0
77244,0,0.12691382,0.057771664,0.07298995,0.025263159,0,0
77245,0,0.13464604,0.06153846,0.06265412,0.025263159,0,0
77246,0,0.102573164,0.057771664,0.06845179,0.025263159,0,0
77247,0,0.097216055,0.057771664,0.074449755,0.04532967,0,0
77248,0,0.111371085,0.057771664,0.040775064,0.009259258,0,0
77249,0,0.090460695,0.05263158,0.04898877,0.017391304,0,0
77250,0,0.1365219,0.06153846,0.06491075,0.025263159,0,0
77251,0,0.097978115,0.057771664,0.039460707,0.009259258,0,0
77252,0,0.114192516,0.057771664,0.047667302,0.017391304,0,0
77253,0,0.13362968,0.06153846,0.060666036,0.025263159,0,0
77254,0,0.09712664,0.057771664,0.07756926,0.04532967,0,0
77255,0,0.091469325,0.057771664,0.059285782,0.025263159,0,0
77256,0,0.097475335,0.057771664,0.060802955,0.025263159,0,0
77257,0,0.086976886,0.035928145,0.040126387,0.009259258,0,0
77258,0,0.09591962,0.057771664,0.069758154,0.025263159,0,0
77259,0,0.09362263,0.057771664,0.06268419,0.025263159,0,0
77260,0,0.083990335,0.035928145,0.046174362,0.017391304,0,0
77261,0,0.08205922,0.035928145,0.035812236,0.009259258,0,0
77262,0,0.073103346,0.035928145,0.045318313,0.017391304,0,0
77263,0,0.053114437,0.027237354,0.03401285,0.009259258,0,0
77264,0,0.07283008,0.035928145,0.044605225,0.017391304,0,0
77265,0,0.07592396,0.035928145,0.046007473,0.017391304,0,0
77266,0,0.050627958,0.02248394,0.041348547,0.009259258,0,0
77267,0,0.052396964,0.027237354,0.040116515,0.009259258,0,0
77268,0,0.09057939,0.05263158,0.051684212,0.017391304,0,0
77269,0,0.04851012,0.02248394,0.036157936,0.009259258,0,0
77270,0,0.07034902,0.035928145,0.05274931,0.021685734,0,0
77271,0,0.05999962,0.035928145,0.028804554,0.009259258,0,0
77272,0,0.051756993,0.027237354,0.03365995,0.009259258,0,0
77273,0,0.04023764,0.02248394,0.022745484,0.0013605442,0,0
77274,0,0.04119224,0.02248394,0.025302166,0.009259258,0,0
77275,0,0.04066961,0.02248394,0.03270743,0.009259258,0,0
77276,0,0.060062353,0.035928145,0.040150516,0.009259258,0,0
77277,0,0.08181568,0.035928145,0.05567161,0.025263159,0,0
77278,0,0.055262547,0.027237354,0.03211829,0.009259258,0,0
77279,0,0.058228336,0.035928145,0.030001814,0.009259258,0,0
77280,0,0.08597832,0.035928145,0.044667542,0.017391304,0,0
77281,0,0.07405545,0.035928145,0.040540006,0.009259258,0,0
77282,0,0.0720412,0.035928145,0.052924097,0.025263159,0,0
77283,0,0.062380802,0.035928145,0.049021773,0.017391304,0,0
77284,0,0.06993311,0.035928145,0.046971917,0.017391304,0,0
77285,0,0.04978969,0.02248394,0.033078022,0.009259258,0,0
77286,0,0.057783112,0.035928145,0.03164706,0.009259258,0,0
77287,0,0.12308683,0.057771664,0.031426124,0.009259258,0,0
77288,0,0.087138504,0.035928145,0.046431635,0.017391304,0,0
77289,0,0.051469274,0.027237354,0.049682733,0.017391304,0,0
77290,0,0.054810822,0.027237354,0.04884359,0.017391304,0,0
77291,0,0.08583888,0.035928145,0.04733804,0.017391304,0,0
77292,0,0.07586883,0.035928145,0.04846604,0.017391304,0,0
77293,0,0.08814513,0.035928145,0.044925794,0.017391304,0,0
77294,0,0.053964354,0.027237354,0.039647497,0.009259258,0,0
77295,0,0.068728134,0.035928145,0.04821415,0.017391304,0,0
77296,0,0.038619127,0.02248394,0.02784301,0.009259258,0,0
77297,0,0.07119431,0.035928145,0.04052496,0.009259258,0,0
77298,0,0.07767814,0.035928145,0.046485595,0.017391304,0,0
77299,0,0.06006677,0.035928145,0.042723913,0.017391304,0,0
77300,0,0.055186816,0.027237354,0.029871108,0.009259258,0,0
77301,0,0.115101434,0.057771664,0.04301631,0.017391304,0,0
77302,0,0.085259266,0.035928145,0.05917484,0.025263159,0,0
77303,0,0.116454154,0.057771664,0.06886272,0.025263159,0,0
77304,0,0.07642966,0.035928145,0.048772648,0.017391304,0,0
77305,0,0.08794819,0.035928145,0.03446831,0.009259258,0,0
77306,0,0.082154416,0.035928145,0.05354469,0.025263159,0,0
77307,0,0.07745588,0.035928145,0.0319699,0.009259258,0,0
77308,0,0.060637742,0.035928145,0.037878767,0.009259258,0,0
77309,0,0.07785748,0.035928145,0.050226074,0.017391304,0,0
77310,0,0.12051794,0.057771664,0.064619064,0.025263159,0,0
77311,0,0.12531401,0.057771664,0.123035446,0.078028746,0,0
77312,0,0.11190932,0.057771664,0.07843052,0.04532967,0,0
77313,0,0.08853471,0.035928145,0.0682908,0.025263159,0,0
77314,0,0.13989276,0.06153846,0.07140944,0.025263159,0,0
77315,0,0.13833956,0.06153846,0.08354875,0.04532967,0,0
77316,0,0.09105844,0.057771664,0.074619465,0.04532967,0,0
77317,0,0.10817115,0.057771664,0.0658716,0.025263159,0,0
77318,0,0.10609053,0.057771664,0.062615246,0.025263159,0,0
77319,0,0.0699308,0.035928145,0.04362169,0.017391304,0,0
77320,0,0.083807856,0.035928145,0.052734576,0.019534167,0,0
77321,0,0.06534958,0.035928145,0.069225065,0.025263159,0,0
77322,0,0.09227721,0.057771664,0.05561379,0.025263159,0,0
77323,0,0.06141593,0.035928145,0.056721106,0.025263159,0,0
77324,0,0.06278336,0.035928145,0.060056534,0.025263159,0,0
77325,0,0.06610622,0.035928145,0.053560868,0.025263159,0,0
77326,0,0.08317445,0.035928145,0.07773779,0.04532967,0,0
77327,0,0.03332759,0.02248394,0.030153101,0.009259258,0,0
77328,0,0.049030457,0.02248394,0.043276858,0.017391304,0,0
77329,0,0.052232735,0.027237354,0.034308035,0.009259258,0,0
77330,0,0.045765497,0.02248394,0.03537472,0.009259258,0,0
77331,0,0.046426706,0.02248394,0.02766161,0.009259258,0,0
77332,0,0.034068305,0.02248394,0.023114624,0.0013605442,0,0
77333,0,0.02530296,0.004761905,0.019510228,0.0013605442,0,0
77334,0,0.025833875,0.004761905,0.022275465,0.0013605442,0,0
77335,0,0.015004659,0.0017482517,0.01788502,0.0013605442,0,0
77336,0,0.02059445,0.0017482517,0.018644638,0.0013605442,0,0
77337,0,0.019323573,0.0017482517,0.019675711,0.0013605442,0,0
77338,0,0.0253118,0.004761905,0.029634885,0.009259258,0,0
77339,0,0.029468246,0.02248394,0.031431038,0.009259258,0,0
77340,0,0.022620816,0.0017482517,0.032481983,0.009259258,0,0
77341,0,0.06035012,0.035928145,0.040796854,0.009259258,0,0
77342,0,0.068858415,0.035928145,0.06607079,0.025263159,0,0
77343,0,0.06564261,0.035928145,0.041758966,0.017391304,0,0
77344,0,0.07582994,0.035928145,0.039209366,0.009259258,0,0
77345,0,0.095790416,0.057771664,0.07697954,0.04532967,0,0
77346,0,0.10953137,0.057771664,0.11552228,0.078028746,0,0
77347,0,0.101169616,0.057771664,0.13355047,0.078028746,0,0
77348,0,0.09238431,0.057771664,0.10156074,0.04532967,0,0
77349,0,0.11106605,0.057771664,0.1221754,0.078028746,0,0
77350,0,0.081769556,0.035928145,0.11225835,0.06716418,0,0
77351,0,0.0920539,0.057771664,0.07019221,0.025263159,0,0
77352,0,0.07408043,0.035928145,0.06675977,0.025263159,0,0
77353,0,0.06498232,0.035928145,0.038318995,0.009259258,0,0
77354,0,0.08587069,0.035928145,0.055619713,0.025263159,0,0
77355,0,0.10237484,0.057771664,0.08066295,0.04532967,0,0
77356,1,0.07696243,0.035928145,0.082158946,0.04532967,0,0
77357,1,0.12982531,0.057771664,0.045111913,0.017391304,0,0
77358,0,0.13138631,0.057771664,0.044489164,0.017391304,0,0
77359,0,0.06804213,0.035928145,0.046879046,0.017391304,0,0
77360,0,0.067454875,0.035928145,0.03985003,0.009259258,0,0
77361,0,0.073995516,0.035928145,0.055547416,0.025263159,0,0
77362,0,0.081914425,0.035928145,0.048719693,0.017391304,0,0
77363,0,0.079222135,0.035928145,0.05639836,0.025263159,0,0
77364,0,0.07421243,0.035928145,0.08315271,0.04532967,0,0
77365,0,0.05197325,0.027237354,0.050468974,0.017391304,0,0
77366,0,0.046654537,0.02248394,0.033245552,0.009259258,0,0
77367,0,0.04559779,0.02248394,0.05404654,0.025263159,0,0
77368,0,0.059685424,0.035928145,0.028050084,0.009259258,0,0
77369,0,0.04769283,0.02248394,0.040062357,0.009259258,0,0
77370,0,0.026340876,0.004761905,0.022424536,0.0013605442,0,0
77371,0,0.029141096,0.02248394,0.021319687,0.0013605442,0,0
77372,0,0.044502985,0.02248394,0.025344871,0.009259258,0,0
77373,0,0.06280619,0.035928145,0.056957006,0.025263159,0,0
77374,0,0.057852104,0.035928145,0.04598317,0.017391304,0,0
77375,0,0.081769094,0.035928145,0.04883783,0.017391304,0,0
77376,0,0.089050315,0.035928145,0.06820091,0.025263159,0,0
77377,0,0.14630523,0.0952381,0.07471744,0.04532967,0,0
77378,0,0.08038991,0.035928145,0.051129308,0.017391304,0,0
77379,0,0.05120642,0.027237354,0.040503833,0.009259258,0,0
77380,0,0.08856247,0.035928145,0.048111938,0.017391304,0,0
77381,0,0.06290059,0.035928145,0.030993367,0.009259258,0,0
77382,0,0.052960075,0.027237354,0.06581642,0.025263159,0,0
77383,0,0.049477674,0.02248394,0.093938254,0.04532967,0,0
77384,0,0.04210746,0.02248394,0.04541622,0.017391304,0,0
77385,0,0.04831832,0.02248394,0.047361203,0.017391304,0,0
77386,0,0.051226374,0.027237354,0.057375863,0.025263159,0,0
77387,0,0.07016522,0.035928145,0.04347208,0.017391304,0,0
77388,0,0.048041187,0.02248394,0.030706981,0.009259258,0,0
77389,0,0.058150385,0.035928145,0.039961096,0.009259258,0,0
77390,0,0.06957251,0.035928145,0.04180872,0.017391304,0,0
77391,0,0.034138747,0.02248394,0.025545355,0.009259258,0,0
77392,0,0.052892663,0.027237354,0.039833147,0.009259258,0,0
77393,0,0.0631458,0.035928145,0.03327733,0.009259258,0,0
77394,0,0.03726137,0.02248394,0.024838649,0.009259258,0,0
77395,0,0.04261539,0.02248394,0.031309538,0.009259258,0,0
77396,0,0.042235706,0.02248394,0.047830813,0.017391304,0,0
77397,0,0.041375462,0.02248394,0.051370542,0.017391304,0,0
77398,0,0.039492186,0.02248394,0.049056996,0.017391304,0,0
77399,0,0.04214922,0.02248394,0.0462752,0.017391304,0,0
77400,0,0.03451512,0.02248394,0.03268762,0.009259258,0,0
77401,0,0.04181732,0.02248394,0.033647034,0.009259258,0,0
77402,0,0.042186495,0.02248394,0.03809006,0.009259258,0,0
77403,0,0.047960173,0.02248394,0.031613868,0.009259258,0,0
77404,0,0.028298723,0.004761905,0.021192886,0.0013605442,0,0
77405,0,0.034072317,0.02248394,0.036189064,0.009259258,0,0
77406,0,0.032153137,0.02248394,0.028404485,0.009259258,0,0
77407,0,0.039179962,0.02248394,0.041695695,0.017391304,0,0
77408,0,0.08162037,0.035928145,0.07872365,0.04532967,0,0
77409,0,0.028933294,0.02248394,0.028043143,0.009259258,0,0
77410,0,0.029607512,0.02248394,0.03135142,0.009259258,0,0
77411,0,0.037265833,0.02248394,0.03640432,0.009259258,0,0
77412,0,0.02849523,0.004761905,0.05096466,0.017391304,0,0
77413,0,0.04263309,0.02248394,0.04357397,0.017391304,0,0
77414,0,0.01723117,0.0017482517,0.03689462,0.009259258,0,0
77415,0,0.015735848,0.0017482517,0.036402375,0.009259258,0,0
77416,0,0.043834332,0.02248394,0.0385817,0.009259258,0,0
77417,0,0.025808243,0.004761905,0.037310306,0.009259258,0,0
77418,0,0.038719926,0.02248394,0.03754142,0.009259258,0,0
77419,0,0.032764155,0.02248394,0.034852773,0.009259258,0,0
77420,0,0.040736094,0.02248394,0.035212163,0.009259258,0,0
77421,0,0.06373569,0.035928145,0.04720651,0.017391304,0,0
77422,0,0.064358056,0.035928145,0.05477042,0.025263159,0,0
77423,0,0.030651348,0.02248394,0.028486427,0.009259258,0,0
77424,0,0.032259185,0.02248394,0.027292956,0.009259258,0,0
77425,0,0.025311435,0.004761905,0.022127615,0.0013605442,0,0
77426,0,0.030885072,0.02248394,0.02617135,0.009259258,0,0
77427,0,0.045622837,0.02248394,0.022821307,0.0013605442,0,0
77428,0,0.0673026,0.035928145,0.0364257,0.009259258,0,0
77429,0,0.07784954,0.035928145,0.030541936,0.009259258,0,0
77430,0,0.034904283,0.02248394,0.025508428,0.009259258,0,0
77431,0,0.06612988,0.035928145,0.05283348,0.025263159,0,0
77432,0,0.11662423,0.057771664,0.07492854,0.04532967,0,0
77433,0,0.12383704,0.057771664,0.09271116,0.04532967,0,0
77434,0,0.14579391,0.06153846,0.09008399,0.04532967,0,0
77435,0,0.13254237,0.06153846,0.113593906,0.078028746,0,0
77436,0,0.18763146,0.17333333,0.088513106,0.04532967,0,0
77437,0,0.089642726,0.05263158,0.09060042,0.04532967,0,0
77438,0,0.112834014,0.057771664,0.06627476,0.025263159,0,0
77439,0,0.09135107,0.057771664,0.07915716,0.04532967,0,0
77440,0,0.08988121,0.05263158,0.06730459,0.025263159,0,0
77441,0,0.12006182,0.057771664,0.077873774,0.04532967,0,0
77442,0,0.11229256,0.057771664,0.09876561,0.04532967,0,0
77443,0,0.09187859,0.057771664,0.06889636,0.025263159,0,0
77444,0,0.12864617,0.057771664,0.10444677,0.05050505,0,0
77445,0,0.09026198,0.05263158,0.080896765,0.04532967,0,0
77446,0,0.10668964,0.057771664,0.0896272,0.04532967,0,0
77447,0,0.08508185,0.035928145,0.08008984,0.04532967,0,0
77448,0,0.08419948,0.035928145,0.076269984,0.04532967,0,0
77449,0,0.067993686,0.035928145,0.06559714,0.025263159,0,0
77450,0,0.06570071,0.035928145,0.062174667,0.025263159,0,0
77451,0,0.0712642,0.035928145,0.052596197,0.017391304,0,0
77452,0,0.08785679,0.035928145,0.06474058,0.025263159,0,0
77453,0,0.08464751,0.035928145,0.050194297,0.017391304,0,0
77454,0,0.10977129,0.057771664,0.0676688,0.025263159,0,0
77455,0,0.07292111,0.035928145,0.036169536,0.009259258,0,0
77456,0,0.06480576,0.035928145,0.026938133,0.009259258,0,0
77457,0,0.042847317,0.02248394,0.020412061,0.0013605442,0,0
77458,0,0.034077205,0.02248394,0.022378532,0.0013605442,0,0
77459,0,0.04657069,0.02248394,0.027878564,0.009259258,0,0
77460,0,0.061251532,0.035928145,0.029063558,0.009259258,0,0
77461,0,0.07941426,0.035928145,0.030934168,0.009259258,0,0
77462,0,0.056584973,0.03448276,0.035159566,0.009259258,0,0
77463,0,0.071931124,0.035928145,0.055344213,0.025263159,0,0
77464,0,0.054077048,0.027237354,0.03535097,0.009259258,0,0
77465,0,0.054796234,0.027237354,0.03421435,0.009259258,0,0
77466,0,0.052258022,0.027237354,0.05129078,0.017391304,0,0
77467,0,0.059522513,0.035928145,0.043150432,0.017391304,0,0
77468,0,0.046559304,0.02248394,0.030639704,0.009259258,0,0
77469,0,0.049906563,0.02248394,0.030952644,0.009259258,0,0
77470,0,0.05595211,0.027237354,0.039821085,0.009259258,0,0
77471,0,0.05649335,0.03448276,0.060448516,0.025263159,0,0
77472,0,0.035547063,0.02248394,0.022823391,0.0013605442,0,0
77473,0,0.032829173,0.02248394,0.027122468,0.009259258,0,0
77474,0,0.021184713,0.0017482517,0.019351672,0.0013605442,0,0
77475,0,0.04910463,0.02248394,0.032870166,0.009259258,0,0
77476,0,0.11774791,0.057771664,0.05911852,0.025263159,0,0
77477,0,0.094059475,0.057771664,0.046233118,0.017391304,0,0
77478,0,0.10453001,0.057771664,0.06270854,0.025263159,0,0
77479,0,0.13489065,0.06153846,0.100201294,0.04532967,0,0
77480,0,0.09805954,0.057771664,0.07114605,0.025263159,0,0
77481,0,0.08154186,0.035928145,0.09229314,0.04532967,0,0
77482,0,0.1326495,0.06153846,0.13198581,0.078028746,0,0
77483,0,0.098941505,0.057771664,0.061788816,0.025263159,0,0
77484,0,0.10647703,0.057771664,0.09739493,0.04532967,0,0
77485,0,0.086550795,0.035928145,0.07017821,0.025263159,0,0
77486,0,0.10962,0.057771664,0.059233766,0.025263159,0,0
77487,0,0.09788164,0.057771664,0.0674202,0.025263159,0,0
77488,0,0.13094126,0.057771664,0.106227584,0.05050505,0,0
77489,0,0.09279916,0.057771664,0.05559449,0.025263159,0,0
77490,0,0.07509724,0.035928145,0.05927998,0.025263159,0,0
77491,0,0.06027388,0.035928145,0.03523602,0.009259258,0,0
77492,0,0.065446906,0.035928145,0.042990625,0.017391304,0,0
77493,0,0.04170808,0.02248394,0.030288735,0.009259258,0,0
77494,0,0.04481155,0.02248394,0.034052577,0.009259258,0,0
77495,0,0.057080276,0.035928145,0.056866676,0.025263159,0,0
77496,0,0.03584959,0.02248394,0.040655453,0.009259258,0,0
77497,0,0.066873536,0.035928145,0.051412445,0.017391304,0,0
77498,0,0.06442545,0.035928145,0.045841657,0.017391304,0,0
77499,0,0.048113406,0.02248394,0.031182328,0.009259258,0,0
77500,0,0.029854754,0.02248394,0.035187528,0.009259258,0,0
77501,0,0.027537894,0.004761905,0.028908499,0.009259258,0,0
77502,0,0.021794831,0.0017482517,0.017592855,0.0013605442,0,0
77503,0,0.031149436,0.02248394,0.027626289,0.009259258,0,0
77504,0,0.07516996,0.035928145,0.039831966,0.009259258,0,0
77505,0,0.06832233,0.035928145,0.056182932,0.025263159,0,0
77506,0,0.055573635,0.027237354,0.03341234,0.009259258,0,0
77507,0,0.064018,0.035928145,0.051449385,0.017391304,0,0
77508,0,0.08246783,0.035928145,0.069210164,0.025263159,0,0
77509,0,0.087334156,0.035928145,0.0433917,0.017391304,0,0
77510,0,0.10087524,0.057771664,0.05232493,0.017391304,0,0
77511,0,0.060103644,0.035928145,0.04234579,0.017391304,0,0
77512,0,0.08045739,0.035928145,0.022628091,0.0013605442,0,0
77513,0,0.100446895,0.057771664,0.039822116,0.009259258,0,0
77514,0,0.059058614,0.035928145,0.028695028,0.009259258,0,0
77515,0,0.04673012,0.02248394,0.024253953,0.009259258,0,0
77516,0,0.06983918,0.035928145,0.043330323,0.017391304,0,0
77517,0,0.102696545,0.057771664,0.069179974,0.025263159,0,0
77518,0,0.11748309,0.057771664,0.063150525,0.025263159,0,0
77519,0,0.110654265,0.057771664,0.10838803,0.06716418,0,0
77520,0,0.11589643,0.057771664,0.11478525,0.078028746,0,0
77521,0,0.10120392,0.057771664,0.08635187,0.04532967,0,0
77522,0,0.08041133,0.035928145,0.0508662,0.017391304,0,0
77523,0,0.07615218,0.035928145,0.057513498,0.025263159,0,0
77524,0,0.08226289,0.035928145,0.0675357,0.025263159,0,0
77525,0,0.08922878,0.05263158,0.062776074,0.025263159,0,0
77526,0,0.101842836,0.057771664,0.057645194,0.025263159,0,0
77527,0,0.08213378,0.035928145,0.05414234,0.025263159,0,0
77528,0,0.07507242,0.035928145,0.05348875,0.025263159,0,0
77529,0,0.095397286,0.057771664,0.06615099,0.025263159,0,0
77530,0,0.073872596,0.035928145,0.0512357,0.017391304,0,0
77531,0,0.06687264,0.035928145,0.05178211,0.017391304,0,0
77532,0,0.09623412,0.057771664,0.05413476,0.025263159,0,0
77533,0,0.07122006,0.035928145,0.04508602,0.017391304,0,0
77534,0,0.063306145,0.035928145,0.049947288,0.017391304,0,0
77535,0,0.056053136,0.027237354,0.035659075,0.009259258,0,0
77536,0,0.066411085,0.035928145,0.024083793,0.009259258,0,0
77537,0,0.044464666,0.02248394,0.02814284,0.009259258,0,0
77538,0,0.05844606,0.035928145,0.035537466,0.009259258,0,0
77539,0,0.04379461,0.02248394,0.023308624,0.0013605442,0,0
77540,0,0.07800025,0.035928145,0.035080913,0.009259258,0,0
77541,0,0.047231875,0.02248394,0.028314725,0.009259258,0,0
77542,0,0.11366538,0.057771664,0.037771974,0.009259258,0,0
77543,0,0.10955909,0.057771664,0.048162054,0.017391304,0,0
77544,0,0.07712157,0.035928145,0.053884506,0.025263159,0,0
77545,0,0.065590516,0.035928145,0.031612396,0.009259258,0,0
77546,0,0.112569705,0.057771664,0.08176631,0.04532967,0,0
77547,0,0.09846468,0.057771664,0.048530836,0.017391304,0,0
77548,0,0.086805016,0.035928145,0.05042607,0.017391304,0,0
77549,0,0.11484192,0.057771664,0.094445154,0.04532967,0,0
77550,0,0.10174071,0.057771664,0.08118618,0.04532967,0,0
77551,0,0.10737954,0.057771664,0.06168435,0.025263159,0,0
77552,0,0.13015963,0.057771664,0.09514058,0.04532967,0,0
77553,0,0.11102985,0.057771664,0.069742225,0.025263159,0,0
77554,0,0.110477455,0.057771664,0.06093198,0.025263159,0,0
77555,0,0.1035589,0.057771664,0.058818262,0.025263159,0,0
77556,0,0.07194968,0.035928145,0.043923434,0.017391304,0,0
77557,0,0.057423633,0.035928145,0.023254106,0.0013605442,0,0
77558,0,0.06384422,0.035928145,0.02922771,0.009259258,0,0
77559,0,0.04234957,0.02248394,0.027097397,0.009259258,0,0
77560,0,0.061147813,0.035928145,0.040359512,0.009259258,0,0
77561,0,0.04383979,0.02248394,0.034705997,0.009259258,0,0
77562,0,0.061511446,0.035928145,0.035514742,0.009259258,0,0
77563,0,0.08231492,0.035928145,0.043941785,0.017391304,0,0
77564,0,0.11473378,0.057771664,0.06081169,0.025263159,0,0
77565,0,0.082064554,0.035928145,0.06973898,0.025263159,0,0
77566,0,0.08831889,0.035928145,0.041706763,0.017391304,0,0
77567,0,0.047776707,0.02248394,0.036359645,0.009259258,0,0
77568,0,0.04509267,0.02248394,0.040787965,0.009259258,0,0
77569,0,0.04360909,0.02248394,0.04927783,0.017391304,0,0
77570,0,0.055426188,0.027237354,0.031709954,0.009259258,0,0
77571,0,0.068512596,0.035928145,0.043357324,0.017391304,0,0
77572,0,0.11782547,0.057771664,0.057120956,0.025263159,0,0
77573,0,0.07509572,0.035928145,0.05432802,0.025263159,0,0
77574,0,0.07723228,0.035928145,0.024894971,0.009259258,0,0
77575,0,0.1079806,0.057771664,0.057983246,0.025263159,0,0
77576,0,0.064663455,0.035928145,0.035902485,0.009259258,0,0
77577,0,0.07929688,0.035928145,0.04259241,0.017391304,0,0
77578,0,0.037502438,0.02248394,0.026394984,0.009259258,0,0
77579,0,0.026528968,0.004761905,0.01637308,0.0013605442,0,0
77580,0,0.08228194,0.035928145,0.05782174,0.025263159,0,0
77581,0,0.06309933,0.035928145,0.04162529,0.017391304,0,0
77582,0,0.10630867,0.057771664,0.058967188,0.025263159,0,0
77583,0,0.084445976,0.035928145,0.049184337,0.017391304,0,0
77584,0,0.10379823,0.057771664,0.07756582,0.04532967,0,0
77585,0,0.09108302,0.057771664,0.09878776,0.04532967,0,0
77586,0,0.06085187,0.035928145,0.04354361,0.017391304,0,0
77587,0,0.113448195,0.057771664,0.051191155,0.017391304,0,0
77588,0,0.07364624,0.035928145,0.03886521,0.009259258,0,0
77589,0,0.055243816,0.027237354,0.040560126,0.009259258,0,0
77590,0,0.055839267,0.027237354,0.027901776,0.009259258,0,0
77591,0,0.048953105,0.02248394,0.026783435,0.009259258,0,0
77592,0,0.050592776,0.02248394,0.033907887,0.009259258,0,0
77593,0,0.07055943,0.035928145,0.029896103,0.009259258,0,0
77594,0,0.080910735,0.035928145,0.062265504,0.025263159,0,0
77595,0,0.05778702,0.035928145,0.06345194,0.025263159,0,0
77596,0,0.09164125,0.057771664,0.0724781,0.025263159,0,0
77597,0,0.09676229,0.057771664,0.10217713,0.04532967,0,0
77598,0,0.06312596,0.035928145,0.07364747,0.025263159,0,0
77599,0,0.055597555,0.027237354,0.05600406,0.025263159,0,0
77600,0,0.08063426,0.035928145,0.042925667,0.017391304,0,0
77601,0,0.06416897,0.035928145,0.057665985,0.025263159,0,0
77602,0,0.062376447,0.035928145,0.05752278,0.025263159,0,0
77603,0,0.08200453,0.035928145,0.03818438,0.009259258,0,0
77604,0,0.06638257,0.035928145,0.041302368,0.009259258,0,0
77605,0,0.046607595,0.02248394,0.043479,0.017391304,0,0
77606,0,0.0949911,0.057771664,0.048416007,0.017391304,0,0
77607,0,0.06058435,0.035928145,0.0339798,0.009259258,0,0
77608,0,0.073776096,0.035928145,0.039739598,0.009259258,0,0
77609,0,0.062007055,0.035928145,0.030761113,0.009259258,0,0
77610,0,0.0701673,0.035928145,0.04227795,0.017391304,0,0
77611,0,0.086885534,0.035928145,0.048824374,0.017391304,0,0
77612,0,0.11546991,0.057771664,0.053823717,0.025263159,0,0
77613,0,0.054100808,0.027237354,0.026762277,0.009259258,0,0
77614,0,0.059979293,0.035928145,0.05515372,0.025263159,0,0
77615,0,0.066078775,0.035928145,0.061115928,0.025263159,0,0
77616,0,0.049969297,0.02248394,0.03981387,0.009259258,0,0
77617,0,0.044115447,0.02248394,0.067604855,0.025263159,0,0
77618,0,0.057917465,0.035928145,0.059463587,0.025263159,0,0
77619,0,0.0686498,0.035928145,0.051895466,0.017391304,0,0
77620,0,0.051121064,0.023898039,0.04671489,0.017391304,0,0
77621,0,0.07129456,0.035928145,0.042108774,0.017391304,0,0
77622,0,0.052028168,0.027237354,0.03438573,0.009259258,0,0
77623,0,0.11757545,0.057771664,0.042266257,0.017391304,0,0
77624,0,0.091625,0.057771664,0.039465398,0.009259258,0,0
77625,0,0.08689819,0.035928145,0.0377287,0.009259258,0,0
77626,0,0.05736679,0.035928145,0.024885116,0.009259258,0,0
77627,0,0.06176062,0.035928145,0.025465457,0.009259258,0,0
77628,0,0.029993374,0.02248394,0.027496466,0.009259258,0,0
77629,0,0.050604083,0.02248394,0.031873435,0.009259258,0,0
77630,0,0.061016776,0.035928145,0.041589893,0.017391304,0,0
77631,0,0.089467146,0.05263158,0.047743514,0.017391304,0,0
77632,0,0.06988184,0.035928145,0.034884643,0.009259258,0,0
77633,0,0.05216347,0.027237354,0.0364283,0.009259258,0,0
77634,0,0.038402777,0.02248394,0.025076687,0.009259258,0,0
77635,0,0.03435368,0.02248394,0.02682167,0.009259258,0,0
77636,0,0.029787237,0.02248394,0.013716203,0.0013605442,0,0
77637,0,0.03809023,0.02248394,0.020046884,0.0013605442,0,0
77638,0,0.039372582,0.02248394,0.020878268,0.0013605442,0,0
77639,0,0.055847928,0.027237354,0.032026336,0.009259258,0,0
77640,0,0.055618264,0.027237354,0.034655344,0.009259258,0,0
77641,0,0.08156375,0.035928145,0.046883073,0.017391304,0,0
77642,0,0.08838051,0.035928145,0.06297553,0.025263159,0,0
77643,0,0.055138875,0.027237354,0.05924337,0.025263159,0,0
77644,0,0.1312348,0.057771664,0.051732603,0.017391304,0,0
77645,0,0.10581148,0.057771664,0.059254277,0.025263159,0,0
77646,0,0.08457409,0.035928145,0.038011894,0.009259258,0,0
77647,0,0.07770184,0.035928145,0.044873115,0.017391304,0,0
77648,0,0.061509408,0.035928145,0.045634586,0.017391304,0,0
77649,0,0.07231192,0.035928145,0.045662154,0.017391304,0,0
77650,0,0.04852795,0.02248394,0.03775832,0.009259258,0,0
77651,0,0.06789503,0.035928145,0.041291587,0.009259258,0,0
77652,0,0.061265074,0.035928145,0.039861612,0.009259258,0,0
77653,0,0.046942696,0.02248394,0.05857694,0.025263159,0,0
77654,0,0.08401481,0.035928145,0.040492866,0.009259258,0,0
77655,0,0.074704885,0.035928145,0.049684163,0.017391304,0,0
77656,0,0.06675462,0.035928145,0.045088205,0.017391304,0,0
77657,0,0.059391275,0.035928145,0.059715703,0.025263159,0,0
77658,0,0.08106815,0.035928145,0.028411994,0.009259258,0,0
77659,0,0.039096605,0.02248394,0.022605099,0.0013605442,0,0
77660,0,0.05069078,0.02248394,0.019234668,0.0013605442,0,0
77661,0,0.08948296,0.05263158,0.06577909,0.025263159,0,0
77662,0,0.077360615,0.035928145,0.02851682,0.009259258,0,0
77663,0,0.07337688,0.035928145,0.03649613,0.009259258,0,0
77664,0,0.071747005,0.035928145,0.034525186,0.009259258,0,0
77665,0,0.12322752,0.057771664,0.068214245,0.025263159,0,0
77666,0,0.06919846,0.035928145,0.030442866,0.009259258,0,0
77667,0,0.07513068,0.035928145,0.048828416,0.017391304,0,0
77668,0,0.096138135,0.057771664,0.064510144,0.025263159,0,0
77669,0,0.08115624,0.035928145,0.052059706,0.017391304,0,0
77670,0,0.08261966,0.035928145,0.05126787,0.017391304,0,0
77671,0,0.11058137,0.057771664,0.058328226,0.025263159,0,0
77672,0,0.056705188,0.03448276,0.04886279,0.017391304,0,0
77673,0,0.09200647,0.057771664,0.05819072,0.025263159,0,0
77674,0,0.12007316,0.057771664,0.060702417,0.025263159,0,0
77675,0,0.12606317,0.057771664,0.069075435,0.025263159,0,0
77676,0,0.119577415,0.057771664,0.06565775,0.025263159,0,0
77677,0,0.09733965,0.057771664,0.045740493,0.017391304,0,0
77678,0,0.08407558,0.035928145,0.06369586,0.025263159,0,0
77679,0,0.059733856,0.035928145,0.07261065,0.025263159,0,0
77680,0,0.0500197,0.02248394,0.034863956,0.009259258,0,0
77681,0,0.052879646,0.027237354,0.028929072,0.009259258,0,0
77682,0,0.062095653,0.035928145,0.0435987,0.017391304,0,0
77683,0,0.08037757,0.035928145,0.052651495,0.017391304,0,0
77684,0,0.0579372,0.035928145,0.039524376,0.009259258,0,0
77685,0,0.055862222,0.027237354,0.03390082,0.009259258,0,0
77686,0,0.057640668,0.035928145,0.021509953,0.0013605442,0,0
77687,0,0.026894547,0.004761905,0.015322188,0.0013605442,0,0
77688,0,0.030250734,0.02248394,0.020786053,0.0013605442,0,0
77689,0,0.02681274,0.004761905,0.027831407,0.009259258,0,0
77690,0,0.02191927,0.0017482517,0.018013068,0.0013605442,0,0
77691,0,0.032142922,0.02248394,0.018906053,0.0013605442,0,0
77692,0,0.03231522,0.02248394,0.024410402,0.009259258,0,0
77693,0,0.022299683,0.0017482517,0.009132095,0.0013605442,0,0
77694,0,0.037912812,0.02248394,0.017304724,0.0013605442,0,0
77695,0,0.030051485,0.02248394,0.01548901,0.0013605442,0,0
77696,0,0.067160726,0.035928145,0.038455814,0.009259258,0,0
77697,0,0.060804695,0.035928145,0.02423057,0.009259258,0,0
77698,0,0.06157594,0.035928145,0.025353761,0.009259258,0,0
77699,0,0.03474474,0.02248394,0.022790723,0.0013605442,0,0
77700,0,0.039091956,0.02248394,0.01993468,0.0013605442,0,0
77701,0,0.025331652,0.004761905,0.017291464,0.0013605442,0,0
77702,0,0.029073806,0.02248394,0.019401882,0.0013605442,0,0
77703,0,0.036645025,0.02248394,0.03276698,0.009259258,0,0
77704,0,0.060317032,0.035928145,0.025970688,0.009259258,0,0
77705,0,0.06375822,0.035928145,0.030027082,0.009259258,0,0
77706,0,0.084326275,0.035928145,0.04139065,0.010619246,0,0
77707,0,0.08101124,0.035928145,0.06143608,0.025263159,0,0
77708,0,0.06329779,0.035928145,0.05771403,0.025263159,0,0
77709,0,0.07298135,0.035928145,0.047335263,0.017391304,0,0
77710,0,0.08443835,0.035928145,0.08234298,0.04532967,0,0
77711,0,0.03333734,0.02248394,0.04944641,0.017391304,0,0
77712,1,0.050753795,0.02248394,0.0356474,0.009259258,0,0
77713,1,0.12158545,0.057771664,0.04969437,0.017391304,0,0
77714,0,0.13469335,0.06153846,0.02758832,0.009259258,0,0
77715,0,0.06277264,0.035928145,0.026929684,0.009259258,0,0
77716,0,0.079662666,0.035928145,0.047968872,0.017391304,0,0
77717,0,0.052315447,0.027237354,0.027660068,0.009259258,0,0
77718,0,0.041678015,0.02248394,0.027658757,0.009259258,0,0
77719,0,0.040791985,0.02248394,0.025353182,0.009259258,0,0
77720,0,0.045401007,0.02248394,0.03753456,0.009259258,0,0
77721,0,0.03256628,0.02248394,0.025319459,0.009259258,0,0
77722,0,0.03237743,0.02248394,0.021739028,0.0013605442,0,0
77723,0,0.02914579,0.02248394,0.029525738,0.009259258,0,0
77724,0,0.03371517,0.02248394,0.026096204,0.009259258,0,0
77725,0,0.030319132,0.02248394,0.035098203,0.009259258,0,0
77726,0,0.048855964,0.02248394,0.033876464,0.009259258,0,0
77727,0,0.031635772,0.02248394,0.017109102,0.0013605442,0,0
77728,0,0.029300626,0.02248394,0.017946709,0.0013605442,0,0
77729,0,0.0544648,0.027237354,0.028329173,0.009259258,0,0
77730,0,0.04931411,0.02248394,0.022986641,0.0013605442,0,0
77731,0,0.04248025,0.02248394,0.033493478,0.009259258,0,0
77732,0,0.04557162,0.02248394,0.035456516,0.009259258,0,0
77733,0,0.041519117,0.02248394,0.03504125,0.009259258,0,0
77734,0,0.04308585,0.02248394,0.035007417,0.009259258,0,0
77735,0,0.04303837,0.02248394,0.030469602,0.009259258,0,0
77736,0,0.055452216,0.027237354,0.034254663,0.009259258,0,0
77737,0,0.072183646,0.035928145,0.0330649,0.009259258,0,0
77738,0,0.048953105,0.02248394,0.028143073,0.009259258,0,0
77739,0,0.060421027,0.035928145,0.053360958,0.025263159,0,0
77740,0,0.045810193,0.02248394,0.027666165,0.009259258,0,0
77741,0,0.0676333,0.035928145,0.024470113,0.009259258,0,0
77742,0,0.03190887,0.02248394,0.03524406,0.009259258,0,0
77743,0,0.04621733,0.02248394,0.045604754,0.017391304,0,0
77744,0,0.04524381,0.02248394,0.020658309,0.0013605442,0,0
77745,0,0.05105541,0.02248394,0.046378113,0.017391304,0,0
77746,0,0.03481229,0.02248394,0.03593545,0.009259258,0,0
77747,0,0.04559528,0.02248394,0.029767476,0.009259258,0,0
77748,0,0.036415905,0.02248394,0.04154101,0.017391304,0,0
77749,0,0.036875766,0.02248394,0.04848961,0.017391304,0,0
77750,0,0.034252156,0.02248394,0.027666487,0.009259258,0,0
77751,0,0.03846247,0.02248394,0.025085,0.009259258,0,0
77752,0,0.053134624,0.027237354,0.041325256,0.009259258,0,0
77753,0,0.026846996,0.004761905,0.014265853,0.0013605442,0,0
77754,0,0.029610947,0.02248394,0.027120788,0.009259258,0,0
77755,0,0.0319224,0.02248394,0.0344105,0.009259258,0,0
77756,0,0.03602694,0.02248394,0.029086938,0.009259258,0,0
77757,0,0.025864152,0.004761905,0.018743755,0.0013605442,0,0
77758,0,0.025373008,0.004761905,0.021808427,0.0013605442,0,0
77759,0,0.027403051,0.004761905,0.022950457,0.0013605442,0,0
77760,0,0.02153039,0.0017482517,0.03733883,0.009259258,0,0
77761,0,0.03241484,0.02248394,0.025748486,0.009259258,0,0
77762,0,0.027563252,0.004761905,0.021528533,0.0013605442,0,0
77763,1,0.035934832,0.02248394,0.02542969,0.009259258,0,0
77764,0,0.11407316,0.057771664,0.037043326,0.009259258,0,0
77765,0,0.051813576,0.027237354,0.030526465,0.009259258,0,0
77766,0,0.050893374,0.02248394,0.028614657,0.009259258,0,0
77767,0,0.026922984,0.004761905,0.016850183,0.0013605442,0,0
77768,1,0.01969406,0.0017482517,0.018487375,0.0013605442,0,0
77769,0,0.09686131,0.057771664,0.018125879,0.0013605442,0,0
77770,1,0.046048395,0.02248394,0.010211705,0.0013605442,0,0
77771,1,0.10101148,0.057771664,0.028014505,0.009259258,0,0
77772,0,0.14770107,0.0952381,0.026349878,0.009259258,0,0
77773,1,0.05234715,0.027237354,0.02542049,0.009259258,0,0
77774,1,0.2214603,0.22222222,0.06999049,0.025263159,0,0
77775,1,0.23435532,0.37096775,0.033035655,0.009259258,0,0
77776,1,0.2296588,0.22222222,0.04651234,0.017391304,0,0
77777,1,0.35223147,0.62068963,0.03911386,0.009259258,0,0
77778,0,0.43813628,0.62068963,0.060438942,0.025263159,0,0
77779,0,0.11347719,0.057771664,0.05075631,0.017391304,0,0
77780,0,0.090678856,0.057771664,0.02660883,0.009259258,0,0
77781,0,0.07979987,0.035928145,0.034137905,0.009259258,0,0
77782,0,0.07824679,0.035928145,0.05187006,0.017391304,0,0
77783,0,0.07234377,0.035928145,0.03334439,0.009259258,0,0
77784,0,0.07150973,0.035928145,0.03266703,0.009259258,0,0
77785,0,0.0587452,0.035928145,0.033690736,0.009259258,0,0
77786,0,0.05611518,0.027237354,0.03708634,0.009259258,0,0
77787,0,0.044694386,0.02248394,0.022315333,0.0013605442,0,0
77788,0,0.043523327,0.02248394,0.022052353,0.0013605442,0,0
77789,0,0.049792293,0.02248394,0.017352631,0.0013605442,0,0
77790,0,0.041055348,0.02248394,0.0151860025,0.0013605442,0,0
77791,0,0.026819589,0.004761905,0.015768124,0.0013605442,0,0
77792,0,0.016446965,0.0017482517,0.016026689,0.0013605442,0,0
77793,0,0.029375672,0.02248394,0.01581197,0.0013605442,0,0
77794,0,0.028187817,0.004761905,0.01331576,0.0013605442,0,0
77795,0,0.029464705,0.02248394,0.01511839,0.0013605442,0,0
77796,0,0.060025606,0.035928145,0.03151428,0.009259258,0,0
77797,0,0.03891259,0.02248394,0.022584116,0.0013605442,0,0
77798,0,0.04022116,0.02248394,0.028755154,0.009259258,0,0
77799,0,0.027920531,0.004761905,0.016002094,0.0013605442,0,0
77800,0,0.020641994,0.0017482517,0.012671074,0.0013605442,0,0
77801,0,0.0235558,0.0017482517,0.009136643,0.0013605442,0,0
77802,0,0.018692207,0.0017482517,0.01496412,0.0013605442,0,0
77803,0,0.01717918,0.0017482517,0.0093006715,0.0013605442,0,0
77804,0,0.013769574,0.0017482517,0.0076942854,0.0,0,0
77805,0,0.015900973,0.0017482517,0.008677455,0.0,0,0
77806,0,0.018770766,0.0017482517,0.011975521,0.0013605442,0,0
77807,0,0.020045651,0.0017482517,0.01178626,0.0013605442,0,0
77808,0,0.022799963,0.0017482517,0.009628995,0.0013605442,0,0
77809,0,0.02148832,0.0017482517,0.01113175,0.0013605442,0,0
77810,0,0.021875862,0.0017482517,0.016729824,0.0013605442,0,0
77811,0,0.030281566,0.02248394,0.018493567,0.0013605442,0,0
77812,0,0.030836517,0.02248394,0.019162215,0.0013605442,0,0
77813,0,0.02879882,0.00767322,0.01594888,0.0013605442,0,0
77814,0,0.030150708,0.02248394,0.0141508505,0.0013605442,0,0
77815,0,0.013945313,0.0017482517,0.010431295,0.0013605442,0,0
77816,0,0.015282146,0.0017482517,0.009299868,0.0013605442,0,0
77817,0,0.016067458,0.0017482517,0.009783081,0.0013605442,0,0
77818,0,0.01742388,0.0017482517,0.01064622,0.0013605442,0,0
77819,0,0.016369285,0.0017482517,0.014389969,0.0013605442,0,0
77820,1,0.019689824,0.0017482517,0.0114287585,0.0013605442,0,0
77821,0,0.051712707,0.027237354,0.030207453,0.009259258,0,0
77822,0,0.025298398,0.004761905,0.016272254,0.0013605442,0,0
77823,0,0.017598048,0.0017482517,0.011608425,0.0013605442,0,0
77824,0,0.020770319,0.0017482517,0.01712476,0.0013605442,0,0
77825,0,0.024094725,0.0017482517,0.0160156,0.0013605442,0,0
77826,0,0.024708454,0.004761905,0.0132618705,0.0013605442,0,0
77827,0,0.025408018,0.004761905,0.0134661915,0.0013605442,0,0
77828,0,0.019207247,0.0017482517,0.014555687,0.0013605442,0,0
77829,0,0.0223029,0.0017482517,0.010507071,0.0013605442,0,0
77830,0,0.025742607,0.004761905,0.017277451,0.0013605442,0,0
77831,0,0.02194761,0.0017482517,0.014707648,0.0013605442,0,0
77832,0,0.028164629,0.004761905,0.015279318,0.0013605442,0,0
77833,0,0.020414375,0.0017482517,0.0167839,0.0013605442,0,0
77834,0,0.016431691,0.0017482517,0.01179187,0.0013605442,0,0
77835,0,0.017150702,0.0017482517,0.013304061,0.0013605442,0,0
77836,0,0.015986545,0.0017482517,0.007702026,0.0,0,0
77837,0,0.017734522,0.0017482517,0.008090859,0.0,0,0
77838,0,0.037856504,0.02248394,0.014707143,0.0013605442,0,0
77839,0,0.023963695,0.0017482517,0.012615674,0.0013605442,0,0
77840,0,0.0146067245,0.0017482517,0.016335193,0.0013605442,0,0
77841,0,0.021450674,0.0017482517,0.014743069,0.0013605442,0,0
77842,0,0.02008992,0.0017482517,0.009799938,0.0013605442,0,0
77843,0,0.018548831,0.0017482517,0.0062164655,0.0,0,0
77844,0,0.009783081,0.0017482517,0.004541298,0.0,0,0
77845,0,0.0109274695,0.0017482517,0.0046658865,0.0,0,0
77846,0,0.0034642052,0.0,0.0044288533,0.0,0,0
77847,0,0.0053497525,0.0017482517,0.00465696,0.0,0,0
77848,0,0.0062480625,0.0017482517,0.0052836365,0.0,0,0
77849,0,0.00799885,0.0017482517,0.0051756552,0.0,0,0
77850,0,0.010638806,0.0017482517,0.0051950575,0.0,0,0
77851,0,0.01326018,0.0017482517,0.011236717,0.0013605442,0,0
77852,0,0.015391464,0.0017482517,0.008182932,0.0,0,0
77853,0,0.01613652,0.0017482517,0.008668681,0.0,0,0
77854,0,0.01123113,0.0017482517,0.01048775,0.0013605442,0,0
77855,0,0.0110106515,0.0017482517,0.009405292,0.0013605442,0,0
77856,0,0.009318386,0.0017482517,0.006621588,0.0,0,0
77857,0,0.008375454,0.0017482517,0.005192567,0.0,0,0
77858,0,0.006872195,0.0017482517,0.0060791727,0.0,0,0
77859,0,0.006309995,0.0017482517,0.0056878054,0.0,0,0
77860,0,0.006242138,0.0017482517,0.004539959,0.0,0,0
77861,0,0.0071742157,0.0017482517,0.005398939,0.0,0,0
77862,0,0.007564941,0.0017482517,0.0046518235,0.0,0,0
77863,0,0.0066444827,0.0017482517,0.007899982,0.0,0,0
77864,0,0.0070894663,0.0017482517,0.0059616365,0.0,0,0
77865,0,0.0057425336,0.0017482517,0.0051956465,0.0,0,0
77866,0,0.01077693,0.0017482517,0.008815957,0.0,0,0
77867,0,0.009393753,0.0017482517,0.010212471,0.0013605442,0,0
77868,0,0.009082917,0.0017482517,0.008592189,0.0,0,0
77869,0,0.008847305,0.0017482517,0.0070529305,0.0,0,0
77870,0,0.009521816,0.0017482517,0.00974725,0.0013605442,0,0
77871,0,0.003969243,0.0,0.005101747,0.0,0,0
77872,0,0.003969243,0.0,0.005101747,0.0,0,0
77873,0,0.01009404,0.0017482517,0.009861494,0.0013605442,0,0
77874,0,0.009811258,0.0017482517,0.015656115,0.0013605442,0,0
77875,0,0.0085690515,0.0017482517,0.008265588,0.0,0,0
77876,0,0.007917125,0.0017482517,0.0077097737,0.0,0,0
77877,0,0.006741173,0.0017482517,0.0068530915,0.0,0,0
77878,0,0.004879248,0.0017482517,0.006426385,0.0,0,0
77879,0,0.004189288,0.0,0.005381257,0.0,0,0
77880,0,0.0042093755,0.0,0.00798103,0.0,0,0
77881,0,0.0054311557,0.0017482517,0.0057278997,0.0,0,0
77882,0,0.004275849,0.0,0.0052036974,0.0,0,0
77883,0,0.004650435,0.0017482517,0.0060421964,0.0,0,0
77884,0,0.010575532,0.0017482517,0.0103109125,0.0013605442,0,0
77885,0,0.011482812,0.0017482517,0.013415709,0.0013605442,0,0
77886,0,0.010640356,0.0017482517,0.011098003,0.0013605442,0,0
77887,0,0.011229631,0.0017482517,0.009655345,0.0013605442,0,0
77888,0,0.016933056,0.0017482517,0.012839762,0.0013605442,0,0
77889,0,0.012425224,0.0017482517,0.011340796,0.0013605442,0,0
77890,0,0.011839126,0.0017482517,0.014734643,0.0013605442,0,0
77891,0,0.010619774,0.0017482517,0.008514579,0.0,0,0
77892,0,0.008677093,0.0017482517,0.008075295,0.0,0,0
77893,0,0.005898009,0.0017482517,0.006335367,0.0,0,0
77894,0,0.0060240356,0.0017482517,0.0069032204,0.0,0,0
77895,0,0.005013435,0.0017482517,0.0060280426,0.0,0,0
77896,0,0.0064777443,0.0017482517,0.006784486,0.0,0,0
77897,0,0.005983026,0.0017482517,0.008046638,0.0,0,0
77898,0,0.004736625,0.0017482517,0.005804692,0.0,0,0
77899,0,0.0053149546,0.0017482517,0.0047917366,0.0,0,0
77900,0,0.004658014,0.0017482517,0.00430798,0.0,0,0
77901,0,0.005748287,0.0017482517,0.004565299,0.0,0,0
77902,0,0.006393808,0.0017482517,0.0055510327,0.0,0,0
77903,0,0.0027123142,0.0,0.0023989014,0.0,0,0
77904,0,0.0028776613,0.0,0.0025974074,0.0,0,0
77905,0,0.0032481952,0.0,0.0031037105,0.0,0,0
77906,0,0.0031143837,0.0,0.0028874371,0.0,0,0
77907,0,0.003305701,0.0,0.0029440399,0.0,0,0
77908,0,0.0027067196,0.0,0.0024062754,0.0,0,0
77909,0,0.0027749122,0.0,0.0026681048,0.0,0,0
77910,0,0.0032697546,0.0,0.0025893657,0.0,0,0
77911,0,0.0034057961,0.0,0.0032684915,0.0,0,0
77912,0,0.0028101625,0.0,0.0025810956,0.0,0,0
77913,0,0.0029112785,0.0,0.0028149772,0.0,0,0
77914,0,0.002901204,0.0,0.002487754,0.0,0,0
77915,0,0.012203505,0.0017482517,0.009404021,0.0013605442,0,0
77916,0,0.015450693,0.0017482517,0.012323918,0.0013605442,0,0
77917,0,0.01206575,0.0017482517,0.009076889,0.0013605442,0,0
77918,0,0.01131768,0.0017482517,0.0090572415,0.0013605442,0,0
77919,0,0.010369482,0.0017482517,0.008409236,0.0,0,0
77920,0,0.0058318907,0.0017482517,0.005643921,0.0,0,0
77921,0,0.005784015,0.0017482517,0.0057925885,0.0,0,0
77922,0,0.0062656314,0.0017482517,0.0057498617,0.0,0,0
77923,0,0.0062656314,0.0017482517,0.0057498617,0.0,0,0
77924,0,0.007450234,0.0017482517,0.0056481743,0.0,0,0
77925,0,0.0052483403,0.0017482517,0.005319633,0.0,0,0
77926,0,0.0074900785,0.0017482517,0.00635927,0.0,0,0
77927,0,0.010001638,0.0017482517,0.0086381,0.0,0,0
77928,0,0.008579384,0.0017482517,0.0075886343,0.0,0,0
77929,0,0.006742929,0.0017482517,0.004105815,0.0,0,0
77930,0,0.0066212146,0.0017482517,0.0054449607,0.0,0,0
77931,0,0.012333742,0.0017482517,0.013097433,0.0013605442,0,0
77932,0,0.020239267,0.0017482517,0.018561803,0.0013605442,0,0
77933,0,0.010571735,0.0017482517,0.007643718,0.0,0,0
77934,0,0.011043011,0.0017482517,0.006877352,0.0,0,0
77935,0,0.009270343,0.0017482517,0.008083921,0.0,0,0
77936,0,0.005407354,0.0017482517,0.0044935397,0.0,0,0
77937,0,0.0051366542,0.0017482517,0.0037313323,0.0,0,0
77938,0,0.00376621,0.0,0.003224605,0.0,0,0
77939,0,0.004684432,0.0017482517,0.0030821124,0.0,0,0
77940,0,0.0067482484,0.0017482517,0.003963117,0.0,0,0
77941,0,0.0050525884,0.0017482517,0.003677415,0.0,0,0
77942,0,0.004400727,0.0,0.0031986162,0.0,0,0
77943,0,0.0038020497,0.0,0.0026359793,0.0,0,0
77944,0,0.005362556,0.0017482517,0.0037349768,0.0,0,0
77945,0,0.0046266406,0.0017482517,0.0043343306,0.0,0,0
77946,0,0.0038726067,0.0,0.0032916132,0.0,0,0
77947,0,0.0028183602,0.0,0.0036137532,0.0,0,0
77948,0,0.0031685187,0.0,0.0032156757,0.0,0,0
77949,0,0.0033165826,0.0,0.0032286965,0.0,0,0
77950,0,0.003009781,0.0,0.0033944324,0.0,0,0
77951,0,0.0034733946,0.0,0.0030383538,0.0,0,0
77952,0,0.0029973127,0.0,0.0029405511,0.0,0,0
77953,0,0.0032411013,0.0,0.0027352856,0.0,0,0
77954,0,0.002251542,0.0,0.0024518685,0.0,0,0
77955,0,0.0022364939,0.0,0.0023899362,0.0,0,0
77956,0,0.0023386967,0.0,0.00254764,0.0,0,0
77957,0,0.011028362,0.0017482517,0.008071549,0.0,0,0
77958,0,0.015096652,0.0017482517,0.013982849,0.0013605442,0,0
77959,0,0.009227331,0.0017482517,0.0070758555,0.0,0,0
77960,0,0.009364026,0.0017482517,0.0070658424,0.0,0,0
77961,0,0.007497331,0.0017482517,0.00571974,0.0,0,0
77962,0,0.0043633785,0.0,0.0042928034,0.0,0,0
77963,0,0.009583719,0.0017482517,0.011528296,0.0013605442,0,0
77964,0,0.018617658,0.0017482517,0.016685618,0.0013605442,0,0
77965,0,0.012816152,0.0017482517,0.009874815,0.0013605442,0,0
77966,0,0.01149121,0.0017482517,0.006881773,0.0,0,0
77967,0,0.008188239,0.0017482517,0.0053502223,0.0,0,0
77968,0,0.007317456,0.0017482517,0.008271778,0.0,0,0
77969,0,0.009741268,0.0017482517,0.009079909,0.0013605442,0,0
77970,0,0.009876241,0.0017482517,0.0068800626,0.0,0,0
77971,0,0.009479962,0.0017482517,0.0055634053,0.0,0,0
77972,0,0.0077000987,0.0017482517,0.0044783503,0.0,0,0
77973,0,0.00461252,0.0017482517,0.0038028175,0.0,0,0
77974,0,0.003831122,0.0,0.0030656618,0.0,0,0
77975,0,0.005018263,0.0017482517,0.0039819465,0.0,0,0
77976,0,0.00662965,0.0017482517,0.00592311,0.0,0,0
77977,0,0.005653107,0.0017482517,0.0031216445,0.0,0,0
77978,0,0.0048461044,0.0017482517,0.0035349957,0.0,0,0
77979,0,0.0042870333,0.0,0.0031452212,0.0,0,0
77980,0,0.005361137,0.0017482517,0.005848943,0.0,0,0
77981,0,0.0059638754,0.0017482517,0.006051235,0.0,0,0
77982,0,0.0061579277,0.0017482517,0.0050271926,0.0,0,0
77983,0,0.006714295,0.0017482517,0.0050222534,0.0,0,0
77984,0,0.004736776,0.0017482517,0.0034843364,0.0,0,0
77985,0,0.006891302,0.0017482517,0.010420894,0.0013605442,0,0
77986,0,0.009947059,0.0017482517,0.011252628,0.0013605442,0,0
77987,0,0.008631409,0.0017482517,0.00830941,0.0,0,0
77988,0,0.007526426,0.0017482517,0.008179824,0.0,0,0
77989,0,0.007476879,0.0017482517,0.007110426,0.0,0,0
77990,0,0.0067563495,0.0017482517,0.012429279,0.0013605442,0,0
77991,0,0.009690425,0.0017482517,0.009915818,0.0013605442,0,0
77992,0,0.013095265,0.0017482517,0.011576222,0.0013605442,0,0
77993,0,0.011824453,0.0017482517,0.013116808,0.0013605442,0,0
77994,0,0.010341614,0.0017482517,0.011009162,0.0013605442,0,0
77995,0,0.007887785,0.0017482517,0.011022581,0.0013605442,0,0
77996,0,0.010371822,0.0017482517,0.009093786,0.0013605442,0,0
77997,0,0.007590488,0.0017482517,0.0052078213,0.0,0,0
77998,0,0.007529518,0.0017482517,0.0090751955,0.0013605442,0,0
77999,0,0.0068843965,0.0017482517,0.009904927,0.0013605442,0,0
78000,0,0.014992965,0.0017482517,0.025114888,0.009259258,0,0
78001,0,0.012890271,0.0017482517,0.012434782,0.0013605442,0,0
78002,0,0.011557066,0.0017482517,0.01141547,0.0013605442,0,0
78003,0,0.010248162,0.0017482517,0.009362509,0.0013605442,0,0
78004,0,0.0122540295,0.0017482517,0.009552958,0.0013605442,0,0
78005,0,0.014399129,0.0017482517,0.012218401,0.0013605442,0,0
78006,0,0.0125823775,0.0017482517,0.012503098,0.0013605442,0,0
78007,0,0.011691152,0.0017482517,0.027981615,0.009259258,0,0
78008,0,0.01468816,0.0017482517,0.051663544,0.017391304,0,0
78009,0,0.012770094,0.0017482517,0.011564438,0.0013605442,0,0
78010,0,0.013861399,0.0017482517,0.020545263,0.0013605442,0,0
78011,0,0.012465563,0.0017482517,0.01315161,0.0013605442,0,0
78012,0,0.016238362,0.0017482517,0.038173903,0.009259258,0,0
78013,0,0.014085046,0.0017482517,0.025671327,0.009259258,0,0
78014,0,0.014905328,0.0017482517,0.026997255,0.009259258,0,0
78015,0,0.015163977,0.0017482517,0.014173065,0.0013605442,0,0
78016,0,0.011766404,0.0017482517,0.013375056,0.0013605442,0,0
78017,0,0.015402771,0.0017482517,0.008897135,0.0013605442,0,0
78018,0,0.015614459,0.0017482517,0.008358687,0.0,0,0
78019,0,0.0065809186,0.0017482517,0.0059397626,0.0,0,0
78020,0,0.0061698454,0.0017482517,0.0056767757,0.0,0,0
78021,0,0.005746273,0.0017482517,0.0054539153,0.0,0,0
78022,0,0.004550373,0.0017482517,0.004541923,0.0,0,0
78023,0,0.0047203805,0.0017482517,0.0048754476,0.0,0,0
78024,0,0.015423705,0.0017482517,0.0144420145,0.0013605442,0,0
78025,0,0.012005704,0.0017482517,0.0144996075,0.0013605442,0,0
78026,0,0.011149581,0.0017482517,0.0092866225,0.0013605442,0,0
78027,0,0.01000824,0.0017482517,0.013358027,0.0013605442,0,0
78028,0,0.0063785366,0.0017482517,0.005029027,0.0,0,0
78029,0,0.0026008377,0.0,0.002212941,0.0,0,0
78030,0,0.0026008377,0.0,0.002212941,0.0,0,0
78031,0,0.002576489,0.0,0.0021729222,0.0,0,0
78032,0,0.0077969674,0.0017482517,0.0092786895,0.0013605442,0,0
78033,0,0.011908989,0.0017482517,0.013121018,0.0013605442,0,0
78034,0,0.008304289,0.0017482517,0.0076203374,0.0,0,0
78035,0,0.007277083,0.0017482517,0.00970293,0.0013605442,0,0
78036,0,0.00668048,0.0017482517,0.009781908,0.0013605442,0,0
78037,0,0.009163654,0.0017482517,0.009137972,0.0013605442,0,0
78038,0,0.007476195,0.0017482517,0.008612885,0.0,0,0
78039,0,0.008972823,0.0017482517,0.015403386,0.0013605442,0,0
78040,0,0.007385816,0.0017482517,0.009289895,0.0013605442,0,0
78041,0,0.008026525,0.0017482517,0.012966133,0.0013605442,0,0
78042,0,0.00895289,0.0017482517,0.01599101,0.0013605442,0,0
78043,0,0.01721853,0.0017482517,0.030614844,0.009259258,0,0
78044,0,0.016619334,0.0017482517,0.02572691,0.009259258,0,0
78045,0,0.015089415,0.0017482517,0.018386485,0.0013605442,0,0
78046,0,0.011303949,0.0017482517,0.0147952875,0.0013605442,0,0
78047,0,0.021199381,0.0017482517,0.02116476,0.0013605442,0,0
78048,0,0.019829815,0.0017482517,0.024729153,0.009259258,0,0
78049,0,0.01735464,0.0017482517,0.012173588,0.0013605442,0,0
78050,0,0.008268234,0.0017482517,0.009046446,0.0013605442,0,0
78051,0,0.017197553,0.0017482517,0.017462984,0.0013605442,0,0
78052,0,0.0146498205,0.0017482517,0.013264828,0.0013605442,0,0
78053,0,0.0067375093,0.0017482517,0.005179162,0.0,0,0
78054,0,0.008322092,0.0017482517,0.0069474457,0.0,0,0
78055,0,0.0062205438,0.0017482517,0.0048175035,0.0,0,0
78056,0,0.015761828,0.0017482517,0.011088017,0.0013605442,0,0
78057,0,0.01599822,0.0017482517,0.014085216,0.0013605442,0,0
78058,0,0.016957998,0.0017482517,0.017071413,0.0013605442,0,0
78059,0,0.011938314,0.0017482517,0.010863697,0.0013605442,0,0
78060,0,0.009821988,0.0017482517,0.011971928,0.0013605442,0,0
78061,0,0.009224384,0.0017482517,0.012662225,0.0013605442,0,0
78062,0,0.014684773,0.0017482517,0.018700833,0.0013605442,0,0
78063,0,0.0114342775,0.0017482517,0.0136887375,0.0013605442,0,0
78064,0,0.01193576,0.0017482517,0.012928126,0.0013605442,0,0
78065,0,0.009987129,0.0017482517,0.011146688,0.0013605442,0,0
78066,0,0.004794091,0.0017482517,0.005281642,0.0,0,0
78067,0,0.0056161336,0.0017482517,0.006052589,0.0,0,0
78068,0,0.021273438,0.0017482517,0.034052305,0.009259258,0,0
78069,0,0.01881283,0.0017482517,0.019754859,0.0013605442,0,0
78070,0,0.012055875,0.0017482517,0.01228391,0.0013605442,0,0
78071,0,0.015074596,0.0017482517,0.016154274,0.0013605442,0,0
78072,0,0.009755137,0.0017482517,0.014379842,0.0013605442,0,0
78073,0,0.011025897,0.0017482517,0.013662803,0.0013605442,0,0
78074,0,0.011569546,0.0017482517,0.013314394,0.0013605442,0,0
78075,0,0.0076012854,0.0017482517,0.008185293,0.0,0,0
78076,0,0.010129599,0.0017482517,0.0095587,0.0013605442,0,0
78077,0,0.009818709,0.0017482517,0.011383657,0.0013605442,0,0
78078,0,0.011734405,0.0017482517,0.012529608,0.0013605442,0,0
78079,0,0.012217343,0.0017482517,0.0139257815,0.0013605442,0,0
78080,0,0.010397868,0.0017482517,0.010763584,0.0013605442,0,0
78081,0,0.009419911,0.0017482517,0.009599165,0.0013605442,0,0
78082,0,0.0051233037,0.0017482517,0.0044530006,0.0,0,0
78083,0,0.0043670074,0.0,0.0044647544,0.0,0,0
78084,0,0.011363964,0.0017482517,0.012416755,0.0013605442,0,0
78085,0,0.009496539,0.0017482517,0.010689007,0.0013605442,0,0
78086,0,0.011570975,0.0017482517,0.008196809,0.0,0,0
78087,0,0.015048417,0.0017482517,0.016382627,0.0013605442,0,0
78088,0,0.010908356,0.0017482517,0.008011888,0.0,0,0
78089,0,0.0062489887,0.0017482517,0.0056536454,0.0,0,0
78090,0,0.005484773,0.0017482517,0.0054442068,0.0,0,0
78091,0,0.010938236,0.0017482517,0.01598989,0.0013605442,0,0
78092,0,0.020109724,0.0017482517,0.021453466,0.0013605442,0,0
78093,0,0.018069336,0.0017482517,0.017696543,0.0013605442,0,0
78094,0,0.014238238,0.0017482517,0.024424583,0.009259258,0,0
78095,0,0.016866913,0.0017482517,0.018226841,0.0013605442,0,0
78096,0,0.012124052,0.0017482517,0.014175898,0.0013605442,0,0
78097,0,0.020102499,0.0017482517,0.043962058,0.017391304,0,0
78098,0,0.017984046,0.0017482517,0.0140881175,0.0013605442,0,0
78099,0,0.0125813885,0.0017482517,0.011520056,0.0013605442,0,0
78100,0,0.012458439,0.0017482517,0.018629597,0.0013605442,0,0
78101,0,0.0125052715,0.0017482517,0.013628378,0.0013605442,0,0
78102,0,0.009299832,0.0017482517,0.009922098,0.0013605442,0,0
78103,0,0.008755133,0.0017482517,0.0092735095,0.0013605442,0,0
78104,0,0.013567637,0.0017482517,0.012939491,0.0013605442,0,0
78105,0,0.009651616,0.0017482517,0.011401154,0.0013605442,0,0
78106,0,0.005566986,0.0017482517,0.0059277075,0.0,0,0
78107,0,0.005183311,0.0017482517,0.006583737,0.0,0,0
78108,0,0.0041975435,0.0,0.0039165923,0.0,0,0
78109,0,0.0058166743,0.0017482517,0.006157808,0.0,0,0
78110,0,0.0053274604,0.0017482517,0.0055130245,0.0,0,0
78111,0,0.0044028102,0.0,0.004162252,0.0,0,0
78112,0,0.008084524,0.0017482517,0.009751245,0.0013605442,0,0
78113,0,0.012183845,0.0017482517,0.011392172,0.0013605442,0,0
78114,0,0.0067883274,0.0017482517,0.0063153673,0.0,0,0
78115,0,0.007576628,0.0017482517,0.009220276,0.0013605442,0,0
78116,0,0.0056861793,0.0017482517,0.0056829127,0.0,0,0
78117,0,0.005902523,0.0017482517,0.0055029998,0.0,0,0
78118,0,0.010470755,0.0017482517,0.008229009,0.0,0,0
78119,0,0.007169068,0.0017482517,0.00591284,0.0,0,0
78120,0,0.0071062627,0.0017482517,0.0069911545,0.0,0,0
78121,0,0.0053325444,0.0017482517,0.004804146,0.0,0,0
78122,0,0.004949336,0.0017482517,0.0050952598,0.0,0,0
78123,0,0.0048118006,0.0017482517,0.004819664,0.0,0,0
78124,0,0.004949336,0.0017482517,0.0050952598,0.0,0,0
78125,0,0.004949336,0.0017482517,0.0050952598,0.0,0,0
78126,0,0.0041729067,0.0,0.0039712945,0.0,0,0
78127,0,0.0037178597,0.0,0.0038630185,0.0,0,0
78128,0,0.0038111326,0.0,0.003472662,0.0,0,0
78129,0,0.0038111326,0.0,0.003472662,0.0,0,0
78130,0,0.0038111326,0.0,0.003472662,0.0,0,0
78131,0,0.0036860227,0.0,0.0026212228,0.0,0,0
78132,0,0.00223407,0.0,0.0020658565,0.0,0,0
78133,0,0.00223407,0.0,0.0020658565,0.0,0,0
78134,0,0.00223407,0.0,0.0020658565,0.0,0,0
78135,0,0.00223407,0.0,0.002049885,0.0,0,0
78136,0,0.009552485,0.0017482517,0.010448522,0.0013605442,0,0
78137,0,0.011513048,0.0017482517,0.0103464415,0.0013605442,0,0
78138,0,0.009896311,0.0017482517,0.00915419,0.0013605442,0,0
78139,0,0.009896311,0.0017482517,0.00915419,0.0013605442,0,0
78140,0,0.008500715,0.0017482517,0.0086522885,0.0,0,0
78141,0,0.0040933304,0.0,0.003678004,0.0,0,0
78142,0,0.003961194,0.0,0.0034729918,0.0,0,0
78143,0,0.004050493,0.0,0.0035301098,0.0,0,0
78144,0,0.0040553818,0.0,0.0037951658,0.0,0,0
78145,0,0.004248904,0.0,0.0036725788,0.0,0,0
78146,0,0.008016857,0.0017482517,0.0066102026,0.0,0,0
78147,0,0.0127466945,0.0017482517,0.009340889,0.0013605442,0,0
78148,0,0.008397232,0.0017482517,0.007127713,0.0,0,0
78149,0,0.008397232,0.0017482517,0.007127713,0.0,0,0
78150,0,0.0054031448,0.0017482517,0.0065293317,0.0,0,0
78151,0,0.003683225,0.0,0.0030867544,0.0,0,0
78152,0,0.003348058,0.0,0.0028404938,0.0,0,0
78153,0,0.0032941017,0.0,0.002925139,0.0,0,0
78154,0,0.0034871553,0.0,0.0027050984,0.0,0,0
78155,0,0.0031495357,0.0,0.0024181688,0.0,0,0
78156,0,0.0029515927,0.0,0.002378909,0.0,0,0
78157,0,0.0019677025,0.0,0.0012895286,0.0,0,0
78158,0,0.0019677025,0.0,0.0012895286,0.0,0,0
78159,0,0.0019359483,0.0,0.0013107837,0.0,0,0
78160,0,0.001589241,0.0,0.0010072917,0.0,0,0
78161,0,0.0009064082,0.0,0.0008607435,0.0,0,0
78162,0,0.0012742019,0.0,0.001289195,0.0,0,0
78163,0,0.00096602464,0.0,0.0009101025,0.0,0,0
78164,0,0.0012410791,0.0,0.0012020476,0.0,0,0
78165,0,0.0010826023,0.0,0.0009824305,0.0,0,0
78166,0,0.00093918794,0.0,0.00095700903,0.0,0,0
78167,0,0.00093918794,0.0,0.00095700903,0.0,0,0
78168,0,0.0010525304,0.0,0.0010330608,0.0,0,0
78169,0,0.00093918794,0.0,0.00095700903,0.0,0,0
78170,0,0.0011044282,0.0,0.0010802282,0.0,0,0
78171,0,0.0012017465,0.0,0.001181229,0.0,0,0
78172,0,0.00067517365,0.0,0.00063808274,0.0,0,0
78173,0,0.00078457623,0.0,0.00074135995,0.0,0,0
78174,0,0.0007012128,0.0,0.00065409887,0.0,0,0
78175,0,0.000802527,0.0,0.00076587923,0.0,0,0
78176,0,0.0007861037,0.0,0.0008417266,0.0,0,0
78177,0,0.00053030986,0.0,0.00056403433,0.0,0,0
78178,0,0.0005943377,0.0,0.0005940622,0.0,0,0
78179,0,0.00053030986,0.0,0.00056403433,0.0,0,0
78180,0,0.0006675918,0.0,0.0007450496,0.0,0,0
78181,0,0.00053030986,0.0,0.00056403433,0.0,0,0
78182,0,0.00053030986,0.0,0.00056403433,0.0,0,0
78183,0,0.00053030986,0.0,0.00056403433,0.0,0,0
78184,0,0.00053030986,0.0,0.00056403433,0.0,0,0
78185,0,0.00053030986,0.0,0.00056403433,0.0,0,0
78186,0,0.00053030986,0.0,0.00056403433,0.0,0,0
78187,0,0.00053030986,0.0,0.00056403433,0.0,0,0
78188,0,0.0024704824,0.0,0.0018019489,0.0,0,0
78189,0,0.004237253,0.0,0.0027997259,0.0,0,0
78190,0,0.0024827963,0.0,0.0014592091,0.0,0,0
78191,0,0.0024827963,0.0,0.0014592091,0.0,0,0
78192,0,0.0018032659,0.0,0.0013220576,0.0,0,0
78193,0,0.004478703,0.0,0.0031284005,0.0,0,0
78194,0,0.007412901,0.0017482517,0.005532318,0.0,0,0
78195,0,0.004430201,0.0,0.0029501363,0.0,0,0
78196,0,0.0031213274,0.0,0.0019436466,0.0,0,0
78197,0,0.002155577,0.0,0.0014927172,0.0,0,0
78198,0,0.0017134821,0.0,0.001318133,0.0,0,0
78199,0,0.002140296,0.0,0.0019226319,0.0,0,0
78200,0,0.002103291,0.0,0.0019512539,0.0,0,0
78201,0,0.0017635629,0.0,0.0013746356,0.0,0,0
78202,0,0.0018148826,0.0,0.0012435196,0.0,0,0
78203,0,0.0013409811,0.0,0.0009033039,0.0,0,0
78204,0,0.0011930731,0.0,0.00093699316,0.0,0,0
78205,0,0.0012359858,0.0,0.0010069391,0.0,0,0
78206,0,0.0010507021,0.0,0.0008464189,0.0,0,0
78207,0,0.0011430373,0.0,0.0006646389,0.0,0,0
78208,0,0.00059349404,0.0,0.0005893905,0.0,0,0
78209,0,0.00059349404,0.0,0.0005893905,0.0,0,0
78210,0,0.000616603,0.0,0.0005893905,0.0,0,0
78211,0,0.000616603,0.0,0.0005893905,0.0,0,0
78212,0,0.000616603,0.0,0.0005893905,0.0,0,0
78213,0,0.000616603,0.0,0.0005893905,0.0,0,0
78214,0,0.00073542877,0.0,0.00064883684,0.0,0,0
78215,0,0.00063179235,0.0,0.0005803646,0.0,0,0
78216,0,0.011070244,0.0017482517,0.0062188166,0.0,0,0
78217,0,0.009082243,0.0017482517,0.006590143,0.0,0,0
78218,0,0.0078104404,0.0017482517,0.0048428215,0.0,0,0
78219,0,0.007547627,0.0017482517,0.0037892966,0.0,0,0
78220,0,0.0051896265,0.0017482517,0.0031956453,0.0,0,0
78221,0,0.002671382,0.0,0.0015759959,0.0,0,0
78222,0,0.002671382,0.0,0.0015759959,0.0,0,0
78223,0,0.002671382,0.0,0.0015759959,0.0,0,0
78224,0,0.0026963814,0.0,0.0015157401,0.0,0,0
78225,0,0.0026963814,0.0,0.0015157401,0.0,0,0
78226,0,0.002671382,0.0,0.001543675,0.0,0,0
78227,0,0.002671382,0.0,0.001543675,0.0,0,0
78228,0,0.0027311475,0.0,0.001543675,0.0,0,0
78229,0,0.0027311475,0.0,0.0015089486,0.0,0,0
78230,0,0.0026643404,0.0,0.001274137,0.0,0,0
78231,0,0.0015510021,0.0,0.0012684623,0.0,0,0
78232,0,0.0012081325,0.0,0.00094428565,0.0,0,0
78233,0,0.0012237332,0.0,0.0009356505,0.0,0,0
78234,0,0.0012081325,0.0,0.00094428565,0.0,0,0
78235,0,0.0011668141,0.0,0.00089219894,0.0,0,0
78236,0,0.0011668141,0.0,0.00089219894,0.0,0,0
78237,0,0.0011929588,0.0,0.00089219894,0.0,0,0
78238,0,0.0014664046,0.0,0.0011784077,0.0,0,0
78239,0,0.0011743791,0.0,0.00089219894,0.0,0,0
78240,0,0.0011929588,0.0,0.00089219894,0.0,0,0
78241,0,0.0011399927,0.0,0.0008737135,0.0,0,0
78242,0,0.0014509382,0.0,0.0010929347,0.0,0,0
78243,0,0.0011655372,0.0,0.0008737135,0.0,0,0
78244,0,0.0011655372,0.0,0.0008737135,0.0,0,0
78245,0,0.0011655372,0.0,0.0008737135,0.0,0,0
78246,0,0.0011622012,0.0,0.0008737135,0.0,0,0
78247,0,0.0015475618,0.0,0.0013329687,0.0,0,0
78248,0,0.0007888351,0.0,0.00059810816,0.0,0,0
78249,0,0.0008352769,0.0,0.00059810816,0.0,0,0
78250,0,0.0008169646,0.0,0.00059810816,0.0,0,0
78251,0,0.0008671221,0.0,0.00063102244,0.0,0,0
78252,0,0.0008520306,0.0,0.00070316344,0.0,0,0
78253,0,0.0006236617,0.0,0.0005118762,0.0,0,0
78254,0,0.0007815214,0.0,0.00074621703,0.0,0,0
78255,0,0.0006178675,0.0,0.0005503535,0.0,0,0
78256,0,0.0006178675,0.0,0.0005503535,0.0,0,0
78257,0,0.0006178675,0.0,0.0005503535,0.0,0,0
78258,0,0.0008236564,0.0,0.00073074875,0.0,0,0
78259,0,0.00064448605,0.0,0.0005503535,0.0,0,0
78260,0,0.005357113,0.0017482517,0.003019937,0.0,0,0
78261,0,0.00754632,0.0017482517,0.0052143596,0.0,0,0
78262,0,0.005044775,0.0017482517,0.0025895822,0.0,0,0
78263,0,0.0049590585,0.0017482517,0.0025464795,0.0,0,0
78264,0,0.005414449,0.0017482517,0.0072206636,0.0,0,0
78265,0,0.007311176,0.0017482517,0.006036663,0.0,0,0
78266,0,0.004593419,0.0017482517,0.0030049288,0.0,0,0
78267,0,0.004593419,0.0017482517,0.0030049288,0.0,0,0
78268,0,0.0033892435,0.0,0.0024493097,0.0,0,0
78269,0,0.0030501382,0.0,0.0020826398,0.0,0,0
78270,0,0.0030501382,0.0,0.0020826398,0.0,0,0
78271,0,0.0040621976,0.0,0.0029995278,0.0,0,0
78272,0,0.0038449722,0.0,0.0029120578,0.0,0,0
78273,0,0.0031535549,0.0,0.0020826398,0.0,0,0
78274,0,0.002894388,0.0,0.0016828289,0.0,0,0
78275,0,0.0024155246,0.0,0.0023013656,0.0,0,0
78276,0,0.0016998912,0.0,0.0013559724,0.0,0,0
78277,0,0.0018429215,0.0,0.001377257,0.0,0,0
78278,0,0.0015365104,0.0,0.0010969751,0.0,0,0
78279,0,0.00070423743,0.0,0.00060997054,0.0,0,0
78280,0,0.0007477122,0.0,0.00074297434,0.0,0,0
78281,0,0.0007477122,0.0,0.00072270277,0.0,0,0
78282,0,0.0007477122,0.0,0.00072636537,0.0,0,0
78283,0,0.0007407664,0.0,0.0007361787,0.0,0,0
78284,0,0.0008188671,0.0,0.0007490291,0.0,0,0
78285,0,0.0009062971,0.0,0.0007780482,0.0,0,0
78286,0,0.0007417589,0.0,0.00069264957,0.0,0,0
78287,0,0.000766264,0.0,0.00079417735,0.0,0,0
78288,0,0.0007760297,0.0,0.0008164148,0.0,0,0
78289,0,0.0009141742,0.0,0.00092274055,0.0,0,0
78290,0,0.00093162584,0.0,0.0009307479,0.0,0,0
78291,0,0.00090351823,0.0,0.0009576561,0.0,0,0
78292,0,0.0022024496,0.0,0.0016651968,0.0,0,0
78293,0,0.0066339443,0.0017482517,0.006026209,0.0,0,0
78294,0,0.0068280217,0.0017482517,0.004926773,0.0,0,0
78295,0,0.0046829293,0.0017482517,0.0035198946,0.0,0,0
78296,0,0.002987964,0.0,0.0019712143,0.0,0,0
78297,0,0.0034559087,0.0,0.0024513134,0.0,0,0
78298,0,0.0027872545,0.0,0.0022552288,0.0,0,0
78299,0,0.002144103,0.0,0.0020683117,0.0,0,0
78300,0,0.0023275975,0.0,0.002251225,0.0,0,0
78301,0,0.010807641,0.0017482517,0.01647706,0.0013605442,0,0
78302,0,0.012944639,0.0017482517,0.01737175,0.0013605442,0,0
78303,0,0.015018831,0.0017482517,0.02127041,0.0013605442,0,0
78304,0,0.038549576,0.02248394,0.042172298,0.017391304,0,0
78305,0,0.024880135,0.004761905,0.026438508,0.009259258,0,0
78306,0,0.017875005,0.0017482517,0.009426261,0.0013605442,0,0
78307,0,0.017033698,0.0017482517,0.010860572,0.0013605442,0,0
78308,0,0.018470462,0.0017482517,0.020031208,0.0013605442,0,0
78309,0,0.012408134,0.0017482517,0.010319802,0.0013605442,0,0
78310,0,0.01950002,0.0017482517,0.015657306,0.0013605442,0,0
78311,0,0.011402918,0.0017482517,0.008346116,0.0,0,0
78312,0,0.01569352,0.0017482517,0.011580954,0.0013605442,0,0
78313,0,0.014397498,0.0017482517,0.010242278,0.0013605442,0,0
78314,0,0.021143056,0.0017482517,0.045691244,0.017391304,0,0
78315,0,0.010796289,0.0017482517,0.009617297,0.0013605442,0,0
78316,0,0.024293164,0.004583978,0.036851827,0.009259258,0,0
78317,0,0.03156956,0.02248394,0.043738324,0.017391304,0,0
78318,0,0.06211475,0.035928145,0.05340925,0.025263159,0,0
78319,0,0.03186969,0.02248394,0.02271827,0.0013605442,0,0
78320,0,0.027975587,0.004761905,0.0143729225,0.0013605442,0,0
78321,0,0.03383031,0.02248394,0.022628352,0.0013605442,0,0
78322,0,0.029062038,0.02248394,0.020068483,0.0013605442,0,0
78323,0,0.03075363,0.02248394,0.029134674,0.009259258,0,0
78324,0,0.048610978,0.02248394,0.05826774,0.025263159,0,0
78325,0,0.059869856,0.035928145,0.06460953,0.025263159,0,0
78326,0,0.05804907,0.035928145,0.056515984,0.025263159,0,0
78327,0,0.048461944,0.02248394,0.046792895,0.017391304,0,0
78328,0,0.08707353,0.035928145,0.065039776,0.025263159,0,0
78329,0,0.059559263,0.035928145,0.053469706,0.025263159,0,0
78330,0,0.056445386,0.03448276,0.07090847,0.025263159,0,0
78331,0,0.04824752,0.02248394,0.039269265,0.009259258,0,0
78332,0,0.033697054,0.02248394,0.027584912,0.009259258,0,0
78333,0,0.052222516,0.027237354,0.047002666,0.017391304,0,0
78334,0,0.062216915,0.035928145,0.0628752,0.025263159,0,0
78335,0,0.0543952,0.027237354,0.035742547,0.009259258,0,0
78336,0,0.054194488,0.027237354,0.04800453,0.017391304,0,0
78337,0,0.039907314,0.02248394,0.032557566,0.009259258,0,0
78338,0,0.065435246,0.035928145,0.08228687,0.04532967,0,0
78339,0,0.023866024,0.0017482517,0.014667128,0.0013605442,0,0
78340,0,0.029303344,0.02248394,0.034469083,0.009259258,0,0
78341,0,0.032098632,0.02248394,0.022181073,0.0013605442,0,0
78342,0,0.030679898,0.02248394,0.019199837,0.0013605442,0,0
78343,0,0.034862448,0.02248394,0.042725056,0.017391304,0,0
78344,0,0.051033825,0.02248394,0.05229419,0.017391304,0,0
78345,0,0.07665838,0.035928145,0.10370809,0.05050505,0,0
78346,0,0.09331785,0.057771664,0.06794435,0.025263159,0,0
78347,0,0.08303624,0.035928145,0.08206859,0.04532967,0,0
78348,0,0.1463703,0.0952381,0.10555604,0.05050505,0,0
78349,0,0.14079869,0.06153846,0.1259476,0.078028746,0,0
78350,0,0.071562745,0.035928145,0.06958486,0.025263159,0,0
78351,0,0.13304801,0.06153846,0.062476672,0.025263159,0,0
78352,0,0.14731123,0.0952381,0.10240142,0.04532967,0,0
78353,0,0.11928807,0.057771664,0.07768654,0.04532967,0,0
78354,0,0.07104207,0.035928145,0.050560605,0.017391304,0,0
78355,0,0.053923175,0.027237354,0.059097063,0.025263159,0,0
78356,0,0.054707654,0.027237354,0.05904244,0.025263159,0,0
78357,0,0.0684733,0.035928145,0.063512504,0.025263159,0,0
78358,0,0.063420005,0.035928145,0.05958372,0.025263159,0,0
78359,0,0.0626348,0.035928145,0.04658768,0.017391304,0,0
78360,0,0.04990748,0.02248394,0.032882296,0.009259258,0,0
78361,0,0.03993171,0.02248394,0.038826015,0.009259258,0,0
78362,0,0.057615604,0.035928145,0.0634759,0.025263159,0,0
78363,0,0.06409341,0.035928145,0.053609956,0.025263159,0,0
78364,0,0.025317911,0.004761905,0.037535965,0.009259258,0,0
78365,0,0.02877298,0.004761905,0.026506254,0.009259258,0,0
78366,0,0.025270682,0.004761905,0.026079802,0.009259258,0,0
78367,0,0.05250681,0.027237354,0.045004886,0.017391304,0,0
78368,0,0.07937903,0.035928145,0.067056544,0.025263159,0,0
78369,0,0.061123822,0.035928145,0.045277555,0.017391304,0,0
78370,0,0.1462468,0.09275063,0.07817893,0.04532967,0,0
78371,0,0.1226834,0.057771664,0.08712724,0.04532967,0,0
78372,0,0.11077722,0.057771664,0.08856403,0.04532967,0,0
78373,0,0.1694071,0.1554054,0.13510266,0.08955224,0,0
78374,0,0.11612839,0.057771664,0.1803868,0.09982175,0,0
78375,0,0.13610621,0.06153846,0.100596935,0.04532967,0,0
78376,0,0.07896558,0.035928145,0.058532905,0.025263159,0,0
78377,0,0.106091216,0.057771664,0.08822953,0.04532967,0,0
78378,0,0.03635957,0.02248394,0.041495346,0.016838104,0,0
78379,0,0.070465155,0.035928145,0.09192483,0.04532967,0,0
78380,0,0.06336142,0.035928145,0.08208769,0.04532967,0,0
78381,0,0.103985816,0.057771664,0.101535864,0.04532967,0,0
78382,0,0.049732555,0.02248394,0.055161577,0.025263159,0,0
78383,0,0.040104516,0.02248394,0.04136591,0.009259258,0,0
78384,0,0.052915346,0.027237354,0.06516931,0.025263159,0,0
78385,0,0.08227934,0.035928145,0.07985661,0.04532967,0,0
78386,0,0.11311807,0.057771664,0.1424909,0.092920355,0,0
78387,0,0.14454319,0.06153846,0.15735546,0.092920355,0,0
78388,1,0.0839027,0.035928145,0.09903099,0.04532967,0,0
78389,0,0.19488283,0.17333333,0.15799876,0.092920355,0,0
78390,0,0.1072492,0.057771664,0.11737344,0.078028746,0,0
78391,0,0.08208322,0.035928145,0.07168657,0.025263159,0,0
78392,0,0.13218875,0.06153846,0.101057604,0.04532967,0,0
78393,0,0.11036074,0.057771664,0.13772304,0.092920355,0,0
78394,0,0.07443126,0.035928145,0.09303074,0.04532967,0,0
78395,0,0.11717577,0.057771664,0.124982804,0.078028746,0,0
78396,0,0.097961254,0.057771664,0.095800616,0.04532967,0,0
78397,0,0.08194312,0.035928145,0.09716301,0.04532967,0,0
78398,0,0.0974237,0.057771664,0.0850119,0.04532967,0,0
78399,0,0.07976423,0.035928145,0.15427549,0.092920355,0,0
78400,0,0.0936386,0.057771664,0.12455878,0.078028746,0,0
78401,1,0.053932432,0.027237354,0.04461937,0.017391304,0,0
78402,0,0.19970344,0.17333333,0.13369332,0.078028746,0,0
78403,0,0.079689525,0.035928145,0.08051983,0.04532967,0,0
78404,0,0.07537346,0.035928145,0.06888887,0.025263159,0,0
78405,0,0.04816151,0.02248394,0.04569809,0.017391304,0,0
78406,0,0.08909618,0.035928145,0.09004586,0.04532967,0,0
78407,0,0.04756377,0.02248394,0.06538634,0.025263159,0,0
78408,0,0.06209561,0.035928145,0.093023986,0.04532967,0,0
78409,0,0.0888,0.035928145,0.06621963,0.025263159,0,0
78410,0,0.05914524,0.035928145,0.08733748,0.04532967,0,0
78411,0,0.095764644,0.057771664,0.0871455,0.04532967,0,0
78412,0,0.052755803,0.027237354,0.099485785,0.04532967,0,0
78413,0,0.06529246,0.035928145,0.07813834,0.04532967,0,0
78414,0,0.044978824,0.02248394,0.042245824,0.017391304,0,0
78415,0,0.06937946,0.035928145,0.07585382,0.04532967,0,0
78416,0,0.06546439,0.035928145,0.09980328,0.04532967,0,0
78417,0,0.06780081,0.035928145,0.062439382,0.025263159,0,0
78418,0,0.06431737,0.035928145,0.0717373,0.025263159,0,0
78419,0,0.045974236,0.02248394,0.068067126,0.025263159,0,0
78420,0,0.04237443,0.02248394,0.045714512,0.017391304,0,0
78421,0,0.038962442,0.02248394,0.04337372,0.017391304,0,0
78422,0,0.054309383,0.027237354,0.06235557,0.025263159,0,0
78423,0,0.05664418,0.03448276,0.03245263,0.009259258,0,0
78424,0,0.048911154,0.02248394,0.042453974,0.017391304,0,0
78425,0,0.08393617,0.035928145,0.080592066,0.04532967,0,0
78426,0,0.04133149,0.02248394,0.046606027,0.017391304,0,0
78427,0,0.03909845,0.02248394,0.059702266,0.025263159,0,0
78428,0,0.033641398,0.02248394,0.050523512,0.017391304,0,0
78429,1,0.06360468,0.035928145,0.09609393,0.04532967,0,0
78430,0,0.1357584,0.06153846,0.117925145,0.078028746,0,0
78431,0,0.14346908,0.06153846,0.097536266,0.04532967,0,0
78432,0,0.10146122,0.057771664,0.12215075,0.078028746,0,0
78433,0,0.14027251,0.06153846,0.1272195,0.078028746,0,0
78434,0,0.1317965,0.057771664,0.113735154,0.078028746,0,0
78435,0,0.11410966,0.057771664,0.13086614,0.078028746,0,0
78436,0,0.12529862,0.057771664,0.08865771,0.04532967,0,0
78437,0,0.11705777,0.057771664,0.120449886,0.078028746,0,0
78438,0,0.09674027,0.057771664,0.09174729,0.04532967,0,0
78439,0,0.086324364,0.035928145,0.08355986,0.04532967,0,0
78440,0,0.082270846,0.035928145,0.09901367,0.04532967,0,0
78441,0,0.091387086,0.057771664,0.062242854,0.025263159,0,0
78442,0,0.054300662,0.027237354,0.04734432,0.017391304,0,0
78443,0,0.061850034,0.035928145,0.057770066,0.025263159,0,0
78444,0,0.08589532,0.035928145,0.09730665,0.04532967,0,0
78445,0,0.055527806,0.027237354,0.077207424,0.04532967,0,0
78446,0,0.043025088,0.02248394,0.046511598,0.017391304,0,0
78447,0,0.06639144,0.035928145,0.05197515,0.017391304,0,0
78448,0,0.03977139,0.02248394,0.052919015,0.025263159,0,0
78449,0,0.03768338,0.02248394,0.057021327,0.025263159,0,0
78450,0,0.036633,0.02248394,0.039386842,0.009259258,0,0
78451,0,0.050707556,0.02248394,0.036063243,0.009259258,0,0
78452,0,0.05172968,0.027237354,0.028554631,0.009259258,0,0
78453,0,0.050293334,0.02248394,0.044637203,0.017391304,0,0
78454,0,0.04340937,0.02248394,0.038945988,0.009259258,0,0
78455,0,0.10229437,0.057771664,0.11649431,0.078028746,0,0
78456,0,0.14769629,0.0952381,0.10873974,0.06716418,0,0
78457,0,0.13362452,0.06153846,0.084656134,0.04532967,0,0
78458,0,0.12507969,0.057771664,0.12365114,0.078028746,0,0
78459,0,0.11531778,0.057771664,0.07997737,0.04532967,0,0
78460,0,0.12584698,0.057771664,0.11392322,0.078028746,0,0
78461,0,0.12995014,0.057771664,0.13096069,0.078028746,0,0
78462,0,0.078573704,0.035928145,0.06909052,0.025263159,0,0
78463,0,0.07919716,0.035928145,0.060395155,0.025263159,0,0
78464,0,0.07910487,0.035928145,0.048702344,0.017391304,0,0
78465,0,0.07671053,0.035928145,0.08822276,0.04532967,0,0
78466,0,0.092547,0.057771664,0.0853703,0.04532967,0,0
78467,0,0.08600625,0.035928145,0.083705656,0.04532967,0,0
78468,0,0.0783208,0.035928145,0.052180577,0.017391304,0,0
78469,0,0.067835264,0.035928145,0.071941346,0.025263159,0,0
78470,0,0.04543127,0.02248394,0.07752437,0.04532967,0,0
78471,0,0.06789725,0.035928145,0.1068165,0.05050505,0,0
78472,0,0.062050235,0.035928145,0.055517316,0.025263159,0,0
78473,0,0.043963663,0.02248394,0.028614674,0.009259258,0,0
78474,0,0.040393643,0.02248394,0.030453365,0.009259258,0,0
78475,0,0.07268009,0.035928145,0.04543695,0.017391304,0,0
78476,0,0.06165934,0.035928145,0.032564424,0.009259258,0,0
78477,0,0.111366056,0.057771664,0.046929535,0.017391304,0,0
78478,0,0.11120826,0.057771664,0.08013912,0.04532967,0,0
78479,0,0.07168025,0.035928145,0.055483382,0.025263159,0,0
78480,0,0.07971815,0.035928145,0.056559253,0.025263159,0,0
78481,0,0.12920554,0.057771664,0.07795101,0.04532967,0,0
78482,0,0.07064882,0.035928145,0.07377756,0.025263159,0,0
78483,0,0.07532295,0.035928145,0.048873037,0.017391304,0,0
78484,0,0.07862986,0.035928145,0.044753782,0.017391304,0,0
78485,0,0.083222665,0.035928145,0.052911714,0.025263159,0,0
78486,0,0.03689236,0.02248394,0.01771917,0.0013605442,0,0
78487,0,0.11012816,0.057771664,0.0717672,0.025263159,0,0
78488,0,0.077813394,0.035928145,0.056238405,0.025263159,0,0
78489,0,0.053387266,0.027237354,0.031054288,0.009259258,0,0
78490,0,0.08064884,0.035928145,0.040839992,0.009259258,0,0
78491,0,0.078350894,0.035928145,0.05948864,0.025263159,0,0
78492,0,0.081390835,0.035928145,0.072477534,0.025263159,0,0
78493,0,0.06846613,0.035928145,0.029364211,0.009259258,0,0
78494,0,0.0991077,0.057771664,0.038871713,0.009259258,0,0
78495,0,0.06721373,0.035928145,0.038069572,0.009259258,0,0
78496,0,0.09634933,0.057771664,0.04883359,0.017391304,0,0
78497,0,0.100205645,0.057771664,0.03664097,0.009259258,0,0
78498,0,0.08543472,0.035928145,0.05167649,0.017391304,0,0
78499,0,0.07822697,0.035928145,0.023417044,0.0013605442,0,0
78500,0,0.07934535,0.035928145,0.037512872,0.009259258,0,0
78501,0,0.07250142,0.035928145,0.08881647,0.04532967,0,0
78502,0,0.085616246,0.035928145,0.047537867,0.017391304,0,0
78503,0,0.066467404,0.035928145,0.06031726,0.025263159,0,0
78504,0,0.06231606,0.035928145,0.048933953,0.017391304,0,0
78505,0,0.09492307,0.057771664,0.08852336,0.04532967,0,0
78506,0,0.08823628,0.035928145,0.07313768,0.025263159,0,0
78507,0,0.055444796,0.027237354,0.0339266,0.009259258,0,0
78508,0,0.094205365,0.057771664,0.06877903,0.025263159,0,0
78509,0,0.0789421,0.035928145,0.060280822,0.025263159,0,0
78510,0,0.111696795,0.057771664,0.08356981,0.04532967,0,0
78511,0,0.08515105,0.035928145,0.070148535,0.025263159,0,0
78512,0,0.15297437,0.1554054,0.082769856,0.04532967,0,0
78513,0,0.0730218,0.035928145,0.04527057,0.017391304,0,0
78514,0,0.11147249,0.057771664,0.07557438,0.04532967,0,0
78515,0,0.073553964,0.035928145,0.07253013,0.025263159,0,0
78516,0,0.06118063,0.035928145,0.04306427,0.017391304,0,0
78517,0,0.037648063,0.02248394,0.035906587,0.009259258,0,0
78518,0,0.060764287,0.035928145,0.04030949,0.009259258,0,0
78519,0,0.060058746,0.035928145,0.06607845,0.025263159,0,0
78520,0,0.07406225,0.035928145,0.066959,0.025263159,0,0
78521,0,0.1263821,0.057771664,0.089159355,0.04532967,0,0
78522,0,0.13532141,0.06153846,0.07882664,0.04532967,0,0
78523,0,0.12975386,0.057771664,0.050370865,0.017391304,0,0
78524,0,0.11196106,0.057771664,0.08744194,0.04532967,0,0
78525,0,0.10048806,0.057771664,0.09036706,0.04532967,0,0
78526,0,0.05655139,0.03448276,0.07954612,0.04532967,0,0
78527,0,0.041728582,0.02248394,0.062641114,0.025263159,0,0
78528,0,0.056174047,0.027237354,0.061693557,0.025263159,0,0
78529,0,0.042894803,0.02248394,0.042565603,0.017391304,0,0
78530,0,0.06138937,0.035928145,0.060803685,0.025263159,0,0
78531,0,0.05977868,0.035928145,0.054234304,0.025263159,0,0
78532,0,0.05645077,0.03448276,0.06440416,0.025263159,0,0
78533,0,0.045726478,0.02248394,0.036434427,0.009259258,0,0
78534,0,0.05292234,0.027237354,0.038396165,0.009259258,0,0
78535,0,0.035951734,0.02248394,0.031119166,0.009259258,0,0
78536,0,0.049613178,0.02248394,0.05570087,0.025263159,0,0
78537,0,0.05626685,0.027237354,0.04475323,0.017391304,0,0
78538,0,0.087460026,0.035928145,0.04382506,0.017391304,0,0
78539,0,0.09351179,0.057771664,0.043131884,0.017391304,0,0
78540,0,0.05489298,0.027237354,0.038759276,0.009259258,0,0
78541,0,0.1282813,0.057771664,0.06683121,0.025263159,0,0
78542,0,0.079663314,0.035928145,0.07477182,0.04532967,0,0
78543,0,0.09160028,0.057771664,0.08847145,0.04532967,0,0
78544,0,0.113354675,0.057771664,0.10585359,0.05050505,0,0
78545,0,0.16225931,0.1554054,0.15069684,0.092920355,0,0
78546,0,0.10596206,0.057771664,0.12074915,0.078028746,0,0
78547,0,0.09276793,0.057771664,0.13176532,0.078028746,0,0
78548,0,0.07977561,0.035928145,0.10412258,0.05050505,0,0
78549,0,0.101072915,0.057771664,0.112991154,0.06716418,0,0
78550,0,0.111026555,0.057771664,0.12705556,0.078028746,0,0
78551,0,0.09203212,0.057771664,0.10375169,0.05050505,0,0
78552,0,0.07596049,0.035928145,0.052666422,0.017391304,0,0
78553,0,0.08816988,0.035928145,0.056336243,0.025263159,0,0
78554,0,0.08572274,0.035928145,0.04639065,0.017391304,0,0
78555,0,0.05893851,0.035928145,0.05987921,0.025263159,0,0
78556,0,0.061113693,0.035928145,0.04617285,0.017391304,0,0
78557,0,0.057722557,0.035928145,0.05112029,0.017391304,0,0
78558,0,0.039217666,0.02248394,0.029030884,0.009259258,0,0
78559,0,0.041239243,0.02248394,0.035837315,0.009259258,0,0
78560,0,0.038994472,0.02248394,0.04789968,0.017391304,0,0
78561,0,0.02821906,0.004761905,0.02881852,0.009259258,0,0
78562,0,0.03848783,0.02248394,0.019293785,0.0013605442,0,0
78563,0,0.044920024,0.02248394,0.023949632,0.009259258,0,0
78564,0,0.086924925,0.035928145,0.026919885,0.009259258,0,0
78565,0,0.10696107,0.057771664,0.04937437,0.017391304,0,0
78566,0,0.083129264,0.035928145,0.057962608,0.025263159,0,0
78567,0,0.09776079,0.057771664,0.09255601,0.04532967,0,0
78568,0,0.07916193,0.035928145,0.09525939,0.04532967,0,0
78569,0,0.042348865,0.02248394,0.06381071,0.025263159,0,0
78570,0,0.07210388,0.035928145,0.07964015,0.04532967,0,0
78571,0,0.060416162,0.035928145,0.078508966,0.04532967,0,0
78572,0,0.055275906,0.027237354,0.050364275,0.017391304,0,0
78573,0,0.043802515,0.02248394,0.047802567,0.017391304,0,0
78574,0,0.07076474,0.035928145,0.079050176,0.04532967,0,0
78575,0,0.072408795,0.035928145,0.071270555,0.025263159,0,0
78576,0,0.06352294,0.035928145,0.049160738,0.017391304,0,0
78577,0,0.053990413,0.027237354,0.035340168,0.009259258,0,0
78578,0,0.06604211,0.035928145,0.044542793,0.017391304,0,0
78579,0,0.06553994,0.035928145,0.067268334,0.025263159,0,0
78580,0,0.050438534,0.02248394,0.033360112,0.009259258,0,0
78581,0,0.033546615,0.02248394,0.031898186,0.009259258,0,0
78582,0,0.039539143,0.02248394,0.05992632,0.025263159,0,0
78583,0,0.04034696,0.02248394,0.05891574,0.025263159,0,0
78584,0,0.052399047,0.027237354,0.061882984,0.025263159,0,0
78585,0,0.045575697,0.02248394,0.10130665,0.04532967,0,0
78586,0,0.044060577,0.02248394,0.06238858,0.025263159,0,0
78587,0,0.042127397,0.02248394,0.043986615,0.017391304,0,0
78588,0,0.06233551,0.035928145,0.04266084,0.017391304,0,0
78589,0,0.067495875,0.035928145,0.06343217,0.025263159,0,0
78590,0,0.08351808,0.035928145,0.07922185,0.04532967,0,0
78591,0,0.04917582,0.02248394,0.04924258,0.017391304,0,0
78592,0,0.09379821,0.057771664,0.10106291,0.04532967,0,0
78593,0,0.12711275,0.057771664,0.12670396,0.078028746,0,0
78594,0,0.07258915,0.035928145,0.06846628,0.025263159,0,0
78595,0,0.06477642,0.035928145,0.0689599,0.025263159,0,0
78596,0,0.13657792,0.06153846,0.13532586,0.08955224,0,0
78597,0,0.13607958,0.06153846,0.11845064,0.078028746,0,0
78598,0,0.1527978,0.1554054,0.15336652,0.092920355,0,0
78599,0,0.12845433,0.057771664,0.10658391,0.05050505,0,0
78600,0,0.09274969,0.057771664,0.099486984,0.04532967,0,0
78601,0,0.120834954,0.057771664,0.12449891,0.078028746,0,0
78602,0,0.09243293,0.057771664,0.10846042,0.06716418,0,0
78603,0,0.09372718,0.057771664,0.13583277,0.08955224,0,0
78604,0,0.08175587,0.035928145,0.059197273,0.025263159,0,0
78605,0,0.07779088,0.035928145,0.087750755,0.04532967,0,0
78606,0,0.137764,0.06153846,0.139434,0.092920355,0,0
78607,0,0.09435435,0.057771664,0.07438885,0.04532967,0,0
78608,0,0.0871144,0.035928145,0.09675085,0.04532967,0,0
78609,0,0.07868545,0.035928145,0.04745747,0.017391304,0,0
78610,0,0.07633216,0.035928145,0.09184501,0.04532967,0,0
78611,0,0.08945134,0.05263158,0.11198579,0.06716418,0,0
78612,0,0.093776494,0.057771664,0.13063496,0.078028746,0,0
78613,0,0.0902155,0.05263158,0.15496634,0.092920355,0,0
78614,0,0.10886798,0.057771664,0.08946977,0.04532967,0,0
78615,0,0.07568322,0.035928145,0.07086289,0.025263159,0,0
78616,0,0.091951564,0.057771664,0.1009214,0.04532967,0,0
78617,0,0.06967946,0.035928145,0.076319955,0.04532967,0,0
78618,0,0.08247925,0.035928145,0.10578065,0.05050505,0,0
78619,0,0.085904144,0.035928145,0.10056519,0.04532967,0,0
78620,0,0.08213683,0.035928145,0.07672568,0.04532967,0,0
78621,0,0.078852534,0.035928145,0.0686817,0.025263159,0,0
78622,0,0.08101655,0.035928145,0.07631775,0.04532967,0,0
78623,0,0.07054262,0.035928145,0.08264907,0.04532967,0,0
78624,0,0.06847993,0.035928145,0.07250031,0.025263159,0,0
78625,0,0.031386472,0.02248394,0.052979376,0.025263159,0,0
78626,0,0.058091648,0.035928145,0.07929348,0.04532967,0,0
78627,0,0.04527474,0.02248394,0.05485151,0.025263159,0,0
78628,0,0.056050636,0.027237354,0.045431864,0.017391304,0,0
78629,0,0.046615053,0.02248394,0.041605856,0.017391304,0,0
78630,0,0.040843397,0.02248394,0.072557405,0.025263159,0,0
78631,0,0.094640516,0.057771664,0.116214395,0.078028746,0,0
78632,0,0.08018182,0.035928145,0.11280185,0.06716418,0,0
78633,0,0.0843202,0.035928145,0.14468092,0.092920355,0,0
78634,0,0.079525575,0.035928145,0.17124182,0.09982175,0,0
78635,0,0.092247576,0.057771664,0.12881841,0.078028746,0,0
78636,0,0.11555211,0.057771664,0.16138053,0.092920355,0,0
78637,0,0.14937736,0.125,0.2257176,0.10289389,0,0
78638,0,0.116469696,0.057771664,0.18654145,0.09982175,0,0
78639,1,0.07480758,0.035928145,0.14518405,0.092920355,0,0
78640,0,0.17527524,0.1554054,0.15848292,0.092920355,0,0
78641,0,0.11759658,0.057771664,0.22604388,0.10289389,0,0
78642,0,0.11735624,0.057771664,0.15016367,0.092920355,0,0
78643,0,0.10963096,0.057771664,0.15866709,0.092920355,0,0
78644,0,0.16765286,0.1554054,0.23321411,0.10289389,0,0
78645,0,0.10970188,0.057771664,0.120338485,0.078028746,0,0
78646,0,0.10862511,0.057771664,0.14942701,0.092920355,0,0
78647,0,0.09856154,0.057771664,0.117039025,0.078028746,0,0
78648,0,0.14519082,0.06153846,0.14449167,0.092920355,0,0
78649,1,0.11742484,0.057771664,0.08238353,0.04532967,0,0
78650,0,0.27210206,0.37096775,0.1580149,0.092920355,0,0
78651,0,0.046142727,0.02248394,0.15266478,0.092920355,0,0
78652,0,0.108533084,0.057771664,0.18887357,0.09982175,0,0
78653,0,0.05610256,0.027237354,0.097215556,0.04532967,0,0
78654,0,0.071176775,0.035928145,0.07390431,0.030951774,0,0
78655,0,0.06378384,0.035928145,0.08541602,0.04532967,0,0
78656,0,0.058393184,0.035928145,0.09099713,0.04532967,0,0
78657,0,0.05908174,0.035928145,0.087512,0.04532967,0,0
78658,0,0.07320873,0.035928145,0.09947585,0.04532967,0,0
78659,0,0.097857274,0.057771664,0.10885338,0.06716418,0,0
78660,0,0.10767934,0.057771664,0.10657642,0.05050505,0,0
78661,0,0.09549591,0.057771664,0.12673765,0.078028746,0,0
78662,0,0.12915488,0.057771664,0.1294964,0.078028746,0,0
78663,0,0.08039372,0.035928145,0.10755294,0.06716418,0,0
78664,0,0.11976398,0.057771664,0.12272372,0.078028746,0,0
78665,0,0.10184615,0.057771664,0.12893836,0.078028746,0,0
78666,0,0.081141144,0.035928145,0.11972065,0.078028746,0,0
78667,0,0.093914665,0.057771664,0.10097418,0.04532967,0,0
78668,0,0.061955296,0.035928145,0.11785477,0.078028746,0,0
78669,0,0.051614087,0.027237354,0.08460537,0.04532967,0,0
78670,0,0.0638007,0.035928145,0.07593177,0.04532967,0,0
78671,0,0.050867632,0.02248394,0.10076165,0.04532967,0,0
78672,0,0.055796064,0.027237354,0.08124272,0.04532967,0,0
78673,0,0.06634443,0.035928145,0.09847599,0.04532967,0,0
78674,0,0.046827417,0.02248394,0.056549788,0.025263159,0,0
78675,0,0.0488137,0.02248394,0.06926938,0.025263159,0,0
78676,0,0.04756055,0.02248394,0.084523685,0.04532967,0,0
78677,0,0.07128189,0.035928145,0.0779343,0.04532967,0,0
78678,0,0.08482544,0.035928145,0.118822254,0.078028746,0,0
78679,0,0.05198168,0.027237354,0.070102654,0.025263159,0,0
78680,0,0.07307565,0.035928145,0.09126785,0.04532967,0,0
78681,0,0.061783962,0.035928145,0.07347034,0.025263159,0,0
78682,0,0.0812864,0.035928145,0.12084997,0.078028746,0,0
78683,0,0.08244496,0.035928145,0.09866284,0.04532967,0,0
78684,0,0.089072466,0.035928145,0.089536704,0.04532967,0,0
78685,0,0.09533599,0.057771664,0.16083418,0.092920355,0,0
78686,0,0.09421483,0.057771664,0.10939317,0.06716418,0,0
78687,0,0.12022639,0.057771664,0.18596484,0.09982175,0,0
78688,0,0.0869625,0.035928145,0.12460795,0.078028746,0,0
78689,0,0.09400417,0.057771664,0.13478698,0.08955224,0,0
78690,1,0.083641894,0.035928145,0.1452658,0.092920355,0,0
78691,1,0.33586735,0.37096775,0.21545726,0.10191609,0,0
78692,0,0.28007898,0.37096775,0.16579612,0.09982175,0,0
78693,0,0.101465136,0.057771664,0.15595105,0.092920355,0,0
78694,0,0.1619481,0.1554054,0.16556834,0.09982175,0,0
78695,0,0.11210551,0.057771664,0.1248503,0.078028746,0,0
78696,0,0.14416006,0.06153846,0.16657789,0.09982175,0,0
78697,0,0.09122099,0.057771664,0.15444967,0.092920355,0,0
78698,0,0.12425198,0.057771664,0.17181014,0.09982175,0,0
78699,0,0.082184136,0.035928145,0.10726624,0.06716418,0,0
78700,0,0.08499932,0.035928145,0.17744681,0.09982175,0,0
78701,0,0.08843451,0.035928145,0.21531397,0.09982175,0,0
78702,0,0.12906763,0.057771664,0.2269145,0.10289389,0,0
78703,0,0.10501937,0.057771664,0.09601028,0.04532967,0,0
78704,0,0.103938036,0.057771664,0.18789095,0.09982175,0,0
78705,0,0.081267,0.035928145,0.112606235,0.06716418,0,0
78706,0,0.10041752,0.057771664,0.20530319,0.09982175,0,0
78707,1,0.08952359,0.05263158,0.17078461,0.09982175,0,0
78708,0,0.1491029,0.0952381,0.1967285,0.09982175,0,0
78709,0,0.11884723,0.057771664,0.12683216,0.078028746,0,0
78710,0,0.079912126,0.035928145,0.11851276,0.078028746,0,0
78711,0,0.1106816,0.057771664,0.1678327,0.09982175,0,0
78712,1,0.1242293,0.057771664,0.20685607,0.09982175,0,0
78713,0,0.13202895,0.06153846,0.15639196,0.092920355,0,0
78714,0,0.09404918,0.057771664,0.16677922,0.09982175,0,0
78715,0,0.1561584,0.1554054,0.20184258,0.09982175,0,0
78716,0,0.11837029,0.057771664,0.16625345,0.09982175,0,0
78717,1,0.12054179,0.057771664,0.16996616,0.09982175,0,0
78718,1,0.17921333,0.17142858,0.19753632,0.09982175,0,0
78719,1,0.2974679,0.37096775,0.24365911,0.10289389,0,0
78720,1,0.34406537,0.37096775,0.2368688,0.10289389,0,0
78721,1,0.46558383,0.62068963,0.2047283,0.09982175,0,0
78722,1,0.42227077,0.62068963,0.21296105,0.09982175,0,0
78723,0,0.3370314,0.37096775,0.20760834,0.09982175,0,0
78724,0,0.30104393,0.37096775,0.21356535,0.09982175,0,0
78725,0,0.15612723,0.1554054,0.19183747,0.09982175,0,0
78726,0,0.20125179,0.17333333,0.21723168,0.10289389,0,0
78727,0,0.15023421,0.125,0.16105112,0.092920355,0,0
78728,0,0.12564343,0.057771664,0.15903728,0.092920355,0,0
78729,0,0.1392503,0.06153846,0.19942753,0.09982175,0,0
78730,0,0.14657995,0.0952381,0.15471762,0.092920355,0,0
78731,0,0.1733634,0.1554054,0.14934304,0.092920355,0,0
78732,0,0.1751978,0.1554054,0.20648466,0.09982175,0,0
78733,0,0.095896795,0.057771664,0.13879833,0.092920355,0,0
78734,0,0.10398568,0.057771664,0.15062726,0.092920355,0,0
78735,0,0.12488159,0.057771664,0.14776874,0.092920355,0,0
78736,0,0.09086735,0.057771664,0.1554061,0.092920355,0,0
78737,0,0.08487697,0.035928145,0.14808585,0.092920355,0,0
78738,0,0.048744727,0.02248394,0.11834897,0.078028746,0,0
78739,0,0.081027895,0.035928145,0.12392758,0.078028746,0,0
78740,0,0.13770296,0.06153846,0.17410067,0.09982175,0,0
78741,0,0.112533,0.057771664,0.17068827,0.09982175,0,0
78742,0,0.12397777,0.057771664,0.16160296,0.092920355,0,0
78743,0,0.121864825,0.057771664,0.15880561,0.092920355,0,0
78744,0,0.124977,0.057771664,0.13347083,0.078028746,0,0
78745,0,0.09070905,0.057771664,0.11625524,0.078028746,0,0
78746,0,0.10072007,0.057771664,0.10395354,0.05050505,0,0
78747,0,0.09200218,0.057771664,0.11369414,0.078028746,0,0
78748,0,0.070203945,0.035928145,0.11953063,0.078028746,0,0
78749,0,0.09574629,0.057771664,0.12659127,0.078028746,0,0
78750,0,0.13334538,0.06153846,0.1947895,0.09982175,0,0
78751,0,0.06397601,0.035928145,0.09777004,0.04532967,0,0
78752,0,0.10984979,0.057771664,0.12084375,0.078028746,0,0
78753,0,0.11531164,0.057771664,0.12139982,0.078028746,0,0
78754,0,0.12348993,0.057771664,0.21978547,0.10289389,0,0
78755,0,0.13807304,0.06153846,0.17819333,0.09982175,0,0
78756,0,0.17764656,0.17142858,0.19529706,0.09982175,0,0
78757,0,0.1578816,0.1554054,0.18208584,0.09982175,0,0
78758,0,0.16070296,0.1554054,0.25636715,0.10289389,0,0
78759,0,0.09326035,0.057771664,0.15721859,0.092920355,0,0
78760,0,0.11790945,0.057771664,0.14974222,0.092920355,0,0
78761,0,0.1272348,0.057771664,0.15669976,0.092920355,0,0
78762,0,0.1358609,0.06153846,0.18850073,0.09982175,0,0
78763,0,0.11458625,0.057771664,0.18519336,0.09982175,0,0
78764,0,0.095445655,0.057771664,0.17907414,0.09982175,0,0
78765,0,0.09101884,0.057771664,0.15313472,0.092920355,0,0
78766,0,0.07864592,0.035928145,0.19074522,0.09982175,0,0
78767,0,0.08718845,0.035928145,0.18142354,0.09982175,0,0
78768,1,0.068189576,0.035928145,0.100967884,0.04532967,0,0
78769,0,0.11204571,0.057771664,0.14107345,0.092920355,0,0
78770,0,0.12525544,0.057771664,0.14313844,0.092920355,0,0
78771,1,0.09103614,0.057771664,0.11980934,0.078028746,0,0
78772,0,0.15968023,0.1554054,0.17916095,0.09982175,0,0
78773,0,0.12605225,0.057771664,0.17260295,0.09982175,0,0
78774,0,0.15889911,0.1554054,0.17675321,0.09982175,0,0
78775,0,0.18006955,0.17142858,0.18791635,0.09982175,0,0
78776,0,0.15671349,0.1554054,0.19146916,0.09982175,0,0
78777,0,0.18061246,0.17142858,0.18514995,0.09982175,0,0
78778,0,0.15060854,0.125,0.19316375,0.09982175,0,0
78779,0,0.1699513,0.1554054,0.18151301,0.09982175,0,0
78780,0,0.15284252,0.1554054,0.19492969,0.09982175,0,0
78781,0,0.14205177,0.06153846,0.21056627,0.09982175,0,0
78782,0,0.121284805,0.057771664,0.17722312,0.09982175,0,0
78783,0,0.15427977,0.1554054,0.21953197,0.10289389,0,0
78784,0,0.08957028,0.05263158,0.17576514,0.09982175,0,0
78785,0,0.082326,0.035928145,0.18062942,0.09982175,0,0
78786,0,0.11537371,0.057771664,0.1628832,0.092920355,0,0
78787,0,0.056371816,0.03448276,0.16130722,0.092920355,0,0
78788,0,0.063247666,0.035928145,0.15201901,0.092920355,0,0
78789,0,0.074450366,0.035928145,0.23810714,0.10289389,0,0
78790,0,0.08150719,0.035928145,0.1938293,0.09982175,0,0
78791,0,0.061256,0.035928145,0.17946126,0.09982175,0,0
78792,0,0.089196965,0.05263158,0.18582013,0.09982175,0,0
78793,0,0.09388446,0.057771664,0.23917252,0.10289389,0,0
78794,0,0.092969686,0.057771664,0.18093023,0.09982175,0,0
78795,0,0.080369875,0.035928145,0.25101775,0.10289389,0,0
78796,0,0.08232411,0.035928145,0.29851773,0.11621621,0,0
78797,0,0.075902134,0.035928145,0.2314547,0.10289389,0,0
78798,0,0.09775066,0.057771664,0.1639935,0.09982175,0,0
78799,0,0.07149157,0.035928145,0.17280248,0.09982175,0,0
78800,0,0.091530874,0.057771664,0.14376996,0.092920355,0,0
78801,0,0.090225756,0.05263158,0.16179802,0.092920355,0,0
78802,0,0.08859129,0.035928145,0.24764179,0.10289389,0,0
78803,0,0.074293144,0.035928145,0.15356694,0.092920355,0,0
78804,0,0.09963442,0.057771664,0.2574344,0.10289389,0,0
78805,0,0.04959345,0.02248394,0.1585298,0.092920355,0,0
78806,0,0.049723256,0.02248394,0.21794528,0.10289389,0,0
78807,0,0.058626004,0.035928145,0.19126484,0.09982175,0,0
78808,0,0.064911485,0.035928145,0.21524006,0.09982175,0,0
78809,0,0.07061849,0.035928145,0.20566359,0.09982175,0,0
78810,0,0.056526095,0.03448276,0.22251703,0.10289389,0,0
78811,0,0.07513443,0.035928145,0.25837573,0.10289389,0,0
78812,0,0.06158665,0.035928145,0.2623882,0.10289389,0,0
78813,0,0.07553305,0.035928145,0.23278981,0.10289389,0,0
78814,0,0.078527614,0.035928145,0.22818057,0.10289389,0,0
78815,0,0.053153448,0.027237354,0.14606899,0.092920355,0,0
78816,0,0.073414125,0.035928145,0.20598821,0.09982175,0,0
78817,0,0.071608335,0.035928145,0.23175614,0.10289389,0,0
78818,0,0.07013519,0.035928145,0.19739997,0.09982175,0,0
78819,0,0.056198765,0.027237354,0.093073525,0.04532967,0,0
78820,0,0.06394724,0.035928145,0.13886239,0.092920355,0,0
78821,0,0.055768188,0.027237354,0.14035952,0.092920355,0,0
78822,0,0.07396587,0.035928145,0.12664528,0.078028746,0,0
78823,0,0.05833591,0.035928145,0.080741145,0.04532967,0,0
78824,0,0.094823554,0.057771664,0.106352784,0.05050505,0,0
78825,0,0.09563746,0.057771664,0.13232733,0.078028746,0,0
78826,0,0.08382655,0.035928145,0.10849846,0.06716418,0,0
78827,0,0.06764946,0.035928145,0.08907014,0.04532967,0,0
78828,0,0.05142649,0.027237354,0.080111146,0.04532967,0,0
78829,0,0.0651903,0.035928145,0.08354736,0.04532967,0,0
78830,0,0.05538838,0.027237354,0.08276483,0.04532967,0,0
78831,0,0.08235016,0.035928145,0.11753136,0.078028746,0,0
78832,0,0.04771107,0.02248394,0.100794725,0.04532967,0,0
78833,0,0.06316556,0.035928145,0.09728656,0.04532967,0,0
78834,0,0.07227078,0.035928145,0.108881995,0.06716418,0,0
78835,0,0.06688846,0.035928145,0.0929727,0.04532967,0,0
78836,0,0.076905064,0.035928145,0.08526639,0.04532967,0,0
78837,0,0.044196423,0.02248394,0.0775636,0.04532967,0,0
78838,0,0.06600726,0.035928145,0.086587176,0.04532967,0,0
78839,0,0.06388314,0.035928145,0.0625811,0.025263159,0,0
78840,0,0.07243855,0.035928145,0.074702315,0.04532967,0,0
78841,0,0.055569857,0.027237354,0.08371764,0.04532967,0,0
78842,0,0.07909561,0.035928145,0.07865327,0.04532967,0,0
78843,0,0.07676362,0.035928145,0.08199351,0.04532967,0,0
78844,0,0.06559284,0.035928145,0.07068953,0.025263159,0,0
78845,0,0.063154444,0.035928145,0.08175364,0.04532967,0,0
78846,0,0.05068859,0.02248394,0.11464271,0.078028746,0,0
78847,0,0.054949954,0.027237354,0.06525027,0.025263159,0,0
78848,0,0.06971005,0.035928145,0.09289826,0.04532967,0,0
78849,0,0.053483583,0.027237354,0.07669572,0.04532967,0,0
78850,0,0.05838112,0.035928145,0.048679892,0.017391304,0,0
78851,0,0.05126124,0.027237354,0.03853179,0.009259258,0,0
78852,0,0.083518595,0.035928145,0.060139116,0.025263159,0,0
78853,0,0.0675985,0.035928145,0.07173627,0.025263159,0,0
78854,0,0.08391377,0.035928145,0.08218655,0.04532967,0,0
78855,0,0.06292381,0.035928145,0.05878708,0.025263159,0,0
78856,0,0.06741405,0.035928145,0.09568505,0.04532967,0,0
78857,0,0.05325048,0.027237354,0.058119062,0.025263159,0,0
78858,0,0.07197274,0.035928145,0.07252454,0.025263159,0,0
78859,0,0.0692797,0.035928145,0.056993965,0.025263159,0,0
78860,0,0.0753902,0.035928145,0.08177031,0.04532967,0,0
78861,0,0.042745836,0.02248394,0.050409902,0.017391304,0,0
78862,0,0.061839003,0.035928145,0.05712377,0.025263159,0,0
78863,0,0.04996817,0.02248394,0.07904605,0.04532967,0,0
78864,0,0.04021874,0.02248394,0.064216346,0.025263159,0,0
78865,0,0.043918863,0.02248394,0.048349507,0.017391304,0,0
78866,0,0.0425286,0.02248394,0.03639285,0.009259258,0,0
78867,0,0.02547306,0.004761905,0.039623905,0.009259258,0,0
78868,0,0.020977953,0.0017482517,0.041144364,0.009259258,0,0
78869,0,0.032657664,0.02248394,0.049834386,0.017391304,0,0
78870,0,0.037739493,0.02248394,0.06272162,0.025263159,0,0
78871,0,0.03061535,0.02248394,0.059990082,0.025263159,0,0
78872,0,0.039311554,0.02248394,0.039871357,0.009259258,0,0
78873,0,0.03488262,0.02248394,0.05865921,0.025263159,0,0
78874,0,0.07868886,0.035928145,0.08733075,0.04532967,0,0
78875,0,0.052133385,0.027237354,0.0668816,0.025263159,0,0
78876,0,0.04269966,0.02248394,0.06983165,0.025263159,0,0
78877,0,0.0339072,0.02248394,0.04896372,0.017391304,0,0
78878,0,0.052526124,0.027237354,0.07252781,0.025263159,0,0
78879,0,0.028578537,0.004761905,0.050521825,0.017391304,0,0
78880,0,0.054245397,0.027237354,0.059321363,0.025263159,0,0
78881,0,0.037081264,0.02248394,0.045905616,0.017391304,0,0
78882,0,0.052994266,0.027237354,0.065718815,0.025263159,0,0
78883,0,0.057038844,0.035928145,0.05991923,0.025263159,0,0
78884,0,0.05066825,0.02248394,0.06273194,0.025263159,0,0
78885,0,0.0554348,0.027237354,0.06467308,0.025263159,0,0
78886,0,0.0785339,0.035928145,0.06157726,0.025263159,0,0
78887,0,0.07288396,0.035928145,0.08614795,0.04532967,0,0
78888,0,0.04731062,0.02248394,0.06388387,0.025263159,0,0
78889,0,0.038721044,0.02248394,0.076858856,0.04532967,0,0
78890,0,0.045639843,0.02248394,0.0496914,0.017391304,0,0
78891,0,0.046379168,0.02248394,0.058496032,0.025263159,0,0
78892,0,0.042438954,0.02248394,0.05591847,0.025263159,0,0
78893,0,0.03887445,0.02248394,0.05093818,0.017391304,0,0
78894,0,0.058084562,0.035928145,0.079647616,0.04532967,0,0
78895,0,0.03135454,0.02248394,0.052166846,0.017391304,0,0
78896,0,0.038587928,0.02248394,0.056151554,0.025263159,0,0
78897,1,0.041716237,0.02248394,0.06142727,0.025263159,0,0
78898,0,0.096034944,0.057771664,0.056078184,0.025263159,0,0
78899,0,0.07820189,0.035928145,0.05981434,0.025263159,0,0
78900,0,0.06372333,0.035928145,0.058976967,0.025263159,0,0
78901,0,0.055156004,0.027237354,0.05427102,0.025263159,0,0
78902,0,0.04567936,0.02248394,0.03662096,0.009259258,0,0
78903,0,0.076931454,0.035928145,0.05703946,0.025263159,0,0
78904,0,0.04639873,0.02248394,0.042620316,0.017391304,0,0
78905,0,0.073738046,0.035928145,0.06348627,0.025263159,0,0
78906,0,0.079494074,0.035928145,0.06270186,0.025263159,0,0
78907,0,0.0490331,0.02248394,0.052478965,0.017391304,0,0
78908,0,0.09481952,0.057771664,0.06565678,0.025263159,0,0
78909,0,0.06442979,0.035928145,0.045690745,0.017391304,0,0
78910,0,0.05259484,0.027237354,0.04371072,0.017391304,0,0
78911,0,0.04425691,0.02248394,0.04489782,0.017391304,0,0
78912,0,0.08454258,0.035928145,0.0488923,0.017391304,0,0
78913,0,0.077655576,0.035928145,0.064927235,0.025263159,0,0
78914,0,0.05511549,0.027237354,0.06081777,0.025263159,0,0
78915,0,0.05723613,0.035928145,0.060056455,0.025263159,0,0
78916,0,0.04490329,0.02248394,0.046590574,0.017391304,0,0
78917,0,0.06535115,0.035928145,0.056227073,0.025263159,0,0
78918,0,0.04556115,0.02248394,0.0552844,0.025263159,0,0
78919,0,0.05656139,0.03448276,0.064328395,0.025263159,0,0
78920,0,0.059149336,0.035928145,0.08028056,0.04532967,0,0
78921,0,0.06952935,0.035928145,0.11180606,0.06716418,0,0
78922,0,0.10340782,0.057771664,0.13116175,0.078028746,0,0
78923,0,0.056924567,0.035928145,0.08273643,0.04532967,0,0
78924,0,0.06484775,0.035928145,0.09264406,0.04532967,0,0
78925,0,0.051057007,0.02248394,0.066500776,0.025263159,0,0
78926,0,0.105818026,0.057771664,0.07501063,0.04532967,0,0
78927,0,0.061746247,0.035928145,0.08916921,0.04532967,0,0
78928,0,0.08097419,0.035928145,0.08667382,0.04532967,0,0
78929,0,0.056005392,0.027237354,0.0762563,0.04532967,0,0
78930,0,0.06728653,0.035928145,0.14711772,0.092920355,0,0
78931,0,0.05760495,0.035928145,0.14421523,0.092920355,0,0
78932,0,0.07855847,0.035928145,0.11412164,0.078028746,0,0
78933,0,0.035997763,0.02248394,0.09125481,0.04532967,0,0
78934,0,0.04849628,0.02248394,0.09833122,0.04532967,0,0
78935,0,0.06383533,0.035928145,0.057027623,0.025263159,0,0
78936,0,0.04886633,0.02248394,0.07833242,0.04532967,0,0
78937,0,0.052351587,0.027237354,0.08185751,0.04532967,0,0
78938,0,0.0664671,0.035928145,0.07152822,0.025263159,0,0
78939,0,0.047756087,0.02248394,0.08550988,0.04532967,0,0
78940,0,0.04136205,0.02248394,0.09298807,0.04532967,0,0
78941,0,0.057479262,0.035928145,0.11587313,0.078028746,0,0
78942,0,0.040326133,0.02248394,0.09593165,0.04532967,0,0
78943,0,0.0542458,0.027237354,0.09258123,0.04532967,0,0
78944,0,0.042969283,0.02248394,0.10377388,0.05050505,0,0
78945,0,0.04310125,0.02248394,0.07193241,0.025263159,0,0
78946,0,0.07914582,0.035928145,0.10147315,0.04532967,0,0
78947,0,0.060839325,0.035928145,0.14403862,0.092920355,0,0
78948,0,0.062157255,0.035928145,0.120901465,0.078028746,0,0
78949,0,0.039851554,0.02248394,0.13789855,0.092920355,0,0
78950,0,0.07600226,0.035928145,0.13029775,0.078028746,0,0
78951,0,0.050215352,0.02248394,0.09265492,0.04532967,0,0
78952,0,0.07916083,0.035928145,0.15920083,0.092920355,0,0
78953,0,0.055273257,0.027237354,0.08962111,0.04532967,0,0
78954,0,0.082828216,0.035928145,0.13127889,0.078028746,0,0
78955,0,0.08819401,0.035928145,0.09010382,0.04532967,0,0
78956,0,0.076794125,0.035928145,0.10355184,0.05050505,0,0
78957,0,0.05521722,0.027237354,0.15047368,0.092920355,0,0
78958,0,0.0749816,0.035928145,0.2278021,0.10289389,0,0
78959,0,0.054134905,0.027237354,0.13086177,0.078028746,0,0
78960,0,0.08560111,0.035928145,0.26507112,0.10289389,0,0
78961,0,0.075355135,0.035928145,0.17938392,0.09982175,0,0
78962,0,0.09344441,0.057771664,0.15176813,0.092920355,0,0
78963,0,0.048982743,0.02248394,0.18528502,0.09982175,0,0
78964,0,0.06732758,0.035928145,0.18911964,0.09982175,0,0
78965,0,0.06859339,0.035928145,0.15708436,0.092920355,0,0
78966,0,0.063723035,0.035928145,0.17030494,0.09982175,0,0
78967,0,0.061362565,0.035928145,0.1190029,0.078028746,0,0
78968,0,0.060139045,0.035928145,0.1357069,0.08955224,0,0
78969,0,0.116990186,0.057771664,0.17241885,0.09982175,0,0
78970,0,0.13856636,0.06153846,0.20891614,0.09982175,0,0
78971,0,0.14788568,0.0952381,0.28316262,0.11621621,0,0
78972,0,0.08222604,0.035928145,0.18926309,0.09982175,0,0
78973,0,0.08846095,0.035928145,0.25366548,0.10289389,0,0
78974,0,0.09587751,0.057771664,0.16683014,0.09982175,0,0
78975,0,0.096349016,0.057771664,0.25419605,0.10289389,0,0
78976,0,0.0815454,0.035928145,0.13114226,0.078028746,0,0
78977,0,0.09558957,0.057771664,0.22144444,0.10289389,0,0
78978,0,0.045999877,0.02248394,0.19205044,0.09982175,0,0
78979,0,0.03902318,0.02248394,0.12486068,0.078028746,0,0
78980,0,0.08229333,0.035928145,0.17763257,0.09982175,0,0
78981,0,0.058782283,0.035928145,0.16523397,0.09982175,0,0
78982,0,0.074883446,0.035928145,0.11351859,0.078028746,0,0
78983,0,0.070493676,0.035928145,0.13234945,0.078028746,0,0
78984,0,0.043322932,0.02248394,0.11855904,0.078028746,0,0
78985,0,0.049678564,0.02248394,0.11548878,0.078028746,0,0
78986,0,0.052442025,0.027237354,0.091672435,0.04532967,0,0
78987,0,0.057573497,0.035928145,0.19479969,0.09982175,0,0
78988,0,0.04110991,0.02248394,0.17431219,0.09982175,0,0
78989,0,0.056085665,0.027237354,0.18578914,0.09982175,0,0
78990,0,0.06070225,0.035928145,0.22864516,0.10289389,0,0
78991,0,0.07698062,0.035928145,0.2811449,0.11621621,0,0
78992,0,0.07995953,0.035928145,0.25929174,0.10289389,0,0
78993,0,0.054426566,0.027237354,0.1657789,0.09982175,0,0
78994,0,0.07600709,0.035928145,0.12048523,0.078028746,0,0
78995,0,0.084995896,0.035928145,0.24210341,0.10289389,0,0
78996,0,0.06549262,0.035928145,0.13877241,0.092920355,0,0
78997,0,0.113319725,0.057771664,0.14941385,0.092920355,0,0
78998,0,0.06331298,0.035928145,0.10146922,0.04532967,0,0
78999,0,0.072380915,0.035928145,0.17905317,0.09982175,0,0
79000,0,0.08994749,0.05263158,0.1842409,0.09982175,0,0
79001,0,0.091652125,0.057771664,0.29225132,0.11621621,0,0
79002,0,0.08705657,0.035928145,0.22925481,0.10289389,0,0
79003,0,0.10191621,0.057771664,0.1850942,0.09982175,0,0
79004,0,0.11498759,0.057771664,0.23012225,0.10289389,0,0
79005,0,0.089759536,0.05263158,0.22551985,0.10289389,0,0
79006,0,0.07145997,0.035928145,0.16908124,0.09982175,0,0
79007,0,0.086440966,0.035928145,0.28658327,0.11621621,0,0
79008,0,0.06365546,0.035928145,0.2332098,0.10289389,0,0
79009,0,0.0649473,0.035928145,0.19261493,0.09982175,0,0
79010,0,0.09007542,0.05263158,0.2537166,0.10289389,0,0
79011,0,0.061834756,0.035928145,0.21847802,0.10289389,0,0
79012,0,0.07382735,0.035928145,0.1675334,0.09982175,0,0
79013,0,0.06774869,0.035928145,0.17912632,0.09982175,0,0
79014,0,0.07973898,0.035928145,0.2159407,0.10289389,0,0
79015,0,0.096237645,0.057771664,0.2843512,0.11621621,0,0
79016,0,0.060445793,0.035928145,0.27076322,0.11621621,0,0
79017,0,0.064867474,0.035928145,0.24486518,0.10289389,0,0
79018,0,0.07104943,0.035928145,0.21372259,0.09982175,0,0
79019,0,0.04794209,0.02248394,0.2682752,0.11621621,0,0
79020,0,0.043069124,0.02248394,0.18809788,0.09982175,0,0
79021,0,0.04607366,0.02248394,0.1853977,0.09982175,0,0
79022,0,0.04740325,0.02248394,0.2982452,0.11621621,0,0
79023,0,0.08721014,0.035928145,0.37107223,0.11621621,0,0
79024,0,0.07670614,0.035928145,0.3634909,0.11621621,0,0
79025,0,0.080454744,0.035928145,0.30521506,0.11621621,0,0
79026,0,0.087383844,0.035928145,0.24855389,0.10289389,0,0
79027,0,0.10241246,0.057771664,0.2340897,0.10289389,0,0
79028,0,0.082202934,0.035928145,0.25938532,0.10289389,0,0
79029,0,0.079481564,0.035928145,0.26994705,0.11621621,0,0
79030,0,0.10570393,0.057771664,0.30844954,0.11621621,0,0
79031,0,0.11441561,0.057771664,0.33641732,0.11621621,0,0
79032,0,0.076636314,0.035928145,0.20009202,0.09982175,0,0
79033,0,0.11185635,0.057771664,0.19246075,0.09982175,0,0
79034,0,0.08745443,0.035928145,0.20381896,0.09982175,0,0
79035,0,0.07286048,0.035928145,0.262526,0.10289389,0,0
79036,0,0.072812304,0.035928145,0.23674983,0.10289389,0,0
79037,0,0.06480657,0.035928145,0.16968253,0.09982175,0,0
79038,0,0.06656883,0.035928145,0.21845467,0.10289389,0,0
79039,0,0.07251912,0.035928145,0.17629878,0.09982175,0,0
79040,0,0.07761174,0.035928145,0.20687628,0.09982175,0,0
79041,0,0.064805694,0.035928145,0.1538314,0.092920355,0,0
79042,0,0.09201873,0.057771664,0.107648484,0.06716418,0,0
79043,0,0.08716161,0.035928145,0.20549342,0.09982175,0,0
79044,0,0.073926575,0.035928145,0.15224202,0.092920355,0,0
79045,0,0.06639988,0.035928145,0.13312803,0.078028746,0,0
79046,0,0.07852304,0.035928145,0.18643215,0.09982175,0,0
79047,1,0.13395801,0.06153846,0.3202972,0.11621621,0,0
79048,1,0.1413997,0.06153846,0.2893471,0.11621621,0,0
79049,0,0.28913674,0.37096775,0.3066605,0.11621621,0,0
79050,0,0.15158065,0.1554054,0.31462237,0.11621621,0,0
79051,0,0.104995795,0.057771664,0.19266376,0.09982175,0,0
79052,0,0.09414998,0.057771664,0.36616692,0.11621621,0,0
79053,0,0.11589669,0.057771664,0.26392502,0.10289389,0,0
79054,0,0.091704935,0.057771664,0.1775075,0.09982175,0,0
79055,0,0.077634744,0.035928145,0.23022917,0.10289389,0,0
79056,0,0.10152338,0.057771664,0.23793478,0.10289389,0,0
79057,0,0.13273461,0.06153846,0.33641574,0.11621621,0,0
79058,0,0.11365852,0.057771664,0.2533447,0.10289389,0,0
79059,0,0.105035976,0.057771664,0.19590913,0.09982175,0,0
79060,0,0.10620611,0.057771664,0.21654429,0.10289389,0,0
79061,0,0.09389683,0.057771664,0.30727932,0.11621621,0,0
79062,0,0.070923194,0.035928145,0.20518255,0.09982175,0,0
79063,0,0.08176895,0.035928145,0.13814643,0.092920355,0,0
79064,0,0.09740018,0.057771664,0.1924667,0.09982175,0,0
79065,0,0.057237495,0.035928145,0.13837904,0.092920355,0,0
79066,0,0.06973058,0.035928145,0.24233003,0.10289389,0,0
79067,0,0.07212028,0.035928145,0.13491,0.08955224,0,0
79068,0,0.048206255,0.02248394,0.15692316,0.092920355,0,0
79069,0,0.07171397,0.035928145,0.20298763,0.09982175,0,0
79070,0,0.055414353,0.027237354,0.112971894,0.06716418,0,0
79071,0,0.061744474,0.035928145,0.21055269,0.09982175,0,0
79072,0,0.063533284,0.035928145,0.11271247,0.06716418,0,0
79073,0,0.062270105,0.035928145,0.15748456,0.092920355,0,0
79074,0,0.07337993,0.035928145,0.24560963,0.10289389,0,0
79075,0,0.055582847,0.027237354,0.12196291,0.078028746,0,0
79076,0,0.057980835,0.035928145,0.1218156,0.078028746,0,0
79077,0,0.044540215,0.02248394,0.08817785,0.04532967,0,0
79078,0,0.038403783,0.02248394,0.09558236,0.04532967,0,0
79079,0,0.045887604,0.02248394,0.12188399,0.078028746,0,0
79080,0,0.06332462,0.035928145,0.18361385,0.09982175,0,0
79081,0,0.052908264,0.027237354,0.12827128,0.078028746,0,0
79082,0,0.061927237,0.035928145,0.1436177,0.092920355,0,0
79083,0,0.07252825,0.035928145,0.21598439,0.10289389,0,0
79084,0,0.053969726,0.027237354,0.19744097,0.09982175,0,0
79085,0,0.077291444,0.035928145,0.12467589,0.078028746,0,0
79086,1,0.049746495,0.02248394,0.17054653,0.09982175,0,0
79087,0,0.119080804,0.057771664,0.21875957,0.10289389,0,0
79088,0,0.07887648,0.035928145,0.17519882,0.09982175,0,0
79089,0,0.0826717,0.035928145,0.19643643,0.09982175,0,0
79090,0,0.090402745,0.05263158,0.2211997,0.10289389,0,0
79091,0,0.083148055,0.035928145,0.1583052,0.092920355,0,0
79092,0,0.08001569,0.035928145,0.17021696,0.09982175,0,0
79093,0,0.0835277,0.035928145,0.19244729,0.09982175,0,0
79094,0,0.08807347,0.035928145,0.16687912,0.09982175,0,0
79095,0,0.066995025,0.035928145,0.18892439,0.09982175,0,0
79096,0,0.06526716,0.035928145,0.15270606,0.092920355,0,0
79097,0,0.06872995,0.035928145,0.14856564,0.092920355,0,0
79098,0,0.07702131,0.035928145,0.1525345,0.092920355,0,0
79099,0,0.06662149,0.035928145,0.1700154,0.09982175,0,0
79100,0,0.047426187,0.02248394,0.1711432,0.09982175,0,0
79101,0,0.10998189,0.057771664,0.14544554,0.092920355,0,0
79102,0,0.0622116,0.035928145,0.1526346,0.092920355,0,0
79103,0,0.05160153,0.027237354,0.107131705,0.06716418,0,0
79104,0,0.04535324,0.02248394,0.14853679,0.092920355,0,0
79105,0,0.06700409,0.035928145,0.25640756,0.10289389,0,0
79106,0,0.05437521,0.027237354,0.37266344,0.11621621,0,0
79107,0,0.060795467,0.035928145,0.3068993,0.11621621,0,0
79108,0,0.04857641,0.02248394,0.20563431,0.09982175,0,0
79109,0,0.06192858,0.035928145,0.27304834,0.11621621,0,0
79110,0,0.058094777,0.035928145,0.15132463,0.092920355,0,0
79111,0,0.05706752,0.035928145,0.15738733,0.092920355,0,0
79112,0,0.061122127,0.035928145,0.19918364,0.09982175,0,0
79113,0,0.064940244,0.035928145,0.19827709,0.09982175,0,0
79114,0,0.06353371,0.035928145,0.19887069,0.09982175,0,0
79115,0,0.062411077,0.035928145,0.16065083,0.092920355,0,0
79116,0,0.06763803,0.035928145,0.2640448,0.10289389,0,0
79117,0,0.072729334,0.035928145,0.18273585,0.09982175,0,0
79118,0,0.07825988,0.035928145,0.14088798,0.092920355,0,0
79119,0,0.051568102,0.027237354,0.14909099,0.092920355,0,0
79120,0,0.070531316,0.035928145,0.19760792,0.09982175,0,0
79121,0,0.04896069,0.02248394,0.1529049,0.092920355,0,0
79122,0,0.05509864,0.027237354,0.10951788,0.06716418,0,0
79123,0,0.05570091,0.027237354,0.13870856,0.092920355,0,0
79124,0,0.049759492,0.02248394,0.15031014,0.092920355,0,0
79125,0,0.052493833,0.027237354,0.1569719,0.092920355,0,0
79126,0,0.069589,0.035928145,0.17853917,0.09982175,0,0
79127,0,0.08067193,0.035928145,0.24972285,0.10289389,0,0
79128,0,0.057253357,0.035928145,0.28044504,0.11621621,0,0
79129,0,0.06762834,0.035928145,0.19174373,0.09982175,0,0
79130,0,0.06087955,0.035928145,0.23752299,0.10289389,0,0
79131,0,0.058737937,0.035928145,0.22507118,0.10289389,0,0
79132,0,0.06649302,0.035928145,0.13119414,0.078028746,0,0
79133,0,0.055121373,0.027237354,0.1717761,0.09982175,0,0
79134,0,0.037913118,0.02248394,0.16475946,0.09982175,0,0
79135,0,0.062066674,0.035928145,0.18199386,0.09982175,0,0
79136,0,0.06757344,0.035928145,0.20033495,0.09982175,0,0
79137,0,0.039767984,0.02248394,0.1556852,0.092920355,0,0
79138,0,0.05445461,0.027237354,0.16972381,0.09982175,0,0
79139,0,0.04560465,0.02248394,0.18382934,0.09982175,0,0
79140,0,0.05682029,0.034490474,0.19428533,0.09982175,0,0
79141,0,0.052831113,0.027237354,0.1910167,0.09982175,0,0
79142,0,0.052475743,0.027237354,0.15548757,0.092920355,0,0
79143,0,0.05301061,0.027237354,0.16612837,0.09982175,0,0
79144,0,0.038115036,0.02248394,0.13304465,0.078028746,0,0
79145,0,0.028097045,0.004761905,0.13530846,0.08955224,0,0
79146,0,0.030544715,0.02248394,0.1355814,0.08955224,0,0
79147,0,0.021828912,0.0017482517,0.07219182,0.025263159,0,0
79148,0,0.026877487,0.004761905,0.1056087,0.05050505,0,0
79149,0,0.02745698,0.004761905,0.10844898,0.06716418,0,0
79150,0,0.036328774,0.02248394,0.12236981,0.078028746,0,0
79151,0,0.027580263,0.004761905,0.0990122,0.04532967,0,0
79152,0,0.03049005,0.02248394,0.08497987,0.04532967,0,0
79153,0,0.026804537,0.004761905,0.08143532,0.04532967,0,0
79154,0,0.038837343,0.02248394,0.09236652,0.04532967,0,0
79155,0,0.04072418,0.02248394,0.1001364,0.04532967,0,0
79156,0,0.03476219,0.02248394,0.13941248,0.092920355,0,0
79157,0,0.04265023,0.02248394,0.13015628,0.078028746,0,0
79158,0,0.041631807,0.02248394,0.17790583,0.09982175,0,0
79159,0,0.03630736,0.02248394,0.12113237,0.078028746,0,0
79160,0,0.03818181,0.02248394,0.14913109,0.092920355,0,0
79161,0,0.041685093,0.02248394,0.08209419,0.04532967,0,0
79162,0,0.057503615,0.035928145,0.124457784,0.078028746,0,0
79163,0,0.03299055,0.02248394,0.07942784,0.04532967,0,0
79164,0,0.06727908,0.035928145,0.12715663,0.078028746,0,0
79165,0,0.040108126,0.02248394,0.09684071,0.04532967,0,0
79166,0,0.06263269,0.035928145,0.1359676,0.08955224,0,0
79167,0,0.060075972,0.035928145,0.11761523,0.078028746,0,0
79168,0,0.067447945,0.035928145,0.15931256,0.092920355,0,0
79169,0,0.08305145,0.035928145,0.12363444,0.078028746,0,0
79170,0,0.05111106,0.02248394,0.0827421,0.04532967,0,0
79171,0,0.05991159,0.035928145,0.116810076,0.078028746,0,0
79172,0,0.07373075,0.035928145,0.10704787,0.055246662,0,0
79173,0,0.060488515,0.035928145,0.11433025,0.078028746,0,0
79174,0,0.070568465,0.035928145,0.08767724,0.04532967,0,0
79175,0,0.076102585,0.035928145,0.12934028,0.078028746,0,0
79176,0,0.07620237,0.035928145,0.081687145,0.04532967,0,0
79177,0,0.07429918,0.035928145,0.14033334,0.092920355,0,0
79178,0,0.050607048,0.02248394,0.08472346,0.04532967,0,0
79179,0,0.06274116,0.035928145,0.10962845,0.06716418,0,0
79180,0,0.12110395,0.057771664,0.10586518,0.05050505,0,0
79181,0,0.077433765,0.035928145,0.12648124,0.078028746,0,0
79182,0,0.059631824,0.035928145,0.1432887,0.092920355,0,0
79183,0,0.063863516,0.035928145,0.21077265,0.09982175,0,0
79184,0,0.054728184,0.027237354,0.099999286,0.04532967,0,0
79185,0,0.06890388,0.035928145,0.08060225,0.04532967,0,0
79186,0,0.07417082,0.035928145,0.1561592,0.092920355,0,0
79187,0,0.07223444,0.035928145,0.19532421,0.09982175,0,0
79188,0,0.057821117,0.035928145,0.11443145,0.078028746,0,0
79189,0,0.079624705,0.035928145,0.13187315,0.078028746,0,0
79190,0,0.036508013,0.02248394,0.07369571,0.025263159,0,0
79191,0,0.03433585,0.02248394,0.121287145,0.078028746,0,0
79192,0,0.041099474,0.02248394,0.12400713,0.078028746,0,0
79193,0,0.02941203,0.02248394,0.064627804,0.025263159,0,0
79194,0,0.044975553,0.02248394,0.076996595,0.04532967,0,0
79195,0,0.042822585,0.02248394,0.08234463,0.04532967,0,0
79196,0,0.02615786,0.004761905,0.07237914,0.025263159,0,0
79197,0,0.025237745,0.004761905,0.057438266,0.025263159,0,0
79198,0,0.033913568,0.02248394,0.08288199,0.04532967,0,0
79199,0,0.036718775,0.02248394,0.117125615,0.078028746,0,0
79200,0,0.027750328,0.004761905,0.06287096,0.025263159,0,0
79201,0,0.038634248,0.02248394,0.07482439,0.04532967,0,0
79202,0,0.02848813,0.004761905,0.037552275,0.009259258,0,0
79203,0,0.039783247,0.02248394,0.049247492,0.017391304,0,0
79204,0,0.043293525,0.02248394,0.046314474,0.017391304,0,0
79205,0,0.052010454,0.027237354,0.04713691,0.017391304,0,0
79206,0,0.031786032,0.02248394,0.06319784,0.025263159,0,0
79207,0,0.03212849,0.02248394,0.04186588,0.017391304,0,0
79208,0,0.029433692,0.02248394,0.069471136,0.025263159,0,0
79209,0,0.023008611,0.0017482517,0.04809661,0.017391304,0,0
79210,0,0.034667708,0.02248394,0.17219672,0.09982175,0,0
79211,0,0.059441056,0.035928145,0.32748556,0.11621621,0,0
79212,0,0.06264028,0.035928145,0.22492233,0.10289389,0,0
79213,0,0.05443126,0.027237354,0.16100696,0.092920355,0,0
79214,0,0.058179915,0.035928145,0.18734396,0.09982175,0,0
79215,0,0.07612652,0.035928145,0.25747752,0.10289389,0,0
79216,0,0.05528498,0.027237354,0.1713183,0.09982175,0,0
79217,0,0.07543945,0.035928145,0.233033,0.10289389,0,0
79218,0,0.06756769,0.035928145,0.2277086,0.10289389,0,0
79219,0,0.07423145,0.035928145,0.34037077,0.11621621,0,0
79220,0,0.08192203,0.035928145,0.19042142,0.09982175,0,0
79221,0,0.056245,0.027237354,0.1388389,0.092920355,0,0
79222,0,0.051793937,0.027237354,0.13210866,0.078028746,0,0
79223,0,0.04347355,0.02248394,0.17716014,0.09982175,0,0
79224,0,0.050146613,0.02248394,0.18516578,0.09982175,0,0
79225,0,0.04737913,0.02248394,0.207616,0.09982175,0,0
79226,0,0.0456687,0.02248394,0.12683521,0.078028746,0,0
79227,0,0.04722309,0.02248394,0.14636089,0.092920355,0,0
79228,0,0.06776531,0.035928145,0.23202018,0.10289389,0,0
79229,0,0.05004889,0.02248394,0.11507512,0.078028746,0,0
79230,0,0.06002559,0.035928145,0.10614527,0.05050505,0,0
79231,0,0.049331125,0.02248394,0.1587728,0.092920355,0,0
79232,0,0.043641303,0.02248394,0.13044065,0.078028746,0,0
79233,0,0.033159908,0.02248394,0.09749744,0.04532967,0,0
79234,0,0.04548044,0.02248394,0.09727312,0.04532967,0,0
79235,0,0.041717846,0.02248394,0.10964412,0.06716418,0,0
79236,0,0.049981978,0.02248394,0.106631644,0.05050505,0,0
79237,0,0.058414895,0.035928145,0.14450108,0.092920355,0,0
79238,0,0.04133561,0.02248394,0.11953011,0.078028746,0,0
79239,0,0.07077502,0.035928145,0.13573863,0.08955224,0,0
79240,0,0.056459505,0.03448276,0.2350201,0.10289389,0,0
79241,0,0.059837524,0.035928145,0.2363954,0.10289389,0,0
79242,0,0.059585873,0.035928145,0.21999384,0.10289389,0,0
79243,0,0.04730834,0.02248394,0.21309128,0.09982175,0,0
79244,0,0.043338604,0.02248394,0.11239522,0.06716418,0,0
79245,0,0.07027054,0.035928145,0.16679381,0.09982175,0,0
79246,0,0.04849784,0.02248394,0.1417934,0.092920355,0,0
79247,0,0.041990772,0.02248394,0.17127573,0.09982175,0,0
79248,0,0.039543614,0.02248394,0.1915014,0.09982175,0,0
79249,0,0.04594409,0.02248394,0.27565214,0.11621621,0,0
79250,0,0.04687884,0.02248394,0.36268193,0.11621621,0,0
79251,0,0.047685187,0.02248394,0.24170814,0.10289389,0,0
79252,0,0.048477657,0.02248394,0.18680146,0.09982175,0,0
79253,0,0.04123741,0.02248394,0.19797607,0.09982175,0,0
79254,0,0.04222319,0.02248394,0.21667653,0.10289389,0,0
79255,0,0.051861785,0.027237354,0.26780224,0.11621621,0,0
79256,0,0.032812834,0.02248394,0.136867,0.08955224,0,0
79257,0,0.037260875,0.02248394,0.13588335,0.08955224,0,0
79258,0,0.034268886,0.02248394,0.15624501,0.092920355,0,0
79259,0,0.04601984,0.02248394,0.10299277,0.04532967,0,0
79260,0,0.061508697,0.035928145,0.1242449,0.078028746,0,0
79261,0,0.036322698,0.02248394,0.07820287,0.04532967,0,0
79262,0,0.055698402,0.027237354,0.16402678,0.09982175,0,0
79263,0,0.052252095,0.027237354,0.13760865,0.092920355,0,0
79264,0,0.04441467,0.02248394,0.10226541,0.04532967,0,0
79265,0,0.05212675,0.027237354,0.19698367,0.09982175,0,0
79266,0,0.03280905,0.02248394,0.12679479,0.078028746,0,0
79267,0,0.029880099,0.02248394,0.12175907,0.078028746,0,0
79268,0,0.074774675,0.035928145,0.12806688,0.078028746,0,0
79269,0,0.05297024,0.027237354,0.12510455,0.078028746,0,0
79270,0,0.052512098,0.027237354,0.17286329,0.09982175,0,0
79271,0,0.036786113,0.02248394,0.09644394,0.04532967,0,0
79272,0,0.052894562,0.027237354,0.12998985,0.078028746,0,0
79273,0,0.038204487,0.02248394,0.07916872,0.04532967,0,0
79274,0,0.045085628,0.02248394,0.07652989,0.04532967,0,0
79275,0,0.041352846,0.02248394,0.08845709,0.04532967,0,0
79276,0,0.04706403,0.02248394,0.07453306,0.04532967,0,0
79277,0,0.038415123,0.02248394,0.0819652,0.04532967,0,0
79278,0,0.048905,0.02248394,0.10229271,0.04532967,0,0
79279,0,0.04781305,0.02248394,0.06565228,0.025263159,0,0
79280,0,0.039209608,0.02248394,0.097422995,0.04532967,0,0
79281,0,0.034138586,0.02248394,0.070697285,0.025263159,0,0
79282,0,0.02398848,0.0017482517,0.049597822,0.017391304,0,0
79283,0,0.033806518,0.02248394,0.04388727,0.017391304,0,0
79284,0,0.03734179,0.02248394,0.11147147,0.06716418,0,0
79285,0,0.034369946,0.02248394,0.19330753,0.09982175,0,0
79286,0,0.053363778,0.027237354,0.12539457,0.078028746,0,0
79287,0,0.03156188,0.02248394,0.16841541,0.09982175,0,0
79288,0,0.034401003,0.02248394,0.09597904,0.04532967,0,0
79289,0,0.05519395,0.027237354,0.1513399,0.092920355,0,0
79290,0,0.030451346,0.02248394,0.17297271,0.09982175,0,0
79291,0,0.029408386,0.02248394,0.08723007,0.04532967,0,0
79292,0,0.034082722,0.02248394,0.1195125,0.078028746,0,0
79293,0,0.03050334,0.02248394,0.09331702,0.04532967,0,0
79294,0,0.03145744,0.02248394,0.10575641,0.05050505,0,0
79295,0,0.041338738,0.02248394,0.08560063,0.04532967,0,0
79296,0,0.043077048,0.02248394,0.121990226,0.078028746,0,0
79297,0,0.041388433,0.02248394,0.16212995,0.092920355,0,0
79298,0,0.041729633,0.02248394,0.17315233,0.09982175,0,0
79299,0,0.04095221,0.02248394,0.2102935,0.09982175,0,0
79300,0,0.044548992,0.02248394,0.1553206,0.092920355,0,0
79301,0,0.057703163,0.035928145,0.16675048,0.09982175,0,0
79302,0,0.029209193,0.02248394,0.077860914,0.04532967,0,0
79303,0,0.041527286,0.02248394,0.1124733,0.06716418,0,0
79304,0,0.028207142,0.004761905,0.11038196,0.06716418,0,0
79305,0,0.05312305,0.027237354,0.15023828,0.092920355,0,0
79306,0,0.04019343,0.02248394,0.08002535,0.04532967,0,0
79307,0,0.045039713,0.02248394,0.12204533,0.078028746,0,0
79308,0,0.04806949,0.02248394,0.143299,0.092920355,0,0
79309,0,0.045940537,0.02248394,0.13417043,0.08955224,0,0
79310,0,0.047600288,0.02248394,0.14380074,0.092920355,0,0
79311,0,0.052692845,0.027237354,0.14017978,0.092920355,0,0
79312,0,0.047731027,0.02248394,0.1006011,0.04532967,0,0
79313,0,0.037109353,0.02248394,0.11285745,0.06716418,0,0
79314,0,0.042240497,0.02248394,0.08371714,0.04532967,0,0
79315,0,0.044828277,0.02248394,0.115656264,0.078028746,0,0
79316,0,0.049263343,0.02248394,0.12628886,0.078028746,0,0
79317,1,0.03339657,0.02248394,0.076222695,0.04532967,0,0
79318,0,0.07440342,0.035928145,0.10109261,0.04532967,0,0
79319,0,0.0489796,0.02248394,0.17440154,0.09982175,0,0
79320,0,0.043378085,0.02248394,0.11197031,0.06716418,0,0
79321,0,0.044976886,0.02248394,0.15967,0.092920355,0,0
79322,0,0.036048252,0.02248394,0.14068055,0.092920355,0,0
79323,0,0.043502707,0.02248394,0.11142065,0.06716418,0,0
79324,0,0.017510796,0.0017482517,0.082751565,0.04532967,0,0
79325,1,0.0125488145,0.0017482517,0.04407809,0.017391304,0,0
79326,0,0.06661009,0.035928145,0.09654889,0.04532967,0,0
79327,1,0.044711664,0.02248394,0.07604596,0.04532967,0,0
79328,0,0.07276257,0.035928145,0.08980996,0.04532967,0,0
79329,0,0.07043338,0.035928145,0.09037393,0.04532967,0,0
79330,0,0.1272725,0.057771664,0.16075782,0.092920355,0,0
79331,0,0.056235824,0.027237354,0.095728025,0.04532967,0,0
79332,0,0.09293503,0.057771664,0.11290718,0.06716418,0,0
79333,0,0.037998274,0.02248394,0.02834414,0.009259258,0,0
79334,0,0.028803902,0.008961889,0.020033235,0.0013605442,0,0
79335,0,0.04350501,0.02248394,0.040935993,0.009259258,0,0
79336,0,0.041152336,0.02248394,0.03783451,0.009259258,0,0
79337,0,0.08115537,0.035928145,0.0929591,0.04532967,0,0
79338,0,0.07064999,0.035928145,0.05615875,0.025263159,0,0
79339,0,0.06481111,0.035928145,0.06702679,0.025263159,0,0
79340,0,0.07699901,0.035928145,0.049269322,0.017391304,0,0
79341,0,0.041417893,0.02248394,0.048016768,0.017391304,0,0
79342,0,0.053072844,0.027237354,0.056269612,0.025263159,0,0
79343,0,0.04860448,0.02248394,0.04584835,0.017391304,0,0
79344,0,0.0181871,0.0017482517,0.029556928,0.009259258,0,0
79345,0,0.018395731,0.0017482517,0.030560529,0.009259258,0,0
79346,0,0.07630975,0.035928145,0.065357104,0.025263159,0,0
79347,0,0.06351566,0.035928145,0.0632212,0.025263159,0,0
79348,0,0.045611322,0.02248394,0.042351812,0.017391304,0,0
79349,0,0.04781036,0.02248394,0.055161122,0.025263159,0,0
79350,0,0.044007834,0.02248394,0.056674283,0.025263159,0,0
79351,0,0.024910012,0.004761905,0.03582981,0.009259258,0,0
79352,0,0.020838622,0.0017482517,0.033029698,0.009259258,0,0
79353,0,0.0155117065,0.0017482517,0.022589097,0.0013605442,0,0
79354,0,0.017374638,0.0017482517,0.027723623,0.009259258,0,0
79355,0,0.018975995,0.0017482517,0.01789452,0.0013605442,0,0
79356,0,0.018277453,0.0017482517,0.013639017,0.0013605442,0,0
79357,0,0.022301663,0.0017482517,0.01760505,0.0013605442,0,0
79358,0,0.025829148,0.004761905,0.0381001,0.009259258,0,0
79359,0,0.028369153,0.004761905,0.036283087,0.009259258,0,0
79360,0,0.024789518,0.004761905,0.035168,0.009259258,0,0
79361,0,0.025502367,0.004761905,0.040368874,0.009259258,0,0
79362,0,0.042724803,0.02248394,0.054591242,0.025263159,0,0
79363,0,0.026456775,0.004761905,0.024798518,0.009259258,0,0
79364,0,0.031632397,0.02248394,0.044840287,0.017391304,0,0
79365,0,0.02237039,0.0017482517,0.047471672,0.017391304,0,0
79366,0,0.035591014,0.02248394,0.04373318,0.017391304,0,0
79367,0,0.022537598,0.0017482517,0.031619716,0.009259258,0,0
79368,0,0.0263234,0.004761905,0.051580146,0.017391304,0,0
79369,0,0.03379797,0.02248394,0.03852917,0.009259258,0,0
79370,0,0.040411074,0.02248394,0.072713114,0.025263159,0,0
79371,0,0.03214906,0.02248394,0.031265732,0.009259258,0,0
79372,0,0.032761335,0.02248394,0.034811184,0.009259258,0,0
79373,0,0.02712365,0.004761905,0.044138107,0.017391304,0,0
79374,0,0.025070421,0.004761905,0.032768954,0.009259258,0,0
79375,0,0.028675133,0.004761905,0.0312712,0.009259258,0,0
79376,0,0.05047318,0.02248394,0.054455776,0.025263159,0,0
79377,0,0.024876824,0.004761905,0.021481639,0.0013605442,0,0
79378,0,0.016901081,0.0017482517,0.02583858,0.009259258,0,0
79379,0,0.018474272,0.0017482517,0.022810847,0.0013605442,0,0
79380,0,0.013162192,0.0017482517,0.017891109,0.0013605442,0,0
79381,0,0.016788559,0.0017482517,0.021555442,0.0013605442,0,0
79382,0,0.0117244115,0.0017482517,0.01347666,0.0013605442,0,0
79383,0,0.007715536,0.0017482517,0.017775627,0.0013605442,0,0
79384,0,0.005991801,0.0017482517,0.00674568,0.0,0,0
79385,0,0.0077457745,0.0017482517,0.017001536,0.0013605442,0,0
79386,0,0.009268207,0.0017482517,0.019067232,0.0013605442,0,0
79387,0,0.009412208,0.0017482517,0.0147628775,0.0013605442,0,0
79388,0,0.01666301,0.0017482517,0.019313274,0.0013605442,0,0
79389,0,0.01712354,0.0017482517,0.019388415,0.0013605442,0,0
79390,0,0.013673436,0.0017482517,0.017347924,0.0013605442,0,0
79391,0,0.012650498,0.0017482517,0.015335576,0.0013605442,0,0
79392,0,0.017884701,0.0017482517,0.016955884,0.0013605442,0,0
79393,0,0.015155191,0.0017482517,0.014556673,0.0013605442,0,0
79394,0,0.025524465,0.004761905,0.028630568,0.009259258,0,0
79395,0,0.023049265,0.0017482517,0.016489737,0.0013605442,0,0
79396,0,0.015381207,0.0017482517,0.018182086,0.0013605442,0,0
79397,0,0.023470039,0.0017482517,0.018210785,0.0013605442,0,0
79398,0,0.024372362,0.004761905,0.019692687,0.0013605442,0,0
79399,0,0.020024588,0.0017482517,0.017882414,0.0013605442,0,0
79400,0,0.025780808,0.004761905,0.021853331,0.0013605442,0,0
79401,0,0.01839863,0.0017482517,0.02703348,0.009259258,0,0
79402,0,0.02889272,0.02248394,0.034964714,0.009259258,0,0
79403,0,0.02711755,0.004761905,0.02011359,0.0013605442,0,0
79404,0,0.030745452,0.02248394,0.01986726,0.0013605442,0,0
79405,0,0.024852699,0.004761905,0.015528253,0.0013605442,0,0
79406,0,0.028781926,0.004761905,0.017921163,0.0013605442,0,0
79407,0,0.021671835,0.0017482517,0.03022184,0.009259258,0,0
79408,0,0.024214504,0.0017482517,0.01980744,0.0013605442,0,0
79409,0,0.029354429,0.02248394,0.02024932,0.0013605442,0,0
79410,0,0.020184508,0.0017482517,0.023212532,0.0013605442,0,0
79411,0,0.012496047,0.0017482517,0.019405715,0.0013605442,0,0
79412,0,0.009386052,0.0017482517,0.018007593,0.0013605442,0,0
79413,0,0.006348952,0.0017482517,0.006499597,0.0,0,0
79414,0,0.0067952555,0.0017482517,0.009564367,0.0013605442,0,0
79415,0,0.0062735938,0.0017482517,0.007057076,0.0,0,0
79416,0,0.008031968,0.0017482517,0.0071725273,0.0,0,0
79417,0,0.0070226504,0.0017482517,0.0066369614,0.0,0,0
79418,0,0.0068855346,0.0017482517,0.01401769,0.0013605442,0,0
79419,0,0.008094511,0.0017482517,0.013561154,0.0013605442,0,0
79420,0,0.008366204,0.0017482517,0.012970142,0.0013605442,0,0
79421,0,0.009673559,0.0017482517,0.021540835,0.0013605442,0,0
79422,0,0.0066299452,0.0017482517,0.010818306,0.0013605442,0,0
79423,0,0.004151011,0.0,0.005552391,0.0,0,0
79424,0,0.00396323,0.0,0.005300047,0.0,0,0
79425,0,0.0041188486,0.0,0.005523431,0.0,0,0
79426,0,0.0037810814,0.0,0.0047885724,0.0,0,0
79427,0,0.0041227704,0.0,0.005303406,0.0,0,0
79428,0,0.00399463,0.0,0.004926789,0.0,0,0
79429,0,0.004072125,0.0,0.005297006,0.0,0,0
79430,0,0.0047698454,0.0017482517,0.005162892,0.0,0,0
79431,0,0.0044436413,0.0,0.0053479993,0.0,0,0
79432,0,0.0040032906,0.0,0.0043953424,0.0,0,0
79433,0,0.0029153202,0.0,0.0034924236,0.0,0,0
79434,0,0.0028924097,0.0,0.0033445484,0.0,0,0
79435,0,0.002731858,0.0,0.0032675378,0.0,0,0
79436,0,0.0029443423,0.0,0.0032174706,0.0,0,0
79437,0,0.0027754663,0.0,0.0030122504,0.0,0,0
79438,0,0.0027713082,0.0,0.0030352513,0.0,0,0
79439,0,0.0029249026,0.0,0.003017849,0.0,0,0
79440,0,0.0027594222,0.0,0.0030125855,0.0,0,0
79441,0,0.0027327363,0.0,0.0030199285,0.0,0,0
79442,0,0.002641095,0.0,0.002902952,0.0,0,0
79443,0,0.0026558859,0.0,0.003033285,0.0,0,0
79444,0,0.0027883772,0.0,0.0030122504,0.0,0,0
79445,0,0.002838462,0.0,0.003017849,0.0,0,0
79446,0,0.0030706748,0.0,0.0030945207,0.0,0,0
79447,0,0.0028512948,0.0,0.0027329936,0.0,0,0
79448,0,0.00296156,0.0,0.002765458,0.0,0,0
79449,0,0.003077037,0.0,0.0026357134,0.0,0,0
79450,0,0.0029517328,0.0,0.003148548,0.0,0,0
79451,0,0.003082351,0.0,0.0028001135,0.0,0,0
79452,0,0.0031905868,0.0,0.002572567,0.0,0,0
79453,0,0.0034364117,0.0,0.0030331425,0.0,0,0
79454,0,0.0032540688,0.0,0.0031111815,0.0,0,0
79455,0,0.0034958622,0.0,0.0035192005,0.0,0,0
79456,0,0.0032260749,0.0,0.0034743273,0.0,0,0
79457,0,0.0034551073,0.0,0.0037750278,0.0,0,0
79458,0,0.0033625097,0.0,0.0031646627,0.0,0,0
79459,0,0.0036642062,0.0,0.0042755567,0.0,0,0
79460,0,0.003195615,0.0,0.0034910648,0.0,0,0
79461,0,0.0033040754,0.0,0.002663356,0.0,0,0
79462,0,0.0025679255,0.0,0.002503687,0.0,0,0
79463,0,0.0024025764,0.0,0.0022873995,0.0,0,0
79464,0,0.0023413408,0.0,0.0019485005,0.0,0,0
79465,0,0.002023763,0.0,0.0018295742,0.0,0,0
79466,0,0.0017100842,0.0,0.0013150589,0.0,0,0
79467,0,0.0019851283,0.0,0.0013746284,0.0,0,0
79468,0,0.001970421,0.0,0.0013222251,0.0,0,0
79469,0,0.0019130182,0.0,0.0013222251,0.0,0,0
79470,0,0.0017194843,0.0,0.0013666006,0.0,0,0
79471,0,0.0015049874,0.0,0.0014394699,0.0,0,0
79472,0,0.0015899264,0.0,0.0013147239,0.0,0,0
79473,0,0.0012174533,0.0,0.001345153,0.0,0,0
79474,0,0.0016641374,0.0,0.0014587479,0.0,0,0
79475,0,0.0014715777,0.0,0.0013206161,0.0,0,0
79476,0,0.0013238473,0.0,0.0012641768,0.0,0,0
79477,0,0.0015490133,0.0,0.0011760342,0.0,0,0
79478,0,0.0014500003,0.0,0.0010380929,0.0,0,0
79479,0,0.0014589367,0.0,0.0012801596,0.0,0,0
79480,0,0.0013433895,0.0,0.0011365218,0.0,0,0
79481,0,0.0014451852,0.0,0.0011586093,0.0,0,0
79482,0,0.0014842135,0.0,0.0012836899,0.0,0,0
79483,0,0.0011021406,0.0,0.0009868696,0.0,0,0
79484,0,0.0012817828,0.0,0.0013120782,0.0,0,0
79485,0,0.0011319978,0.0,0.0011940326,0.0,0,0
79486,0,0.0014441458,0.0,0.0011084625,0.0,0,0
79487,0,0.0012594374,0.0,0.0012544553,0.0,0,0
79488,0,0.0011938569,0.0,0.00119959,0.0,0,0
79489,0,0.0011716065,0.0,0.0011737456,0.0,0,0
79490,0,0.0048950654,0.0017482517,0.004481049,0.0,0,0
79491,0,0.003866536,0.0,0.0040649474,0.0,0,0
79492,0,0.0030962157,0.0,0.0038113317,0.0,0,0
79493,0,0.0031738833,0.0,0.0031670372,0.0,0,0
79494,0,0.0026222963,0.0,0.0029937197,0.0,0,0
79495,0,0.0021325022,0.0,0.0022365418,0.0,0,0
79496,0,0.002118863,0.0,0.0021882504,0.0,0,0
79497,0,0.0021278234,0.0,0.0024043177,0.0,0,0
79498,0,0.0019581125,0.0,0.0022972156,0.0,0,0
79499,0,0.001973795,0.0,0.0023528803,0.0,0,0
79500,0,0.0023059128,0.0,0.0026078434,0.0,0,0
79501,0,0.0020732475,0.0,0.0019560356,0.0,0,0
79502,0,0.0021354142,0.0,0.0019112991,0.0,0,0
79503,0,0.002177817,0.0,0.0016037883,0.0,0,0
79504,0,0.0023008753,0.0,0.0016825685,0.0,0,0
79505,0,0.001114295,0.0,0.0011562218,0.0,0,0
79506,0,0.0014101329,0.0,0.001377293,0.0,0,0
79507,0,0.0021396922,0.0,0.0017458376,0.0,0,0
79508,0,0.0013889484,0.0,0.0014224267,0.0,0,0
79509,0,0.0012277582,0.0,0.0014265595,0.0,0,0
79510,0,0.0013086998,0.0,0.0014027221,0.0,0,0
79511,0,0.0012983265,0.0,0.0017973909,0.0,0,0
79512,0,0.0015041821,0.0,0.0014650535,0.0,0,0
79513,0,0.0010944058,0.0,0.0015146285,0.0,0,0
79514,0,0.0070878286,0.0017482517,0.005337967,0.0,0,0
79515,0,0.009710934,0.0017482517,0.007844373,0.0,0,0
79516,0,0.00836247,0.0017482517,0.0067230593,0.0,0,0
79517,0,0.0070246225,0.0017482517,0.006090538,0.0,0,0
79518,0,0.0067382525,0.0017482517,0.005468976,0.0,0,0
79519,0,0.003703757,0.0,0.0027601544,0.0,0,0
79520,0,0.0033660813,0.0,0.0029791612,0.0,0,0
79521,0,0.003447642,0.0,0.003390044,0.0,0,0
79522,0,0.0038855877,0.0,0.0033370783,0.0,0,0
79523,0,0.0038956292,0.0,0.0032290479,0.0,0,0
79524,0,0.009851303,0.0017482517,0.01391894,0.0013605442,0,0
79525,0,0.011830015,0.0017482517,0.020117735,0.0013605442,0,0
79526,0,0.009417615,0.0017482517,0.014494866,0.0013605442,0,0
79527,0,0.00980978,0.0017482517,0.014494866,0.0013605442,0,0
79528,0,0.008105487,0.0017482517,0.010879572,0.0013605442,0,0
79529,0,0.0040351846,0.0,0.004094151,0.0,0,0
79530,0,0.004327958,0.0,0.0040427786,0.0,0,0
79531,0,0.004323054,0.0,0.0042068935,0.0,0,0
79532,0,0.0037725396,0.0,0.0037616824,0.0,0,0
79533,0,0.0045410283,0.0017482517,0.004200111,0.0,0,0
79534,0,0.004166646,0.0,0.0036277077,0.0,0,0
79535,0,0.0041773315,0.0,0.0038050094,0.0,0,0
79536,0,0.005325874,0.0017482517,0.004030016,0.0,0,0
79537,0,0.0047536544,0.0017482517,0.003998536,0.0,0,0
79538,0,0.0047795298,0.0017482517,0.0034158144,0.0,0,0
79539,0,0.008633695,0.0017482517,0.0062528397,0.0,0,0
79540,0,0.008240037,0.0017482517,0.008082628,0.0,0,0
79541,0,0.008704371,0.0017482517,0.007455134,0.0,0,0
79542,0,0.006597727,0.0017482517,0.007706644,0.0,0,0
79543,0,0.006070924,0.0017482517,0.0056100446,0.0,0,0
79544,0,0.0049138786,0.0017482517,0.0040260884,0.0,0,0
79545,0,0.005518331,0.0017482517,0.0042629647,0.0,0,0
79546,0,0.005518331,0.0017482517,0.004186951,0.0,0,0
79547,0,0.00497847,0.0017482517,0.0039253845,0.0,0,0
79548,0,0.005240554,0.0017482517,0.004391511,0.0,0,0
79549,0,0.0054242364,0.0017482517,0.0049117827,0.0,0,0
79550,0,0.004715278,0.0017482517,0.0041260584,0.0,0,0
79551,0,0.004042274,0.0,0.0038965715,0.0,0,0
79552,0,0.0047049057,0.0017482517,0.0037644983,0.0,0,0
79553,0,0.005528971,0.0017482517,0.0033869508,0.0,0,0
79554,0,0.0023286585,0.0,0.002347439,0.0,0,0
79555,0,0.0023297335,0.0,0.0023598548,0.0,0,0
79556,0,0.0021342726,0.0,0.0023929793,0.0,0,0
79557,0,0.001863119,0.0,0.002082635,0.0,0,0
79558,0,0.0017143966,0.0,0.0022308358,0.0,0,0
79559,0,0.0019832633,0.0,0.002327737,0.0,0,0
79560,0,0.001741127,0.0,0.0023754972,0.0,0,0
79561,0,0.0017249697,0.0,0.0023575828,0.0,0,0
79562,0,0.0017249697,0.0,0.0023575828,0.0,0,0
79563,0,0.0017249697,0.0,0.0023575828,0.0,0,0
79564,0,0.0017249697,0.0,0.0023575828,0.0,0,0
79565,0,0.0016871144,0.0,0.0023575828,0.0,0,0
79566,0,0.0016678672,0.0,0.0023575828,0.0,0,0
79567,0,0.0017660242,0.0,0.0026949253,0.0,0,0
79568,0,0.0017456025,0.0,0.0026801035,0.0,0,0
79569,0,0.0016195765,0.0,0.0023575828,0.0,0,0
79570,0,0.0016195765,0.0,0.0023575828,0.0,0,0
79571,0,0.0016529118,0.0,0.0023575828,0.0,0,0
79572,0,0.0015953766,0.0,0.0022729868,0.0,0,0
79573,0,0.006237085,0.0017482517,0.009288404,0.0013605442,0,0
79574,0,0.006291816,0.0017482517,0.00642707,0.0,0,0
79575,0,0.004301973,0.0,0.005839282,0.0,0,0
79576,0,0.004025983,0.0,0.005121741,0.0,0,0
79577,0,0.0030339314,0.0,0.0034231073,0.0,0,0
79578,0,0.0022826197,0.0,0.0022601376,0.0,0,0
79579,0,0.0020849828,0.0,0.002135394,0.0,0,0
79580,0,0.0020849828,0.0,0.002135394,0.0,0,0
79581,0,0.0023049442,0.0,0.0022601376,0.0,0,0
79582,0,0.0020849828,0.0,0.0020595216,0.0,0,0
79583,0,0.0021794268,0.0,0.0020556971,0.0,0,0
79584,0,0.00200671,0.0,0.0020595216,0.0,0,0
79585,0,0.0021491353,0.0,0.0022965884,0.0,0,0
79586,0,0.0018383161,0.0,0.0018819306,0.0,0,0
79587,0,0.0016534241,0.0,0.0016249819,0.0,0,0
79588,0,0.001024706,0.0,0.0013729113,0.0,0,0
79589,0,0.0010151903,0.0,0.0014380792,0.0,0,0
79590,0,0.0010151903,0.0,0.0014380792,0.0,0,0
79591,0,0.0010151903,0.0,0.0014380792,0.0,0,0
79592,0,0.0009076811,0.0,0.0013449839,0.0,0,0
79593,0,0.0016580415,0.0,0.0027194058,0.0,0,0
79594,0,0.021567257,0.0017482517,0.036639657,0.009259258,0,0
79595,0,0.01646545,0.0017482517,0.014029386,0.0013605442,0,0
79596,0,0.007873599,0.0017482517,0.009508859,0.0013605442,0,0
79597,0,0.010983321,0.0017482517,0.009880657,0.0013605442,0,0
79598,0,0.007124086,0.0017482517,0.0065129804,0.0,0,0
79599,0,0.006438737,0.0017482517,0.008225868,0.0,0,0
79600,0,0.0034910666,0.0,0.0036563878,0.0,0,0
79601,0,0.006422106,0.0017482517,0.006617304,0.0,0,0
79602,0,0.01992375,0.0017482517,0.02146627,0.0013605442,0,0
79603,0,0.010215552,0.0017482517,0.008103195,0.0,0,0
79604,0,0.005468245,0.0017482517,0.0050436193,0.0,0,0
79605,0,0.0072057,0.0017482517,0.0065256823,0.0,0,0
79606,0,0.010243081,0.0017482517,0.008924533,0.0013605442,0,0
79607,0,0.009378439,0.0017482517,0.007753824,0.0,0,0
79608,0,0.006606884,0.0017482517,0.0055144806,0.0,0,0
79609,0,0.0070532006,0.0017482517,0.009454667,0.0013605442,0,0
79610,0,0.0060428404,0.0017482517,0.0058905017,0.0,0,0
79611,0,0.004693886,0.0017482517,0.006073419,0.0,0,0
79612,0,0.0045634164,0.0017482517,0.0057050795,0.0,0,0
79613,0,0.004693886,0.0017482517,0.006073419,0.0,0,0
79614,0,0.00426971,0.0,0.004812289,0.0,0,0
79615,0,0.0042776135,0.0,0.0058299755,0.0,0,0
79616,0,0.0052122204,0.0017482517,0.0062994584,0.0,0,0
79617,0,0.006540451,0.0017482517,0.007277762,0.0,0,0
79618,0,0.0058841864,0.0017482517,0.007186939,0.0,0,0
79619,0,0.005332514,0.0017482517,0.0065294644,0.0,0,0
79620,0,0.004797871,0.0017482517,0.005182635,0.0,0,0
79621,0,0.0029494406,0.0,0.0046200114,0.0,0,0
79622,0,0.0029494406,0.0,0.0046200114,0.0,0,0
79623,0,0.0029494406,0.0,0.0046200114,0.0,0,0
79624,0,0.0028673196,0.0,0.0045049232,0.0,0,0
79625,0,0.0029494406,0.0,0.0046200114,0.0,0,0
79626,0,0.0029494406,0.0,0.0046200114,0.0,0,0
79627,0,0.003110293,0.0,0.005409768,0.0,0,0
79628,0,0.0029494406,0.0,0.0046200114,0.0,0,0
79629,0,0.0029494406,0.0,0.0046200114,0.0,0,0
79630,0,0.0029494406,0.0,0.0046200114,0.0,0,0
79631,0,0.0029728017,0.0,0.0051589087,0.0,0,0
79632,0,0.003465427,0.0,0.0058191707,0.0,0,0
79633,0,0.0029870053,0.0,0.00467387,0.0,0,0
79634,0,0.0029870053,0.0,0.004477976,0.0,0,0
79635,0,0.0029348484,0.0,0.0041854265,0.0,0,0
79636,0,0.007207045,0.0017482517,0.00922025,0.0013605442,0,0
79637,0,0.011645978,0.0017482517,0.0133972475,0.0013605442,0,0
79638,0,0.007708421,0.0017482517,0.012463063,0.0013605442,0,0
79639,0,0.007968517,0.0017482517,0.011813132,0.0013605442,0,0
79640,0,0.0050748195,0.0017482517,0.008009451,0.0,0,0
79641,0,0.0052450034,0.0017482517,0.007369585,0.0,0,0
79642,0,0.005828193,0.0017482517,0.0072470107,0.0,0,0
79643,0,0.0057719355,0.0017482517,0.0072470107,0.0,0,0
79644,0,0.005828193,0.0017482517,0.006944022,0.0,0,0
79645,0,0.0057719355,0.0017482517,0.0072470107,0.0,0,0
79646,0,0.005854838,0.0017482517,0.006962437,0.0,0,0
79647,0,0.0056922836,0.0017482517,0.006573488,0.0,0,0
79648,0,0.005854838,0.0017482517,0.006962437,0.0,0,0
79649,0,0.005854838,0.0017482517,0.006962437,0.0,0,0
79650,0,0.0055815578,0.0017482517,0.005691792,0.0,0,0
79651,0,0.0032891175,0.0,0.0043890034,0.0,0,0
79652,0,0.0032311066,0.0,0.0043808725,0.0,0,0
79653,0,0.0036363532,0.0,0.0044123624,0.0,0,0
79654,0,0.003028477,0.0,0.0038567558,0.0,0,0
79655,0,0.0042379634,0.0,0.0058537167,0.0,0,0
79656,0,0.006632317,0.0017482517,0.009680176,0.0013605442,0,0
79657,0,0.00801993,0.0017482517,0.009174225,0.0013605442,0,0
79658,0,0.012285653,0.0017482517,0.016922439,0.0013605442,0,0
79659,0,0.014662229,0.0017482517,0.020878669,0.0013605442,0,0
79660,0,0.010925206,0.0017482517,0.015632045,0.0013605442,0,0
79661,0,0.008221159,0.0017482517,0.010924187,0.0013605442,0,0
79662,0,0.008275221,0.0017482517,0.009596985,0.0013605442,0,0
79663,0,0.0061356407,0.0017482517,0.0069240164,0.0,0,0
79664,0,0.0050320197,0.0017482517,0.007370349,0.0,0,0
79665,0,0.0051375343,0.0017482517,0.0068241716,0.0,0,0
79666,0,0.0056313975,0.0017482517,0.008544824,0.0,0,0
79667,0,0.004503728,0.0017482517,0.006209367,0.0,0,0
79668,0,0.005555025,0.0017482517,0.0071380124,0.0,0,0
79669,0,0.0039743455,0.0,0.0047165267,0.0,0,0
79670,0,0.005453375,0.0017482517,0.0054800357,0.0,0,0
79671,0,0.0105279535,0.0017482517,0.010308223,0.0013605442,0,0
79672,0,0.009061569,0.0017482517,0.008370089,0.0,0,0
79673,0,0.0069135935,0.0017482517,0.0069868863,0.0,0,0
79674,0,0.0062168543,0.0017482517,0.007382607,0.0,0,0
79675,0,0.005795371,0.0017482517,0.0059928265,0.0,0,0
79676,0,0.0044710515,0.0,0.005215668,0.0,0,0
79677,0,0.0044710515,0.0,0.005215668,0.0,0,0
79678,0,0.0044710515,0.0,0.005215668,0.0,0,0
79679,0,0.0042299405,0.0,0.0042833793,0.0,0,0
79680,0,0.0051891394,0.0017482517,0.005607877,0.0,0,0
79681,0,0.004666653,0.0017482517,0.004510726,0.0,0,0
79682,0,0.0043253885,0.0,0.004893194,0.0,0,0
79683,0,0.0043253885,0.0,0.004893194,0.0,0,0
79684,0,0.0037025444,0.0,0.003951398,0.0,0,0
79685,0,0.0025441102,0.0,0.0024295163,0.0,0,0
79686,0,0.0015933773,0.0,0.0020754514,0.0,0,0
79687,0,0.0015933773,0.0,0.0020754514,0.0,0,0
79688,0,0.0015933773,0.0,0.0020754514,0.0,0,0
79689,0,0.0016501491,0.0,0.0020754514,0.0,0,0
79690,0,0.0016501491,0.0,0.0020754514,0.0,0,0
79691,0,0.0016501491,0.0,0.0020754514,0.0,0,0
79692,0,0.0016501491,0.0,0.0020754514,0.0,0,0
79693,0,0.0026730772,0.0,0.0043103104,0.0,0,0
79694,0,0.0034265264,0.0,0.0050005973,0.0,0,0
79695,0,0.0061288667,0.0017482517,0.011622823,0.0013605442,0,0
79696,0,0.0053881593,0.0017482517,0.0089684045,0.0013605442,0,0
79697,0,0.0038235683,0.0,0.0057511083,0.0,0,0
79698,0,0.0039020458,0.0,0.008062681,0.0,0,0
79699,0,0.0040214485,0.0,0.0072641326,0.0,0,0
79700,0,0.0055395965,0.0017482517,0.006668154,0.0,0,0
79701,0,0.00772344,0.0017482517,0.011786765,0.0013605442,0,0
79702,0,0.005928919,0.0017482517,0.008430873,0.0,0,0
79703,0,0.0070036496,0.0017482517,0.010179022,0.0013605442,0,0
79704,0,0.0040201214,0.0,0.0056860633,0.0,0,0
79705,0,0.005414354,0.0017482517,0.005781754,0.0,0,0
79706,0,0.005414354,0.0017482517,0.005781754,0.0,0,0
79707,0,0.0048137642,0.0017482517,0.0045280126,0.0,0,0
79708,0,0.005040969,0.0017482517,0.005205453,0.0,0,0
79709,0,0.0044816057,0.0,0.0040761633,0.0,0,0
79710,0,0.0033486453,0.0,0.0030963246,0.0,0,0
79711,0,0.0033486453,0.0,0.0030963246,0.0,0,0
79712,0,0.0033486453,0.0,0.0030963246,0.0,0,0
79713,0,0.0033486453,0.0,0.0030963246,0.0,0,0
79714,0,0.0031693971,0.0,0.002728176,0.0,0,0
79715,0,0.00548566,0.0017482517,0.0043717325,0.0,0,0
79716,0,0.007771048,0.0017482517,0.0075813658,0.0,0,0
79717,0,0.0054455083,0.0017482517,0.0052663703,0.0,0,0
79718,0,0.0054944493,0.0017482517,0.0052663703,0.0,0,0
79719,0,0.005557309,0.0017482517,0.005840664,0.0,0,0
79720,0,0.00950533,0.0017482517,0.017749844,0.0013605442,0,0
79721,0,0.00804512,0.0017482517,0.016624331,0.0013605442,0,0
79722,0,0.006125132,0.0017482517,0.006518447,0.0,0,0
79723,0,0.0085672485,0.0017482517,0.008490669,0.0,0,0
79724,0,0.006112434,0.0017482517,0.00866601,0.0,0,0
79725,0,0.006059532,0.0017482517,0.008517917,0.0,0,0
79726,0,0.006645978,0.0017482517,0.0052110287,0.0,0,0
79727,0,0.008847564,0.0017482517,0.011919244,0.0013605442,0,0
79728,0,0.0071824053,0.0017482517,0.009039408,0.0013605442,0,0
79729,0,0.0069214785,0.0017482517,0.007655504,0.0,0,0
79730,0,0.006317037,0.0017482517,0.0063215555,0.0,0,0
79731,0,0.009152928,0.0017482517,0.0143365525,0.0013605442,0,0
79732,0,0.011903615,0.0017482517,0.014109202,0.0013605442,0,0
79733,0,0.009278155,0.0017482517,0.013483166,0.0013605442,0,0
79734,0,0.0105625475,0.0017482517,0.016777763,0.0013605442,0,0
79735,0,0.032105062,0.02248394,0.042299714,0.017391304,0,0
79736,0,0.022213442,0.0017482517,0.025386916,0.009259258,0,0
79737,0,0.019785969,0.0017482517,0.02643636,0.009259258,0,0
79738,0,0.019785969,0.0017482517,0.02643636,0.009259258,0,0
79739,0,0.014780151,0.0017482517,0.018371087,0.0013605442,0,0
79740,0,0.0106895715,0.0017482517,0.010757649,0.0013605442,0,0
79741,0,0.011365212,0.0017482517,0.014108465,0.0013605442,0,0
79742,0,0.013148387,0.0017482517,0.01472119,0.0013605442,0,0
79743,0,0.016497402,0.0017482517,0.018148458,0.0013605442,0,0
79744,0,0.010293323,0.0017482517,0.0133980615,0.0013605442,0,0
79745,0,0.010010895,0.0017482517,0.011720798,0.0013605442,0,0
79746,0,0.016570643,0.0017482517,0.018601034,0.0013605442,0,0
79747,0,0.014064804,0.0017482517,0.015280711,0.0013605442,0,0
79748,0,0.016349673,0.0017482517,0.015263845,0.0013605442,0,0
79749,0,0.024346178,0.004761905,0.02350568,0.0013605442,0,0
79750,0,0.00992296,0.0017482517,0.008784554,0.0,0,0
79751,0,0.011801208,0.0017482517,0.015489651,0.0013605442,0,0
79752,0,0.014084807,0.0017482517,0.020087969,0.0013605442,0,0
79753,0,0.01564705,0.0017482517,0.017521087,0.0013605442,0,0
79754,0,0.022376643,0.0017482517,0.05151979,0.017391304,0,0
79755,0,0.03205861,0.02248394,0.0327753,0.009259258,0,0
79756,0,0.03578706,0.02248394,0.043276314,0.017391304,0,0
79757,0,0.03973857,0.02248394,0.04826509,0.017391304,0,0
79758,0,0.03667024,0.02248394,0.05671216,0.025263159,0,0
79759,0,0.055534393,0.027237354,0.08939163,0.04532967,0,0
79760,0,0.055145424,0.027237354,0.06691692,0.025263159,0,0
79761,0,0.06930808,0.035928145,0.09075437,0.04532967,0,0
79762,0,0.055097654,0.027237354,0.08072839,0.04532967,0,0
79763,0,0.099392265,0.057771664,0.11064704,0.06716418,0,0
79764,0,0.089237295,0.05263158,0.10588823,0.05050505,0,0
79765,0,0.099067345,0.057771664,0.09490396,0.04532967,0,0
79766,0,0.066714846,0.035928145,0.07823449,0.04532967,0,0
79767,0,0.13463748,0.06153846,0.15513787,0.092920355,0,0
79768,0,0.14135183,0.06153846,0.15994015,0.092920355,0,0
79769,0,0.08299659,0.035928145,0.07754738,0.04532967,0,0
79770,0,0.07434654,0.035928145,0.09210788,0.04532967,0,0
79771,0,0.04957771,0.02248394,0.057106335,0.025263159,0,0
79772,0,0.051740028,0.027237354,0.060815725,0.025263159,0,0
79773,0,0.058184683,0.035928145,0.0704523,0.025263159,0,0
79774,0,0.057029918,0.035928145,0.06881909,0.025263159,0,0
79775,0,0.081947885,0.035928145,0.09815055,0.04532967,0,0
79776,0,0.036293324,0.02248394,0.044199284,0.017391304,0,0
79777,0,0.11329837,0.057771664,0.106391996,0.05050505,0,0
79778,0,0.03275552,0.02248394,0.036355972,0.009259258,0,0
79779,0,0.067281425,0.035928145,0.067331895,0.025263159,0,0
79780,0,0.052601475,0.027237354,0.04590707,0.017391304,0,0
79781,0,0.09565816,0.057771664,0.08681615,0.04532967,0,0
79782,0,0.03666736,0.02248394,0.060820367,0.025263159,0,0
79783,0,0.041215632,0.02248394,0.053988535,0.025263159,0,0
79784,0,0.023983568,0.0017482517,0.047275607,0.017391304,0,0
79785,0,0.056419674,0.03448276,0.08404903,0.04532967,0,0
79786,0,0.05404771,0.027237354,0.056207214,0.025263159,0,0
79787,0,0.107446685,0.057771664,0.078197725,0.04532967,0,0
79788,0,0.04949664,0.02248394,0.052818507,0.025263159,0,0
79789,0,0.036322206,0.02248394,0.040561598,0.009259258,0,0
79790,0,0.041803744,0.02248394,0.10103087,0.04532967,0,0
79791,0,0.066015385,0.035928145,0.10156949,0.04532967,0,0
79792,0,0.14175217,0.06153846,0.20668006,0.09982175,0,0
79793,0,0.14568792,0.06153846,0.27315995,0.11621621,0,0
79794,0,0.09600436,0.057771664,0.095369905,0.04532967,0,0
79795,0,0.10730423,0.057771664,0.0794684,0.04532967,0,0
79796,0,0.105235636,0.057771664,0.12285419,0.078028746,0,0
79797,0,0.07901537,0.035928145,0.099083565,0.04532967,0,0
79798,0,0.08079101,0.035928145,0.06218459,0.025263159,0,0
79799,0,0.057784874,0.035928145,0.08975782,0.04532967,0,0
79800,0,0.11243711,0.057771664,0.12261676,0.078028746,0,0
79801,0,0.09143824,0.057771664,0.10231959,0.04532967,0,0
79802,0,0.083072275,0.035928145,0.14794926,0.092920355,0,0
79803,0,0.071395375,0.035928145,0.11488139,0.078028746,0,0
79804,0,0.081444934,0.035928145,0.07979523,0.04532967,0,0
79805,0,0.07142153,0.035928145,0.13467203,0.08955224,0,0
79806,0,0.11833405,0.057771664,0.15189032,0.092920355,0,0
79807,0,0.09815677,0.057771664,0.11547235,0.078028746,0,0
79808,1,0.071872,0.035928145,0.12271507,0.078028746,0,0
79809,0,0.21169291,0.17333333,0.17747125,0.09982175,0,0
79810,0,0.120314084,0.057771664,0.14209625,0.092920355,0,0
79811,0,0.09561299,0.057771664,0.1447893,0.092920355,0,0
79812,0,0.070604496,0.035928145,0.10190329,0.04532967,0,0
79813,1,0.08821305,0.035928145,0.12387803,0.078028746,0,0
79814,0,0.15153556,0.1554054,0.088031106,0.04532967,0,0
79815,0,0.09408327,0.057771664,0.102275334,0.04532967,0,0
79816,0,0.052569393,0.027237354,0.05014556,0.017391304,0,0
79817,0,0.067738235,0.035928145,0.078252465,0.04532967,0,0
79818,0,0.13860135,0.06153846,0.213959,0.09982175,0,0
79819,0,0.06437324,0.035928145,0.06495105,0.025263159,0,0
79820,0,0.13892923,0.06153846,0.11408068,0.078028746,0,0
79821,0,0.13147879,0.057771664,0.13879871,0.092920355,0,0
79822,0,0.08892562,0.035928145,0.14677586,0.092920355,0,0
79823,0,0.08412215,0.035928145,0.083462745,0.04532967,0,0
79824,0,0.13396873,0.06153846,0.1278935,0.078028746,0,0
79825,0,0.12165025,0.057771664,0.20587374,0.09982175,0,0
79826,0,0.070718385,0.035928145,0.12360314,0.078028746,0,0
79827,0,0.062183753,0.035928145,0.07366698,0.025263159,0,0
79828,0,0.10001233,0.057771664,0.10159112,0.04532967,0,0
79829,0,0.06030437,0.035928145,0.120375246,0.078028746,0,0
79830,0,0.0523699,0.027237354,0.101847395,0.04532967,0,0
79831,0,0.093815036,0.057771664,0.20206587,0.09982175,0,0
79832,0,0.0779196,0.035928145,0.13758793,0.092920355,0,0
79833,0,0.10122624,0.057771664,0.15227726,0.092920355,0,0
79834,0,0.07629839,0.035928145,0.109912634,0.06716418,0,0
79835,0,0.093105644,0.057771664,0.2220623,0.10289389,0,0
79836,0,0.057258096,0.035928145,0.1795423,0.09982175,0,0
79837,0,0.1097805,0.057771664,0.22795752,0.10289389,0,0
79838,0,0.096018724,0.057771664,0.23574883,0.10289389,0,0
79839,0,0.059885126,0.035928145,0.15007286,0.092920355,0,0
79840,0,0.05625505,0.027237354,0.16565202,0.09982175,0,0
79841,0,0.052415792,0.027237354,0.11522768,0.078028746,0,0
79842,0,0.05267258,0.027237354,0.13031124,0.078028746,0,0
79843,0,0.0951756,0.057771664,0.15194166,0.092920355,0,0
79844,0,0.08532678,0.035928145,0.15861075,0.092920355,0,0
79845,0,0.08884185,0.035928145,0.13199647,0.078028746,0,0
79846,0,0.097700894,0.057771664,0.17569679,0.09982175,0,0
79847,0,0.10700693,0.057771664,0.14064947,0.092920355,0,0
79848,0,0.071482785,0.035928145,0.111968994,0.06716418,0,0
79849,0,0.09770293,0.057771664,0.12885682,0.078028746,0,0
79850,0,0.08927484,0.05263158,0.16378719,0.09982175,0,0
79851,0,0.08891058,0.035928145,0.16744669,0.09982175,0,0
79852,0,0.07220578,0.035928145,0.12826255,0.078028746,0,0
79853,0,0.061622422,0.035928145,0.11997028,0.078028746,0,0
79854,1,0.092333205,0.057771664,0.13120727,0.078028746,0,0
79855,0,0.12868427,0.057771664,0.14437322,0.092920355,0,0
79856,0,0.11314979,0.057771664,0.12246916,0.078028746,0,0
79857,0,0.084532805,0.035928145,0.15628102,0.092920355,0,0
79858,0,0.06378237,0.035928145,0.14992942,0.092920355,0,0
79859,0,0.062567785,0.035928145,0.12116372,0.078028746,0,0
79860,0,0.060143683,0.035928145,0.13882874,0.092920355,0,0
79861,0,0.057748463,0.035928145,0.09255139,0.04532967,0,0
79862,0,0.055134654,0.027237354,0.072194874,0.025263159,0,0
79863,0,0.06745179,0.035928145,0.07302798,0.025263159,0,0
79864,0,0.079259895,0.035928145,0.14424312,0.092920355,0,0
79865,1,0.057331108,0.035928145,0.10693566,0.05050505,0,0
79866,0,0.14577232,0.06153846,0.060960792,0.025263159,0,0
79867,0,0.15742373,0.1554054,0.13331346,0.078028746,0,0
79868,1,0.10021056,0.057771664,0.13609754,0.08955224,0,0
79869,0,0.17295277,0.1554054,0.100022376,0.04532967,0,0
79870,0,0.10771296,0.057771664,0.13405104,0.078028746,0,0
79871,0,0.14885657,0.0952381,0.24975075,0.10289389,0,0
79872,0,0.10417781,0.057771664,0.22774653,0.10289389,0,0
79873,0,0.092082,0.057771664,0.18569218,0.09982175,0,0
79874,0,0.08852378,0.035928145,0.19650455,0.09982175,0,0
79875,0,0.091576196,0.057771664,0.1960362,0.09982175,0,0
79876,1,0.076935284,0.035928145,0.14833456,0.092920355,0,0
79877,0,0.1433075,0.06153846,0.20191245,0.09982175,0,0
79878,0,0.08546235,0.035928145,0.2368103,0.10289389,0,0
79879,0,0.082697906,0.035928145,0.1803522,0.09982175,0,0
79880,0,0.0858641,0.035928145,0.15115337,0.092920355,0,0
79881,0,0.08999315,0.05263158,0.2442124,0.10289389,0,0
79882,0,0.07611445,0.035928145,0.2411172,0.10289389,0,0
79883,0,0.078599274,0.035928145,0.19391087,0.09982175,0,0
79884,0,0.07217866,0.035928145,0.23450154,0.10289389,0,0
79885,0,0.07085856,0.035928145,0.2144918,0.09982175,0,0
79886,0,0.05811849,0.035928145,0.2373066,0.10289389,0,0
79887,0,0.067072265,0.035928145,0.26581645,0.10289389,0,0
79888,0,0.055460487,0.027237354,0.2039588,0.09982175,0,0
79889,0,0.057051767,0.035928145,0.17219408,0.09982175,0,0
79890,0,0.0705666,0.035928145,0.22409604,0.10289389,0,0
79891,0,0.060824074,0.035928145,0.16772765,0.09982175,0,0
79892,0,0.06313514,0.035928145,0.18194105,0.09982175,0,0
79893,0,0.052607186,0.027237354,0.09943673,0.04532967,0,0
79894,0,0.10942925,0.057771664,0.25365818,0.10289389,0,0
79895,0,0.06440923,0.035928145,0.16083446,0.092920355,0,0
79896,0,0.07543495,0.035928145,0.16938367,0.09982175,0,0
79897,0,0.07255488,0.035928145,0.19908606,0.09982175,0,0
79898,1,0.06631375,0.035928145,0.119954646,0.078028746,0,0
79899,0,0.12051152,0.057771664,0.11809586,0.078028746,0,0
79900,0,0.06811905,0.035928145,0.12493039,0.078028746,0,0
79901,0,0.05194378,0.027237354,0.15581731,0.092920355,0,0
79902,0,0.07397897,0.035928145,0.10383965,0.05050505,0,0
79903,0,0.059031915,0.035928145,0.12390933,0.078028746,0,0
79904,0,0.041358527,0.02248394,0.07835155,0.04532967,0,0
79905,0,0.04510613,0.02248394,0.10614765,0.05050505,0,0
79906,0,0.04312429,0.02248394,0.120330796,0.078028746,0,0
79907,0,0.046455536,0.02248394,0.12400675,0.078028746,0,0
79908,0,0.046907794,0.02248394,0.13686094,0.08955224,0,0
79909,0,0.057236195,0.035928145,0.13489069,0.08955224,0,0
79910,0,0.05247086,0.027237354,0.10358141,0.05050505,0,0
79911,0,0.041430846,0.02248394,0.08896973,0.04532967,0,0
79912,0,0.053565025,0.027237354,0.12231324,0.078028746,0,0
79913,0,0.046560716,0.02248394,0.10891887,0.06716418,0,0
79914,0,0.03649152,0.02248394,0.065017305,0.025263159,0,0
79915,0,0.041766,0.02248394,0.1225265,0.078028746,0,0
79916,0,0.040647466,0.02248394,0.12540352,0.078028746,0,0
79917,0,0.03795235,0.02248394,0.105881914,0.05050505,0,0
79918,0,0.04060539,0.02248394,0.08683172,0.04532967,0,0
79919,0,0.061463043,0.035928145,0.14051497,0.092920355,0,0
79920,0,0.080335535,0.035928145,0.1596377,0.092920355,0,0
79921,0,0.064535044,0.035928145,0.11833354,0.078028746,0,0
79922,0,0.048772074,0.02248394,0.07041793,0.025263159,0,0
79923,0,0.06150856,0.035928145,0.09756382,0.04532967,0,0
79924,0,0.044832382,0.02248394,0.063705996,0.025263159,0,0
79925,0,0.04521054,0.02248394,0.05680483,0.025263159,0,0
79926,0,0.04297758,0.02248394,0.07690895,0.04532967,0,0
79927,0,0.04229981,0.02248394,0.11293763,0.06716418,0,0
79928,0,0.028767081,0.004761905,0.05685319,0.025263159,0,0
79929,0,0.030625515,0.02248394,0.11339804,0.078028746,0,0
79930,0,0.019224858,0.0017482517,0.1110867,0.06716418,0,0
79931,0,0.045098852,0.02248394,0.10943621,0.06716418,0,0
79932,0,0.05627599,0.027237354,0.117266215,0.078028746,0,0
79933,0,0.046025004,0.02248394,0.109548695,0.06716418,0,0
79934,0,0.057225518,0.035928145,0.080672175,0.04532967,0,0
79935,0,0.04662604,0.02248394,0.10479996,0.05050505,0,0
79936,0,0.049743,0.02248394,0.105749555,0.05050505,0,0
79937,0,0.07044389,0.035928145,0.14843735,0.092920355,0,0
79938,0,0.059107047,0.035928145,0.12936008,0.078028746,0,0
79939,0,0.07662791,0.035928145,0.20131913,0.09982175,0,0
79940,0,0.058777966,0.035928145,0.16808872,0.09982175,0,0
79941,0,0.071779445,0.035928145,0.11924373,0.078028746,0,0
79942,0,0.076662436,0.035928145,0.15455282,0.092920355,0,0
79943,0,0.06505783,0.035928145,0.1141858,0.078028746,0,0
79944,0,0.08986059,0.05263158,0.19040623,0.09982175,0,0
79945,0,0.08223966,0.035928145,0.21184202,0.09982175,0,0
79946,0,0.042342868,0.02248394,0.19866578,0.09982175,0,0
79947,0,0.046635434,0.02248394,0.1614713,0.092920355,0,0
79948,0,0.06391194,0.035928145,0.16512728,0.09982175,0,0
79949,0,0.06270284,0.035928145,0.14810632,0.092920355,0,0
79950,0,0.08601348,0.035928145,0.16277353,0.092920355,0,0
79951,0,0.048365276,0.02248394,0.07583963,0.04532967,0,0
79952,0,0.042655595,0.02248394,0.07657711,0.04532967,0,0
79953,0,0.0786759,0.035928145,0.085200876,0.04532967,0,0
79954,0,0.06772662,0.035928145,0.12641333,0.078028746,0,0
79955,0,0.109290496,0.057771664,0.13431618,0.08955224,0,0
79956,0,0.101501025,0.057771664,0.1690224,0.09982175,0,0
79957,0,0.09374014,0.057771664,0.17848796,0.09982175,0,0
79958,0,0.10209857,0.057771664,0.19468747,0.09982175,0,0
79959,0,0.077342145,0.035928145,0.18276872,0.09982175,0,0
79960,0,0.06681772,0.035928145,0.10515787,0.05050505,0,0
79961,0,0.086180255,0.035928145,0.19043745,0.09982175,0,0
79962,0,0.07161652,0.035928145,0.121150054,0.078028746,0,0
79963,0,0.09356666,0.057771664,0.17760572,0.09982175,0,0
79964,0,0.08514365,0.035928145,0.08250324,0.04532967,0,0
79965,0,0.14775357,0.0952381,0.19456561,0.09982175,0,0
79966,0,0.06880863,0.035928145,0.10277808,0.04532967,0,0
79967,0,0.084854946,0.035928145,0.1258636,0.078028746,0,0
79968,0,0.06010918,0.035928145,0.098240994,0.04532967,0,0
79969,0,0.06155132,0.035928145,0.0842686,0.04532967,0,0
79970,0,0.051291406,0.027237354,0.08159239,0.04532967,0,0
79971,0,0.04404905,0.02248394,0.05580408,0.025263159,0,0
79972,0,0.052311752,0.027237354,0.06760316,0.025263159,0,0
79973,0,0.043065798,0.02248394,0.05822734,0.025263159,0,0
79974,0,0.03964579,0.02248394,0.07505313,0.04532967,0,0
79975,0,0.04122412,0.02248394,0.05796922,0.025263159,0,0
79976,0,0.07260676,0.035928145,0.066728614,0.025263159,0,0
79977,0,0.08075536,0.035928145,0.08176252,0.04532967,0,0
79978,0,0.06554255,0.035928145,0.07914109,0.04532967,0,0
79979,0,0.06429386,0.035928145,0.33742604,0.11621621,0,0
79980,0,0.03374272,0.02248394,0.2561247,0.10289389,0,0
79981,0,0.074533194,0.035928145,0.36864513,0.11621621,0,0
79982,0,0.056690425,0.03448276,0.37225074,0.11621621,0,0
79983,0,0.028339347,0.004761905,0.2320438,0.10289389,0,0
79984,0,0.04982144,0.02248394,0.33721888,0.11621621,0,0
79985,0,0.08753192,0.035928145,0.40530923,0.11621621,0,0
79986,0,0.039359517,0.02248394,0.35002178,0.11621621,0,0
79987,0,0.05164445,0.027237354,0.32795438,0.11621621,0,0
79988,0,0.05626508,0.027237354,0.40416422,0.11621621,0,0
79989,0,0.045113195,0.02248394,0.38216802,0.11621621,0,0
79990,0,0.05186746,0.027237354,0.49328238,0.11621621,0,0
79991,0,0.049389247,0.02248394,0.43087316,0.11621621,0,0
79992,0,0.049535878,0.02248394,0.35414186,0.11621621,0,0
79993,0,0.046050772,0.02248394,0.31819803,0.11621621,0,0
79994,0,0.046834007,0.02248394,0.27946076,0.11621621,0,0
79995,0,0.062067717,0.035928145,0.40713733,0.11621621,0,0
79996,0,0.04914879,0.02248394,0.3080194,0.11621621,0,0
79997,0,0.07074493,0.035928145,0.24586618,0.10289389,0,0
79998,0,0.067614675,0.035928145,0.31983736,0.11621621,0,0
79999,0,0.041386846,0.02248394,0.22388011,0.10289389,0,0
80000,0,0.05553424,0.027237354,0.33081728,0.11621621,0,0
80001,0,0.061271813,0.035928145,0.43375567,0.11621621,0,0
80002,0,0.09234583,0.057771664,0.47397935,0.11621621,0,0
80003,0,0.06921078,0.035928145,0.51215,0.11621621,0,0
80004,0,0.0655955,0.035928145,0.32086667,0.11621621,0,0
80005,0,0.076247826,0.035928145,0.25413108,0.10289389,0,0
80006,0,0.08145074,0.035928145,0.4058535,0.11621621,0,0
80007,0,0.08648765,0.035928145,0.4929171,0.11621621,0,0
80008,0,0.07278719,0.035928145,0.31493226,0.11621621,0,0
80009,0,0.09933028,0.057771664,0.43590277,0.11621621,0,0
80010,0,0.06324881,0.035928145,0.37921703,0.11621621,0,0
80011,0,0.063757636,0.035928145,0.37514278,0.11621621,0,0
80012,0,0.047498804,0.02248394,0.41477907,0.11621621,0,0
80013,0,0.07278788,0.035928145,0.5355381,0.11621621,0,0
80014,0,0.08428241,0.035928145,0.6105858,0.11764706,0,0
80015,0,0.044551842,0.02248394,0.39350048,0.11621621,0,0
80016,0,0.05865416,0.035928145,0.45979497,0.11621621,0,0
80017,0,0.04671109,0.02248394,0.33235338,0.11621621,0,0
80018,0,0.05758268,0.035928145,0.32235166,0.11621621,0,0
80019,0,0.050590795,0.02248394,0.32651642,0.11621621,0,0
80020,0,0.045998484,0.02248394,0.36962867,0.11621621,0,0
80021,0,0.051238853,0.027237354,0.36175603,0.11621621,0,0
80022,0,0.055936128,0.027237354,0.28084418,0.11621621,0,0
80023,0,0.052117378,0.027237354,0.37158874,0.11621621,0,0
80024,0,0.03399263,0.02248394,0.30646178,0.11621621,0,0
80025,0,0.040046506,0.02248394,0.27345783,0.11621621,0,0
80026,0,0.0740484,0.035928145,0.45550597,0.11621621,0,0
80027,0,0.07057722,0.035928145,0.35660633,0.11621621,0,0
80028,0,0.08679605,0.035928145,0.4194432,0.11621621,0,0
80029,0,0.05413447,0.027237354,0.28748947,0.11621621,0,0
80030,0,0.11267076,0.057771664,0.4939299,0.11621621,0,0
80031,0,0.06523384,0.035928145,0.28491077,0.11621621,0,0
80032,0,0.05358474,0.027237354,0.35886428,0.11621621,0,0
80033,0,0.0570489,0.035928145,0.24908958,0.10289389,0,0
80034,0,0.047784362,0.02248394,0.28133652,0.11621621,0,0
80035,0,0.06764292,0.035928145,0.2638064,0.10289389,0,0
80036,0,0.089206785,0.05263158,0.27723035,0.11621621,0,0
80037,0,0.059108403,0.035928145,0.23717006,0.10289389,0,0
80038,0,0.13342582,0.06153846,0.27538377,0.11621621,0,0
80039,0,0.05436032,0.027237354,0.24179602,0.10289389,0,0
80040,0,0.06712,0.035928145,0.22605234,0.10289389,0,0
80041,0,0.12802023,0.057771664,0.29691094,0.11621621,0,0
80042,0,0.08183019,0.035928145,0.35963336,0.11621621,0,0
80043,0,0.092604965,0.057771664,0.29478726,0.11621621,0,0
80044,0,0.06901118,0.035928145,0.29357424,0.11621621,0,0
80045,0,0.07324516,0.035928145,0.3385459,0.11621621,0,0
80046,0,0.098564714,0.057771664,0.46648452,0.11621621,0,0
80047,0,0.07644116,0.035928145,0.5217297,0.11621621,0,0
80048,0,0.104748935,0.057771664,0.44577092,0.11621621,0,0
80049,0,0.08282119,0.035928145,0.4844633,0.11621621,0,0
80050,0,0.12703323,0.057771664,0.5301813,0.11621621,0,0
80051,0,0.1191655,0.057771664,0.3812742,0.11621621,0,0
80052,0,0.06349227,0.035928145,0.27192178,0.11621621,0,0
80053,0,0.056301475,0.03448276,0.47025204,0.11621621,0,0
80054,0,0.06282361,0.035928145,0.36526906,0.11621621,0,0
80055,0,0.078992,0.035928145,0.37864205,0.11621621,0,0
80056,0,0.06769022,0.035928145,0.46069667,0.11621621,0,0
80057,0,0.052199155,0.027237354,0.4817885,0.11621621,0,0
80058,0,0.0881795,0.035928145,0.45802382,0.11621621,0,0
80059,0,0.07979875,0.035928145,0.4790872,0.11621621,0,0
80060,0,0.060615998,0.035928145,0.4617033,0.11621621,0,0
80061,0,0.09685913,0.057771664,0.4841716,0.11621621,0,0
80062,0,0.063058846,0.035928145,0.5162134,0.11621621,0,0
80063,0,0.07299497,0.035928145,0.40143526,0.11621621,0,0
80064,0,0.088127024,0.035928145,0.3619274,0.11621621,0,0
80065,0,0.069883086,0.035928145,0.32148123,0.11621621,0,0
80066,0,0.05211926,0.027237354,0.35836038,0.11621621,0,0
80067,0,0.117802806,0.057771664,0.35985094,0.11621621,0,0
80068,0,0.10326611,0.057771664,0.3741446,0.11621621,0,0
80069,0,0.13584132,0.06153846,0.5242296,0.11621621,0,0
80070,0,0.16216265,0.1554054,0.58820164,0.11764706,0,0
80071,0,0.1221567,0.057771664,0.68722886,0.11764706,0,0
80072,0,0.107164815,0.057771664,0.59958375,0.11764706,0,0
80073,0,0.07817603,0.035928145,0.6181504,0.11764706,0,0
80074,0,0.101637065,0.057771664,0.48845,0.11621621,0,0
80075,0,0.102829255,0.057771664,0.62308955,0.11764706,0,0
80076,0,0.1712351,0.1554054,0.5961282,0.11764706,0,0
80077,0,0.084354185,0.035928145,0.48494923,0.11621621,0,0
80078,0,0.1168509,0.057771664,0.52133757,0.11621621,0,0
80079,0,0.12701419,0.057771664,0.44342726,0.11621621,0,0
80080,0,0.089161,0.05261999,0.5005864,0.11621621,0,0
80081,0,0.11865498,0.057771664,0.53013957,0.11621621,0,0
80082,0,0.10766919,0.057771664,0.5234295,0.11621621,0,0
80083,0,0.081541464,0.035928145,0.58424944,0.11764706,0,0
80084,0,0.11230454,0.057771664,0.6378105,0.11764706,0,0
80085,0,0.04660986,0.02248394,0.40471086,0.11621621,0,0
80086,0,0.099237286,0.057771664,0.43590686,0.11621621,0,0
80087,0,0.1032471,0.057771664,0.34555393,0.11621621,0,0
80088,0,0.0946934,0.057771664,0.41038114,0.11621621,0,0
80089,0,0.110081464,0.057771664,0.52133495,0.11621621,0,0
80090,0,0.15700965,0.1554054,0.49974942,0.11621621,0,0
80091,0,0.1165744,0.057771664,0.45257103,0.11621621,0,0
80092,0,0.120095156,0.057771664,0.46589297,0.11621621,0,0
80093,0,0.0954874,0.057771664,0.43967736,0.11621621,0,0
80094,0,0.122663304,0.057771664,0.35862103,0.11621621,0,0
80095,0,0.09782091,0.057771664,0.32928088,0.11621621,0,0
80096,0,0.09910842,0.057771664,0.39861163,0.11621621,0,0
80097,0,0.10044033,0.057771664,0.5079038,0.11621621,0,0
80098,0,0.13025768,0.057771664,0.46261138,0.11621621,0,0
80099,0,0.06621152,0.035928145,0.41668436,0.11621621,0,0
80100,0,0.08663014,0.035928145,0.5146399,0.11621621,0,0
80101,0,0.08855029,0.035928145,0.4841416,0.11621621,0,0
80102,0,0.080961205,0.035928145,0.4177062,0.11621621,0,0
80103,0,0.08019519,0.035928145,0.38598895,0.11621621,0,0
80104,0,0.07250284,0.035928145,0.43523535,0.11621621,0,0
80105,0,0.07162969,0.035928145,0.34281182,0.11621621,0,0
80106,0,0.10252506,0.057771664,0.34331444,0.11621621,0,0
80107,0,0.08789708,0.035928145,0.38228613,0.11621621,0,0
80108,0,0.07944055,0.035928145,0.36698997,0.11621621,0,0
80109,0,0.13094325,0.057771664,0.39173892,0.11621621,0,0
80110,0,0.08489967,0.035928145,0.3651899,0.11621621,0,0
80111,0,0.11035903,0.057771664,0.40359157,0.11621621,0,0
80112,0,0.10035558,0.057771664,0.36885014,0.11621621,0,0
80113,0,0.0800607,0.035928145,0.3722316,0.11621621,0,0
80114,0,0.09208876,0.057771664,0.40817004,0.11621621,0,0
80115,0,0.06155525,0.035928145,0.27774233,0.11621621,0,0
80116,0,0.08892968,0.035928145,0.38211036,0.11621621,0,0
80117,1,0.08318762,0.035928145,0.331447,0.11621621,0,0
80118,0,0.22279505,0.22222222,0.42876694,0.11621621,0,0
80119,0,0.17060871,0.1554054,0.29974473,0.11621621,0,0
80120,0,0.13658126,0.06153846,0.38696632,0.11621621,0,0
80121,0,0.09245646,0.057771664,0.3181938,0.11621621,0,0
80122,1,0.08299549,0.035928145,0.27521563,0.11621621,0,0
80123,0,0.34444928,0.37096775,0.4434738,0.11621621,0,0
80124,0,0.14085521,0.06153846,0.38205913,0.11621621,0,0
80125,0,0.150082,0.125,0.3796072,0.11621621,0,0
80126,0,0.17463292,0.1554054,0.40554714,0.11621621,0,0
80127,0,0.14138138,0.06153846,0.3869304,0.11621621,0,0
80128,0,0.15302987,0.1554054,0.4064174,0.11621621,0,0
80129,0,0.20948552,0.17333333,0.46450207,0.11621621,0,0
80130,0,0.18571864,0.17142858,0.4518445,0.11621621,0,0
80131,0,0.13484496,0.06153846,0.32416314,0.11621621,0,0
80132,0,0.14738378,0.0952381,0.37162533,0.11621621,0,0
80133,0,0.14922872,0.0952381,0.43419978,0.11621621,0,0
80134,0,0.14862475,0.0952381,0.38970187,0.11621621,0,0
80135,1,0.16346096,0.1554054,0.41561905,0.11621621,0,0
80136,0,0.2843335,0.37096775,0.40631488,0.11621621,0,0
80137,0,0.17367531,0.1554054,0.3978997,0.11621621,0,0
80138,0,0.14592414,0.06462344,0.44268462,0.11621621,0,0
80139,0,0.14579192,0.06153846,0.4768212,0.11621621,0,0
80140,0,0.18211941,0.17142858,0.4457487,0.11621621,0,0
80141,0,0.18372704,0.17142858,0.42422268,0.11621621,0,0
80142,0,0.16964287,0.1554054,0.4540435,0.11621621,0,0
80143,0,0.14143243,0.06153846,0.45492128,0.11621621,0,0
80144,0,0.11323399,0.057771664,0.48365137,0.11621621,0,0
80145,0,0.15121718,0.125,0.35541883,0.11621621,0,0
80146,0,0.12542494,0.057771664,0.38818622,0.11621621,0,0
80147,0,0.15701883,0.1554054,0.48483393,0.11621621,0,0
80148,0,0.111697234,0.057771664,0.36866793,0.11621621,0,0
80149,0,0.114431374,0.057771664,0.336155,0.11621621,0,0
80150,0,0.13619192,0.06153846,0.26370507,0.10289389,0,0
80151,0,0.113080524,0.057771664,0.37588185,0.11621621,0,0
80152,1,0.10137691,0.057771664,0.37541455,0.11621621,0,0
80153,1,0.1658151,0.1554054,0.37373248,0.11621621,0,0
80154,0,0.258482,0.37096775,0.33877096,0.11621621,0,0
80155,0,0.14031655,0.06153846,0.28118455,0.11621621,0,0
80156,0,0.13995913,0.06153846,0.2967315,0.11621621,0,0
80157,0,0.17915666,0.17142858,0.38720626,0.11621621,0,0
80158,0,0.12256177,0.057771664,0.2757035,0.11621621,0,0
80159,0,0.20620418,0.17333333,0.3376705,0.11621621,0,0
80160,0,0.14447306,0.06153846,0.3060026,0.11621621,0,0
80161,0,0.15032287,0.125,0.25979427,0.10289389,0,0
80162,0,0.14210016,0.06153846,0.33954865,0.11621621,0,0
80163,0,0.15957437,0.1554054,0.27417597,0.11621621,0,0
80164,0,0.20150328,0.17333333,0.26969138,0.11621621,0,0
80165,0,0.17115904,0.1554054,0.29265466,0.11621621,0,0
80166,0,0.20316015,0.17333333,0.34087533,0.11621621,0,0
80167,0,0.15242255,0.1554054,0.28214115,0.11621621,0,0
80168,0,0.14744689,0.0952381,0.32772812,0.11621621,0,0
80169,0,0.10605694,0.057771664,0.33707115,0.11621621,0,0
80170,0,0.120171316,0.057771664,0.25915018,0.10289389,0,0
80171,0,0.103697404,0.057771664,0.32402572,0.11621621,0,0
80172,0,0.124195926,0.057771664,0.30683112,0.11621621,0,0
80173,0,0.14288038,0.06153846,0.49381363,0.11621621,0,0
80174,0,0.17166309,0.1554054,0.42392677,0.11621621,0,0
80175,0,0.1367281,0.06153846,0.44099978,0.11621621,0,0
80176,0,0.09141321,0.057771664,0.34302765,0.11621621,0,0
80177,0,0.10881444,0.057771664,0.4136851,0.11621621,0,0
80178,0,0.09462677,0.057771664,0.47380608,0.11621621,0,0
80179,0,0.116101906,0.057771664,0.5337617,0.11621621,0,0
80180,0,0.11067555,0.057771664,0.52250236,0.11621621,0,0
80181,0,0.09650569,0.057771664,0.5270812,0.11621621,0,0
80182,0,0.111826114,0.057771664,0.43801668,0.11621621,0,0
80183,0,0.086291604,0.035928145,0.3152086,0.11621621,0,0
80184,0,0.08050674,0.035928145,0.34411725,0.11621621,0,0
80185,0,0.10319573,0.057771664,0.3725014,0.11621621,0,0
80186,0,0.09437328,0.057771664,0.31935036,0.11621621,0,0
80187,0,0.09035636,0.05263158,0.30410162,0.11621621,0,0
80188,0,0.12485226,0.057771664,0.4543804,0.11621621,0,0
80189,0,0.100331776,0.057771664,0.36638713,0.11621621,0,0
80190,0,0.07723574,0.035928145,0.36528012,0.11621621,0,0
80191,0,0.12969445,0.057771664,0.46836865,0.11621621,0,0
80192,0,0.10100197,0.057771664,0.42883572,0.11621621,0,0
80193,0,0.09946376,0.057771664,0.4155402,0.11621621,0,0
80194,0,0.09220289,0.057771664,0.31790853,0.11621621,0,0
80195,0,0.15547772,0.1554054,0.41172504,0.11621621,0,0
80196,0,0.09943293,0.057771664,0.3276636,0.11621621,0,0
80197,0,0.08735423,0.035928145,0.36291403,0.11621621,0,0
80198,0,0.09716472,0.057771664,0.43892917,0.11621621,0,0
80199,0,0.11014136,0.057771664,0.4371091,0.11621621,0,0
80200,0,0.10461088,0.057771664,0.35797888,0.11621621,0,0
80201,0,0.10814293,0.057771664,0.4298563,0.11621621,0,0
80202,0,0.12270594,0.057771664,0.42026025,0.11621621,0,0
80203,0,0.10939454,0.057771664,0.2856992,0.11621621,0,0
80204,0,0.13078627,0.057771664,0.42120764,0.11621621,0,0
80205,0,0.10228912,0.057771664,0.32434824,0.11621621,0,0
80206,0,0.10868736,0.057771664,0.4270943,0.11621621,0,0
80207,0,0.09374877,0.057771664,0.48974225,0.11621621,0,0
80208,0,0.096577145,0.057771664,0.30699843,0.11621621,0,0
80209,0,0.06762484,0.035928145,0.32150292,0.11621621,0,0
80210,0,0.077497385,0.035928145,0.26275143,0.10289389,0,0
80211,0,0.0787362,0.035928145,0.25133806,0.10289389,0,0
80212,0,0.08574673,0.035928145,0.28105098,0.11621621,0,0
80213,0,0.081459366,0.035928145,0.45241392,0.11621621,0,0
80214,0,0.0984953,0.057771664,0.47619444,0.11621621,0,0
80215,0,0.07175551,0.035928145,0.3920749,0.11621621,0,0
80216,0,0.10231084,0.057771664,0.42133725,0.11621621,0,0
80217,0,0.09948241,0.057771664,0.48619375,0.11621621,0,0
80218,0,0.07010011,0.035928145,0.3274171,0.11621621,0,0
80219,0,0.07429372,0.035928145,0.40810615,0.11621621,0,0
80220,0,0.08294742,0.035928145,0.5137813,0.11621621,0,0
80221,0,0.06219439,0.035928145,0.45747423,0.11621621,0,0
80222,0,0.081368625,0.035928145,0.41273084,0.11621621,0,0
80223,0,0.050067794,0.02248394,0.43991596,0.11621621,0,0
80224,0,0.05247516,0.027237354,0.3667858,0.11621621,0,0
80225,0,0.08078501,0.035928145,0.44222394,0.11621621,0,0
80226,0,0.07163668,0.035928145,0.51797515,0.11621621,0,0
80227,0,0.06275999,0.035928145,0.41586676,0.11621621,0,0
80228,0,0.07048032,0.035928145,0.4497555,0.11621621,0,0
80229,1,0.073369764,0.035928145,0.44213974,0.11621621,0,0
80230,0,0.18208507,0.17142858,0.46036625,0.11621621,0,0
80231,0,0.097568884,0.057771664,0.38893524,0.11621621,0,0
80232,0,0.10516013,0.057771664,0.46867627,0.11621621,0,0
80233,0,0.12265214,0.057771664,0.5127029,0.11621621,0,0
80234,0,0.093819566,0.057771664,0.46413767,0.11621621,0,0
80235,0,0.09589967,0.057771664,0.45282066,0.11621621,0,0
80236,0,0.09207072,0.057771664,0.40390104,0.11621621,0,0
80237,0,0.09248015,0.057771664,0.44952744,0.11621621,0,0
80238,0,0.08277086,0.035928145,0.3864267,0.11621621,0,0
80239,0,0.07763747,0.035928145,0.4176002,0.11621621,0,0
80240,0,0.118521705,0.057771664,0.49107033,0.11621621,0,0
80241,0,0.092081144,0.057771664,0.48791105,0.11621621,0,0
80242,0,0.118317075,0.057771664,0.5769619,0.11764706,0,0
80243,0,0.081011854,0.035928145,0.5071038,0.11621621,0,0
80244,0,0.07163601,0.035928145,0.3909358,0.11621621,0,0
80245,0,0.13734552,0.06153846,0.47847575,0.11621621,0,0
80246,0,0.08204906,0.035928145,0.5467183,0.11621621,0,0
80247,0,0.074149,0.035928145,0.5381173,0.11621621,0,0
80248,0,0.06994026,0.035928145,0.53822786,0.11621621,0,0
80249,0,0.07155246,0.035928145,0.38966507,0.11621621,0,0
80250,0,0.080917396,0.035928145,0.3512656,0.11621621,0,0
80251,0,0.08042154,0.035928145,0.37418407,0.11621621,0,0
80252,0,0.11771533,0.057771664,0.33843184,0.11621621,0,0
80253,0,0.105644554,0.057771664,0.43770817,0.11621621,0,0
80254,0,0.060138535,0.035928145,0.4735045,0.11621621,0,0
80255,0,0.115388215,0.057771664,0.436129,0.11621621,0,0
80256,0,0.08366786,0.035928145,0.45241255,0.11621621,0,0
80257,0,0.05485946,0.027237354,0.3195095,0.11621621,0,0
80258,0,0.039075337,0.02248394,0.25664306,0.10289389,0,0
80259,0,0.04385802,0.02248394,0.29852214,0.11621621,0,0
80260,0,0.049418222,0.02248394,0.29348615,0.11621621,0,0
80261,0,0.0672443,0.035928145,0.34534657,0.11621621,0,0
80262,0,0.06374373,0.035928145,0.34704816,0.11621621,0,0
80263,0,0.061137885,0.035928145,0.25185233,0.10289389,0,0
80264,0,0.10839234,0.057771664,0.2811765,0.11621621,0,0
80265,0,0.09530183,0.057771664,0.25641948,0.10289389,0,0
80266,0,0.102788985,0.057771664,0.21523991,0.09982175,0,0
80267,0,0.07417286,0.035928145,0.24344061,0.10289389,0,0
80268,0,0.057132844,0.035928145,0.19875558,0.09982175,0,0
80269,0,0.09077019,0.057771664,0.25324345,0.10289389,0,0
80270,0,0.057976253,0.035928145,0.17062423,0.09982175,0,0
80271,0,0.071007505,0.035928145,0.22784452,0.10289389,0,0
80272,0,0.10663957,0.057771664,0.38077682,0.11621621,0,0
80273,0,0.043771554,0.02248394,0.21493785,0.09982175,0,0
80274,0,0.059771296,0.035928145,0.24523774,0.10289389,0,0
80275,0,0.053533863,0.027237354,0.29864916,0.11621621,0,0
80276,0,0.075069636,0.035928145,0.25907937,0.10289389,0,0
80277,0,0.04817945,0.02248394,0.35556465,0.11621621,0,0
80278,0,0.072391644,0.035928145,0.3436178,0.11621621,0,0
80279,0,0.054706175,0.027237354,0.30261716,0.11621621,0,0
80280,0,0.051993947,0.027237354,0.23066965,0.10289389,0,0
80281,0,0.050939493,0.02248394,0.31050482,0.11621621,0,0
80282,0,0.07205687,0.035928145,0.37203982,0.11621621,0,0
80283,0,0.049992356,0.02248394,0.30672875,0.11621621,0,0
80284,0,0.08064764,0.035928145,0.43573165,0.11621621,0,0
80285,0,0.064104214,0.035928145,0.36732793,0.11621621,0,0
80286,0,0.06632187,0.035928145,0.30014998,0.11621621,0,0
80287,0,0.05996988,0.035928145,0.3322496,0.11621621,0,0
80288,0,0.05570373,0.027237354,0.25567478,0.10289389,0,0
80289,0,0.077033594,0.035928145,0.31450042,0.11621621,0,0
80290,0,0.053000357,0.027237354,0.32262856,0.11621621,0,0
80291,0,0.06322931,0.035928145,0.3990982,0.11621621,0,0
80292,0,0.061052725,0.035928145,0.376857,0.11621621,0,0
80293,0,0.062062874,0.035928145,0.44196588,0.11621621,0,0
80294,0,0.04618158,0.02248394,0.4166402,0.11621621,0,0
80295,0,0.05046845,0.02248394,0.45283192,0.11621621,0,0
80296,0,0.035945628,0.02248394,0.3334611,0.11621621,0,0
80297,0,0.040680215,0.02248394,0.3041188,0.11621621,0,0
80298,0,0.04604874,0.02248394,0.41583642,0.11621621,0,0
80299,0,0.06538908,0.035928145,0.39247498,0.11621621,0,0
80300,0,0.055185378,0.027237354,0.33505878,0.11621621,0,0
80301,0,0.05477212,0.027237354,0.40980577,0.11621621,0,0
80302,0,0.07417493,0.035928145,0.43617398,0.11621621,0,0
80303,0,0.050092895,0.02248394,0.24671814,0.10289389,0,0
80304,0,0.055705935,0.027237354,0.32004648,0.11621621,0,0
80305,0,0.051616862,0.027237354,0.28448197,0.11621621,0,0
80306,0,0.057202764,0.035928145,0.19890036,0.09982175,0,0
80307,0,0.054742076,0.027237354,0.16702224,0.09982175,0,0
80308,1,0.04698394,0.02248394,0.21597579,0.10289389,0,0
80309,0,0.09526376,0.057771664,0.302509,0.11621621,0,0
80310,0,0.0913277,0.057771664,0.40979108,0.11621621,0,0
80311,0,0.06250805,0.035928145,0.34063172,0.11621621,0,0
80312,0,0.107358485,0.057771664,0.33790904,0.11621621,0,0
80313,0,0.09306579,0.057771664,0.32125846,0.11621621,0,0
80314,0,0.07654533,0.035928145,0.29769593,0.11621621,0,0
80315,0,0.08504996,0.035928145,0.30396363,0.11621621,0,0
80316,0,0.07221953,0.035928145,0.38909215,0.11621621,0,0
80317,0,0.08392381,0.035928145,0.36786538,0.11621621,0,0
80318,0,0.06244075,0.035928145,0.36533394,0.11621621,0,0
80319,0,0.09813803,0.057771664,0.47073317,0.11621621,0,0
80320,0,0.06847055,0.035928145,0.3165083,0.11621621,0,0
80321,0,0.098612346,0.057771664,0.35796854,0.11621621,0,0
80322,0,0.08330634,0.035928145,0.32192507,0.11621621,0,0
80323,0,0.14981298,0.125,0.41990498,0.11621621,0,0
80324,0,0.062048834,0.035928145,0.40380305,0.11621621,0,0
80325,0,0.08789748,0.035928145,0.35080147,0.11621621,0,0
80326,0,0.06001086,0.035928145,0.46971205,0.11621621,0,0
80327,0,0.08140713,0.035928145,0.43197906,0.11621621,0,0
80328,0,0.07953399,0.035928145,0.4311079,0.11621621,0,0
80329,0,0.069975026,0.035928145,0.34639055,0.11621621,0,0
80330,0,0.062092092,0.035928145,0.33978286,0.11621621,0,0
80331,0,0.05228332,0.027237354,0.39827278,0.11621621,0,0
80332,0,0.040388606,0.02248394,0.32662672,0.11621621,0,0
80333,0,0.052438993,0.027237354,0.51208496,0.11621621,0,0
80334,0,0.0499092,0.02248394,0.37244755,0.11621621,0,0
80335,0,0.04361981,0.02248394,0.41128144,0.11621621,0,0
80336,0,0.045771692,0.02248394,0.44874528,0.11621621,0,0
80337,0,0.0580877,0.035928145,0.432192,0.11621621,0,0
80338,0,0.045347627,0.02248394,0.4061535,0.11621621,0,0
80339,0,0.04341931,0.02248394,0.32422668,0.11621621,0,0
80340,0,0.05013269,0.02248394,0.3871435,0.11621621,0,0
80341,0,0.043770824,0.02248394,0.45312202,0.11621621,0,0
80342,0,0.039694596,0.02248394,0.39188448,0.11621621,0,0
80343,0,0.04457303,0.02248394,0.47188345,0.11621621,0,0
80344,0,0.07465244,0.035928145,0.3959003,0.11621621,0,0
80345,0,0.033735678,0.02248394,0.30125552,0.11621621,0,0
80346,0,0.044945538,0.02248394,0.44061837,0.11621621,0,0
80347,0,0.052193955,0.027237354,0.4386511,0.11621621,0,0
80348,0,0.055542283,0.027237354,0.28296983,0.11621621,0,0
80349,0,0.06316507,0.035928145,0.27863342,0.11621621,0,0
80350,0,0.055823077,0.027237354,0.2538195,0.10289389,0,0
80351,0,0.054851476,0.027237354,0.2663243,0.10289389,0,0
80352,0,0.062300026,0.035928145,0.27315614,0.11621621,0,0
80353,0,0.0646828,0.035928145,0.3757555,0.11621621,0,0
80354,0,0.07879781,0.035928145,0.39316323,0.11621621,0,0
80355,0,0.04309061,0.02248394,0.2642656,0.10289389,0,0
80356,0,0.05793271,0.035928145,0.26088473,0.10289389,0,0
80357,0,0.04412843,0.02248394,0.31546852,0.11621621,0,0
80358,0,0.057077095,0.035928145,0.37226507,0.11621621,0,0
80359,0,0.054255407,0.027237354,0.24778727,0.10289389,0,0
80360,0,0.042571396,0.02248394,0.29738817,0.11621621,0,0
80361,0,0.04394634,0.02248394,0.27975386,0.11621621,0,0
80362,0,0.051662646,0.027237354,0.38025856,0.11621621,0,0
80363,0,0.05156358,0.027237354,0.3826276,0.11621621,0,0
80364,0,0.068570405,0.035928145,0.3797545,0.11621621,0,0
80365,0,0.068634614,0.035928145,0.24374557,0.10289389,0,0
80366,0,0.04327844,0.02248394,0.33212382,0.11621621,0,0
80367,0,0.08396411,0.035928145,0.41979364,0.11621621,0,0
80368,0,0.046666596,0.02248394,0.40109476,0.11621621,0,0
80369,0,0.06315147,0.035928145,0.31552055,0.11621621,0,0
80370,0,0.06471243,0.035928145,0.28423148,0.11621621,0,0
80371,0,0.076125786,0.035928145,0.4900355,0.11621621,0,0
80372,0,0.0655137,0.035928145,0.35828888,0.11621621,0,0
80373,0,0.08091313,0.035928145,0.34045273,0.11621621,0,0
80374,0,0.07322288,0.035928145,0.3898334,0.11621621,0,0
80375,0,0.061038714,0.035928145,0.35294858,0.11621621,0,0
80376,0,0.068413764,0.035928145,0.27486315,0.11621621,0,0
80377,0,0.049023494,0.02248394,0.31587672,0.11621621,0,0
80378,0,0.05613583,0.027237354,0.36349303,0.11621621,0,0
80379,0,0.06660239,0.035928145,0.3155919,0.11621621,0,0
80380,0,0.05305571,0.027237354,0.3802643,0.11621621,0,0
80381,0,0.07440392,0.035928145,0.27434787,0.11621621,0,0
80382,0,0.06793895,0.035928145,0.41539204,0.11621621,0,0
80383,0,0.07463502,0.035928145,0.42189172,0.11621621,0,0
80384,0,0.08031314,0.035928145,0.45856944,0.11621621,0,0
80385,0,0.0785438,0.035928145,0.59480894,0.11764706,0,0
80386,0,0.07486277,0.035928145,0.4263752,0.11621621,0,0
80387,0,0.08480159,0.035928145,0.42260343,0.11621621,0,0
80388,0,0.059580646,0.035928145,0.40855157,0.11621621,0,0
80389,0,0.06515749,0.035928145,0.44470042,0.11621621,0,0
80390,0,0.0718972,0.035928145,0.54721266,0.11621621,0,0
80391,0,0.103000835,0.057771664,0.48967484,0.11621621,0,0
80392,0,0.10105327,0.057771664,0.4029166,0.11621621,0,0
80393,0,0.05534409,0.027237354,0.34252867,0.11621621,0,0
80394,0,0.068931006,0.035928145,0.36701387,0.11621621,0,0
80395,0,0.10105825,0.057771664,0.45603427,0.11621621,0,0
80396,0,0.16390048,0.1554054,0.4833806,0.11621621,0,0
80397,1,0.1962311,0.17333333,0.53201365,0.11621621,0,0
80398,0,0.15924764,0.1554054,0.3949069,0.11621621,0,0
80399,0,0.14433482,0.06153846,0.4518679,0.11621621,0,0
80400,0,0.08811126,0.035928145,0.41941333,0.11621621,0,0
80401,0,0.08120306,0.035928145,0.32785097,0.11621621,0,0
80402,0,0.09886172,0.057771664,0.39668864,0.11621621,0,0
80403,0,0.09048192,0.05263158,0.37718642,0.11621621,0,0
80404,0,0.1595683,0.1554054,0.4944988,0.11621621,0,0
80405,0,0.08315665,0.035928145,0.4925115,0.11621621,0,0
80406,0,0.073323354,0.035928145,0.27807856,0.11621621,0,0
80407,0,0.06996862,0.035928145,0.29624075,0.11621621,0,0
80408,0,0.09716378,0.057771664,0.33615312,0.11621621,0,0
80409,0,0.1432967,0.06153846,0.36189416,0.11621621,0,0
80410,0,0.099880494,0.057771664,0.42020884,0.11621621,0,0
80411,0,0.085616656,0.035928145,0.36575007,0.11621621,0,0
80412,0,0.06765486,0.035928145,0.3448882,0.11621621,0,0
80413,0,0.07902508,0.035928145,0.38854876,0.11621621,0,0
80414,0,0.09914515,0.057771664,0.45299175,0.11621621,0,0
80415,0,0.0838005,0.035928145,0.41855824,0.11621621,0,0
80416,0,0.116495684,0.057771664,0.4421729,0.11621621,0,0
80417,0,0.058361497,0.035928145,0.37046498,0.11621621,0,0
80418,0,0.059118003,0.035928145,0.33117267,0.11621621,0,0
80419,0,0.058149256,0.035928145,0.3089116,0.11621621,0,0
80420,0,0.07460086,0.035928145,0.35784748,0.11621621,0,0
80421,0,0.09760957,0.057771664,0.334195,0.11621621,0,0
80422,0,0.049300745,0.02248394,0.3256904,0.11621621,0,0
80423,0,0.057611387,0.035928145,0.28807202,0.11621621,0,0
80424,0,0.120330185,0.057771664,0.25664595,0.10289389,0,0
80425,0,0.10531109,0.057771664,0.31710035,0.11621621,0,0
80426,0,0.0872984,0.035928145,0.3887467,0.11621621,0,0
80427,0,0.13831547,0.06153846,0.36345515,0.11621621,0,0
80428,0,0.106450826,0.057771664,0.3087252,0.11621621,0,0
80429,0,0.16290598,0.1554054,0.36902174,0.11621621,0,0
80430,0,0.10104424,0.057771664,0.36524293,0.11621621,0,0
80431,0,0.16585448,0.1554054,0.37551823,0.11621621,0,0
80432,0,0.12019949,0.057771664,0.4811667,0.11621621,0,0
80433,0,0.082464986,0.035928145,0.37296954,0.11621621,0,0
80434,0,0.16264729,0.1554054,0.5024271,0.11621621,0,0
80435,0,0.12157819,0.057771664,0.49325278,0.11621621,0,0
80436,0,0.107584074,0.057771664,0.40397054,0.11621621,0,0
80437,0,0.104063235,0.057771664,0.3407034,0.11621621,0,0
80438,0,0.08412121,0.035928145,0.44929495,0.11621621,0,0
80439,0,0.07134393,0.035928145,0.55438644,0.11724723,0,0
80440,0,0.1454321,0.06153846,0.4526295,0.11621621,0,0
80441,0,0.0927577,0.057771664,0.39585337,0.11621621,0,0
80442,0,0.11626952,0.057771664,0.37497246,0.11621621,0,0
80443,0,0.08645582,0.035928145,0.39968744,0.11621621,0,0
80444,0,0.06341239,0.035928145,0.33836412,0.11621621,0,0
80445,0,0.052063223,0.027237354,0.27405936,0.11621621,0,0
80446,0,0.048990116,0.02248394,0.31003147,0.11621621,0,0
80447,0,0.06441846,0.035928145,0.30533597,0.11621621,0,0
80448,0,0.08727281,0.035928145,0.32102934,0.11621621,0,0
80449,0,0.08441404,0.035928145,0.36372635,0.11621621,0,0
80450,0,0.060858674,0.035928145,0.29683793,0.11621621,0,0
80451,0,0.10367159,0.057771664,0.43298018,0.11621621,0,0
80452,0,0.072606556,0.035928145,0.35692495,0.11621621,0,0
80453,0,0.058527265,0.035928145,0.31732953,0.11621621,0,0
80454,0,0.04083648,0.02248394,0.30417997,0.11621621,0,0
80455,0,0.0765247,0.035928145,0.31584483,0.11621621,0,0
80456,0,0.079947986,0.035928145,0.26807374,0.11621621,0,0
80457,0,0.105195634,0.057771664,0.35140657,0.11621621,0,0
80458,0,0.091793135,0.057771664,0.37833443,0.11621621,0,0
80459,0,0.0800322,0.035928145,0.320863,0.11621621,0,0
80460,0,0.091530286,0.057771664,0.30362895,0.11621621,0,0
80461,0,0.091511734,0.057771664,0.39018804,0.11621621,0,0
80462,0,0.08135979,0.035928145,0.27500042,0.11621621,0,0
80463,0,0.0934541,0.057771664,0.29423657,0.11621621,0,0
80464,0,0.10431041,0.057771664,0.35531467,0.11621621,0,0
80465,0,0.09499993,0.057771664,0.3648346,0.11621621,0,0
80466,0,0.09337194,0.057771664,0.2872267,0.11621621,0,0
80467,0,0.106383316,0.057771664,0.27097562,0.11621621,0,0
80468,0,0.11066457,0.057771664,0.23342907,0.10289389,0,0
80469,0,0.096400306,0.057771664,0.30615702,0.11621621,0,0
80470,0,0.08985723,0.05263158,0.3033839,0.11621621,0,0
80471,0,0.14892647,0.0952381,0.46011043,0.11621621,0,0
80472,0,0.11443019,0.057771664,0.3806258,0.11621621,0,0
80473,0,0.06897698,0.035928145,0.37077552,0.11621621,0,0
80474,0,0.067886785,0.035928145,0.3793156,0.11621621,0,0
80475,0,0.061050355,0.035928145,0.36561653,0.11621621,0,0
80476,0,0.0652557,0.035928145,0.28172705,0.11621621,0,0
80477,0,0.07734662,0.035928145,0.37032363,0.11621621,0,0
80478,0,0.066263564,0.035928145,0.39761317,0.11621621,0,0
80479,0,0.08134683,0.035928145,0.37436488,0.11621621,0,0
80480,0,0.08120628,0.035928145,0.38463226,0.11621621,0,0
80481,0,0.08864829,0.035928145,0.37526327,0.11621621,0,0
80482,0,0.09081139,0.057771664,0.3684523,0.11621621,0,0
80483,0,0.103573374,0.057771664,0.3987154,0.11621621,0,0
80484,0,0.08169311,0.035928145,0.34546995,0.11621621,0,0
80485,0,0.093198776,0.057771664,0.35482457,0.11621621,0,0
80486,0,0.06125391,0.035928145,0.34689546,0.11621621,0,0
80487,0,0.112903096,0.057771664,0.35200515,0.11621621,0,0
80488,0,0.09093549,0.057771664,0.42529345,0.11621621,0,0
80489,0,0.11086518,0.057771664,0.46587342,0.11621621,0,0
80490,0,0.08420549,0.035928145,0.32506007,0.11621621,0,0
80491,0,0.07072953,0.035928145,0.3629637,0.11621621,0,0
80492,0,0.071495764,0.035928145,0.39030725,0.11621621,0,0
80493,0,0.118433945,0.057771664,0.51364267,0.11621621,0,0
80494,0,0.09608401,0.057771664,0.5183172,0.11621621,0,0
80495,0,0.072124586,0.035928145,0.34354755,0.11621621,0,0
80496,0,0.09230221,0.057771664,0.40289673,0.11621621,0,0
80497,0,0.08220763,0.035928145,0.3240993,0.11621621,0,0
80498,0,0.099550456,0.057771664,0.36374018,0.11621621,0,0
80499,0,0.058084093,0.035928145,0.45200506,0.11621621,0,0
80500,0,0.064568445,0.035928145,0.42038634,0.11621621,0,0
80501,0,0.12019536,0.057771664,0.4156431,0.11621621,0,0
80502,0,0.0995691,0.057771664,0.48022386,0.11621621,0,0
80503,0,0.05203151,0.027237354,0.33128127,0.11621621,0,0
80504,0,0.097866535,0.057771664,0.47701672,0.11621621,0,0
80505,0,0.062091637,0.035928145,0.42727265,0.11621621,0,0
80506,0,0.05938725,0.035928145,0.31163886,0.11621621,0,0
80507,0,0.06489341,0.035928145,0.33539948,0.11621621,0,0
80508,0,0.06098094,0.035928145,0.25563905,0.10289389,0,0
80509,0,0.06696341,0.035928145,0.34435666,0.11621621,0,0
80510,0,0.06429546,0.035928145,0.23098463,0.10289389,0,0
80511,0,0.08770616,0.035928145,0.24301955,0.10289389,0,0
80512,0,0.07551464,0.035928145,0.38821498,0.11621621,0,0
80513,0,0.08187065,0.035928145,0.493864,0.11621621,0,0
80514,0,0.10057492,0.057771664,0.47355756,0.11621621,0,0
80515,0,0.10515659,0.057771664,0.5573645,0.11764706,0,0
80516,0,0.08576903,0.035928145,0.3882327,0.11621621,0,0
80517,0,0.08552474,0.035928145,0.35885417,0.11621621,0,0
80518,0,0.0831315,0.035928145,0.51028717,0.11621621,0,0
80519,0,0.09215221,0.057771664,0.49064726,0.11621621,0,0
80520,0,0.08344655,0.035928145,0.4270028,0.11621621,0,0
80521,0,0.10550277,0.057771664,0.2989996,0.11621621,0,0
80522,0,0.089445375,0.05263158,0.34749606,0.11621621,0,0
80523,0,0.07352082,0.035928145,0.45486483,0.11621621,0,0
80524,0,0.10437926,0.057771664,0.34533322,0.11621621,0,0
80525,0,0.1218769,0.057771664,0.44631374,0.11621621,0,0
80526,0,0.10176695,0.057771664,0.37187147,0.11621621,0,0
80527,0,0.07665511,0.035928145,0.3310489,0.11621621,0,0
80528,0,0.0770381,0.035928145,0.39498755,0.11621621,0,0
80529,0,0.057646796,0.035928145,0.32273746,0.11621621,0,0
80530,0,0.07837889,0.035928145,0.41906306,0.11621621,0,0
80531,0,0.07133379,0.035928145,0.40010074,0.11621621,0,0
80532,0,0.068224005,0.035928145,0.391848,0.11621621,0,0
80533,0,0.04951901,0.02248394,0.33090493,0.11621621,0,0
80534,0,0.07006266,0.035928145,0.31928375,0.11621621,0,0
80535,0,0.08363119,0.035928145,0.33784986,0.11621621,0,0
80536,0,0.088330254,0.035928145,0.39723057,0.11621621,0,0
80537,0,0.047359448,0.02248394,0.29901055,0.11621621,0,0
80538,0,0.0555968,0.027237354,0.275003,0.11621621,0,0
80539,0,0.06524072,0.035928145,0.27690414,0.11621621,0,0
80540,0,0.065824844,0.035928145,0.34492272,0.11621621,0,0
80541,0,0.06847233,0.035928145,0.31654274,0.11621621,0,0
80542,0,0.08204966,0.035928145,0.31194878,0.11621621,0,0
80543,0,0.10411695,0.057771664,0.33522025,0.11621621,0,0
80544,0,0.12063603,0.057771664,0.37275004,0.11621621,0,0
80545,0,0.066872686,0.035928145,0.3078673,0.11621621,0,0
80546,0,0.083734766,0.035928145,0.37483096,0.11621621,0,0
80547,0,0.079670794,0.035928145,0.2803891,0.11621621,0,0
80548,0,0.093588,0.057771664,0.35180125,0.11621621,0,0
80549,0,0.12700602,0.057771664,0.36555713,0.11621621,0,0
80550,0,0.07911604,0.035928145,0.28789318,0.11621621,0,0
80551,0,0.07283129,0.035928145,0.15823579,0.092920355,0,0
80552,0,0.06178671,0.035928145,0.22425874,0.10289389,0,0
80553,0,0.109340176,0.057771664,0.2408576,0.10289389,0,0
80554,0,0.117947936,0.057771664,0.22515672,0.10289389,0,0
80555,0,0.06754908,0.035928145,0.16623193,0.09982175,0,0
80556,0,0.07928215,0.035928145,0.29856622,0.11621621,0,0
80557,0,0.10519285,0.057771664,0.29761145,0.11621621,0,0
80558,0,0.063902184,0.035928145,0.26234698,0.10289389,0,0
80559,0,0.092293285,0.057771664,0.29241377,0.11621621,0,0
80560,0,0.055538036,0.027237354,0.27222288,0.11621621,0,0
80561,0,0.0665808,0.035928145,0.26930302,0.11621621,0,0
80562,0,0.08940245,0.05263158,0.30265316,0.11621621,0,0
80563,0,0.055057835,0.027237354,0.27277374,0.11621621,0,0
80564,0,0.050634835,0.02248394,0.23612268,0.10289389,0,0
80565,0,0.055393603,0.027237354,0.23983382,0.10289389,0,0
80566,0,0.08353436,0.035928145,0.29268742,0.11621621,0,0
80567,0,0.11427199,0.057771664,0.3304106,0.11621621,0,0
80568,0,0.10289486,0.057771664,0.2709307,0.11621621,0,0
80569,0,0.093698494,0.057771664,0.22381926,0.10289389,0,0
80570,0,0.073865175,0.035928145,0.23841189,0.10289389,0,0
80571,0,0.074776925,0.035928145,0.26929924,0.11621621,0,0
80572,0,0.08961477,0.05263158,0.25923076,0.10289389,0,0
80573,0,0.08283895,0.035928145,0.2572398,0.10289389,0,0
80574,0,0.07239216,0.035928145,0.20009828,0.09982175,0,0
80575,0,0.06556496,0.035928145,0.19971514,0.09982175,0,0
80576,0,0.09789504,0.057771664,0.22772527,0.10289389,0,0
80577,0,0.07793586,0.035928145,0.2056967,0.09982175,0,0
80578,0,0.10103512,0.057771664,0.26043478,0.10289389,0,0
80579,0,0.07312509,0.035928145,0.27995458,0.11621621,0,0
80580,0,0.09869615,0.057771664,0.26376235,0.10289389,0,0
80581,0,0.100170195,0.057771664,0.29409194,0.11621621,0,0
80582,0,0.1266618,0.057771664,0.29214105,0.11621621,0,0
80583,0,0.07755993,0.035928145,0.3038818,0.11621621,0,0
80584,0,0.07635611,0.035928145,0.24005455,0.10289389,0,0
80585,0,0.056713734,0.03448276,0.22660291,0.10289389,0,0
80586,0,0.044211946,0.02248394,0.22020349,0.10289389,0,0
80587,0,0.057317045,0.035928145,0.2935575,0.11621621,0,0
80588,0,0.039634228,0.02248394,0.14671338,0.092920355,0,0
80589,0,0.04001856,0.02248394,0.1263129,0.078028746,0,0
80590,0,0.062157888,0.035928145,0.11186701,0.06716418,0,0
80591,0,0.052790053,0.027237354,0.16196941,0.092920355,0,0
80592,0,0.06892073,0.035928145,0.25405917,0.10289389,0,0
80593,0,0.07184462,0.035928145,0.24190228,0.10289389,0,0
80594,0,0.05435287,0.027237354,0.21741207,0.10289389,0,0
80595,0,0.05402214,0.027237354,0.21650417,0.10289389,0,0
80596,0,0.05800509,0.035928145,0.19875073,0.09982175,0,0
80597,0,0.062869504,0.035928145,0.19454241,0.09982175,0,0
80598,0,0.093568385,0.057771664,0.39719638,0.11621621,0,0
80599,0,0.060428564,0.035928145,0.2214019,0.10289389,0,0
80600,0,0.05909669,0.035928145,0.1840434,0.09982175,0,0
80601,0,0.080124795,0.035928145,0.15132137,0.092920355,0,0
80602,0,0.07038126,0.035928145,0.17057037,0.09982175,0,0
80603,0,0.07359349,0.035928145,0.17461267,0.09982175,0,0
80604,0,0.06860451,0.035928145,0.23338075,0.10289389,0,0
80605,0,0.051654577,0.027237354,0.26470312,0.10289389,0,0
80606,0,0.05246288,0.027237354,0.22717535,0.10289389,0,0
80607,0,0.057693817,0.035928145,0.15203121,0.092920355,0,0
80608,0,0.05493316,0.027237354,0.17485987,0.09982175,0,0
80609,0,0.065574855,0.035928145,0.14789033,0.092920355,0,0
80610,0,0.05946128,0.035928145,0.17620577,0.09982175,0,0
80611,0,0.061081856,0.035928145,0.20346567,0.09982175,0,0
80612,0,0.06848173,0.035928145,0.16022421,0.092920355,0,0
80613,0,0.05710728,0.035928145,0.14176573,0.092920355,0,0
80614,0,0.053292304,0.027237354,0.10083733,0.04532967,0,0
80615,0,0.08278212,0.035928145,0.1176351,0.078028746,0,0
80616,0,0.06263592,0.035928145,0.1469669,0.092920355,0,0
80617,1,0.061943874,0.035928145,0.11797692,0.078028746,0,0
80618,0,0.1501122,0.125,0.21340705,0.09982175,0,0
80619,0,0.12785001,0.057771664,0.24187101,0.10289389,0,0
80620,0,0.07926187,0.035928145,0.16083719,0.092920355,0,0
80621,0,0.10066553,0.057771664,0.23654974,0.10289389,0,0
80622,0,0.07546292,0.035928145,0.144718,0.092920355,0,0
80623,0,0.06119488,0.035928145,0.2248074,0.10289389,0,0
80624,0,0.04427307,0.02248394,0.25515068,0.10289389,0,0
80625,0,0.044695467,0.02248394,0.20540027,0.09982175,0,0
80626,0,0.049673185,0.02248394,0.20965211,0.09982175,0,0
80627,0,0.042083394,0.02248394,0.25709578,0.10289389,0,0
80628,0,0.039307088,0.02248394,0.23786905,0.10289389,0,0
80629,0,0.075300455,0.035928145,0.18969686,0.09982175,0,0
80630,0,0.041692205,0.02248394,0.20094188,0.09982175,0,0
80631,0,0.045498814,0.02248394,0.15612239,0.092920355,0,0
80632,0,0.07238819,0.035928145,0.14425978,0.092920355,0,0
80633,0,0.05142662,0.027237354,0.18687491,0.09982175,0,0
80634,0,0.06812872,0.035928145,0.16998763,0.09982175,0,0
80635,0,0.0666409,0.035928145,0.21678391,0.10289389,0,0
80636,0,0.09487278,0.057771664,0.28547946,0.11621621,0,0
80637,0,0.066285014,0.035928145,0.15627655,0.092920355,0,0
80638,0,0.07811071,0.035928145,0.22636545,0.10289389,0,0
80639,0,0.06967608,0.035928145,0.23930527,0.10289389,0,0
80640,0,0.06951739,0.035928145,0.21202543,0.09982175,0,0
80641,0,0.12811589,0.057771664,0.31443608,0.11621621,0,0
80642,0,0.085227735,0.035928145,0.32282525,0.11621621,0,0
80643,0,0.069148615,0.035928145,0.24672809,0.10289389,0,0
80644,0,0.060367778,0.035928145,0.3032962,0.11621621,0,0
80645,0,0.07163921,0.035928145,0.27870283,0.11621621,0,0
80646,0,0.12490789,0.057771664,0.29348892,0.11621621,0,0
80647,0,0.059394114,0.035928145,0.20834857,0.09982175,0,0
80648,0,0.05501871,0.027237354,0.1779772,0.09982175,0,0
80649,0,0.06831685,0.035928145,0.3211754,0.11621621,0,0
80650,0,0.12684451,0.057771664,0.37830412,0.11621621,0,0
80651,0,0.12870286,0.057771664,0.36497045,0.11621621,0,0
80652,0,0.13573837,0.06153846,0.3157743,0.11621621,0,0
80653,0,0.058685575,0.035928145,0.19288136,0.09982175,0,0
80654,0,0.08853452,0.035928145,0.2252182,0.10289389,0,0
80655,0,0.093138106,0.057771664,0.18100289,0.09982175,0,0
80656,0,0.13558146,0.06153846,0.28240484,0.11621621,0,0
80657,0,0.08456524,0.035928145,0.21786103,0.10289389,0,0
80658,0,0.07555168,0.035928145,0.22592525,0.10289389,0,0
80659,0,0.096350074,0.057771664,0.24156591,0.10289389,0,0
80660,0,0.10964254,0.057771664,0.3195916,0.11621621,0,0
80661,0,0.11367877,0.057771664,0.25069728,0.10289389,0,0
80662,0,0.12126671,0.057771664,0.22525075,0.10289389,0,0
80663,0,0.07119662,0.035928145,0.17294875,0.09982175,0,0
80664,0,0.053085703,0.027237354,0.14051071,0.092920355,0,0
80665,0,0.09688851,0.057771664,0.3062276,0.11621621,0,0
80666,0,0.054799777,0.027237354,0.19745171,0.09982175,0,0
80667,0,0.050657656,0.02248394,0.16013882,0.092920355,0,0
80668,0,0.06409145,0.035928145,0.16823904,0.09982175,0,0
80669,0,0.09222657,0.057771664,0.23021123,0.10289389,0,0
80670,0,0.0741766,0.035928145,0.2516721,0.10289389,0,0
80671,0,0.074399784,0.035928145,0.19185218,0.09982175,0,0
80672,0,0.061250094,0.035928145,0.12745108,0.078028746,0,0
80673,0,0.09339425,0.057771664,0.14353943,0.092920355,0,0
80674,0,0.08895184,0.035928145,0.13814795,0.092920355,0,0
80675,0,0.07008774,0.035928145,0.18960978,0.09982175,0,0
80676,0,0.15657172,0.1554054,0.22316827,0.10289389,0,0
80677,0,0.07256062,0.035928145,0.20425299,0.09982175,0,0
80678,0,0.088242225,0.035928145,0.28502882,0.11621621,0,0
80679,0,0.11159189,0.057771664,0.23842348,0.10289389,0,0
80680,0,0.06602491,0.035928145,0.23381221,0.10289389,0,0
80681,0,0.095647775,0.057771664,0.25060233,0.10289389,0,0
80682,0,0.071958125,0.035928145,0.24013068,0.10289389,0,0
80683,0,0.12522316,0.057771664,0.17397794,0.09982175,0,0
80684,0,0.08166572,0.035928145,0.1462768,0.092920355,0,0
80685,0,0.07813602,0.035928145,0.26436234,0.10289389,0,0
80686,0,0.12805343,0.057771664,0.22034305,0.10289389,0,0
80687,0,0.08400114,0.035928145,0.18280901,0.09982175,0,0
80688,0,0.08776944,0.035928145,0.13942476,0.092920355,0,0
80689,0,0.08508483,0.035928145,0.13656446,0.08955224,0,0
80690,0,0.06402466,0.035928145,0.18811312,0.09982175,0,0
80691,0,0.07996402,0.035928145,0.13772145,0.092920355,0,0
80692,0,0.06856191,0.035928145,0.13404088,0.078028746,0,0
80693,0,0.06837104,0.035928145,0.10730599,0.06716418,0,0
80694,0,0.041484397,0.02248394,0.06520036,0.025263159,0,0
80695,0,0.026783533,0.004761905,0.0554682,0.025263159,0,0
80696,0,0.03151401,0.02248394,0.053071722,0.025263159,0,0
80697,0,0.03514184,0.02248394,0.03414524,0.009259258,0,0
80698,0,0.03076393,0.02248394,0.039293155,0.009259258,0,0
80699,0,0.032268222,0.02248394,0.04883968,0.017391304,0,0
80700,0,0.02919656,0.02248394,0.054712128,0.025263159,0,0
80701,0,0.034403283,0.02248394,0.049167924,0.017391304,0,0
80702,0,0.052514188,0.027237354,0.078833796,0.04532967,0,0
80703,0,0.039716303,0.02248394,0.067357264,0.025263159,0,0
80704,0,0.04766316,0.02248394,0.072641015,0.025263159,0,0
80705,0,0.036579203,0.02248394,0.07555899,0.04532967,0,0
80706,0,0.03838423,0.02248394,0.10153328,0.04532967,0,0
80707,0,0.04410854,0.02248394,0.15892307,0.092920355,0,0
80708,0,0.062966265,0.035928145,0.23839614,0.10289389,0,0
80709,0,0.06896186,0.035928145,0.20171735,0.09982175,0,0
80710,0,0.048311137,0.02248394,0.16901666,0.09982175,0,0
80711,0,0.044358555,0.02248394,0.16350102,0.09982175,0,0
80712,0,0.04040447,0.02248394,0.16089725,0.092920355,0,0
80713,0,0.04556295,0.02248394,0.2016639,0.09982175,0,0
80714,0,0.045507435,0.02248394,0.24343388,0.10289389,0,0
80715,0,0.059392743,0.035928145,0.1655394,0.09982175,0,0
80716,0,0.051147204,0.027237354,0.20041539,0.09982175,0,0
80717,0,0.039582796,0.02248394,0.17327122,0.09982175,0,0
80718,0,0.061715975,0.035928145,0.2939911,0.11621621,0,0
80719,0,0.047427252,0.02248394,0.22140522,0.10289389,0,0
80720,0,0.05371538,0.027237354,0.16703735,0.09982175,0,0
80721,0,0.08564495,0.035928145,0.14281239,0.092920355,0,0
80722,0,0.05841492,0.035928145,0.14607242,0.092920355,0,0
80723,0,0.06753975,0.035928145,0.13634747,0.08955224,0,0
80724,0,0.03245208,0.02248394,0.08776728,0.04532967,0,0
80725,0,0.059073113,0.035928145,0.1704144,0.09982175,0,0
80726,0,0.057322014,0.035928145,0.17151372,0.09982175,0,0
80727,0,0.024172643,0.0017482517,0.048094973,0.017391304,0,0
80728,0,0.04511403,0.02248394,0.097845994,0.04532967,0,0
80729,0,0.0359227,0.02248394,0.08537946,0.04532967,0,0
80730,0,0.026030228,0.004761905,0.08960763,0.04532967,0,0
80731,0,0.029542385,0.02248394,0.060870398,0.025263159,0,0
80732,0,0.04743366,0.02248394,0.10188924,0.04532967,0,0
80733,0,0.03244531,0.02248394,0.09703224,0.04532967,0,0
80734,0,0.04776751,0.02248394,0.08519049,0.04532967,0,0
80735,0,0.040302593,0.02248394,0.13641486,0.08955224,0,0
80736,0,0.043466855,0.02248394,0.15999804,0.092920355,0,0
80737,0,0.054910682,0.027237354,0.104193054,0.05050505,0,0
80738,0,0.066756025,0.035928145,0.121737756,0.078028746,0,0
80739,0,0.053185865,0.027237354,0.11846034,0.078028746,0,0
80740,0,0.06401103,0.035928145,0.1708303,0.09982175,0,0
80741,0,0.05325349,0.027237354,0.20661195,0.09982175,0,0
80742,0,0.053947393,0.027237354,0.17631875,0.09982175,0,0
80743,0,0.0851763,0.035928145,0.16511609,0.09982175,0,0
80744,1,0.061410274,0.035928145,0.2870016,0.11621621,0,0
80745,0,0.10372517,0.057771664,0.34794623,0.11621621,0,0
80746,0,0.07301615,0.035928145,0.33221057,0.11621621,0,0
80747,0,0.078577004,0.035928145,0.19683523,0.09982175,0,0
80748,0,0.06780705,0.035928145,0.18274866,0.09982175,0,0
80749,0,0.06070845,0.035928145,0.26506707,0.10289389,0,0
80750,0,0.06870163,0.035928145,0.2521191,0.10289389,0,0
80751,0,0.0566339,0.03448276,0.208365,0.09982175,0,0
80752,0,0.058410138,0.035928145,0.21373524,0.09982175,0,0
80753,0,0.0640337,0.035928145,0.16901618,0.09982175,0,0
80754,0,0.05635433,0.03448276,0.16680191,0.09982175,0,0
80755,0,0.083378494,0.035928145,0.20302372,0.09982175,0,0
80756,0,0.07260599,0.035928145,0.17303728,0.09982175,0,0
80757,0,0.05561295,0.027237354,0.20447809,0.09982175,0,0
80758,0,0.08556301,0.035928145,0.26873833,0.11621621,0,0
80759,0,0.06825135,0.035928145,0.16060618,0.092920355,0,0
80760,0,0.045973547,0.02248394,0.13288908,0.078028746,0,0
80761,0,0.043981463,0.02248394,0.14239581,0.092920355,0,0
80762,0,0.04127207,0.02248394,0.11653696,0.078028746,0,0
80763,0,0.039005622,0.02248394,0.080487706,0.04532967,0,0
80764,0,0.05993855,0.035928145,0.11226368,0.06716418,0,0
80765,0,0.06949421,0.035928145,0.2563623,0.10289389,0,0
80766,0,0.09341538,0.057771664,0.2179684,0.10289389,0,0
80767,0,0.09742027,0.057771664,0.21156369,0.09982175,0,0
80768,0,0.08084319,0.035928145,0.15570809,0.092920355,0,0
80769,0,0.04780331,0.02248394,0.15125042,0.092920355,0,0
80770,0,0.048397027,0.02248394,0.11547342,0.078028746,0,0
80771,0,0.03785051,0.02248394,0.10149961,0.04532967,0,0
80772,0,0.043455336,0.02248394,0.09959578,0.04532967,0,0
80773,0,0.039340187,0.02248394,0.11285007,0.06716418,0,0
80774,0,0.04510173,0.02248394,0.13956624,0.092920355,0,0
80775,0,0.04717553,0.02248394,0.13598879,0.08955224,0,0
80776,0,0.049342446,0.02248394,0.11594431,0.078028746,0,0
80777,0,0.034806322,0.02248394,0.086347245,0.04532967,0,0
80778,0,0.027761439,0.004761905,0.073656276,0.025263159,0,0
80779,0,0.027791802,0.004761905,0.064294994,0.025263159,0,0
80780,0,0.027084086,0.004761905,0.08158912,0.04532967,0,0
80781,0,0.030162007,0.02248394,0.087830886,0.04532967,0,0
80782,0,0.023161672,0.0017482517,0.080583744,0.04532967,0,0
80783,0,0.02198984,0.0017482517,0.078969315,0.04532967,0,0
80784,0,0.027567618,0.004761905,0.09168393,0.04532967,0,0
80785,0,0.03663857,0.02248394,0.09487454,0.04532967,0,0
80786,0,0.020430878,0.0017482517,0.07339673,0.025263159,0,0
80787,0,0.031122226,0.02248394,0.084225185,0.04532967,0,0
80788,0,0.020987943,0.0017482517,0.07756645,0.04532967,0,0
80789,0,0.0265585,0.004761905,0.073452584,0.025263159,0,0
80790,0,0.02128438,0.0017482517,0.0892255,0.04532967,0,0
80791,0,0.02107025,0.0017482517,0.08797634,0.04532967,0,0
80792,0,0.02575557,0.004761905,0.09480945,0.04532967,0,0
80793,0,0.02195269,0.0017482517,0.068402186,0.025263159,0,0
80794,0,0.026875764,0.004761905,0.08909022,0.04532967,0,0
80795,0,0.029819796,0.02248394,0.1014422,0.04532967,0,0
80796,0,0.023395903,0.0017482517,0.08254972,0.04532967,0,0
80797,0,0.02370357,0.0017482517,0.07837662,0.04532967,0,0
80798,0,0.02548957,0.004761905,0.09093817,0.04532967,0,0
80799,0,0.02020122,0.0017482517,0.09050989,0.04532967,0,0
80800,0,0.019106943,0.0017482517,0.07582574,0.04532967,0,0
80801,0,0.026123222,0.004761905,0.10903208,0.06716418,0,0
80802,0,0.020913893,0.0017482517,0.06502187,0.025263159,0,0
80803,0,0.020241082,0.0017482517,0.062004123,0.025263159,0,0
80804,0,0.023338191,0.0017482517,0.047541644,0.017391304,0,0
80805,0,0.017570091,0.0017482517,0.05989668,0.025263159,0,0
80806,0,0.016744342,0.0017482517,0.048137885,0.017391304,0,0
80807,0,0.023132185,0.0017482517,0.07237895,0.025263159,0,0
80808,0,0.022926651,0.0017482517,0.033011958,0.009259258,0,0
80809,0,0.027513528,0.004761905,0.050767656,0.017391304,0,0
80810,0,0.03063593,0.02248394,0.03907607,0.009259258,0,0
80811,0,0.021721026,0.0017482517,0.041994274,0.017391304,0,0
80812,0,0.027345786,0.004761905,0.049347077,0.017391304,0,0
80813,0,0.027935572,0.004761905,0.039826702,0.009259258,0,0
80814,0,0.033206318,0.02248394,0.052129157,0.017391304,0,0
80815,0,0.03792159,0.02248394,0.070738554,0.025263159,0,0
80816,0,0.02397464,0.0017482517,0.0368273,0.009259258,0,0
80817,0,0.032990992,0.02248394,0.054501213,0.025263159,0,0
80818,0,0.024828339,0.004761905,0.04269743,0.017391304,0,0
80819,0,0.020622414,0.0017482517,0.061841775,0.025263159,0,0
80820,0,0.016721873,0.0017482517,0.053817198,0.025263159,0,0
80821,0,0.02003904,0.0017482517,0.056730736,0.025263159,0,0
80822,0,0.016047547,0.0017482517,0.053905442,0.025263159,0,0
80823,0,0.024096288,0.0017482517,0.05114944,0.017391304,0,0
80824,0,0.026034743,0.004761905,0.053517472,0.025263159,0,0
80825,0,0.03385025,0.02248394,0.07303581,0.025263159,0,0
80826,0,0.027610607,0.004761905,0.058986694,0.025263159,0,0
80827,0,0.025943972,0.004761905,0.0432462,0.017391304,0,0
80828,0,0.029722776,0.02248394,0.04924448,0.017391304,0,0
80829,0,0.018902127,0.0017482517,0.06027016,0.025263159,0,0
80830,0,0.026836,0.004761905,0.042071372,0.017391304,0,0
80831,0,0.037995245,0.02248394,0.102198385,0.04532967,0,0
80832,0,0.03986867,0.02248394,0.0700615,0.025263159,0,0
80833,0,0.04411177,0.02248394,0.062460627,0.025263159,0,0
80834,0,0.03923411,0.02248394,0.05508915,0.025263159,0,0
80835,0,0.03724372,0.02248394,0.051054604,0.017391304,0,0
80836,0,0.037748665,0.02248394,0.059932835,0.025263159,0,0
80837,0,0.03153919,0.02248394,0.056326117,0.025263159,0,0
80838,0,0.03499437,0.02248394,0.054320253,0.025263159,0,0
80839,0,0.035129964,0.02248394,0.045308284,0.017391304,0,0
80840,0,0.030670358,0.02248394,0.04458111,0.017391304,0,0
80841,0,0.03712781,0.02248394,0.054654352,0.025263159,0,0
80842,0,0.027133066,0.004761905,0.07685014,0.04532967,0,0
80843,0,0.018580379,0.0017482517,0.04944501,0.017391304,0,0
80844,0,0.02988531,0.02248394,0.043080978,0.017391304,0,0
80845,0,0.026640289,0.004761905,0.064161964,0.025263159,0,0
80846,0,0.03935065,0.02248394,0.06763626,0.025263159,0,0
80847,0,0.044844095,0.02248394,0.065420024,0.025263159,0,0
80848,0,0.03238841,0.02248394,0.049611323,0.017391304,0,0
80849,0,0.032272022,0.02248394,0.047028903,0.017391304,0,0
80850,0,0.016999599,0.0017482517,0.041551065,0.017391304,0,0
80851,0,0.029258274,0.02248394,0.052929554,0.025263159,0,0
80852,0,0.026081413,0.004761905,0.043201365,0.017391304,0,0
80853,0,0.022976942,0.0017482517,0.039667338,0.009259258,0,0
80854,0,0.02642574,0.004761905,0.04904465,0.017391304,0,0
80855,0,0.01847128,0.0017482517,0.04427988,0.017391304,0,0
80856,0,0.03906975,0.02248394,0.07033193,0.025263159,0,0
80857,0,0.028655596,0.004761905,0.058941342,0.025263159,0,0
80858,0,0.02002352,0.0017482517,0.021661496,0.0013605442,0,0
80859,0,0.017327396,0.0017482517,0.022166243,0.0013605442,0,0
80860,0,0.012089446,0.0017482517,0.017375875,0.0013605442,0,0
80861,0,0.016200326,0.0017482517,0.021221953,0.0013605442,0,0
80862,0,0.01562138,0.0017482517,0.027517566,0.009259258,0,0
80863,0,0.014876131,0.0017482517,0.017480412,0.0013605442,0,0
80864,0,0.019800765,0.0017482517,0.026840745,0.009259258,0,0
80865,0,0.023851998,0.0017482517,0.023438241,0.0013605442,0,0
80866,0,0.014836924,0.0017482517,0.016789733,0.0013605442,0,0
80867,0,0.02206462,0.0017482517,0.030381644,0.009259258,0,0
80868,0,0.021286726,0.0017482517,0.021861799,0.0013605442,0,0
80869,0,0.020106925,0.0017482517,0.025972528,0.009259258,0,0
80870,0,0.016199118,0.0017482517,0.056699373,0.025263159,0,0
80871,0,0.020355863,0.0017482517,0.034940336,0.009259258,0,0
80872,0,0.01692455,0.0017482517,0.030232903,0.009259258,0,0
80873,0,0.01763768,0.0017482517,0.019226506,0.0013605442,0,0
80874,0,0.023954075,0.0017482517,0.016232533,0.0013605442,0,0
80875,0,0.02478126,0.004761905,0.014862063,0.0013605442,0,0
80876,0,0.037769478,0.02248394,0.028109986,0.009259258,0,0
80877,0,0.056409165,0.03448276,0.07743142,0.04532967,0,0
80878,0,0.05309595,0.027237354,0.04500678,0.017391304,0,0
80879,0,0.043802507,0.02248394,0.04303396,0.017391304,0,0
80880,0,0.02748939,0.004761905,0.049981806,0.017391304,0,0
80881,0,0.02913017,0.02248394,0.051717483,0.017391304,0,0
80882,0,0.024154099,0.0017482517,0.04623135,0.017391304,0,0
80883,0,0.030305328,0.02248394,0.03834905,0.009259258,0,0
80884,0,0.041482467,0.02248394,0.040475678,0.009259258,0,0
80885,0,0.0408654,0.02248394,0.045030292,0.017391304,0,0
80886,0,0.040163137,0.02248394,0.053816155,0.025263159,0,0
80887,0,0.030033963,0.02248394,0.041297577,0.009259258,0,0
80888,0,0.031405494,0.02248394,0.037956372,0.009259258,0,0
80889,0,0.032833353,0.02248394,0.033498332,0.009259258,0,0
80890,0,0.022062851,0.0017482517,0.020673404,0.0013605442,0,0
80891,0,0.02161581,0.0017482517,0.014478269,0.0013605442,0,0
80892,0,0.02092,0.0017482517,0.018379645,0.0013605442,0,0
80893,0,0.023000091,0.0017482517,0.017877106,0.0013605442,0,0
80894,0,0.0227409,0.0017482517,0.018313099,0.0013605442,0,0
80895,0,0.026536893,0.004761905,0.034575168,0.009259258,0,0
80896,0,0.029218705,0.02248394,0.020880228,0.0013605442,0,0
80897,0,0.028854119,0.021697417,0.027694654,0.009259258,0,0
80898,0,0.042669322,0.02248394,0.03349319,0.009259258,0,0
80899,0,0.036909185,0.02248394,0.03836652,0.009259258,0,0
80900,0,0.041325975,0.02248394,0.053911302,0.025263159,0,0
80901,0,0.025106888,0.004761905,0.025298974,0.009259258,0,0
80902,0,0.026757192,0.004761905,0.02285284,0.0013605442,0,0
80903,0,0.028161658,0.004761905,0.0382322,0.009259258,0,0
80904,0,0.03813743,0.02248394,0.026894117,0.009259258,0,0
80905,0,0.05064961,0.02248394,0.032455128,0.009259258,0,0
80906,0,0.045341928,0.02248394,0.023472263,0.0013605442,0,0
80907,0,0.03289661,0.02248394,0.020893032,0.0013605442,0,0
80908,0,0.043970156,0.02248394,0.03722959,0.009259258,0,0
80909,0,0.03831734,0.02248394,0.03512162,0.009259258,0,0
80910,0,0.036585968,0.02248394,0.04588981,0.017391304,0,0
80911,0,0.02839527,0.004761905,0.035774764,0.009259258,0,0
80912,0,0.026287742,0.004761905,0.031286445,0.009259258,0,0
80913,0,0.033919144,0.02248394,0.029461998,0.009259258,0,0
80914,0,0.030876338,0.02248394,0.02828707,0.009259258,0,0
80915,0,0.03722784,0.02248394,0.07431368,0.04532967,0,0
80916,0,0.022577697,0.0017482517,0.039969414,0.009259258,0,0
80917,0,0.02303332,0.0017482517,0.04259033,0.017391304,0,0
80918,0,0.02867743,0.004761905,0.043193758,0.017391304,0,0
80919,0,0.017349534,0.0017482517,0.019705603,0.0013605442,0,0
80920,0,0.015336757,0.0017482517,0.020237774,0.0013605442,0,0
80921,0,0.01816662,0.0017482517,0.019728772,0.0013605442,0,0
80922,0,0.010991338,0.0017482517,0.012732091,0.0013605442,0,0
80923,0,0.009314038,0.0017482517,0.016743973,0.0013605442,0,0
80924,0,0.007834485,0.0017482517,0.0121486,0.0013605442,0,0
80925,0,0.008231686,0.0017482517,0.014635757,0.0013605442,0,0
80926,0,0.008133251,0.0017482517,0.016550314,0.0013605442,0,0
80927,0,0.011774796,0.0017482517,0.015175703,0.0013605442,0,0
80928,0,0.007893967,0.0017482517,0.014913871,0.0013605442,0,0
80929,0,0.0061560427,0.0017482517,0.008941017,0.0013605442,0,0
80930,0,0.0066141984,0.0017482517,0.008348614,0.0,0,0
80931,0,0.0068029,0.0017482517,0.008933698,0.0013605442,0,0
80932,0,0.0068029,0.0017482517,0.008933698,0.0013605442,0,0
80933,0,0.0068029,0.0017482517,0.008933698,0.0013605442,0,0
80934,0,0.0068029,0.0017482517,0.008933698,0.0013605442,0,0
80935,0,0.0054832175,0.0017482517,0.0060045603,0.0,0,0
80936,0,0.0061470494,0.0017482517,0.0069003017,0.0,0,0
80937,0,0.006365718,0.0017482517,0.008036571,0.0,0,0
80938,0,0.00598968,0.0017482517,0.007210314,0.0,0,0
80939,0,0.0061149662,0.0017482517,0.007888159,0.0,0,0
80940,0,0.010364816,0.0017482517,0.019787984,0.0013605442,0,0
80941,0,0.0107895285,0.0017482517,0.0140544595,0.0013605442,0,0
80942,0,0.01891659,0.0017482517,0.03390797,0.009259258,0,0
80943,0,0.019546526,0.0017482517,0.02552839,0.009259258,0,0
80944,0,0.014963959,0.0017482517,0.025526477,0.009259258,0,0
80945,0,0.01621961,0.0017482517,0.024427975,0.009259258,0,0
80946,0,0.015069607,0.0017482517,0.021619806,0.0013605442,0,0
80947,0,0.013199057,0.0017482517,0.015067787,0.0013605442,0,0
80948,0,0.017750194,0.0017482517,0.033953402,0.009259258,0,0
80949,0,0.018485593,0.0017482517,0.018872155,0.0013605442,0,0
80950,0,0.016130034,0.0017482517,0.01861741,0.0013605442,0,0
80951,0,0.019757254,0.0017482517,0.027619416,0.009259258,0,0
80952,0,0.012974666,0.0017482517,0.018346364,0.0013605442,0,0
80953,0,0.013808398,0.0017482517,0.022603607,0.0013605442,0,0
80954,0,0.012124218,0.0017482517,0.014252427,0.0013605442,0,0
80955,0,0.010541985,0.0017482517,0.01616745,0.0013605442,0,0
80956,0,0.015112385,0.0017482517,0.013185358,0.0013605442,0,0
80957,0,0.011306982,0.0017482517,0.01934794,0.0013605442,0,0
80958,0,0.0134481555,0.0017482517,0.027183395,0.009259258,0,0
80959,0,0.0137129,0.0017482517,0.024218004,0.009259258,0,0
80960,0,0.013220557,0.0017482517,0.022665894,0.0013605442,0,0
80961,0,0.0125833135,0.0017482517,0.021283502,0.0013605442,0,0
80962,0,0.0130177885,0.0017482517,0.017111916,0.0013605442,0,0
80963,0,0.009122744,0.0017482517,0.012447063,0.0013605442,0,0
80964,0,0.00873177,0.0017482517,0.011551968,0.0013605442,0,0
80965,0,0.009486179,0.0017482517,0.008067656,0.0,0,0
80966,0,0.016386576,0.0017482517,0.021342006,0.0013605442,0,0
80967,0,0.018711008,0.0017482517,0.0155595625,0.0013605442,0,0
80968,0,0.024509637,0.004761905,0.023570953,0.0013605442,0,0
80969,0,0.026427628,0.004761905,0.022677029,0.0013605442,0,0
80970,0,0.019506412,0.0017482517,0.024380492,0.009259258,0,0
80971,0,0.01568081,0.0017482517,0.011159346,0.0013605442,0,0
80972,0,0.009507171,0.0017482517,0.0067737466,0.0,0,0
80973,0,0.008770913,0.0017482517,0.008651226,0.0,0,0
80974,0,0.0048204875,0.0017482517,0.0051277145,0.0,0,0
80975,0,0.010600969,0.0017482517,0.018911289,0.0013605442,0,0
80976,0,0.010789019,0.0017482517,0.021494888,0.0013605442,0,0
80977,0,0.011498661,0.0017482517,0.02085676,0.0013605442,0,0
80978,0,0.012089082,0.0017482517,0.021466589,0.0013605442,0,0
80979,0,0.008812858,0.0017482517,0.019946156,0.0013605442,0,0
80980,0,0.011755326,0.0017482517,0.0146989785,0.0013605442,0,0
80981,0,0.016271254,0.0017482517,0.019754509,0.0013605442,0,0
80982,0,0.018606568,0.0017482517,0.02687446,0.009259258,0,0
80983,0,0.029451884,0.02248394,0.020992234,0.0013605442,0,0
80984,0,0.043150067,0.02248394,0.024575368,0.009259258,0,0
80985,0,0.048583973,0.02248394,0.027755423,0.009259258,0,0
80986,0,0.042433385,0.02248394,0.030254342,0.009259258,0,0
80987,0,0.056989722,0.035928145,0.042625375,0.017391304,0,0
80988,0,0.046202652,0.02248394,0.042882547,0.017391304,0,0
80989,0,0.0393441,0.02248394,0.03541583,0.009259258,0,0
80990,0,0.049787693,0.02248394,0.06660669,0.025263159,0,0
80991,0,0.06484843,0.035928145,0.10503363,0.05050505,0,0
80992,0,0.038797177,0.02248394,0.04725608,0.017391304,0,0
80993,0,0.04002613,0.02248394,0.063288175,0.025263159,0,0
80994,0,0.0289205,0.02248394,0.061782483,0.025263159,0,0
80995,0,0.035888836,0.02248394,0.05112624,0.017391304,0,0
80996,0,0.04109409,0.02248394,0.050253917,0.017391304,0,0
80997,0,0.04379587,0.02248394,0.063051224,0.025263159,0,0
80998,0,0.0419284,0.02248394,0.0564969,0.025263159,0,0
80999,0,0.04611894,0.02248394,0.04292318,0.017391304,0,0
81000,0,0.04267603,0.02248394,0.05023827,0.017391304,0,0
81001,0,0.038786534,0.02248394,0.03528615,0.009259258,0,0
81002,0,0.030692806,0.02248394,0.03012117,0.009259258,0,0
81003,0,0.03082044,0.02248394,0.029346377,0.009259258,0,0
81004,0,0.018491067,0.0017482517,0.024669513,0.009259258,0,0
81005,0,0.022988115,0.0017482517,0.017838603,0.0013605442,0,0
81006,0,0.019211434,0.0017482517,0.01716525,0.0013605442,0,0
81007,0,0.03142022,0.02248394,0.019070616,0.0013605442,0,0
81008,0,0.029931583,0.02248394,0.018490057,0.0013605442,0,0
81009,0,0.017376307,0.0017482517,0.0146929715,0.0013605442,0,0
81010,0,0.015694043,0.0017482517,0.012314449,0.0013605442,0,0
81011,0,0.01508957,0.0017482517,0.010426551,0.0013605442,0,0
81012,0,0.012601758,0.0017482517,0.012395448,0.0013605442,0,0
81013,0,0.014286144,0.0017482517,0.012068808,0.0013605442,0,0
81014,0,0.010539285,0.0017482517,0.011560835,0.0013605442,0,0
81015,0,0.011482044,0.0017482517,0.012036722,0.0013605442,0,0
81016,0,0.019061172,0.0017482517,0.012346412,0.0013605442,0,0
81017,0,0.020739341,0.0017482517,0.011998581,0.0013605442,0,0
81018,0,0.020804707,0.0017482517,0.014461812,0.0013605442,0,0
81019,0,0.017704144,0.0017482517,0.011152992,0.0013605442,0,0
81020,0,0.01644233,0.0017482517,0.009761104,0.0013605442,0,0
81021,0,0.01831852,0.0017482517,0.009575485,0.0013605442,0,0
81022,0,0.019543013,0.0017482517,0.012261356,0.0013605442,0,0
81023,0,0.0177238,0.0017482517,0.013493946,0.0013605442,0,0
81024,0,0.017004523,0.0017482517,0.011857002,0.0013605442,0,0
81025,0,0.018024331,0.0017482517,0.012460716,0.0013605442,0,0
81026,0,0.01584125,0.0017482517,0.012779282,0.0013605442,0,0
81027,0,0.012568404,0.0017482517,0.011555703,0.0013605442,0,0
81028,0,0.013484352,0.0017482517,0.012494388,0.0013605442,0,0
81029,0,0.010054276,0.0017482517,0.008950285,0.0013605442,0,0
81030,0,0.010518683,0.0017482517,0.009333444,0.0013605442,0,0
81031,0,0.008885261,0.0017482517,0.009717673,0.0013605442,0,0
81032,0,0.016506657,0.0017482517,0.012219132,0.0013605442,0,0
81033,0,0.016182832,0.0017482517,0.01565275,0.0013605442,0,0
81034,0,0.010890779,0.0017482517,0.012422329,0.0013605442,0,0
81035,0,0.009570336,0.0017482517,0.012000841,0.0013605442,0,0
81036,0,0.0077969315,0.0017482517,0.008641829,0.0,0,0
81037,0,0.010031236,0.0017482517,0.009418041,0.0013605442,0,0
81038,0,0.011417564,0.0017482517,0.012187306,0.0013605442,0,0
81039,0,0.01127119,0.0017482517,0.012024763,0.0013605442,0,0
81040,0,0.011817201,0.0017482517,0.012841835,0.0013605442,0,0
81041,0,0.010872611,0.0017482517,0.010051434,0.0013605442,0,0
81042,0,0.008652861,0.0017482517,0.0074697696,0.0,0,0
81043,0,0.009839877,0.0017482517,0.0082535185,0.0,0,0
81044,0,0.007713726,0.0017482517,0.0062942635,0.0,0,0
81045,0,0.009685888,0.0017482517,0.0059265643,0.0,0,0
81046,0,0.005621625,0.0017482517,0.005955652,0.0,0,0
81047,0,0.006548602,0.0017482517,0.0059080236,0.0,0,0
81048,0,0.011398731,0.0017482517,0.01230015,0.0013605442,0,0
81049,0,0.012012963,0.0017482517,0.010240155,0.0013605442,0,0
81050,0,0.0129156215,0.0017482517,0.012161832,0.0013605442,0,0
81051,0,0.020318449,0.0017482517,0.014781394,0.0013605442,0,0
81052,0,0.018431455,0.0017482517,0.013072593,0.0013605442,0,0
81053,0,0.013955107,0.0017482517,0.013161851,0.0013605442,0,0
81054,0,0.012797813,0.0017482517,0.010187947,0.0013605442,0,0
81055,0,0.012772257,0.0017482517,0.008789172,0.0,0,0
81056,0,0.0082478495,0.0017482517,0.009401997,0.0013605442,0,0
81057,0,0.0088031255,0.0017482517,0.008205645,0.0,0,0
81058,0,0.014153152,0.0017482517,0.019774323,0.0013605442,0,0
81059,0,0.030340927,0.02248394,0.019426024,0.0013605442,0,0
81060,0,0.052693047,0.027237354,0.026078228,0.009259258,0,0
81061,0,0.05116396,0.027237354,0.024158003,0.009259258,0,0
81062,0,0.07180838,0.035928145,0.03111723,0.009259258,0,0
81063,0,0.0808625,0.035928145,0.03556567,0.009259258,0,0
81064,0,0.06432564,0.035928145,0.047436427,0.017391304,0,0
81065,0,0.05237686,0.027237354,0.03695748,0.009259258,0,0
81066,0,0.08522785,0.035928145,0.06471775,0.025263159,0,0
81067,0,0.034263033,0.02248394,0.0350487,0.009259258,0,0
81068,0,0.038564645,0.02248394,0.03775236,0.009259258,0,0
81069,0,0.039700855,0.02248394,0.048928194,0.017391304,0,0
81070,0,0.03470074,0.02248394,0.037530195,0.009259258,0,0
81071,0,0.0282464,0.004761905,0.036016684,0.009259258,0,0
81072,0,0.02270135,0.0017482517,0.024648039,0.009259258,0,0
81073,0,0.026866002,0.004761905,0.026341267,0.009259258,0,0
81074,0,0.021534992,0.0017482517,0.02547774,0.009259258,0,0
81075,0,0.019273803,0.0017482517,0.027694033,0.009259258,0,0
81076,0,0.01926086,0.0017482517,0.018787198,0.0013605442,0,0
81077,0,0.013894504,0.0017482517,0.017600004,0.0013605442,0,0
81078,0,0.013798946,0.0017482517,0.018481363,0.0013605442,0,0
81079,0,0.015652273,0.0017482517,0.018478781,0.0013605442,0,0
81080,0,0.007343602,0.0017482517,0.009540682,0.0013605442,0,0
81081,0,0.0071697636,0.0017482517,0.009092832,0.0013605442,0,0
81082,0,0.0071697636,0.0017482517,0.009092832,0.0013605442,0,0
81083,0,0.0060297633,0.0017482517,0.008417303,0.0,0,0
81084,0,0.0068171816,0.0017482517,0.009632729,0.0013605442,0,0
81085,0,0.0063971076,0.0017482517,0.008361407,0.0,0,0
81086,0,0.0071571856,0.0017482517,0.008063677,0.0,0,0
81087,0,0.006430939,0.0017482517,0.009521803,0.0013605442,0,0
81088,0,0.006058825,0.0017482517,0.009291063,0.0013605442,0,0
81089,0,0.00632807,0.0017482517,0.009448305,0.0013605442,0,0
81090,0,0.0076620593,0.0017482517,0.008999673,0.0013605442,0,0
81091,0,0.0064802365,0.0017482517,0.00977634,0.0013605442,0,0
81092,0,0.0058792424,0.0017482517,0.009005361,0.0013605442,0,0
81093,0,0.0063820407,0.0017482517,0.009625266,0.0013605442,0,0
81094,0,0.006111272,0.0017482517,0.009075444,0.0013605442,0,0
81095,0,0.0066929143,0.0017482517,0.009570558,0.0013605442,0,0
81096,0,0.006688886,0.0017482517,0.00889827,0.0013605442,0,0
81097,0,0.006221083,0.0017482517,0.00873587,0.0,0,0
81098,0,0.006413686,0.0017482517,0.008845917,0.0,0,0
81099,0,0.0062247897,0.0017482517,0.0085012205,0.0,0,0
81100,0,0.006614484,0.0017482517,0.009025984,0.0013605442,0,0
81101,0,0.006324821,0.0017482517,0.010044921,0.0013605442,0,0
81102,0,0.006759598,0.0017482517,0.008545951,0.0,0,0
81103,0,0.0066718184,0.0017482517,0.009560524,0.0013605442,0,0
81104,0,0.007046919,0.0017482517,0.008094718,0.0,0,0
81105,0,0.006661834,0.0017482517,0.008386848,0.0,0,0
81106,0,0.0069658435,0.0017482517,0.00891362,0.0013605442,0,0
81107,0,0.007903813,0.0017482517,0.009243631,0.0013605442,0,0
81108,0,0.0065290937,0.0017482517,0.008359462,0.0,0,0
81109,0,0.008051005,0.0017482517,0.009595467,0.0013605442,0,0
81110,0,0.0076231863,0.0017482517,0.008689374,0.0,0,0
81111,0,0.0063179173,0.0017482517,0.008928532,0.0013605442,0,0
81112,0,0.0072415583,0.0017482517,0.00843764,0.0,0,0
81113,0,0.006543371,0.0017482517,0.009325207,0.0013605442,0,0
81114,0,0.0063179173,0.0017482517,0.008928532,0.0013605442,0,0
81115,0,0.0070231827,0.0017482517,0.008286495,0.0,0,0
81116,0,0.0073254653,0.0017482517,0.008517256,0.0,0,0
81117,0,0.007826845,0.0017482517,0.0073790224,0.0,0,0
81118,0,0.0060479436,0.0017482517,0.0070110783,0.0,0,0
81119,0,0.0067332117,0.0017482517,0.0058147945,0.0,0,0
81120,0,0.0067181257,0.0017482517,0.005767627,0.0,0,0
81121,0,0.023818947,0.0017482517,0.013986512,0.0013605442,0,0
81122,0,0.029492998,0.02248394,0.019201638,0.0013605442,0,0
81123,0,0.026063366,0.004761905,0.016104106,0.0013605442,0,0
81124,0,0.02222747,0.0017482517,0.012988675,0.0013605442,0,0
81125,0,0.006766863,0.0017482517,0.004454457,0.0,0,0
81126,0,0.0052255243,0.0017482517,0.0059003667,0.0,0,0
81127,0,0.003787107,0.0,0.00431283,0.0,0,0
81128,0,0.0031073834,0.0,0.0029516993,0.0,0,0
81129,0,0.002677264,0.0,0.0027611863,0.0,0,0
81130,0,0.002677264,0.0,0.0027611863,0.0,0,0
81131,0,0.003069897,0.0,0.0028907119,0.0,0,0
81132,0,0.0030525823,0.0,0.0031356688,0.0,0,0
81133,0,0.0025870895,0.0,0.0027611863,0.0,0,0
81134,0,0.012178996,0.0017482517,0.018605705,0.0013605442,0,0
81135,0,0.018187797,0.0017482517,0.017222475,0.0013605442,0,0
81136,0,0.027104951,0.004761905,0.020022009,0.0013605442,0,0
81137,0,0.02970448,0.02248394,0.02543444,0.009259258,0,0
81138,0,0.041115846,0.02248394,0.02763133,0.009259258,0,0
81139,0,0.034366373,0.02248394,0.032568563,0.009259258,0,0
81140,0,0.05301468,0.027237354,0.033429984,0.009259258,0,0
81141,0,0.051075827,0.02248394,0.037971828,0.009259258,0,0
81142,0,0.043117438,0.02248394,0.0480237,0.017391304,0,0
81143,0,0.06326418,0.035928145,0.06489159,0.025263159,0,0
81144,0,0.038528975,0.02248394,0.038851887,0.009259258,0,0
81145,0,0.033699144,0.02248394,0.028718064,0.009259258,0,0
81146,0,0.03537961,0.02248394,0.03812855,0.009259258,0,0
81147,0,0.028001446,0.004761905,0.043925047,0.017391304,0,0
81148,0,0.019608878,0.0017482517,0.029799877,0.009259258,0,0
81149,0,0.027658438,0.004761905,0.025456486,0.009259258,0,0
81150,0,0.026769921,0.004761905,0.027930634,0.009259258,0,0
81151,0,0.026978329,0.004761905,0.022308223,0.0013605442,0,0
81152,0,0.02257687,0.0017482517,0.018570678,0.0013605442,0,0
81153,0,0.01941498,0.0017482517,0.022748929,0.0013605442,0,0
81154,0,0.015184498,0.0017482517,0.027736044,0.009259258,0,0
81155,0,0.018761352,0.0017482517,0.03148083,0.009259258,0,0
81156,0,0.009053745,0.0017482517,0.023026465,0.0013605442,0,0
81157,0,0.008537038,0.0017482517,0.01156011,0.0013605442,0,0
81158,0,0.008489914,0.0017482517,0.01316874,0.0013605442,0,0
81159,0,0.008206712,0.0017482517,0.009292775,0.0013605442,0,0
81160,0,0.010127237,0.0017482517,0.01045227,0.0013605442,0,0
81161,0,0.009936456,0.0017482517,0.01428963,0.0013605442,0,0
81162,0,0.024502639,0.004761905,0.019474186,0.0013605442,0,0
81163,0,0.017668208,0.0017482517,0.016979506,0.0013605442,0,0
81164,0,0.03554193,0.02248394,0.021724988,0.0013605442,0,0
81165,0,0.027260894,0.004761905,0.021162715,0.0013605442,0,0
81166,0,0.035240427,0.02248394,0.023927929,0.009259258,0,0
81167,0,0.02863747,0.004761905,0.02604466,0.009259258,0,0
81168,0,0.03341473,0.02248394,0.019164061,0.0013605442,0,0
81169,0,0.03040019,0.02248394,0.017259309,0.0013605442,0,0
81170,0,0.027155366,0.004761905,0.01937612,0.0013605442,0,0
81171,0,0.033102877,0.02248394,0.024059245,0.009259258,0,0
81172,0,0.025579307,0.004761905,0.015658394,0.0013605442,0,0
81173,0,0.018213531,0.0017482517,0.015597552,0.0013605442,0,0
81174,0,0.022196995,0.0017482517,0.02570441,0.009259258,0,0
81175,0,0.016131934,0.0017482517,0.015284564,0.0013605442,0,0
81176,0,0.016161392,0.0017482517,0.0152865015,0.0013605442,0,0
81177,0,0.018237025,0.0017482517,0.019356728,0.0013605442,0,0
81178,0,0.020099178,0.0017482517,0.019293586,0.0013605442,0,0
81179,0,0.029035259,0.02248394,0.019745877,0.0013605442,0,0
81180,0,0.019043082,0.0017482517,0.018899549,0.0013605442,0,0
81181,0,0.01911724,0.0017482517,0.01949742,0.0013605442,0,0
81182,0,0.018086094,0.0017482517,0.018404286,0.0013605442,0,0
81183,0,0.015307527,0.0017482517,0.023796106,0.009259258,0,0
81184,0,0.015307527,0.0017482517,0.023796106,0.009259258,0,0
81185,0,0.011383883,0.0017482517,0.021074165,0.0013605442,0,0
81186,0,0.012135457,0.0017482517,0.014520737,0.0013605442,0,0
81187,0,0.016376765,0.0017482517,0.019137539,0.0013605442,0,0
81188,0,0.019454855,0.0017482517,0.02162996,0.0013605442,0,0
81189,0,0.017918754,0.0017482517,0.02036961,0.0013605442,0,0
81190,0,0.013525606,0.0017482517,0.015498138,0.0013605442,0,0
81191,0,0.018552558,0.0017482517,0.021929698,0.0013605442,0,0
81192,0,0.014038709,0.0017482517,0.017878648,0.0013605442,0,0
81193,0,0.013520791,0.0017482517,0.013692915,0.0013605442,0,0
81194,0,0.028080333,0.004761905,0.023352487,0.0013605442,0,0
81195,0,0.022385612,0.0017482517,0.017973144,0.0013605442,0,0
81196,0,0.017341195,0.0017482517,0.01541952,0.0013605442,0,0
81197,0,0.01867668,0.0017482517,0.015391501,0.0013605442,0,0
81198,0,0.024184238,0.0017482517,0.013891002,0.0013605442,0,0
81199,0,0.019468492,0.0017482517,0.011737032,0.0013605442,0,0
81200,0,0.0204155,0.0017482517,0.012877852,0.0013605442,0,0
81201,0,0.013894647,0.0017482517,0.011716739,0.0013605442,0,0
81202,0,0.015713936,0.0017482517,0.011296543,0.0013605442,0,0
81203,0,0.030807583,0.02248394,0.035563953,0.009259258,0,0
81204,0,0.030018944,0.02248394,0.025138373,0.009259258,0,0
81205,0,0.028217189,0.004761905,0.02206709,0.0013605442,0,0
81206,0,0.067787975,0.035928145,0.05055152,0.017391304,0,0
81207,0,0.069376335,0.035928145,0.052657608,0.017391304,0,0
81208,0,0.045252237,0.02248394,0.040466733,0.009259258,0,0
81209,0,0.04664487,0.02248394,0.062145688,0.025263159,0,0
81210,0,0.04894264,0.02248394,0.06593352,0.025263159,0,0
81211,0,0.050187968,0.02248394,0.041253105,0.009259258,0,0
81212,0,0.087469235,0.035928145,0.07219017,0.025263159,0,0
81213,0,0.07143515,0.035928145,0.10970994,0.06716418,0,0
81214,0,0.085295066,0.035928145,0.07782099,0.04532967,0,0
81215,0,0.08660689,0.035928145,0.1067971,0.05050505,0,0
81216,0,0.094364494,0.057771664,0.10045106,0.04532967,0,0
81217,0,0.07713689,0.035928145,0.07862217,0.04532967,0,0
81218,0,0.06903342,0.035928145,0.07301078,0.025263159,0,0
81219,0,0.03184224,0.02248394,0.08538274,0.04532967,0,0
81220,0,0.07939555,0.035928145,0.1261672,0.078028746,0,0
81221,0,0.05756183,0.035928145,0.09557982,0.04532967,0,0
81222,0,0.06201726,0.035928145,0.14877832,0.092920355,0,0
81223,0,0.07293908,0.035928145,0.120678045,0.078028746,0,0
81224,0,0.058743194,0.035928145,0.11319495,0.078028746,0,0
81225,0,0.10610306,0.057771664,0.14014995,0.092920355,0,0
81226,0,0.06384386,0.035928145,0.121950984,0.078028746,0,0
81227,0,0.06390983,0.035928145,0.08523158,0.04532967,0,0
81228,0,0.06404516,0.035928145,0.11173599,0.06716418,0,0
81229,0,0.091273874,0.057771664,0.19320443,0.09982175,0,0
81230,0,0.10558317,0.057771664,0.19330445,0.09982175,0,0
81231,0,0.09992803,0.057771664,0.18153654,0.09982175,0,0
81232,0,0.111396186,0.057771664,0.20276506,0.09982175,0,0
81233,0,0.12111552,0.057771664,0.152299,0.092920355,0,0
81234,1,0.11203824,0.057771664,0.123478025,0.078028746,0,0
81235,0,0.21577255,0.17333333,0.11763801,0.078028746,0,0
81236,0,0.12405239,0.057771664,0.07531372,0.04532967,0,0
81237,0,0.1261384,0.057771664,0.08613415,0.04532967,0,0
81238,0,0.14434662,0.06153846,0.09715508,0.04532967,0,0
81239,0,0.1413319,0.06153846,0.1374495,0.092920355,0,0
81240,0,0.1054073,0.057771664,0.13517654,0.08955224,0,0
81241,0,0.11432089,0.057771664,0.14668229,0.092920355,0,0
81242,0,0.11394527,0.057771664,0.13399212,0.078028746,0,0
81243,0,0.090783276,0.057771664,0.12246412,0.078028746,0,0
81244,0,0.10795449,0.057771664,0.11197005,0.06716418,0,0
81245,0,0.100750156,0.057771664,0.124550655,0.078028746,0,0
81246,0,0.066619724,0.035928145,0.07120443,0.025263159,0,0
81247,0,0.07311105,0.035928145,0.079374306,0.04532967,0,0
81248,0,0.08734195,0.035928145,0.091170266,0.04532967,0,0
81249,0,0.07413208,0.035928145,0.06975101,0.025263159,0,0
81250,0,0.09809929,0.057771664,0.09207307,0.04532967,0,0
81251,0,0.09361786,0.057771664,0.078212336,0.04532967,0,0
81252,0,0.0990182,0.057771664,0.12567005,0.078028746,0,0
81253,0,0.10540983,0.057771664,0.09160714,0.04532967,0,0
81254,0,0.087615766,0.035928145,0.08747243,0.04532967,0,0
81255,0,0.09581656,0.057771664,0.10605531,0.05050505,0,0
81256,0,0.12104933,0.057771664,0.14858955,0.092920355,0,0
81257,0,0.09921318,0.057771664,0.124272846,0.078028746,0,0
81258,0,0.07776545,0.035928145,0.13884784,0.092920355,0,0
81259,0,0.07819266,0.035928145,0.15178134,0.092920355,0,0
81260,0,0.09702861,0.057771664,0.074899636,0.04532967,0,0
81261,0,0.087686054,0.035928145,0.12743488,0.078028746,0,0
81262,0,0.0835783,0.035928145,0.07875793,0.04532967,0,0
81263,0,0.11660826,0.057771664,0.109797604,0.06716418,0,0
81264,0,0.12880787,0.057771664,0.11569748,0.078028746,0,0
81265,0,0.1100713,0.057771664,0.11336423,0.078028746,0,0
81266,0,0.11705259,0.057771664,0.16438574,0.09982175,0,0
81267,0,0.13272712,0.06153846,0.2045827,0.09982175,0,0
81268,0,0.13820742,0.06153846,0.16231194,0.092920355,0,0
81269,0,0.1557035,0.1554054,0.20168422,0.09982175,0,0
81270,0,0.16107963,0.1554054,0.16907007,0.09982175,0,0
81271,0,0.13332745,0.06153846,0.162761,0.092920355,0,0
81272,0,0.16997556,0.1554054,0.2032351,0.09982175,0,0
81273,0,0.17834663,0.17142858,0.17089546,0.09982175,0,0
81274,0,0.19703133,0.17333333,0.15744255,0.092920355,0,0
81275,0,0.15947525,0.1554054,0.18073304,0.09982175,0,0
81276,0,0.17016168,0.1554054,0.19673538,0.09982175,0,0
81277,0,0.1271142,0.057771664,0.19598643,0.09982175,0,0
81278,0,0.09112525,0.057771664,0.17693351,0.09982175,0,0
81279,0,0.15735777,0.1554054,0.20336187,0.09982175,0,0
81280,0,0.114488386,0.057771664,0.22503157,0.10289389,0,0
81281,0,0.09104415,0.057771664,0.17611001,0.09982175,0,0
81282,0,0.12890461,0.057771664,0.20040727,0.09982175,0,0
81283,0,0.09774355,0.057771664,0.1567251,0.092920355,0,0
81284,0,0.094304465,0.057771664,0.0819581,0.04532967,0,0
81285,0,0.08021475,0.035928145,0.15069248,0.092920355,0,0
81286,0,0.10929876,0.057771664,0.1393473,0.092920355,0,0
81287,0,0.103848316,0.057771664,0.19283623,0.09982175,0,0
81288,0,0.06104575,0.035928145,0.14522737,0.092920355,0,0
81289,0,0.088882595,0.035928145,0.1070848,0.06716418,0,0
81290,0,0.09892393,0.057771664,0.12373241,0.078028746,0,0
81291,0,0.14418377,0.06153846,0.091059305,0.04532967,0,0
81292,1,0.098651215,0.057771664,0.07871917,0.04532967,0,0
81293,0,0.26431644,0.37096775,0.16723467,0.09982175,0,0
81294,0,0.15538822,0.1554054,0.21089935,0.09982175,0,0
81295,0,0.107431486,0.057771664,0.16070426,0.092920355,0,0
81296,0,0.1530646,0.1554054,0.20473298,0.09982175,0,0
81297,0,0.094631486,0.057771664,0.11892694,0.078028746,0,0
81298,1,0.1349533,0.06153846,0.10397198,0.05050505,0,0
81299,0,0.29841438,0.37096775,0.122604415,0.078028746,0,0
81300,0,0.13807514,0.06153846,0.124403626,0.078028746,0,0
81301,0,0.124663904,0.057771664,0.09656177,0.04532967,0,0
81302,0,0.17737041,0.17142858,0.19529094,0.09982175,0,0
81303,0,0.16015236,0.1554054,0.12619328,0.078028746,0,0
81304,0,0.13514249,0.06153846,0.12630576,0.078028746,0,0
81305,0,0.14589961,0.062485386,0.2012348,0.09982175,0,0
81306,0,0.13921672,0.06153846,0.20237997,0.09982175,0,0
81307,0,0.19209567,0.17333333,0.14078972,0.092920355,0,0
81308,0,0.12585996,0.057771664,0.21095546,0.09982175,0,0
81309,0,0.14505419,0.06153846,0.3097427,0.11621621,0,0
81310,0,0.13875963,0.06153846,0.26731,0.10289389,0,0
81311,0,0.13215709,0.06153846,0.27825418,0.11621621,0,0
81312,0,0.09721664,0.057771664,0.2407511,0.10289389,0,0
81313,0,0.10597819,0.057771664,0.19511884,0.09982175,0,0
81314,0,0.10194346,0.057771664,0.2148963,0.09982175,0,0
81315,0,0.0899707,0.05263158,0.18733147,0.09982175,0,0
81316,0,0.09012159,0.05263158,0.15537474,0.092920355,0,0
81317,0,0.082927816,0.035928145,0.104965486,0.05050505,0,0
81318,0,0.09572351,0.057771664,0.10570335,0.05050505,0,0
81319,0,0.107746795,0.057771664,0.13022947,0.078028746,0,0
81320,0,0.12160539,0.057771664,0.13966966,0.092920355,0,0
81321,0,0.10038197,0.057771664,0.12198747,0.078028746,0,0
81322,0,0.13143697,0.057771664,0.26103547,0.10289389,0,0
81323,0,0.105147615,0.057771664,0.15093958,0.092920355,0,0
81324,0,0.087029286,0.035928145,0.11523915,0.078028746,0,0
81325,0,0.1031314,0.057771664,0.12879914,0.078028746,0,0
81326,0,0.083841674,0.035928145,0.10397362,0.05050505,0,0
81327,0,0.07211072,0.035928145,0.119248755,0.078028746,0,0
81328,0,0.07674978,0.035928145,0.13700472,0.08955224,0,0
81329,0,0.085048236,0.035928145,0.110672735,0.06716418,0,0
81330,0,0.049175996,0.02248394,0.10284939,0.04532967,0,0
81331,1,0.102591045,0.057771664,0.11626617,0.078028746,0,0
81332,0,0.120739646,0.057771664,0.15879425,0.092920355,0,0
81333,0,0.086829096,0.035928145,0.13377443,0.078028746,0,0
81334,0,0.062179077,0.035928145,0.09836763,0.04532967,0,0
81335,0,0.06938272,0.035928145,0.16206132,0.092920355,0,0
81336,0,0.043648813,0.02248394,0.13324523,0.078028746,0,0
81337,0,0.05837536,0.035928145,0.06353749,0.025263159,0,0
81338,0,0.08695841,0.035928145,0.103810765,0.05050505,0,0
81339,0,0.038978007,0.02248394,0.06044869,0.025263159,0,0
81340,0,0.039749313,0.02248394,0.048263248,0.017391304,0,0
81341,0,0.1033338,0.057771664,0.08871852,0.04532967,0,0
81342,0,0.07447989,0.035928145,0.06657845,0.025263159,0,0
81343,0,0.09258333,0.057771664,0.10692557,0.05050505,0,0
81344,0,0.05968385,0.035928145,0.0685168,0.025263159,0,0
81345,0,0.06240047,0.035928145,0.07400713,0.04532967,0,0
81346,0,0.06428554,0.035928145,0.08476697,0.04532967,0,0
81347,0,0.045597367,0.02248394,0.05899555,0.025263159,0,0
81348,0,0.047745604,0.02248394,0.08919563,0.04532967,0,0
81349,0,0.06776961,0.035928145,0.06288471,0.025263159,0,0
81350,0,0.061687704,0.035928145,0.0553422,0.025263159,0,0
81351,0,0.06823646,0.035928145,0.06179377,0.025263159,0,0
81352,0,0.09792408,0.057771664,0.09522007,0.04532967,0,0
81353,0,0.0694733,0.035928145,0.09911315,0.04532967,0,0
81354,0,0.050363213,0.02248394,0.045478124,0.017391304,0,0
81355,0,0.046540324,0.02248394,0.046634946,0.017391304,0,0
81356,0,0.08450065,0.035928145,0.09308616,0.04532967,0,0
81357,0,0.0625704,0.035928145,0.050574534,0.017391304,0,0
81358,0,0.055723146,0.027237354,0.049552336,0.017391304,0,0
81359,0,0.040624637,0.02248394,0.059834532,0.025263159,0,0
81360,0,0.02930972,0.02248394,0.05493692,0.025263159,0,0
81361,0,0.08582126,0.035928145,0.073090464,0.025263159,0,0
81362,0,0.05632363,0.03448276,0.050351687,0.017391304,0,0
81363,0,0.049784817,0.02248394,0.029320916,0.009259258,0,0
81364,0,0.030525548,0.02248394,0.03386396,0.009259258,0,0
81365,0,0.047850017,0.02248394,0.054739818,0.025263159,0,0
81366,0,0.048721954,0.02248394,0.0833363,0.04532967,0,0
81367,0,0.06229125,0.035928145,0.050817154,0.017391304,0,0
81368,0,0.041106775,0.02248394,0.06687389,0.025263159,0,0
81369,0,0.048827186,0.02248394,0.059607457,0.025263159,0,0
81370,0,0.05629838,0.03448276,0.04117919,0.009259258,0,0
81371,0,0.04003461,0.02248394,0.037791546,0.009259258,0,0
81372,0,0.061782688,0.035928145,0.041662544,0.017391304,0,0
81373,0,0.050990347,0.02248394,0.04572042,0.017391304,0,0
81374,0,0.056228388,0.027237354,0.047404595,0.017391304,0,0
81375,0,0.06320892,0.035928145,0.06693033,0.025263159,0,0
81376,0,0.07303153,0.035928145,0.07508116,0.04532967,0,0
81377,0,0.068109706,0.035928145,0.09277694,0.04532967,0,0
81378,0,0.06796876,0.035928145,0.097177684,0.04532967,0,0
81379,0,0.056833412,0.03490861,0.08027801,0.04532967,0,0
81380,0,0.11672463,0.057771664,0.0906569,0.04532967,0,0
81381,0,0.04749395,0.02248394,0.085874476,0.04532967,0,0
81382,0,0.06494999,0.035928145,0.0943634,0.04532967,0,0
81383,0,0.05530821,0.027237354,0.09821227,0.04532967,0,0
81384,0,0.11397611,0.057771664,0.17174603,0.09982175,0,0
81385,0,0.09143183,0.057771664,0.13108215,0.078028746,0,0
81386,0,0.10283141,0.057771664,0.20951557,0.09982175,0,0
81387,0,0.07082124,0.035928145,0.13763808,0.092920355,0,0
81388,0,0.09070813,0.057771664,0.12708253,0.078028746,0,0
81389,0,0.055612966,0.027237354,0.162814,0.092920355,0,0
81390,0,0.045737192,0.02248394,0.09941594,0.04532967,0,0
81391,0,0.06441352,0.035928145,0.113176286,0.078028746,0,0
81392,0,0.10138238,0.057771664,0.21759032,0.10289389,0,0
81393,0,0.04293858,0.02248394,0.12679826,0.078028746,0,0
81394,0,0.07948488,0.035928145,0.1400431,0.092920355,0,0
81395,0,0.056777563,0.03448276,0.16047609,0.092920355,0,0
81396,0,0.071108475,0.035928145,0.122013815,0.078028746,0,0
81397,0,0.08108093,0.035928145,0.17027439,0.09982175,0,0
81398,0,0.08737804,0.035928145,0.1397706,0.092920355,0,0
81399,0,0.08853773,0.035928145,0.15253496,0.092920355,0,0
81400,0,0.08493721,0.035928145,0.13496944,0.08955224,0,0
81401,0,0.070193864,0.035928145,0.16130678,0.092920355,0,0
81402,0,0.062271673,0.035928145,0.19646838,0.09982175,0,0
81403,0,0.055822853,0.027237354,0.117615096,0.078028746,0,0
81404,0,0.06379445,0.035928145,0.1833809,0.09982175,0,0
81405,0,0.075285725,0.035928145,0.23632422,0.10289389,0,0
81406,0,0.040846232,0.02248394,0.092679136,0.04532967,0,0
81407,0,0.034821108,0.02248394,0.09360273,0.04532967,0,0
81408,0,0.034248132,0.02248394,0.10039489,0.04532967,0,0
81409,0,0.04119759,0.02248394,0.12107787,0.078028746,0,0
81410,0,0.030555137,0.02248394,0.111141115,0.06716418,0,0
81411,0,0.035567045,0.02248394,0.120582856,0.078028746,0,0
81412,0,0.03441457,0.02248394,0.09980891,0.04532967,0,0
81413,0,0.051583014,0.027237354,0.20857117,0.09982175,0,0
81414,0,0.05147968,0.027237354,0.31328136,0.11621621,0,0
81415,0,0.06328278,0.035928145,0.19027042,0.09982175,0,0
81416,0,0.03528165,0.02248394,0.08119035,0.04532967,0,0
81417,0,0.042395774,0.02248394,0.15435515,0.092920355,0,0
81418,0,0.07982463,0.035928145,0.29233855,0.11621621,0,0
81419,0,0.09706603,0.057771664,0.34446186,0.11621621,0,0
81420,0,0.11465254,0.057771664,0.27646634,0.11621621,0,0
81421,0,0.09248461,0.057771664,0.31504446,0.11621621,0,0
81422,0,0.074355036,0.035928145,0.36568457,0.11621621,0,0
81423,0,0.09016582,0.05263158,0.2993796,0.11621621,0,0
81424,0,0.05829936,0.035928145,0.349182,0.11621621,0,0
81425,0,0.07898284,0.035928145,0.23793577,0.10289389,0,0
81426,0,0.1310257,0.057771664,0.37686148,0.11621621,0,0
81427,0,0.06220106,0.035928145,0.4004296,0.11621621,0,0
81428,0,0.106905386,0.057771664,0.40313154,0.11621621,0,0
81429,0,0.10770468,0.057771664,0.4173059,0.11621621,0,0
81430,0,0.06853655,0.035928145,0.43780312,0.11621621,0,0
81431,0,0.10323931,0.057771664,0.28262058,0.11621621,0,0
81432,0,0.07953264,0.035928145,0.3467081,0.11621621,0,0
81433,0,0.106205724,0.057771664,0.34429297,0.11621621,0,0
81434,0,0.06139893,0.035928145,0.37663576,0.11621621,0,0
81435,0,0.12959604,0.057771664,0.28868937,0.11621621,0,0
81436,0,0.13585098,0.06153846,0.3822113,0.11621621,0,0
81437,0,0.07973944,0.035928145,0.40217605,0.11621621,0,0
81438,0,0.13356918,0.06153846,0.52508944,0.11621621,0,0
81439,0,0.07685723,0.035928145,0.31898096,0.11621621,0,0
81440,0,0.072245,0.035928145,0.37356305,0.11621621,0,0
81441,0,0.08351359,0.035928145,0.303321,0.11621621,0,0
81442,0,0.061271496,0.035928145,0.3820747,0.11621621,0,0
81443,0,0.0690236,0.035928145,0.33647424,0.11621621,0,0
81444,0,0.0866044,0.035928145,0.49492764,0.11621621,0,0
81445,0,0.047701202,0.02248394,0.38230428,0.11621621,0,0
81446,0,0.060073104,0.035928145,0.41593695,0.11621621,0,0
81447,0,0.056887634,0.035928145,0.47135115,0.11621621,0,0
81448,0,0.082641706,0.035928145,0.3562624,0.11621621,0,0
81449,0,0.085446544,0.035928145,0.19589709,0.09982175,0,0
81450,0,0.073687725,0.035928145,0.22006305,0.10289389,0,0
81451,0,0.064639516,0.035928145,0.2756458,0.11621621,0,0
81452,0,0.08307686,0.035928145,0.3276137,0.11621621,0,0
81453,0,0.08424518,0.035928145,0.3489635,0.11621621,0,0
81454,0,0.09853739,0.057771664,0.32914084,0.11621621,0,0
81455,0,0.08560764,0.035928145,0.28989428,0.11621621,0,0
81456,0,0.07359577,0.035928145,0.27985674,0.11621621,0,0
81457,0,0.10708323,0.057771664,0.3694552,0.11621621,0,0
81458,0,0.10069805,0.057771664,0.40394744,0.11621621,0,0
81459,0,0.09626969,0.057771664,0.3909823,0.11621621,0,0
81460,0,0.11742506,0.057771664,0.5042925,0.11621621,0,0
81461,0,0.08351056,0.035928145,0.3380441,0.11621621,0,0
81462,0,0.081052504,0.035928145,0.32960445,0.11621621,0,0
81463,0,0.09335981,0.057771664,0.3215086,0.11621621,0,0
81464,0,0.094316244,0.057771664,0.45842123,0.11621621,0,0
81465,0,0.13702582,0.06153846,0.39684597,0.11621621,0,0
81466,0,0.091050565,0.057771664,0.504588,0.11621621,0,0
81467,0,0.107777804,0.057771664,0.44731244,0.11621621,0,0
81468,0,0.09366321,0.057771664,0.53641474,0.11621621,0,0
81469,0,0.10721511,0.057771664,0.49867314,0.11621621,0,0
81470,0,0.0886558,0.035928145,0.481069,0.11621621,0,0
81471,0,0.07288105,0.035928145,0.33221006,0.11621621,0,0
81472,1,0.09024746,0.05263158,0.35549456,0.11621621,0,0
81473,0,0.33227998,0.37096775,0.56745297,0.11764706,0,0
81474,0,0.13600636,0.06153846,0.4026172,0.11621621,0,0
81475,0,0.18328913,0.17142858,0.42970747,0.11621621,0,0
81476,0,0.13814928,0.06153846,0.46904546,0.11621621,0,0
81477,0,0.106816076,0.057771664,0.45364553,0.11621621,0,0
81478,0,0.12062728,0.057771664,0.34620997,0.11621621,0,0
81479,0,0.13683991,0.06153846,0.7246926,0.11764706,0,0
81480,0,0.14637199,0.0952381,0.7719991,0.11764706,0,0
81481,0,0.17341541,0.1554054,0.647803,0.11764706,0,0
81482,0,0.14944413,0.125,0.6044838,0.11764706,0,0
81483,0,0.12550065,0.057771664,0.62513685,0.11764706,0,0
81484,0,0.11599231,0.057771664,0.62835354,0.11764706,0,0
81485,0,0.11243623,0.057771664,0.6779628,0.11764706,0,0
81486,1,0.12938067,0.057771664,0.69430304,0.11764706,0,0
81487,1,0.21832345,0.22222222,0.7003372,0.11764706,0,0
81488,0,0.31218845,0.37096775,0.577686,0.11764706,0,0
81489,0,0.13026027,0.057771664,0.5332011,0.11621621,0,0
81490,0,0.14569654,0.06153846,0.59852695,0.11764706,0,0
81491,0,0.115567826,0.057771664,0.6300109,0.11764706,0,0
81492,0,0.13490862,0.06153846,0.5035373,0.11621621,0,0
81493,0,0.122626,0.057771664,0.4482661,0.11621621,0,0
81494,0,0.10226766,0.057771664,0.56074595,0.11764706,0,0
81495,0,0.13915274,0.06153846,0.550984,0.11621621,0,0
81496,0,0.13585341,0.06153846,0.5697094,0.11764706,0,0
81497,0,0.09621291,0.057771664,0.4602618,0.11621621,0,0
81498,0,0.10775867,0.057771664,0.4911163,0.11621621,0,0
81499,0,0.13537104,0.06153846,0.47716504,0.11621621,0,0
81500,0,0.15346104,0.1554054,0.4569209,0.11621621,0,0
81501,0,0.12807712,0.057771664,0.50957036,0.11621621,0,0
81502,0,0.16506198,0.1554054,0.5307312,0.11621621,0,0
81503,0,0.10770646,0.057771664,0.44051337,0.11621621,0,0
81504,0,0.120806985,0.057771664,0.46643928,0.11621621,0,0
81505,0,0.11590884,0.057771664,0.49598464,0.11621621,0,0
81506,0,0.12755215,0.057771664,0.48450527,0.11621621,0,0
81507,0,0.13470651,0.06153846,0.47214395,0.11621621,0,0
81508,0,0.11951635,0.057771664,0.46998817,0.11621621,0,0
81509,0,0.130201,0.057771664,0.51717037,0.11621621,0,0
81510,0,0.12051803,0.057771664,0.48950535,0.11621621,0,0
81511,0,0.19456853,0.17333333,0.55814946,0.11764706,0,0
81512,0,0.10267563,0.057771664,0.5132756,0.11621621,0,0
81513,0,0.11527722,0.057771664,0.5084951,0.11621621,0,0
81514,0,0.09547219,0.057771664,0.47226366,0.11621621,0,0
81515,0,0.09188002,0.057771664,0.4852728,0.11621621,0,0
81516,0,0.07323186,0.035928145,0.31387678,0.11621621,0,0
81517,0,0.057548206,0.035928145,0.44403452,0.11621621,0,0
81518,0,0.04425652,0.02248394,0.41010767,0.11621621,0,0
81519,0,0.061005425,0.035928145,0.42608386,0.11621621,0,0
81520,0,0.105851375,0.057771664,0.5720985,0.11764706,0,0
81521,0,0.060575377,0.035928145,0.5556878,0.11764706,0,0
81522,0,0.1176549,0.057771664,0.5163486,0.11621621,0,0
81523,0,0.08084755,0.035928145,0.4200625,0.11621621,0,0
81524,0,0.09023452,0.05263158,0.35285217,0.11621621,0,0
81525,0,0.10780746,0.057771664,0.37584412,0.11621621,0,0
81526,0,0.09142955,0.057771664,0.26070455,0.10289389,0,0
81527,0,0.08733457,0.035928145,0.29468364,0.11621621,0,0
81528,0,0.13707659,0.06153846,0.3499902,0.11621621,0,0
81529,0,0.10720638,0.057771664,0.2587033,0.10289389,0,0
81530,0,0.1133859,0.057771664,0.32738703,0.11621621,0,0
81531,0,0.14429785,0.06153846,0.30426523,0.11621621,0,0
81532,0,0.11920838,0.057771664,0.33833715,0.11621621,0,0
81533,0,0.13513777,0.06153846,0.4089043,0.11621621,0,0
81534,0,0.21495458,0.17333333,0.4112895,0.11621621,0,0
81535,0,0.16006619,0.1554054,0.48654094,0.11621621,0,0
81536,0,0.12493045,0.057771664,0.5251681,0.11621621,0,0
81537,0,0.089185305,0.05263158,0.38978168,0.11621621,0,0
81538,0,0.106242076,0.057771664,0.36848778,0.11621621,0,0
81539,0,0.08239427,0.035928145,0.42093912,0.11621621,0,0
81540,0,0.1428548,0.06153846,0.50784963,0.11621621,0,0
81541,0,0.08713983,0.035928145,0.39737564,0.11621621,0,0
81542,0,0.12303614,0.057771664,0.5350932,0.11621621,0,0
81543,0,0.13306093,0.06153846,0.4229473,0.11621621,0,0
81544,0,0.10059172,0.057771664,0.39201373,0.11621621,0,0
81545,0,0.10740447,0.057771664,0.43641815,0.11621621,0,0
81546,0,0.08801114,0.035928145,0.39284074,0.11621621,0,0
81547,0,0.14611638,0.08138103,0.44897974,0.11621621,0,0
81548,0,0.087769836,0.035928145,0.3865308,0.11621621,0,0
81549,0,0.090359494,0.05263158,0.27904424,0.11621621,0,0
81550,0,0.09431345,0.057771664,0.3276402,0.11621621,0,0
81551,0,0.12827446,0.057771664,0.33978206,0.11621621,0,0
81552,0,0.09516273,0.057771664,0.31473097,0.11621621,0,0
81553,0,0.08408825,0.035928145,0.3110717,0.11621621,0,0
81554,0,0.0874451,0.035928145,0.39330518,0.11621621,0,0
81555,0,0.11809581,0.057771664,0.47344846,0.11621621,0,0
81556,0,0.13390954,0.06153846,0.44329575,0.11621621,0,0
81557,0,0.1339806,0.06153846,0.49936363,0.11621621,0,0
81558,0,0.1559703,0.1554054,0.44438314,0.11621621,0,0
81559,0,0.15048559,0.125,0.48480713,0.11621621,0,0
81560,0,0.14499457,0.06153846,0.55917066,0.11764706,0,0
81561,0,0.13646945,0.06153846,0.4874112,0.11621621,0,0
81562,0,0.107229,0.057771664,0.4100978,0.11621621,0,0
81563,0,0.10830612,0.057771664,0.3708237,0.11621621,0,0
81564,0,0.0924322,0.057771664,0.40773958,0.11621621,0,0
81565,0,0.105007485,0.057771664,0.35855675,0.11621621,0,0
81566,0,0.10470795,0.057771664,0.40331623,0.11621621,0,0
81567,0,0.13368705,0.06153846,0.42478094,0.11621621,0,0
81568,0,0.13530894,0.06153846,0.47813714,0.11621621,0,0
81569,0,0.082985714,0.035928145,0.40730196,0.11621621,0,0
81570,0,0.1482931,0.0952381,0.44679195,0.11621621,0,0
81571,0,0.092796475,0.057771664,0.41811785,0.11621621,0,0
81572,0,0.08963594,0.05263158,0.40854502,0.11621621,0,0
81573,0,0.13561931,0.06153846,0.5262417,0.11621621,0,0
81574,0,0.09017011,0.05263158,0.48355523,0.11621621,0,0
81575,0,0.10714712,0.057771664,0.40158594,0.11621621,0,0
81576,0,0.084861584,0.035928145,0.35426903,0.11621621,0,0
81577,0,0.092037804,0.057771664,0.39598763,0.11621621,0,0
81578,0,0.09078655,0.057771664,0.4026646,0.11621621,0,0
81579,0,0.10275994,0.057771664,0.46325138,0.11621621,0,0
81580,0,0.09498786,0.057771664,0.42546907,0.11621621,0,0
81581,0,0.067372695,0.035928145,0.39835694,0.11621621,0,0
81582,0,0.085284166,0.035928145,0.41553003,0.11621621,0,0
81583,0,0.09952125,0.057771664,0.45344925,0.11621621,0,0
81584,0,0.10913283,0.057771664,0.50092906,0.11621621,0,0
81585,0,0.105851986,0.057771664,0.3712213,0.11621621,0,0
81586,0,0.12339513,0.057771664,0.41888455,0.11621621,0,0
81587,0,0.13257551,0.06153846,0.4066488,0.11621621,0,0
81588,0,0.12940803,0.057771664,0.3775066,0.11621621,0,0
81589,0,0.12102548,0.057771664,0.39051592,0.11621621,0,0
81590,0,0.14143671,0.06153846,0.33258945,0.11621621,0,0
81591,0,0.12009698,0.057771664,0.3763745,0.11621621,0,0
81592,0,0.16253601,0.1554054,0.4213843,0.11621621,0,0
81593,0,0.07711083,0.035928145,0.27888077,0.11621621,0,0
81594,0,0.068145156,0.035928145,0.32323492,0.11621621,0,0
81595,0,0.08222388,0.035928145,0.29323602,0.11621621,0,0
81596,0,0.09504979,0.057771664,0.26897377,0.11621621,0,0
81597,0,0.0911839,0.057771664,0.2488756,0.10289389,0,0
81598,0,0.084038414,0.035928145,0.24895155,0.10289389,0,0
81599,0,0.10097771,0.057771664,0.29158878,0.11621621,0,0
81600,0,0.08185047,0.035928145,0.25736037,0.10289389,0,0
81601,0,0.12270469,0.057771664,0.26198974,0.10289389,0,0
81602,0,0.13404179,0.06153846,0.2585377,0.10289389,0,0
81603,0,0.12569383,0.057771664,0.22993237,0.10289389,0,0
81604,0,0.15644458,0.1554054,0.30620524,0.11621621,0,0
81605,0,0.12449824,0.057771664,0.27511418,0.11621621,0,0
81606,0,0.110778935,0.057771664,0.23487659,0.10289389,0,0
81607,0,0.10806999,0.057771664,0.33484444,0.11621621,0,0
81608,0,0.09906094,0.057771664,0.2719105,0.11621621,0,0
81609,0,0.09771687,0.057771664,0.33065698,0.11621621,0,0
81610,0,0.13540882,0.06153846,0.31336015,0.11621621,0,0
81611,0,0.09054233,0.05263158,0.3032719,0.11621621,0,0
81612,0,0.0913367,0.057771664,0.32941866,0.11621621,0,0
81613,0,0.10754221,0.057771664,0.33802018,0.11621621,0,0
81614,0,0.09115047,0.057771664,0.34057778,0.11621621,0,0
81615,0,0.10825902,0.057771664,0.3920666,0.11621621,0,0
81616,0,0.09262977,0.057771664,0.2792238,0.11621621,0,0
81617,0,0.08764477,0.035928145,0.29555732,0.11621621,0,0
81618,0,0.07441988,0.035928145,0.2342069,0.10289389,0,0
81619,0,0.120322205,0.057771664,0.2720219,0.11621621,0,0
81620,0,0.0861119,0.035928145,0.25167242,0.10289389,0,0
81621,0,0.11962777,0.057771664,0.33170933,0.11621621,0,0
81622,0,0.077176034,0.035928145,0.25204518,0.10289389,0,0
81623,0,0.10119164,0.057771664,0.36099723,0.11621621,0,0
81624,0,0.07736204,0.035928145,0.4205146,0.11621621,0,0
81625,0,0.11543155,0.057771664,0.54092795,0.11621621,0,0
81626,0,0.09780846,0.057771664,0.44038582,0.11621621,0,0
81627,0,0.10083002,0.057771664,0.50515026,0.11621621,0,0
81628,0,0.098206386,0.057771664,0.4251839,0.11621621,0,0
81629,0,0.07525483,0.035928145,0.36179093,0.11621621,0,0
81630,0,0.07689364,0.035928145,0.36513144,0.11621621,0,0
81631,0,0.09659064,0.057771664,0.2570146,0.10289389,0,0
81632,0,0.102980256,0.057771664,0.31197342,0.11621621,0,0
81633,0,0.096537165,0.057771664,0.36181572,0.11621621,0,0
81634,0,0.09576848,0.057771664,0.29713023,0.11621621,0,0
81635,0,0.1316823,0.057771664,0.42908815,0.11621621,0,0
81636,0,0.12607862,0.057771664,0.40435165,0.11621621,0,0
81637,0,0.13358909,0.06153846,0.35057682,0.11621621,0,0
81638,0,0.105274975,0.057771664,0.3671713,0.11621621,0,0
81639,1,0.09736012,0.057771664,0.34813732,0.11621621,0,0
81640,0,0.3011996,0.37096775,0.38035262,0.11621621,0,0
81641,1,0.1789137,0.17142858,0.39225373,0.11621621,0,0
81642,0,0.37467155,0.62068963,0.31847888,0.11621621,0,0
81643,0,0.25086415,0.37096775,0.3385757,0.11621621,0,0
81644,0,0.1823493,0.17142858,0.2491991,0.10289389,0,0
81645,0,0.20577459,0.17333333,0.37241992,0.11621621,0,0
81646,0,0.19119734,0.17333333,0.3184061,0.11621621,0,0
81647,0,0.17151943,0.1554054,0.26665613,0.10289389,0,0
81648,0,0.167484,0.1554054,0.25792167,0.10289389,0,0
81649,0,0.16896977,0.1554054,0.25247818,0.10289389,0,0
81650,0,0.12939858,0.057771664,0.23830244,0.10289389,0,0
81651,0,0.12563087,0.057771664,0.28595272,0.11621621,0,0
81652,0,0.17124183,0.1554054,0.3409447,0.11621621,0,0
81653,0,0.12975915,0.057771664,0.22956525,0.10289389,0,0
81654,0,0.091960125,0.057771664,0.22568654,0.10289389,0,0
81655,0,0.1104121,0.057771664,0.2518479,0.10289389,0,0
81656,0,0.12116461,0.057771664,0.39596373,0.11621621,0,0
81657,0,0.084722646,0.035928145,0.26766798,0.11621621,0,0
81658,0,0.08705392,0.035928145,0.35770932,0.11621621,0,0
81659,0,0.08683949,0.035928145,0.3373586,0.11621621,0,0
81660,0,0.083406866,0.035928145,0.33028787,0.11621621,0,0
81661,0,0.114548735,0.057771664,0.398158,0.11621621,0,0
81662,0,0.107294254,0.057771664,0.31075016,0.11621621,0,0
81663,0,0.13200338,0.06153846,0.31000942,0.11621621,0,0
81664,0,0.15245008,0.1554054,0.38794422,0.11621621,0,0
81665,0,0.14855759,0.0952381,0.2770901,0.11621621,0,0
81666,0,0.12637305,0.057771664,0.31138885,0.11621621,0,0
81667,0,0.07073481,0.035928145,0.2667131,0.10289389,0,0
81668,0,0.19562893,0.17333333,0.3844001,0.11621621,0,0
81669,0,0.12703511,0.057771664,0.35719153,0.11621621,0,0
81670,0,0.13547759,0.06153846,0.37424985,0.11621621,0,0
81671,0,0.10435029,0.057771664,0.30458647,0.11621621,0,0
81672,0,0.07581118,0.035928145,0.28203836,0.11621621,0,0
81673,0,0.0854309,0.035928145,0.2692492,0.11621621,0,0
81674,0,0.083025746,0.035928145,0.35012278,0.11621621,0,0
81675,0,0.10058117,0.057771664,0.26090923,0.10289389,0,0
81676,0,0.1118388,0.057771664,0.27152336,0.11621621,0,0
81677,0,0.109729744,0.057771664,0.302275,0.11621621,0,0
81678,0,0.08964393,0.05263158,0.3334512,0.11621621,0,0
81679,0,0.09577081,0.057771664,0.2675844,0.11621621,0,0
81680,0,0.1674917,0.1554054,0.34913272,0.11621621,0,0
81681,0,0.16297968,0.1554054,0.4361885,0.11621621,0,0
81682,0,0.109864295,0.057771664,0.3670278,0.11621621,0,0
81683,0,0.099067904,0.057771664,0.3298036,0.11621621,0,0
81684,0,0.12228551,0.057771664,0.32628244,0.11621621,0,0
81685,0,0.1049732,0.057771664,0.31235048,0.11621621,0,0
81686,0,0.121925965,0.057771664,0.34071445,0.11621621,0,0
81687,0,0.113181606,0.057771664,0.33379474,0.11621621,0,0
81688,0,0.19134103,0.17333333,0.3598073,0.11621621,0,0
81689,0,0.17267191,0.1554054,0.33408272,0.11621621,0,0
81690,0,0.1363077,0.06153846,0.25306147,0.10289389,0,0
81691,0,0.16187814,0.1554054,0.34785885,0.11621621,0,0
81692,0,0.12304489,0.057771664,0.32031557,0.11621621,0,0
81693,0,0.12166826,0.057771664,0.26306358,0.10289389,0,0
81694,0,0.16621442,0.1554054,0.3043607,0.11621621,0,0
81695,0,0.12161814,0.057771664,0.23494115,0.10289389,0,0
81696,0,0.069570616,0.035928145,0.23356983,0.10289389,0,0
81697,0,0.092401445,0.057771664,0.2035026,0.09982175,0,0
81698,0,0.104965776,0.057771664,0.2291732,0.10289389,0,0
81699,0,0.090649426,0.057771664,0.21840583,0.10289389,0,0
81700,0,0.08090098,0.035928145,0.22826342,0.10289389,0,0
81701,0,0.036528345,0.02248394,0.17363058,0.09982175,0,0
81702,0,0.053773906,0.027237354,0.28459546,0.11621621,0,0
81703,0,0.040416207,0.02248394,0.17555262,0.09982175,0,0
81704,0,0.035780128,0.02248394,0.18835898,0.09982175,0,0
81705,0,0.044972718,0.02248394,0.2139032,0.09982175,0,0
81706,0,0.057010356,0.035928145,0.2852176,0.11621621,0,0
81707,0,0.03967982,0.02248394,0.17398162,0.09982175,0,0
81708,0,0.058035634,0.035928145,0.12212958,0.078028746,0,0
81709,0,0.06596492,0.035928145,0.16315348,0.09982175,0,0
81710,0,0.055117134,0.027237354,0.14471366,0.092920355,0,0
81711,0,0.06642686,0.035928145,0.14367437,0.092920355,0,0
81712,0,0.044127624,0.02248394,0.19977355,0.09982175,0,0
81713,0,0.07997249,0.035928145,0.22845468,0.10289389,0,0
81714,0,0.046365913,0.02248394,0.17764972,0.09982175,0,0
81715,0,0.05846512,0.035928145,0.24688914,0.10289389,0,0
81716,0,0.06420089,0.035928145,0.27661058,0.11621621,0,0
81717,0,0.0659171,0.035928145,0.30900022,0.11621621,0,0
81718,0,0.0549376,0.027237354,0.24480833,0.10289389,0,0
81719,0,0.04969481,0.02248394,0.2459867,0.10289389,0,0
81720,0,0.04642251,0.02248394,0.16317302,0.09982175,0,0
81721,0,0.04436651,0.02248394,0.2372526,0.10289389,0,0
81722,0,0.0387941,0.02248394,0.23602101,0.10289389,0,0
81723,0,0.051729128,0.027237354,0.28849027,0.11621621,0,0
81724,0,0.05836628,0.035928145,0.22744454,0.10289389,0,0
81725,0,0.042405516,0.02248394,0.18545592,0.09982175,0,0
81726,0,0.04371052,0.02248394,0.21751983,0.10289389,0,0
81727,0,0.054587215,0.027237354,0.19304222,0.09982175,0,0
81728,0,0.06656897,0.035928145,0.2643424,0.10289389,0,0
81729,0,0.06967339,0.035928145,0.2255591,0.10289389,0,0
81730,0,0.08961792,0.05263158,0.20701613,0.09982175,0,0
81731,0,0.058251563,0.035928145,0.15937306,0.092920355,0,0
81732,0,0.054705493,0.027237354,0.13662706,0.08955224,0,0
81733,0,0.06043614,0.035928145,0.2219062,0.10289389,0,0
81734,0,0.057299573,0.035928145,0.19696319,0.09982175,0,0
81735,0,0.0948738,0.057771664,0.27674767,0.11621621,0,0
81736,0,0.058783337,0.035928145,0.1863368,0.09982175,0,0
81737,0,0.06904507,0.035928145,0.2242094,0.10289389,0,0
81738,0,0.06084624,0.035928145,0.21071865,0.09982175,0,0
81739,0,0.058916245,0.035928145,0.27028108,0.11621621,0,0
81740,0,0.04788934,0.02248394,0.22125834,0.10289389,0,0
81741,0,0.051909566,0.027237354,0.22553495,0.10289389,0,0
81742,0,0.057375737,0.035928145,0.21027023,0.09982175,0,0
81743,0,0.052136306,0.027237354,0.18270986,0.09982175,0,0
81744,0,0.027237738,0.004761905,0.18734677,0.09982175,0,0
81745,0,0.04785488,0.02248394,0.1285874,0.078028746,0,0
81746,0,0.05417362,0.027237354,0.26086223,0.10289389,0,0
81747,0,0.03468342,0.02248394,0.22510795,0.10289389,0,0
81748,0,0.052446347,0.027237354,0.19175048,0.09982175,0,0
81749,0,0.040971532,0.02248394,0.25761586,0.10289389,0,0
81750,0,0.056192897,0.027237354,0.18738672,0.09982175,0,0
81751,0,0.07685745,0.035928145,0.21805085,0.10289389,0,0
81752,0,0.066488095,0.035928145,0.18500605,0.09982175,0,0
81753,0,0.06237111,0.035928145,0.1869827,0.09982175,0,0
81754,0,0.092705265,0.057771664,0.17405483,0.09982175,0,0
81755,0,0.13303132,0.06153846,0.20375986,0.09982175,0,0
81756,0,0.061881896,0.035928145,0.19413476,0.09982175,0,0
81757,0,0.108968176,0.057771664,0.17526439,0.09982175,0,0
81758,0,0.10369196,0.057771664,0.18592949,0.09982175,0,0
81759,0,0.11970502,0.057771664,0.19776838,0.09982175,0,0
81760,0,0.16336666,0.1554054,0.22597377,0.10289389,0,0
81761,0,0.12637676,0.057771664,0.19486547,0.09982175,0,0
81762,0,0.10317225,0.057771664,0.245082,0.10289389,0,0
81763,0,0.08794138,0.035928145,0.21890515,0.10289389,0,0
81764,0,0.080526456,0.035928145,0.15729691,0.092920355,0,0
81765,0,0.07536017,0.035928145,0.24558112,0.10289389,0,0
81766,0,0.07443313,0.035928145,0.28007275,0.11621621,0,0
81767,0,0.04923736,0.02248394,0.13552932,0.08955224,0,0
81768,0,0.082919694,0.035928145,0.17336933,0.09982175,0,0
81769,0,0.06322059,0.035928145,0.17047764,0.09982175,0,0
81770,0,0.07275054,0.035928145,0.104107164,0.05050505,0,0
81771,0,0.10557416,0.057771664,0.21891129,0.10289389,0,0
81772,0,0.0940992,0.057771664,0.18641333,0.09982175,0,0
81773,0,0.053847834,0.027237354,0.13694677,0.08955224,0,0
81774,0,0.054970946,0.027237354,0.21977939,0.10289389,0,0
81775,0,0.114289574,0.057771664,0.2762217,0.11621621,0,0
81776,0,0.10883266,0.057771664,0.24068904,0.10289389,0,0
81777,0,0.09595573,0.057771664,0.22489597,0.10289389,0,0
81778,0,0.08766388,0.035928145,0.1408226,0.092920355,0,0
81779,0,0.069033176,0.035928145,0.1893637,0.09982175,0,0
81780,0,0.088774495,0.035928145,0.25491357,0.10289389,0,0
81781,0,0.099775106,0.057771664,0.21262614,0.09982175,0,0
81782,0,0.1062553,0.057771664,0.30291495,0.11621621,0,0
81783,0,0.053015158,0.027237354,0.20892045,0.09982175,0,0
81784,0,0.06659451,0.035928145,0.14794914,0.092920355,0,0
81785,0,0.05083886,0.02248394,0.1160437,0.078028746,0,0
81786,0,0.12795255,0.057771664,0.20887037,0.09982175,0,0
81787,0,0.07742774,0.035928145,0.24415354,0.10289389,0,0
81788,0,0.057609558,0.035928145,0.19235097,0.09982175,0,0
81789,0,0.06305676,0.035928145,0.24951415,0.10289389,0,0
81790,0,0.051786676,0.027237354,0.25054187,0.10289389,0,0
81791,0,0.0648602,0.035928145,0.17326263,0.09982175,0,0
81792,0,0.062386494,0.035928145,0.18925859,0.09982175,0,0
81793,0,0.07036734,0.035928145,0.22948627,0.10289389,0,0
81794,0,0.08076504,0.035928145,0.23140563,0.10289389,0,0
81795,0,0.06780241,0.035928145,0.25253752,0.10289389,0,0
81796,0,0.046677776,0.02248394,0.19220838,0.09982175,0,0
81797,0,0.06532395,0.035928145,0.22551282,0.10289389,0,0
81798,0,0.08829554,0.035928145,0.2796147,0.11621621,0,0
81799,0,0.075271055,0.035928145,0.3603449,0.11621621,0,0
81800,0,0.06575988,0.035928145,0.35845834,0.11621621,0,0
81801,0,0.080977954,0.035928145,0.30292216,0.11621621,0,0
81802,0,0.074493326,0.035928145,0.28400913,0.11621621,0,0
81803,0,0.06551028,0.035928145,0.29545587,0.11621621,0,0
81804,0,0.06548297,0.035928145,0.24353993,0.10289389,0,0
81805,0,0.08082988,0.035928145,0.313376,0.11621621,0,0
81806,0,0.07930076,0.035928145,0.31235722,0.11621621,0,0
81807,0,0.12895809,0.057771664,0.42192492,0.11621621,0,0
81808,0,0.05824829,0.035928145,0.18071608,0.09982175,0,0
81809,0,0.05994939,0.035928145,0.20427965,0.09982175,0,0
81810,0,0.081244946,0.035928145,0.35581905,0.11621621,0,0
81811,0,0.11381989,0.057771664,0.3488391,0.11621621,0,0
81812,0,0.11228366,0.057771664,0.2557861,0.10289389,0,0
81813,0,0.08677055,0.035928145,0.26003602,0.10289389,0,0
81814,0,0.067772046,0.035928145,0.4027089,0.11621621,0,0
81815,0,0.103414595,0.057771664,0.42102727,0.11621621,0,0
81816,0,0.10420489,0.057771664,0.28056085,0.11621621,0,0
81817,0,0.11260903,0.057771664,0.1719844,0.09982175,0,0
81818,0,0.09080717,0.057771664,0.22451803,0.10289389,0,0
81819,0,0.07799086,0.035928145,0.20015149,0.09982175,0,0
81820,0,0.08081967,0.035928145,0.13554154,0.08955224,0,0
81821,0,0.113605715,0.057771664,0.13700482,0.08955224,0,0
81822,0,0.090860665,0.057771664,0.19045211,0.09982175,0,0
81823,0,0.108385034,0.057771664,0.2020007,0.09982175,0,0
81824,0,0.09552701,0.057771664,0.15630935,0.092920355,0,0
81825,0,0.11787416,0.057771664,0.22038968,0.10289389,0,0
81826,0,0.06778842,0.035928145,0.117431216,0.078028746,0,0
81827,0,0.09462764,0.057771664,0.24455428,0.10289389,0,0
81828,0,0.07496378,0.035928145,0.21284543,0.09982175,0,0
81829,0,0.09097534,0.057771664,0.21012212,0.09982175,0,0
81830,0,0.084692165,0.035928145,0.17524117,0.09982175,0,0
81831,0,0.080209784,0.035928145,0.24343885,0.10289389,0,0
81832,0,0.09170081,0.057771664,0.26936263,0.11621621,0,0
81833,0,0.106879435,0.057771664,0.3305491,0.11621621,0,0
81834,0,0.08530273,0.035928145,0.23011266,0.10289389,0,0
81835,0,0.08913725,0.040304877,0.33552042,0.11621621,0,0
81836,0,0.08780862,0.035928145,0.29167873,0.11621621,0,0
81837,0,0.0848666,0.035928145,0.2533459,0.10289389,0,0
81838,0,0.08021784,0.035928145,0.25372535,0.10289389,0,0
81839,0,0.06350676,0.035928145,0.22331837,0.10289389,0,0
81840,0,0.09981507,0.057771664,0.23637664,0.10289389,0,0
81841,0,0.06614015,0.035928145,0.23431945,0.10289389,0,0
81842,0,0.09259391,0.057771664,0.38309267,0.11621621,0,0
81843,0,0.07676129,0.035928145,0.30616462,0.11621621,0,0
81844,0,0.08146026,0.035928145,0.28837654,0.11621621,0,0
81845,0,0.06242996,0.035928145,0.2188506,0.10289389,0,0
81846,0,0.07789807,0.035928145,0.2820492,0.11621621,0,0
81847,0,0.08180199,0.035928145,0.16436289,0.09982175,0,0
81848,0,0.07689711,0.035928145,0.3092464,0.11621621,0,0
81849,0,0.08141856,0.035928145,0.32823783,0.11621621,0,0
81850,0,0.080227785,0.035928145,0.4576124,0.11621621,0,0
81851,0,0.07060129,0.035928145,0.31754068,0.11621621,0,0
81852,0,0.09820581,0.057771664,0.31362203,0.11621621,0,0
81853,0,0.085094735,0.035928145,0.38152048,0.11621621,0,0
81854,0,0.067722805,0.035928145,0.30996954,0.11621621,0,0
81855,0,0.046981025,0.02248394,0.2491666,0.10289389,0,0
81856,0,0.08619037,0.035928145,0.36103594,0.11621621,0,0
81857,0,0.068017185,0.035928145,0.20981587,0.09982175,0,0
81858,0,0.043237746,0.02248394,0.2911113,0.11621621,0,0
81859,0,0.05116997,0.027237354,0.33824533,0.11621621,0,0
81860,0,0.053706605,0.027237354,0.27149278,0.11621621,0,0
81861,0,0.098054014,0.057771664,0.31661415,0.11621621,0,0
81862,0,0.075736806,0.035928145,0.20059492,0.09982175,0,0
81863,0,0.058803968,0.035928145,0.27680567,0.11621621,0,0
81864,0,0.12129374,0.057771664,0.22319666,0.10289389,0,0
81865,0,0.08313219,0.035928145,0.2729818,0.11621621,0,0
81866,0,0.08082935,0.035928145,0.30338457,0.11621621,0,0
81867,0,0.06695398,0.035928145,0.24692506,0.10289389,0,0
81868,0,0.07294642,0.035928145,0.26810557,0.11621621,0,0
81869,0,0.07630585,0.035928145,0.224768,0.10289389,0,0
81870,0,0.10357628,0.057771664,0.31439286,0.11621621,0,0
81871,0,0.05359814,0.027237354,0.2924002,0.11621621,0,0
81872,0,0.09579147,0.057771664,0.2786477,0.11621621,0,0
81873,0,0.06959534,0.035928145,0.2870635,0.11621621,0,0
81874,0,0.076033294,0.035928145,0.35213992,0.11621621,0,0
81875,0,0.07159423,0.035928145,0.2743021,0.11621621,0,0
81876,0,0.085316196,0.035928145,0.3045492,0.11621621,0,0
81877,0,0.053710148,0.027237354,0.17424262,0.09982175,0,0
81878,0,0.07150955,0.035928145,0.2660635,0.10289389,0,0
81879,0,0.08903097,0.035928145,0.2996553,0.11621621,0,0
81880,0,0.052200783,0.027237354,0.20535192,0.09982175,0,0
81881,0,0.08814692,0.035928145,0.32015055,0.11621621,0,0
81882,0,0.10549485,0.057771664,0.35048273,0.11621621,0,0
81883,0,0.05681118,0.03448276,0.21591365,0.10289389,0,0
81884,0,0.09331802,0.057771664,0.37022978,0.11621621,0,0
81885,0,0.06310561,0.035928145,0.3072679,0.11621621,0,0
81886,0,0.07373077,0.035928145,0.27615446,0.11621621,0,0
81887,0,0.1088689,0.057771664,0.33880243,0.11621621,0,0
81888,0,0.082109645,0.035928145,0.31284058,0.11621621,0,0
81889,0,0.064318806,0.035928145,0.30198517,0.11621621,0,0
81890,0,0.11020164,0.057771664,0.24892928,0.10289389,0,0
81891,0,0.048047762,0.02248394,0.18793517,0.09982175,0,0
81892,0,0.057966366,0.035928145,0.3587507,0.11621621,0,0
81893,0,0.06478665,0.035928145,0.23671837,0.10289389,0,0
81894,0,0.14439736,0.06153846,0.25511423,0.10289389,0,0
81895,0,0.08326921,0.035928145,0.24933651,0.10289389,0,0
81896,1,0.065064095,0.035928145,0.18093689,0.09982175,0,0
81897,0,0.120528124,0.057771664,0.39247534,0.11621621,0,0
81898,0,0.11601574,0.057771664,0.23928766,0.10289389,0,0
81899,0,0.07593845,0.035928145,0.08357093,0.04532967,0,0
81900,0,0.097715184,0.057771664,0.18716966,0.09982175,0,0
81901,0,0.12969317,0.057771664,0.35749403,0.11621621,0,0
81902,0,0.16345777,0.1554054,0.37646177,0.11621621,0,0
81903,0,0.12807162,0.057771664,0.31652412,0.11621621,0,0
81904,0,0.10866326,0.057771664,0.226185,0.10289389,0,0
81905,0,0.097738214,0.057771664,0.21626745,0.10289389,0,0
81906,0,0.08211527,0.035928145,0.22222644,0.10289389,0,0
81907,0,0.105682634,0.057771664,0.24965405,0.10289389,0,0
81908,0,0.076276034,0.035928145,0.31662428,0.11621621,0,0
81909,0,0.09576374,0.057771664,0.30997896,0.11621621,0,0
81910,0,0.095517576,0.057771664,0.37814778,0.11621621,0,0
81911,0,0.09663307,0.057771664,0.28665012,0.11621621,0,0
81912,0,0.08964497,0.05263158,0.27722362,0.11621621,0,0
81913,0,0.10560951,0.057771664,0.28195277,0.11621621,0,0
81914,0,0.09156128,0.057771664,0.33946288,0.11621621,0,0
81915,0,0.12888911,0.057771664,0.3352119,0.11621621,0,0
81916,0,0.10863176,0.057771664,0.36044693,0.11621621,0,0
81917,0,0.10159277,0.057771664,0.3944017,0.11621621,0,0
81918,0,0.10443932,0.057771664,0.3655306,0.11621621,0,0
81919,0,0.12748346,0.057771664,0.35196587,0.11621621,0,0
81920,0,0.09296116,0.057771664,0.31602532,0.11621621,0,0
81921,0,0.12196878,0.057771664,0.34541723,0.11621621,0,0
81922,0,0.1540569,0.1554054,0.41435823,0.11621621,0,0
81923,0,0.12810278,0.057771664,0.2722356,0.11621621,0,0
81924,0,0.1020581,0.057771664,0.2351279,0.10289389,0,0
81925,0,0.11595444,0.057771664,0.3145176,0.11621621,0,0
81926,0,0.11078593,0.057771664,0.27553666,0.11621621,0,0
81927,0,0.09023802,0.05263158,0.3983038,0.11621621,0,0
81928,0,0.11392612,0.057771664,0.3764493,0.11621621,0,0
81929,0,0.09374699,0.057771664,0.4697476,0.11621621,0,0
81930,0,0.09660706,0.057771664,0.5028313,0.11621621,0,0
81931,0,0.09424514,0.057771664,0.484271,0.11621621,0,0
81932,0,0.11623683,0.057771664,0.4336128,0.11621621,0,0
81933,0,0.10653284,0.057771664,0.46762353,0.11621621,0,0
81934,0,0.08288509,0.035928145,0.46514338,0.11621621,0,0
81935,0,0.11995314,0.057771664,0.48546258,0.11621621,0,0
81936,0,0.07456998,0.035928145,0.4437797,0.11621621,0,0
81937,0,0.097124,0.057771664,0.42735964,0.11621621,0,0
81938,0,0.12196737,0.057771664,0.43096358,0.11621621,0,0
81939,0,0.10472973,0.057771664,0.40645668,0.11621621,0,0
81940,0,0.10962172,0.057771664,0.37119424,0.11621621,0,0
81941,0,0.10266122,0.057771664,0.38490298,0.11621621,0,0
81942,0,0.078822754,0.035928145,0.40775007,0.11621621,0,0
81943,0,0.08774694,0.035928145,0.3952122,0.11621621,0,0
81944,0,0.06700532,0.035928145,0.4261851,0.11621621,0,0
81945,0,0.095649235,0.057771664,0.45482546,0.11621621,0,0
81946,0,0.09476882,0.057771664,0.4978127,0.11621621,0,0
81947,0,0.062486436,0.035928145,0.41267306,0.11621621,0,0
81948,0,0.06010682,0.035928145,0.37144083,0.11621621,0,0
81949,0,0.06382709,0.035928145,0.3811094,0.11621621,0,0
81950,0,0.06666663,0.035928145,0.3086009,0.11621621,0,0
81951,0,0.119517975,0.057771664,0.3678914,0.11621621,0,0
81952,0,0.071166106,0.035928145,0.28625375,0.11621621,0,0
81953,0,0.07813643,0.035928145,0.417388,0.11621621,0,0
81954,0,0.069183305,0.035928145,0.2383895,0.10289389,0,0
81955,0,0.053385485,0.027237354,0.32201245,0.11621621,0,0
81956,0,0.067927405,0.035928145,0.31108356,0.11621621,0,0
81957,0,0.04604735,0.02248394,0.30086312,0.11621621,0,0
81958,0,0.06738377,0.035928145,0.32723275,0.11621621,0,0
81959,0,0.07398284,0.035928145,0.3732324,0.11621621,0,0
81960,0,0.05381422,0.027237354,0.16209748,0.092920355,0,0
81961,0,0.080696605,0.035928145,0.20141685,0.09982175,0,0
81962,0,0.092969954,0.057771664,0.36608925,0.11621621,0,0
81963,0,0.059131492,0.035928145,0.24876009,0.10289389,0,0
81964,0,0.061307557,0.035928145,0.21754475,0.10289389,0,0
81965,0,0.05560323,0.027237354,0.38623407,0.11621621,0,0
81966,0,0.062263265,0.035928145,0.31788617,0.11621621,0,0
81967,0,0.04082492,0.02248394,0.26251072,0.10289389,0,0
81968,0,0.092633136,0.057771664,0.28891745,0.11621621,0,0
81969,0,0.06644429,0.035928145,0.31768346,0.11621621,0,0
81970,0,0.051823743,0.027237354,0.21677661,0.10289389,0,0
81971,0,0.087199114,0.035928145,0.331461,0.11621621,0,0
81972,0,0.08973437,0.05263158,0.4238348,0.11621621,0,0
81973,0,0.107994474,0.057771664,0.33132786,0.11621621,0,0
81974,0,0.113811575,0.057771664,0.3390546,0.11621621,0,0
81975,0,0.08707613,0.035928145,0.31295863,0.11621621,0,0
81976,0,0.109898776,0.057771664,0.4245396,0.11621621,0,0
81977,0,0.09662535,0.057771664,0.38061076,0.11621621,0,0
81978,0,0.09962201,0.057771664,0.26977882,0.11621621,0,0
81979,0,0.11507759,0.057771664,0.23943272,0.10289389,0,0
81980,0,0.09995638,0.057771664,0.28839633,0.11621621,0,0
81981,0,0.10687318,0.057771664,0.25981566,0.10289389,0,0
81982,0,0.115278624,0.057771664,0.3647636,0.11621621,0,0
81983,0,0.09910733,0.057771664,0.3507146,0.11621621,0,0
81984,1,0.07564101,0.035928145,0.2533339,0.10289389,0,0
81985,0,0.14690752,0.0952381,0.29274815,0.11621621,0,0
81986,0,0.082957104,0.035928145,0.46934623,0.11621621,0,0
81987,0,0.057237625,0.035928145,0.31376615,0.11621621,0,0
81988,0,0.08662469,0.035928145,0.352463,0.11621621,0,0
81989,0,0.045937497,0.02248394,0.17808118,0.09982175,0,0
81990,0,0.05705291,0.035928145,0.21865071,0.10289389,0,0
81991,0,0.0685028,0.035928145,0.28261694,0.11621621,0,0
81992,0,0.0613256,0.035928145,0.25701454,0.10289389,0,0
81993,0,0.0924684,0.057771664,0.28099465,0.11621621,0,0
81994,0,0.077784315,0.035928145,0.28270108,0.11621621,0,0
81995,0,0.07549563,0.035928145,0.28897992,0.11621621,0,0
81996,0,0.11366894,0.057771664,0.2636264,0.10289389,0,0
81997,0,0.12457859,0.057771664,0.27269953,0.11621621,0,0
81998,0,0.09801207,0.057771664,0.25960147,0.10289389,0,0
81999,0,0.11542471,0.057771664,0.20764033,0.09982175,0,0
82000,0,0.06856492,0.035928145,0.16868658,0.09982175,0,0
82001,0,0.07787751,0.035928145,0.27930978,0.11621621,0,0
82002,0,0.1098912,0.057771664,0.3334584,0.11621621,0,0
82003,0,0.104243495,0.057771664,0.3947281,0.11621621,0,0
82004,0,0.08501581,0.035928145,0.4187495,0.11621621,0,0
82005,0,0.08746122,0.035928145,0.33386564,0.11621621,0,0
82006,0,0.086157046,0.035928145,0.33071592,0.11621621,0,0
82007,0,0.08710566,0.035928145,0.35861674,0.11621621,0,0
82008,0,0.07234336,0.035928145,0.35992172,0.11621621,0,0
82009,0,0.07897334,0.035928145,0.3999305,0.11621621,0,0
82010,0,0.07177767,0.035928145,0.3822083,0.11621621,0,0
82011,0,0.09430101,0.057771664,0.36031944,0.11621621,0,0
82012,0,0.087138884,0.035928145,0.27753326,0.11621621,0,0
82013,0,0.10678034,0.057771664,0.26065427,0.10289389,0,0
82014,0,0.077479646,0.035928145,0.23386264,0.10289389,0,0
82015,0,0.1201897,0.057771664,0.33225217,0.11621621,0,0
82016,0,0.07622236,0.035928145,0.2887422,0.11621621,0,0
82017,0,0.06470567,0.035928145,0.23551619,0.10289389,0,0
82018,0,0.07864553,0.035928145,0.27325737,0.11621621,0,0
82019,0,0.056433145,0.03448276,0.26927468,0.11621621,0,0
82020,0,0.094418,0.057771664,0.26016328,0.10289389,0,0
82021,0,0.05771666,0.035928145,0.1983914,0.09982175,0,0
82022,0,0.061394893,0.035928145,0.26781562,0.11621621,0,0
82023,0,0.07590553,0.035928145,0.2944702,0.11621621,0,0
82024,0,0.061021775,0.035928145,0.23608558,0.10289389,0,0
82025,0,0.115416296,0.057771664,0.23376593,0.10289389,0,0
82026,0,0.07574784,0.035928145,0.22341001,0.10289389,0,0
82027,0,0.069637544,0.035928145,0.11075416,0.06716418,0,0
82028,0,0.07285019,0.035928145,0.120579645,0.078028746,0,0
82029,0,0.07611462,0.035928145,0.18013877,0.09982175,0,0
82030,0,0.09562386,0.057771664,0.1640653,0.09982175,0,0
82031,0,0.094353534,0.057771664,0.13686888,0.08955224,0,0
82032,0,0.07076241,0.035928145,0.12057052,0.078028746,0,0
82033,0,0.073305085,0.035928145,0.13073504,0.078028746,0,0
82034,0,0.072710395,0.035928145,0.1683541,0.09982175,0,0
82035,0,0.10792096,0.057771664,0.18227527,0.09982175,0,0
82036,0,0.07823282,0.035928145,0.1735253,0.09982175,0,0
82037,0,0.06983121,0.035928145,0.17090888,0.09982175,0,0
82038,0,0.08890949,0.035928145,0.21780063,0.10289389,0,0
82039,0,0.087689586,0.035928145,0.18112378,0.09982175,0,0
82040,0,0.058734756,0.035928145,0.16106452,0.092920355,0,0
82041,0,0.07366142,0.035928145,0.16775917,0.09982175,0,0
82042,0,0.08134008,0.035928145,0.1656656,0.09982175,0,0
82043,0,0.08529001,0.035928145,0.1535527,0.092920355,0,0
82044,0,0.092820615,0.057771664,0.16007051,0.092920355,0,0
82045,0,0.09422028,0.057771664,0.15504232,0.092920355,0,0
82046,0,0.07629155,0.035928145,0.14302081,0.092920355,0,0
82047,0,0.07078907,0.035928145,0.13521482,0.08955224,0,0
82048,0,0.05509889,0.027237354,0.11783683,0.078028746,0,0
82049,0,0.06904672,0.035928145,0.10927704,0.06716418,0,0
82050,0,0.069210365,0.035928145,0.10995551,0.06716418,0,0
82051,0,0.08362437,0.035928145,0.20288558,0.09982175,0,0
82052,0,0.062170833,0.035928145,0.11620713,0.078028746,0,0
82053,0,0.097082876,0.057771664,0.1902797,0.09982175,0,0
82054,0,0.090569496,0.05263158,0.17913759,0.09982175,0,0
82055,1,0.089849554,0.05263158,0.3114878,0.11621621,0,0
82056,0,0.11987821,0.057771664,0.17293301,0.09982175,0,0
82057,0,0.09829908,0.057771664,0.26432693,0.10289389,0,0
82058,0,0.08741077,0.035928145,0.20536555,0.09982175,0,0
82059,0,0.0500129,0.02248394,0.16700236,0.09982175,0,0
82060,0,0.06560212,0.035928145,0.11827772,0.078028746,0,0
82061,0,0.031262122,0.02248394,0.16485888,0.09982175,0,0
82062,0,0.03849075,0.02248394,0.17324947,0.09982175,0,0
82063,0,0.041303914,0.02248394,0.17169912,0.09982175,0,0
82064,0,0.049233384,0.02248394,0.15161307,0.092920355,0,0
82065,0,0.054460205,0.027237354,0.16254003,0.092920355,0,0
82066,0,0.045529466,0.02248394,0.13338938,0.078028746,0,0
82067,0,0.035860587,0.02248394,0.15306653,0.092920355,0,0
82068,0,0.05209282,0.027237354,0.15438692,0.092920355,0,0
82069,0,0.04878246,0.02248394,0.16399238,0.09982175,0,0
82070,0,0.08760311,0.035928145,0.21462566,0.09982175,0,0
82071,0,0.12009507,0.057771664,0.16422668,0.09982175,0,0
82072,0,0.09324422,0.057771664,0.21791719,0.10289389,0,0
82073,0,0.09011612,0.05263158,0.20129025,0.09982175,0,0
82074,0,0.08805693,0.035928145,0.17247885,0.09982175,0,0
82075,0,0.13030024,0.057771664,0.15288004,0.092920355,0,0
82076,0,0.09718798,0.057771664,0.15414326,0.092920355,0,0
82077,0,0.14071941,0.06153846,0.19376677,0.09982175,0,0
82078,0,0.10893294,0.057771664,0.12737629,0.078028746,0,0
82079,0,0.10119847,0.057771664,0.12032787,0.078028746,0,0
82080,0,0.105127476,0.057771664,0.14173354,0.092920355,0,0
82081,0,0.08583198,0.035928145,0.1567924,0.092920355,0,0
82082,0,0.06313226,0.035928145,0.1289125,0.078028746,0,0
82083,0,0.06604443,0.035928145,0.0765459,0.04532967,0,0
82084,0,0.057528716,0.035928145,0.08338782,0.04532967,0,0
82085,0,0.06105684,0.035928145,0.10978728,0.06716418,0,0
82086,0,0.06685912,0.035928145,0.09382772,0.04532967,0,0
82087,0,0.040571038,0.02248394,0.10773581,0.06716418,0,0
82088,0,0.08414905,0.035928145,0.106438085,0.05050505,0,0
82089,0,0.065306984,0.035928145,0.10946599,0.06716418,0,0
82090,0,0.06847688,0.035928145,0.0953874,0.04532967,0,0
82091,0,0.05302798,0.027237354,0.06718278,0.025263159,0,0
82092,0,0.056808602,0.03448276,0.058141854,0.025263159,0,0
82093,0,0.06360954,0.035928145,0.13046119,0.078028746,0,0
82094,0,0.06983209,0.035928145,0.1066985,0.05050505,0,0
82095,0,0.06763267,0.035928145,0.114871375,0.078028746,0,0
82096,0,0.083166376,0.035928145,0.09533665,0.04532967,0,0
82097,1,0.06988143,0.035928145,0.09636682,0.04532967,0,0
82098,0,0.29536054,0.37096775,0.11951834,0.078028746,0,0
82099,0,0.15177748,0.1554054,0.09002348,0.04532967,0,0
82100,0,0.09941643,0.057771664,0.09260763,0.04532967,0,0
82101,0,0.08622086,0.035928145,0.088508084,0.04532967,0,0
82102,0,0.114716925,0.057771664,0.100021586,0.04532967,0,0
82103,0,0.08526497,0.035928145,0.13872756,0.092920355,0,0
82104,0,0.08047343,0.035928145,0.09574229,0.04532967,0,0
82105,0,0.054458734,0.027237354,0.0866668,0.04532967,0,0
82106,0,0.055530816,0.027237354,0.06959917,0.025263159,0,0
82107,0,0.047412205,0.02248394,0.06156947,0.025263159,0,0
82108,0,0.08512487,0.035928145,0.09096093,0.04532967,0,0
82109,0,0.08068597,0.035928145,0.07528478,0.04532967,0,0
82110,0,0.051467586,0.027237354,0.06445919,0.025263159,0,0
82111,0,0.060728632,0.035928145,0.0580143,0.025263159,0,0
82112,0,0.059762936,0.035928145,0.09748973,0.04532967,0,0
82113,0,0.08378526,0.035928145,0.1244581,0.078028746,0,0
82114,1,0.053545687,0.027237354,0.06797603,0.025263159,0,0
82115,0,0.06263113,0.035928145,0.07422218,0.04532967,0,0
82116,0,0.048540305,0.02248394,0.11080997,0.06716418,0,0
82117,0,0.06735084,0.035928145,0.07659357,0.04532967,0,0
82118,0,0.0653349,0.035928145,0.104310915,0.05050505,0,0
82119,0,0.078674436,0.035928145,0.09813154,0.04532967,0,0
82120,0,0.051537707,0.027237354,0.11367218,0.078028746,0,0
82121,0,0.0818176,0.035928145,0.16598703,0.09982175,0,0
82122,0,0.059449837,0.035928145,0.11292647,0.06716418,0,0
82123,0,0.061964784,0.035928145,0.0978144,0.04532967,0,0
82124,0,0.06921148,0.035928145,0.090112895,0.04532967,0,0
82125,0,0.06501071,0.035928145,0.10260937,0.04532967,0,0
82126,0,0.0653434,0.035928145,0.08411663,0.04532967,0,0
82127,0,0.060990337,0.035928145,0.085979894,0.04532967,0,0
82128,0,0.052085984,0.027237354,0.12910731,0.078028746,0,0
82129,0,0.06765382,0.035928145,0.09162789,0.04532967,0,0
82130,0,0.05386397,0.027237354,0.08902656,0.04532967,0,0
82131,0,0.045277182,0.02248394,0.093653426,0.04532967,0,0
82132,0,0.051473964,0.027237354,0.07540868,0.04532967,0,0
82133,0,0.060914148,0.035928145,0.14694607,0.092920355,0,0
82134,0,0.063449234,0.035928145,0.09803803,0.04532967,0,0
82135,0,0.05449043,0.027237354,0.06861144,0.025263159,0,0
82136,0,0.04586884,0.02248394,0.067497104,0.025263159,0,0
82137,0,0.040809706,0.02248394,0.057655685,0.025263159,0,0
82138,0,0.054849207,0.027237354,0.078088135,0.04532967,0,0
82139,0,0.058030598,0.035928145,0.041606918,0.017391304,0,0
82140,0,0.060299397,0.035928145,0.049151,0.017391304,0,0
82141,0,0.05254244,0.027237354,0.06178902,0.025263159,0,0
82142,0,0.04853851,0.02248394,0.058924496,0.025263159,0,0
82143,0,0.061103962,0.035928145,0.056224898,0.025263159,0,0
82144,0,0.035621274,0.02248394,0.05438117,0.025263159,0,0
82145,0,0.09154793,0.057771664,0.14767018,0.092920355,0,0
82146,0,0.0794499,0.035928145,0.1106858,0.06716418,0,0
82147,0,0.06923009,0.035928145,0.14205983,0.092920355,0,0
82148,0,0.102685384,0.057771664,0.19036315,0.09982175,0,0
82149,0,0.07988575,0.035928145,0.19664557,0.09982175,0,0
82150,0,0.075297564,0.035928145,0.16253893,0.092920355,0,0
82151,0,0.08850495,0.035928145,0.15886267,0.092920355,0,0
82152,0,0.091498785,0.057771664,0.135751,0.08955224,0,0
82153,0,0.09400825,0.057771664,0.103306964,0.05050505,0,0
82154,0,0.092591785,0.057771664,0.10248663,0.04532967,0,0
82155,0,0.11658204,0.057771664,0.13534093,0.08955224,0,0
82156,0,0.089167394,0.05263158,0.14870378,0.092920355,0,0
82157,0,0.09298609,0.057771664,0.12625527,0.078028746,0,0
82158,0,0.09009581,0.05263158,0.103917904,0.05050505,0,0
82159,0,0.11018731,0.057771664,0.11070489,0.06716418,0,0
82160,0,0.06367576,0.035928145,0.10941315,0.06716418,0,0
82161,0,0.08453946,0.035928145,0.08556233,0.04532967,0,0
82162,0,0.07016365,0.035928145,0.110700235,0.06716418,0,0
82163,0,0.064334795,0.035928145,0.09979839,0.04532967,0,0
82164,0,0.065748595,0.035928145,0.089591876,0.04532967,0,0
82165,0,0.061064478,0.035928145,0.09590142,0.04532967,0,0
82166,0,0.059418574,0.035928145,0.087567575,0.04532967,0,0
82167,0,0.0416859,0.02248394,0.087672174,0.04532967,0,0
82168,0,0.048504606,0.02248394,0.08606922,0.04532967,0,0
82169,0,0.038519055,0.02248394,0.074847765,0.04532967,0,0
82170,0,0.043803975,0.02248394,0.054205403,0.025263159,0,0
82171,0,0.031664353,0.02248394,0.04899617,0.017391304,0,0
82172,0,0.03934127,0.02248394,0.05809979,0.025263159,0,0
82173,0,0.0425071,0.02248394,0.1149709,0.078028746,0,0
82174,0,0.06234636,0.035928145,0.10804079,0.06716418,0,0
82175,0,0.058626678,0.035928145,0.13548447,0.08955224,0,0
82176,0,0.044281747,0.02248394,0.14245653,0.092920355,0,0
82177,0,0.061618626,0.035928145,0.11838808,0.078028746,0,0
82178,0,0.055475175,0.027237354,0.20335668,0.09982175,0,0
82179,0,0.0456395,0.02248394,0.10721805,0.06716418,0,0
82180,0,0.05474717,0.027237354,0.16895904,0.09982175,0,0
82181,0,0.045274884,0.02248394,0.11965572,0.078028746,0,0
82182,0,0.050408464,0.02248394,0.08177651,0.04532967,0,0
82183,0,0.055817507,0.027237354,0.08499196,0.04532967,0,0
82184,0,0.038622458,0.02248394,0.10477585,0.05050505,0,0
82185,0,0.024502998,0.004761905,0.06799624,0.025263159,0,0
82186,0,0.032427203,0.02248394,0.0636878,0.025263159,0,0
82187,0,0.033188574,0.02248394,0.05792812,0.025263159,0,0
82188,0,0.02738024,0.004761905,0.08601566,0.04532967,0,0
82189,0,0.026235675,0.004761905,0.0812285,0.04532967,0,0
82190,0,0.023598025,0.0017482517,0.08299812,0.04532967,0,0
82191,0,0.029548086,0.02248394,0.088951975,0.04532967,0,0
82192,0,0.02518165,0.004761905,0.09855624,0.04532967,0,0
82193,0,0.027239393,0.004761905,0.09384283,0.04532967,0,0
82194,0,0.03151703,0.02248394,0.08497288,0.04532967,0,0
82195,0,0.02573065,0.004761905,0.12966178,0.078028746,0,0
82196,0,0.033584297,0.02248394,0.08384308,0.04532967,0,0
82197,0,0.022533221,0.0017482517,0.046117462,0.017391304,0,0
82198,0,0.024476908,0.004761905,0.0522501,0.017391304,0,0
82199,0,0.020844476,0.0017482517,0.07347837,0.025263159,0,0
82200,0,0.017626991,0.0017482517,0.0685322,0.025263159,0,0
82201,0,0.023460384,0.0017482517,0.08156141,0.04532967,0,0
82202,0,0.023635091,0.0017482517,0.050963037,0.017391304,0,0
82203,0,0.038049854,0.02248394,0.10608868,0.05050505,0,0
82204,0,0.05286435,0.027237354,0.19446054,0.09982175,0,0
82205,0,0.043796655,0.02248394,0.10814288,0.06716418,0,0
82206,0,0.057825778,0.035928145,0.09260835,0.04532967,0,0
82207,0,0.045061585,0.02248394,0.07070506,0.025263159,0,0
82208,0,0.04882175,0.02248394,0.085660696,0.04532967,0,0
82209,0,0.035436742,0.02248394,0.096933246,0.04532967,0,0
82210,0,0.04603761,0.02248394,0.12786397,0.078028746,0,0
82211,0,0.04274189,0.02248394,0.0964858,0.04532967,0,0
82212,0,0.04313012,0.02248394,0.17728226,0.09982175,0,0
82213,0,0.044280402,0.02248394,0.09861071,0.04532967,0,0
82214,0,0.04545423,0.02248394,0.1237231,0.078028746,0,0
82215,0,0.03799937,0.02248394,0.14377409,0.092920355,0,0
82216,0,0.03261492,0.02248394,0.10682893,0.05050505,0,0
82217,0,0.026938153,0.004761905,0.09774418,0.04532967,0,0
82218,0,0.02879474,0.0066382224,0.07916646,0.04532967,0,0
82219,0,0.03196371,0.02248394,0.08407496,0.04532967,0,0
82220,1,0.031059392,0.02248394,0.13873024,0.092920355,0,0
82221,0,0.08496082,0.035928145,0.14022541,0.092920355,0,0
82222,0,0.04951229,0.02248394,0.22434421,0.10289389,0,0
82223,0,0.06262072,0.035928145,0.142081,0.092920355,0,0
82224,0,0.04386641,0.02248394,0.10983072,0.06716418,0,0
82225,0,0.040676657,0.02248394,0.08279124,0.04532967,0,0
82226,0,0.05001057,0.02248394,0.11419069,0.078028746,0,0
82227,0,0.06420347,0.035928145,0.104304835,0.05050505,0,0
82228,0,0.05430878,0.027237354,0.09364269,0.04532967,0,0
82229,0,0.064365685,0.035928145,0.08483338,0.04532967,0,0
82230,0,0.06801563,0.035928145,0.08049628,0.04532967,0,0
82231,0,0.08291737,0.035928145,0.08215439,0.04532967,0,0
82232,0,0.057873014,0.035928145,0.11966576,0.078028746,0,0
82233,0,0.056064654,0.027237354,0.11601782,0.078028746,0,0
82234,0,0.06657292,0.035928145,0.10114265,0.04532967,0,0
82235,0,0.05586797,0.027237354,0.15763985,0.092920355,0,0
82236,0,0.04582633,0.02248394,0.09816557,0.04532967,0,0
82237,0,0.03964965,0.02248394,0.068551905,0.025263159,0,0
82238,0,0.03748094,0.02248394,0.06576162,0.025263159,0,0
82239,0,0.028031968,0.004761905,0.031123267,0.009259258,0,0
82240,0,0.041393932,0.02248394,0.057807934,0.025263159,0,0
82241,0,0.046566803,0.02248394,0.046314515,0.017391304,0,0
82242,0,0.03829189,0.02248394,0.036286436,0.009259258,0,0
82243,0,0.045345675,0.02248394,0.07790738,0.04532967,0,0
82244,0,0.029807376,0.02248394,0.046848852,0.017391304,0,0
82245,0,0.022469765,0.0017482517,0.04420315,0.017391304,0,0
82246,0,0.0154110305,0.0017482517,0.040655706,0.009259258,0,0
82247,0,0.024884254,0.004761905,0.04785897,0.017391304,0,0
82248,0,0.017033681,0.0017482517,0.031158686,0.009259258,0,0
82249,0,0.015803603,0.0017482517,0.019551694,0.0013605442,0,0
82250,0,0.020521155,0.0017482517,0.0259562,0.009259258,0,0
82251,0,0.018485667,0.0017482517,0.03114897,0.009259258,0,0
82252,0,0.018196387,0.0017482517,0.021624632,0.0013605442,0,0
82253,0,0.02056956,0.0017482517,0.034314033,0.009259258,0,0
82254,0,0.018792436,0.0017482517,0.02383306,0.009259258,0,0
82255,0,0.016811762,0.0017482517,0.019992704,0.0013605442,0,0
82256,0,0.014234819,0.0017482517,0.014048342,0.0013605442,0,0
82257,0,0.0137503175,0.0017482517,0.01576136,0.0013605442,0,0
82258,0,0.0313088,0.02248394,0.043383278,0.017391304,0,0
82259,0,0.033952184,0.02248394,0.0386266,0.009259258,0,0
82260,0,0.02386782,0.0017482517,0.019665293,0.0013605442,0,0
82261,0,0.032286096,0.02248394,0.02493862,0.009259258,0,0
82262,0,0.026457692,0.004761905,0.025013847,0.009259258,0,0
82263,0,0.027882783,0.004761905,0.021448802,0.0013605442,0,0
82264,0,0.022174021,0.0017482517,0.018820759,0.0013605442,0,0
82265,0,0.013088469,0.0017482517,0.017667372,0.0013605442,0,0
82266,0,0.015961466,0.0017482517,0.017833339,0.0013605442,0,0
82267,0,0.008934391,0.0017482517,0.010381159,0.0013605442,0,0
82268,0,0.012852926,0.0017482517,0.018390974,0.0013605442,0,0
82269,0,0.019400593,0.0017482517,0.029447393,0.009259258,0,0
82270,0,0.04085145,0.02248394,0.03767702,0.009259258,0,0
82271,0,0.033382777,0.02248394,0.021856613,0.0013605442,0,0
82272,0,0.027677936,0.004761905,0.021190833,0.0013605442,0,0
82273,0,0.035920914,0.02248394,0.033197097,0.009259258,0,0
82274,0,0.0321777,0.02248394,0.03308137,0.009259258,0,0
82275,0,0.02630713,0.004761905,0.024605624,0.009259258,0,0
82276,0,0.039444804,0.02248394,0.047939632,0.017391304,0,0
82277,0,0.041170843,0.02248394,0.063600115,0.025263159,0,0
82278,0,0.030505456,0.02248394,0.029373623,0.009259258,0,0
82279,0,0.019501392,0.0017482517,0.028689114,0.009259258,0,0
82280,0,0.017382024,0.0017482517,0.028146777,0.009259258,0,0
82281,0,0.015458682,0.0017482517,0.023953566,0.009259258,0,0
82282,0,0.016073482,0.0017482517,0.017149257,0.0013605442,0,0
82283,0,0.017842796,0.0017482517,0.018140553,0.0013605442,0,0
82284,0,0.015600817,0.0017482517,0.014057017,0.0013605442,0,0
82285,0,0.01181978,0.0017482517,0.021190166,0.0013605442,0,0
82286,0,0.014899355,0.0017482517,0.023542754,0.0013605442,0,0
82287,0,0.01781072,0.0017482517,0.022699205,0.0013605442,0,0
82288,0,0.02860394,0.004761905,0.04700064,0.017391304,0,0
82289,0,0.030258084,0.02248394,0.02343732,0.0013605442,0,0
82290,0,0.027723296,0.004761905,0.02670292,0.009259258,0,0
82291,0,0.025237978,0.004761905,0.024588477,0.009259258,0,0
82292,0,0.03691326,0.02248394,0.02239681,0.0013605442,0,0
82293,0,0.025066547,0.004761905,0.022062007,0.0013605442,0,0
82294,0,0.019391714,0.0017482517,0.03051393,0.009259258,0,0
82295,0,0.016801836,0.0017482517,0.021920228,0.0013605442,0,0
82296,0,0.021743966,0.0017482517,0.025039062,0.009259258,0,0
82297,0,0.014594979,0.0017482517,0.021446735,0.0013605442,0,0
82298,0,0.020619154,0.0017482517,0.05401519,0.025263159,0,0
82299,0,0.037359834,0.02248394,0.051257335,0.017391304,0,0
82300,0,0.047070272,0.02248394,0.04510148,0.017391304,0,0
82301,0,0.053469464,0.027237354,0.04943552,0.017391304,0,0
82302,0,0.07044342,0.035928145,0.06996762,0.025263159,0,0
82303,0,0.05018191,0.02248394,0.054385267,0.025263159,0,0
82304,0,0.055162776,0.027237354,0.057749383,0.025263159,0,0
82305,0,0.059070397,0.035928145,0.05279654,0.025263159,0,0
82306,0,0.043690585,0.02248394,0.05372734,0.025263159,0,0
82307,0,0.036127314,0.02248394,0.062784016,0.025263159,0,0
82308,0,0.033218253,0.02248394,0.07229876,0.025263159,0,0
82309,0,0.035179287,0.02248394,0.064703755,0.025263159,0,0
82310,0,0.038370356,0.02248394,0.07148437,0.025263159,0,0
82311,0,0.028701236,0.004761905,0.03952328,0.009259258,0,0
82312,0,0.032364447,0.02248394,0.06782497,0.025263159,0,0
82313,0,0.028151063,0.004761905,0.031101795,0.009259258,0,0
82314,0,0.03402649,0.02248394,0.030560529,0.009259258,0,0
82315,0,0.019271705,0.0017482517,0.04119666,0.009259258,0,0
82316,0,0.023293735,0.0017482517,0.04939874,0.017391304,0,0
82317,0,0.02252888,0.0017482517,0.033242628,0.009259258,0,0
82318,0,0.04170526,0.02248394,0.081689686,0.04532967,0,0
82319,0,0.0397431,0.02248394,0.10596954,0.05050505,0,0
82320,0,0.029975764,0.02248394,0.06711518,0.025263159,0,0
82321,0,0.022608645,0.0017482517,0.054367743,0.025263159,0,0
82322,0,0.016823731,0.0017482517,0.048623163,0.017391304,0,0
82323,0,0.018372377,0.0017482517,0.044434045,0.017391304,0,0
82324,0,0.013089491,0.0017482517,0.032090463,0.009259258,0,0
82325,0,0.012009896,0.0017482517,0.034988042,0.009259258,0,0
82326,0,0.009458843,0.0017482517,0.01717943,0.0013605442,0,0
82327,0,0.009874166,0.0017482517,0.012947331,0.0013605442,0,0
82328,0,0.009426895,0.0017482517,0.016084965,0.0013605442,0,0
82329,0,0.024264432,0.0017482517,0.029812215,0.009259258,0,0
82330,0,0.025654169,0.004761905,0.026868148,0.009259258,0,0
82331,0,0.021690082,0.0017482517,0.034495603,0.009259258,0,0
82332,0,0.028293027,0.004761905,0.023623478,0.0013605442,0,0
82333,0,0.021989523,0.0017482517,0.01872709,0.0013605442,0,0
82334,0,0.0153735615,0.0017482517,0.027374305,0.009259258,0,0
82335,0,0.013605687,0.0017482517,0.021699682,0.0013605442,0,0
82336,0,0.023527855,0.0017482517,0.028352885,0.009259258,0,0
82337,0,0.028337494,0.004761905,0.034397557,0.009259258,0,0
82338,0,0.023476547,0.0017482517,0.02740945,0.009259258,0,0
82339,0,0.022415401,0.0017482517,0.02685858,0.009259258,0,0
82340,0,0.027080141,0.004761905,0.023732645,0.009259258,0,0
82341,0,0.024043856,0.0017482517,0.023802416,0.009259258,0,0
82342,0,0.028748311,0.004761905,0.028446179,0.009259258,0,0
82343,0,0.033695742,0.02248394,0.027578978,0.009259258,0,0
82344,0,0.027928045,0.004761905,0.024103247,0.009259258,0,0
82345,0,0.027553584,0.004761905,0.025217172,0.009259258,0,0
82346,0,0.024754955,0.004761905,0.025329404,0.009259258,0,0
82347,0,0.02742106,0.004761905,0.0283925,0.009259258,0,0
82348,0,0.031197421,0.02248394,0.02250695,0.0013605442,0,0
82349,0,0.0245025,0.004761905,0.024349695,0.009259258,0,0
82350,0,0.020454086,0.0017482517,0.025304701,0.009259258,0,0
82351,0,0.016492296,0.0017482517,0.016132629,0.0013605442,0,0
82352,0,0.012203,0.0017482517,0.009931133,0.0013605442,0,0
82353,0,0.020720491,0.0017482517,0.01804842,0.0013605442,0,0
82354,0,0.02010917,0.0017482517,0.021273091,0.0013605442,0,0
82355,0,0.02056124,0.0017482517,0.019614374,0.0013605442,0,0
82356,0,0.020373687,0.0017482517,0.01798237,0.0013605442,0,0
82357,0,0.022486627,0.0017482517,0.011757691,0.0013605442,0,0
82358,0,0.019696075,0.0017482517,0.014536495,0.0013605442,0,0
82359,0,0.017758386,0.0017482517,0.011971805,0.0013605442,0,0
82360,0,0.012874828,0.0017482517,0.008810301,0.0,0,0
82361,0,0.011330867,0.0017482517,0.0074874307,0.0,0,0
82362,0,0.008702589,0.0017482517,0.0070672072,0.0,0,0
82363,0,0.007964421,0.0017482517,0.006674853,0.0,0,0
82364,0,0.009370969,0.0017482517,0.00669921,0.0,0,0
82365,0,0.007906368,0.0017482517,0.005708402,0.0,0,0
82366,0,0.009859869,0.0017482517,0.007100468,0.0,0,0
82367,0,0.010868955,0.0017482517,0.006582097,0.0,0,0
82368,0,0.010236503,0.0017482517,0.006376775,0.0,0,0
82369,0,0.008377795,0.0017482517,0.0063455896,0.0,0,0
82370,0,0.007137039,0.0017482517,0.0058470857,0.0,0,0
82371,0,0.0051780227,0.0017482517,0.003084186,0.0,0,0
82372,0,0.005186196,0.0017482517,0.0031962274,0.0,0,0
82373,0,0.005165864,0.0017482517,0.0031962274,0.0,0,0
82374,0,0.015786236,0.0017482517,0.013529348,0.0013605442,0,0
82375,0,0.019885695,0.0017482517,0.013557678,0.0013605442,0,0
82376,0,0.02488524,0.004761905,0.015841635,0.0013605442,0,0
82377,0,0.02998016,0.02248394,0.024976162,0.009259258,0,0
82378,0,0.043653302,0.02248394,0.027907435,0.009259258,0,0
82379,0,0.04019893,0.02248394,0.02505647,0.009259258,0,0
82380,0,0.05326995,0.027237354,0.03248095,0.009259258,0,0
82381,0,0.04919785,0.02248394,0.038520645,0.009259258,0,0
82382,0,0.054972198,0.027237354,0.03976333,0.009259258,0,0
82383,0,0.04228207,0.02248394,0.03405163,0.009259258,0,0
82384,0,0.045330033,0.02248394,0.030163513,0.009259258,0,0
82385,0,0.0429231,0.02248394,0.02522414,0.009259258,0,0
82386,0,0.04182115,0.02248394,0.03372904,0.009259258,0,0
82387,0,0.041834448,0.02248394,0.04886858,0.017391304,0,0
82388,0,0.031279985,0.02248394,0.036284655,0.009259258,0,0
82389,0,0.023927867,0.0017482517,0.023500916,0.0013605442,0,0
82390,0,0.025149101,0.004761905,0.033662587,0.009259258,0,0
82391,0,0.027407246,0.004761905,0.023383038,0.0013605442,0,0
82392,0,0.021075813,0.0017482517,0.03387848,0.009259258,0,0
82393,0,0.022757666,0.0017482517,0.025142666,0.009259258,0,0
82394,0,0.03168271,0.02248394,0.022198936,0.0013605442,0,0
82395,0,0.019186795,0.0017482517,0.029152863,0.009259258,0,0
82396,0,0.022460742,0.0017482517,0.027694315,0.009259258,0,0
82397,0,0.027875567,0.004761905,0.021591576,0.0013605442,0,0
82398,0,0.022022825,0.0017482517,0.024948819,0.009259258,0,0
82399,0,0.018081933,0.0017482517,0.02261921,0.0013605442,0,0
82400,0,0.011841604,0.0017482517,0.014352011,0.0013605442,0,0
82401,0,0.014127985,0.0017482517,0.0102383485,0.0013605442,0,0
82402,0,0.012152224,0.0017482517,0.013192929,0.0013605442,0,0
82403,0,0.008937393,0.0017482517,0.009255876,0.0013605442,0,0
82404,0,0.012961976,0.0017482517,0.011306075,0.0013605442,0,0
82405,0,0.014141414,0.0017482517,0.014219967,0.0013605442,0,0
82406,0,0.015120741,0.0017482517,0.013127101,0.0013605442,0,0
82407,0,0.010806647,0.0017482517,0.010542363,0.0013605442,0,0
82408,0,0.010969443,0.0017482517,0.010300393,0.0013605442,0,0
82409,0,0.012320836,0.0017482517,0.010201059,0.0013605442,0,0
82410,0,0.011733697,0.0017482517,0.008814287,0.0,0,0
82411,0,0.012484132,0.0017482517,0.013205692,0.0013605442,0,0
82412,0,0.011589614,0.0017482517,0.010846954,0.0013605442,0,0
82413,0,0.01174029,0.0017482517,0.010559054,0.0013605442,0,0
82414,0,0.012822717,0.0017482517,0.011365212,0.0013605442,0,0
82415,0,0.009698496,0.0017482517,0.00882065,0.0,0,0
82416,0,0.010190285,0.0017482517,0.009284012,0.0013605442,0,0
82417,0,0.010493457,0.0017482517,0.009316278,0.0013605442,0,0
82418,0,0.017735343,0.0017482517,0.024208905,0.009259258,0,0
82419,0,0.011493778,0.0017482517,0.016715664,0.0013605442,0,0
82420,0,0.011050675,0.0017482517,0.0064622345,0.0,0,0
82421,0,0.012898392,0.0017482517,0.01662882,0.0013605442,0,0
82422,0,0.0072971657,0.0017482517,0.009938412,0.0013605442,0,0
82423,0,0.0084299045,0.0017482517,0.008871833,0.0,0,0
82424,0,0.009568063,0.0017482517,0.008616244,0.0,0,0
82425,0,0.008333453,0.0017482517,0.007929744,0.0,0,0
82426,0,0.010132363,0.0017482517,0.0072430116,0.0,0,0
82427,0,0.012723476,0.0017482517,0.0073441477,0.0,0,0
82428,0,0.010934362,0.0017482517,0.0088929655,0.0013605442,0,0
82429,0,0.016794102,0.0017482517,0.015078583,0.0013605442,0,0
82430,0,0.015899958,0.0017482517,0.009215956,0.0013605442,0,0
82431,0,0.013872478,0.0017482517,0.009876115,0.0013605442,0,0
82432,0,0.009860782,0.0017482517,0.007230669,0.0,0,0
82433,0,0.011763432,0.0017482517,0.006898286,0.0,0,0
82434,0,0.012391409,0.0017482517,0.016403925,0.0013605442,0,0
82435,0,0.0130278645,0.0017482517,0.014487946,0.0013605442,0,0
82436,0,0.024375476,0.004761905,0.029787362,0.009259258,0,0
82437,0,0.024774607,0.004761905,0.014645945,0.0013605442,0,0
82438,0,0.01980805,0.0017482517,0.022222724,0.0013605442,0,0
82439,0,0.023092777,0.0017482517,0.024765482,0.009259258,0,0
82440,0,0.02793431,0.004761905,0.03383558,0.009259258,0,0
82441,0,0.027951777,0.004761905,0.02398382,0.009259258,0,0
82442,1,0.035606507,0.02248394,0.032251477,0.009259258,0,0
82443,0,0.11497305,0.057771664,0.026896918,0.009259258,0,0
82444,0,0.060812637,0.035928145,0.03732673,0.009259258,0,0
82445,0,0.0618633,0.035928145,0.036696587,0.009259258,0,0
82446,0,0.04008011,0.02248394,0.024630534,0.009259258,0,0
82447,0,0.03568896,0.02248394,0.018314384,0.0013605442,0,0
82448,0,0.027228821,0.004761905,0.013655068,0.0013605442,0,0
82449,0,0.053624585,0.027237354,0.07363585,0.025263159,0,0
82450,0,0.041215923,0.02248394,0.033130016,0.009259258,0,0
82451,0,0.052605323,0.027237354,0.036246765,0.009259258,0,0
82452,0,0.043862954,0.02248394,0.03488144,0.009259258,0,0
82453,0,0.059032243,0.035928145,0.044777732,0.017391304,0,0
82454,0,0.09092954,0.057771664,0.07001958,0.025263159,0,0
82455,0,0.11252641,0.057771664,0.08158992,0.04532967,0,0
82456,0,0.107189976,0.057771664,0.09323575,0.04532967,0,0
82457,0,0.1209151,0.057771664,0.08742119,0.04532967,0,0
82458,0,0.09965472,0.057771664,0.09109029,0.04532967,0,0
82459,0,0.08964568,0.05263158,0.099585705,0.04532967,0,0
82460,0,0.083567105,0.035928145,0.08535346,0.04532967,0,0
82461,0,0.08233297,0.035928145,0.07246055,0.025263159,0,0
82462,0,0.08694155,0.035928145,0.0755477,0.04532967,0,0
82463,0,0.04583812,0.02248394,0.05978935,0.025263159,0,0
82464,0,0.03316021,0.02248394,0.044809368,0.017391304,0,0
82465,0,0.035849154,0.02248394,0.04035731,0.009259258,0,0
82466,0,0.045116473,0.02248394,0.06767921,0.025263159,0,0
82467,0,0.019272909,0.0017482517,0.03126998,0.009259258,0,0
82468,0,0.018864417,0.0017482517,0.03145616,0.009259258,0,0
82469,0,0.017741583,0.0017482517,0.026842605,0.009259258,0,0
82470,0,0.020463794,0.0017482517,0.031957448,0.009259258,0,0
82471,0,0.015120307,0.0017482517,0.021650761,0.0013605442,0,0
82472,0,0.015484052,0.0017482517,0.024937905,0.009259258,0,0
82473,0,0.014824335,0.0017482517,0.022879725,0.0013605442,0,0
82474,0,0.0121670235,0.0017482517,0.022721404,0.0013605442,0,0
82475,0,0.0133207785,0.0017482517,0.021774929,0.0013605442,0,0
82476,0,0.011409579,0.0017482517,0.020625718,0.0013605442,0,0
82477,0,0.01545285,0.0017482517,0.01884271,0.0013605442,0,0
82478,0,0.010890256,0.0017482517,0.01788992,0.0013605442,0,0
82479,0,0.011749139,0.0017482517,0.016378779,0.0013605442,0,0
82480,0,0.018827232,0.0017482517,0.020330131,0.0013605442,0,0
82481,0,0.01439195,0.0017482517,0.0249108,0.009259258,0,0
82482,0,0.015781777,0.0017482517,0.026850535,0.009259258,0,0
82483,0,0.014388129,0.0017482517,0.019468382,0.0013605442,0,0
82484,0,0.011137074,0.0017482517,0.017683947,0.0013605442,0,0
82485,0,0.0149035845,0.0017482517,0.03623085,0.009259258,0,0
82486,0,0.0155447135,0.0017482517,0.02178427,0.0013605442,0,0
82487,0,0.01822411,0.0017482517,0.0313028,0.009259258,0,0
82488,0,0.013101928,0.0017482517,0.02353747,0.0013605442,0,0
82489,0,0.013845908,0.0017482517,0.03173533,0.009259258,0,0
82490,0,0.013599006,0.0017482517,0.022458868,0.0013605442,0,0
82491,0,0.010736565,0.0017482517,0.022976257,0.0013605442,0,0
82492,0,0.014687656,0.0017482517,0.026212778,0.009259258,0,0
82493,0,0.0129609285,0.0017482517,0.021929193,0.0013605442,0,0
82494,0,0.014902835,0.0017482517,0.019134564,0.0013605442,0,0
82495,0,0.0152380355,0.0017482517,0.02417207,0.009259258,0,0
82496,0,0.0198694,0.0017482517,0.026023151,0.009259258,0,0
82497,0,0.03420054,0.02248394,0.04254997,0.017391304,0,0
82498,0,0.030291619,0.02248394,0.06616291,0.025263159,0,0
82499,0,0.027557304,0.004761905,0.09499333,0.04532967,0,0
82500,0,0.027126918,0.004761905,0.044201903,0.017391304,0,0
82501,0,0.021522501,0.0017482517,0.04571898,0.017391304,0,0
82502,0,0.019199029,0.0017482517,0.034716118,0.009259258,0,0
82503,0,0.019476863,0.0017482517,0.038898047,0.009259258,0,0
82504,0,0.017670667,0.0017482517,0.03297235,0.009259258,0,0
82505,0,0.011227699,0.0017482517,0.02453221,0.009259258,0,0
82506,0,0.009575047,0.0017482517,0.016939702,0.0013605442,0,0
82507,0,0.011368289,0.0017482517,0.019800771,0.0013605442,0,0
82508,0,0.011766221,0.0017482517,0.023073668,0.0013605442,0,0
82509,0,0.020026136,0.0017482517,0.016263891,0.0013605442,0,0
82510,0,0.015944818,0.0017482517,0.025522,0.009259258,0,0
82511,0,0.012566256,0.0017482517,0.018678822,0.0013605442,0,0
82512,0,0.018583702,0.0017482517,0.017077673,0.0013605442,0,0
82513,0,0.011373498,0.0017482517,0.02153123,0.0013605442,0,0
82514,0,0.015269387,0.0017482517,0.021091003,0.0013605442,0,0
82515,0,0.0120475,0.0017482517,0.019000018,0.0013605442,0,0
82516,0,0.017655442,0.0017482517,0.017349046,0.0013605442,0,0
82517,0,0.011797528,0.0017482517,0.020717839,0.0013605442,0,0
82518,0,0.015680287,0.0017482517,0.015949637,0.0013605442,0,0
82519,1,0.012649117,0.0017482517,0.016183373,0.0013605442,0,0
82520,0,0.038340885,0.02248394,0.016676405,0.0013605442,0,0
82521,0,0.019723319,0.0017482517,0.017237624,0.0013605442,0,0
82522,0,0.026563184,0.004761905,0.022026286,0.0013605442,0,0
82523,0,0.019141845,0.0017482517,0.013821001,0.0013605442,0,0
82524,0,0.016555142,0.0017482517,0.013325355,0.0013605442,0,0
82525,0,0.012841999,0.0017482517,0.019927839,0.0013605442,0,0
82526,0,0.015133315,0.0017482517,0.01482272,0.0013605442,0,0
82527,0,0.030156843,0.02248394,0.01686338,0.0013605442,0,0
82528,0,0.027028399,0.004761905,0.018248549,0.0013605442,0,0
82529,0,0.03685584,0.02248394,0.025108896,0.009259258,0,0
82530,0,0.05380076,0.027237354,0.03456683,0.009259258,0,0
82531,0,0.056456927,0.03448276,0.027923785,0.009259258,0,0
82532,0,0.047027886,0.02248394,0.024913112,0.009259258,0,0
82533,0,0.042703353,0.02248394,0.026046263,0.009259258,0,0
82534,0,0.054758694,0.027237354,0.026977936,0.009259258,0,0
82535,0,0.030223878,0.02248394,0.02886566,0.009259258,0,0
82536,0,0.03434115,0.02248394,0.02598588,0.009259258,0,0
82537,0,0.03553679,0.02248394,0.020683572,0.0013605442,0,0
82538,0,0.040894922,0.02248394,0.040528953,0.009259258,0,0
82539,0,0.043787573,0.02248394,0.055908624,0.025263159,0,0
82540,1,0.040357728,0.02248394,0.042139098,0.017391304,0,0
82541,0,0.15335956,0.1554054,0.03753228,0.009259258,0,0
82542,0,0.055791434,0.027237354,0.032774847,0.009259258,0,0
82543,0,0.062432423,0.035928145,0.03487644,0.009259258,0,0
82544,0,0.05512834,0.027237354,0.024899418,0.009259258,0,0
82545,0,0.059145458,0.035928145,0.029579567,0.009259258,0,0
82546,0,0.026878789,0.004761905,0.027775314,0.009259258,0,0
82547,0,0.02974086,0.02248394,0.023664603,0.009259258,0,0
82548,0,0.03433125,0.02248394,0.03147022,0.009259258,0,0
82549,0,0.026138436,0.004761905,0.025467692,0.009259258,0,0
82550,0,0.02734356,0.004761905,0.02388774,0.009259258,0,0
82551,0,0.024050435,0.0017482517,0.020253526,0.0013605442,0,0
82552,0,0.018989066,0.0017482517,0.014982287,0.0013605442,0,0
82553,0,0.021874074,0.0017482517,0.017989656,0.0013605442,0,0
82554,0,0.016807547,0.0017482517,0.018148178,0.0013605442,0,0
82555,0,0.01815839,0.0017482517,0.023351079,0.0013605442,0,0
82556,0,0.014238011,0.0017482517,0.026379963,0.009259258,0,0
82557,0,0.016664634,0.0017482517,0.020501195,0.0013605442,0,0
82558,0,0.014373396,0.0017482517,0.0235611,0.0013605442,0,0
82559,0,0.013831612,0.0017482517,0.024925722,0.009259258,0,0
82560,0,0.019499728,0.0017482517,0.026541388,0.009259258,0,0
82561,0,0.014612442,0.0017482517,0.025601683,0.009259258,0,0
82562,0,0.021916032,0.0017482517,0.03296748,0.009259258,0,0
82563,0,0.012610033,0.0017482517,0.02695193,0.009259258,0,0
82564,0,0.013397097,0.0017482517,0.019410152,0.0013605442,0,0
82565,0,0.014309328,0.0017482517,0.019390784,0.0013605442,0,0
82566,0,0.013202491,0.0017482517,0.018221317,0.0013605442,0,0
82567,0,0.012727321,0.0017482517,0.027686233,0.009259258,0,0
82568,0,0.0143929655,0.0017482517,0.019644799,0.0013605442,0,0
82569,0,0.015059545,0.0017482517,0.022900464,0.0013605442,0,0
82570,0,0.013034119,0.0017482517,0.020289201,0.0013605442,0,0
82571,0,0.013853293,0.0017482517,0.019895561,0.0013605442,0,0
82572,0,0.01335714,0.0017482517,0.021550968,0.0013605442,0,0
82573,0,0.022390876,0.0017482517,0.045891006,0.017391304,0,0
82574,0,0.020274788,0.0017482517,0.033579454,0.009259258,0,0
82575,0,0.021791307,0.0017482517,0.055360317,0.025263159,0,0
82576,0,0.018478954,0.0017482517,0.035916302,0.009259258,0,0
82577,0,0.023228701,0.0017482517,0.05710511,0.025263159,0,0
82578,0,0.02551115,0.004761905,0.03537106,0.009259258,0,0
82579,0,0.022501307,0.0017482517,0.036976933,0.009259258,0,0
82580,0,0.022204671,0.0017482517,0.04242643,0.017391304,0,0
82581,0,0.021358773,0.0017482517,0.031085704,0.009259258,0,0
82582,0,0.012739087,0.0017482517,0.020633912,0.0013605442,0,0
82583,0,0.014109347,0.0017482517,0.023887184,0.009259258,0,0
82584,0,0.016187001,0.0017482517,0.029886415,0.009259258,0,0
82585,0,0.015936695,0.0017482517,0.025485067,0.009259258,0,0
82586,0,0.013959168,0.0017482517,0.020560792,0.0013605442,0,0
82587,0,0.018785348,0.0017482517,0.029698638,0.009259258,0,0
82588,0,0.017225461,0.0017482517,0.028054317,0.009259258,0,0
82589,0,0.023246681,0.0017482517,0.025914194,0.009259258,0,0
82590,0,0.016156435,0.0017482517,0.03176547,0.009259258,0,0
82591,0,0.021517577,0.0017482517,0.02774032,0.009259258,0,0
82592,0,0.019488495,0.0017482517,0.01871019,0.0013605442,0,0
82593,0,0.019829527,0.0017482517,0.035234153,0.009259258,0,0
82594,0,0.015303307,0.0017482517,0.021294134,0.0013605442,0,0
82595,0,0.021454336,0.0017482517,0.024884596,0.009259258,0,0
82596,0,0.026824655,0.004761905,0.031980757,0.009259258,0,0
82597,0,0.013758661,0.0017482517,0.018898996,0.0013605442,0,0
82598,0,0.014065048,0.0017482517,0.023412492,0.0013605442,0,0
82599,0,0.01179366,0.0017482517,0.023292782,0.0013605442,0,0
82600,0,0.020177696,0.0017482517,0.047779515,0.017391304,0,0
82601,0,0.026950788,0.004761905,0.035138346,0.009259258,0,0
82602,0,0.015648158,0.0017482517,0.02771242,0.009259258,0,0
82603,0,0.021064186,0.0017482517,0.019590657,0.0013605442,0,0
82604,0,0.023124536,0.0017482517,0.022077383,0.0013605442,0,0
82605,0,0.026614359,0.004761905,0.025776371,0.009259258,0,0
82606,0,0.04346408,0.02248394,0.023638034,0.009259258,0,0
82607,0,0.055814207,0.027237354,0.043820266,0.017391304,0,0
82608,0,0.04352933,0.02248394,0.03985359,0.009259258,0,0
82609,0,0.03680973,0.02248394,0.030786764,0.009259258,0,0
82610,0,0.056959055,0.035928145,0.029112218,0.009259258,0,0
82611,0,0.048727416,0.02248394,0.035501048,0.009259258,0,0
82612,0,0.044735663,0.02248394,0.021812174,0.0013605442,0,0
82613,0,0.040239323,0.02248394,0.03015099,0.009259258,0,0
82614,0,0.06118321,0.035928145,0.032709632,0.009259258,0,0
82615,0,0.058293518,0.035928145,0.046127018,0.017391304,0,0
82616,0,0.08011434,0.035928145,0.036852047,0.009259258,0,0
82617,0,0.05193475,0.027237354,0.03499691,0.009259258,0,0
82618,0,0.056821696,0.034535337,0.03616992,0.009259258,0,0
82619,0,0.048872303,0.02248394,0.039715175,0.009259258,0,0
82620,0,0.05684193,0.035179935,0.053998806,0.025263159,0,0
82621,0,0.078773305,0.035928145,0.09129573,0.04532967,0,0
82622,0,0.06074162,0.035928145,0.08371849,0.04532967,0,0
82623,0,0.042989563,0.02248394,0.055796683,0.025263159,0,0
82624,0,0.05041009,0.02248394,0.05319435,0.025263159,0,0
82625,0,0.041523,0.02248394,0.04306602,0.017391304,0,0
82626,0,0.030970821,0.02248394,0.052729882,0.018848712,0,0
82627,0,0.03221953,0.02248394,0.044320628,0.017391304,0,0
82628,0,0.029210348,0.02248394,0.038135502,0.009259258,0,0
82629,0,0.017670998,0.0017482517,0.03659027,0.009259258,0,0
82630,0,0.0176288,0.0017482517,0.03436082,0.009259258,0,0
82631,0,0.033922113,0.02248394,0.061568923,0.025263159,0,0
82632,0,0.030912507,0.02248394,0.05675458,0.025263159,0,0
82633,0,0.03763372,0.02248394,0.09219804,0.04532967,0,0
82634,0,0.02472391,0.004761905,0.07080504,0.025263159,0,0
82635,0,0.029430661,0.02248394,0.06467943,0.025263159,0,0
82636,0,0.028949797,0.02248394,0.057480633,0.025263159,0,0
82637,0,0.026197735,0.004761905,0.054441337,0.025263159,0,0
82638,0,0.023648579,0.0017482517,0.047294695,0.017391304,0,0
82639,0,0.021648519,0.0017482517,0.06898049,0.025263159,0,0
82640,0,0.031844806,0.02248394,0.07303203,0.025263159,0,0
82641,0,0.024729181,0.004761905,0.056778535,0.025263159,0,0
82642,0,0.03025696,0.02248394,0.10298317,0.04532967,0,0
82643,0,0.022646882,0.0017482517,0.08821863,0.04532967,0,0
82644,0,0.028336694,0.004761905,0.07717753,0.04532967,0,0
82645,0,0.03795155,0.02248394,0.06520646,0.025263159,0,0
82646,0,0.022544537,0.0017482517,0.07434439,0.04532967,0,0
82647,0,0.023318565,0.0017482517,0.0733478,0.025263159,0,0
82648,0,0.028602837,0.004761905,0.12839669,0.078028746,0,0
82649,0,0.041091602,0.02248394,0.16978548,0.09982175,0,0
82650,0,0.03891162,0.02248394,0.114379734,0.078028746,0,0
82651,0,0.028865665,0.02248394,0.1385086,0.092920355,0,0
82652,0,0.045374803,0.02248394,0.13163851,0.078028746,0,0
82653,0,0.04397949,0.02248394,0.16297674,0.092920355,0,0
82654,0,0.048937514,0.02248394,0.23160052,0.10289389,0,0
82655,0,0.04474286,0.02248394,0.1833541,0.09982175,0,0
82656,0,0.07005446,0.035928145,0.26169455,0.10289389,0,0
82657,0,0.059379328,0.035928145,0.15093447,0.092920355,0,0
82658,0,0.06879346,0.035928145,0.18320985,0.09982175,0,0
82659,0,0.04220864,0.02248394,0.11484142,0.078028746,0,0
82660,0,0.04707068,0.02248394,0.14989077,0.092920355,0,0
82661,0,0.041579224,0.02248394,0.1129075,0.06716418,0,0
82662,0,0.028393775,0.004761905,0.09138264,0.04532967,0,0
82663,0,0.030106513,0.02248394,0.068305545,0.025263159,0,0
82664,0,0.034114257,0.02248394,0.099635184,0.04532967,0,0
82665,0,0.041469466,0.02248394,0.080048844,0.04532967,0,0
82666,0,0.039023776,0.02248394,0.11337857,0.078028746,0,0
82667,0,0.05100115,0.02248394,0.06952234,0.025263159,0,0
82668,0,0.03883987,0.02248394,0.056298923,0.025263159,0,0
82669,0,0.05277451,0.027237354,0.11599369,0.078028746,0,0
82670,0,0.059442416,0.035928145,0.11358454,0.078028746,0,0
82671,0,0.05534243,0.027237354,0.07721531,0.04532967,0,0
82672,0,0.03390122,0.02248394,0.15632613,0.092920355,0,0
82673,0,0.05569213,0.027237354,0.10597937,0.05050505,0,0
82674,0,0.05733317,0.035928145,0.17672467,0.09982175,0,0
82675,0,0.035288934,0.02248394,0.09066399,0.04532967,0,0
82676,0,0.034092534,0.02248394,0.109616995,0.06716418,0,0
82677,0,0.049544465,0.02248394,0.11230776,0.06716418,0,0
82678,0,0.040376358,0.02248394,0.07364954,0.025263159,0,0
82679,0,0.05168683,0.027237354,0.086981714,0.04532967,0,0
82680,0,0.04105027,0.02248394,0.07090926,0.025263159,0,0
82681,0,0.043053035,0.02248394,0.08888734,0.04532967,0,0
82682,0,0.04378037,0.02248394,0.08814827,0.04532967,0,0
82683,0,0.034561016,0.02248394,0.065365836,0.025263159,0,0
82684,0,0.044832647,0.02248394,0.085334495,0.04532967,0,0
82685,0,0.04515627,0.02248394,0.07628463,0.04532967,0,0
82686,0,0.050502703,0.02248394,0.07157829,0.025263159,0,0
82687,0,0.06398782,0.035928145,0.083715074,0.04532967,0,0
82688,0,0.041865192,0.02248394,0.08884038,0.04532967,0,0
82689,0,0.060447473,0.035928145,0.069533184,0.025263159,0,0
82690,0,0.0501476,0.02248394,0.10369078,0.05050505,0,0
82691,0,0.07846477,0.035928145,0.13449992,0.08955224,0,0
82692,0,0.09245358,0.057771664,0.14289695,0.092920355,0,0
82693,0,0.12574455,0.057771664,0.12166812,0.078028746,0,0
82694,0,0.12071993,0.057771664,0.10553367,0.05050505,0,0
82695,0,0.0854511,0.035928145,0.10158864,0.04532967,0,0
82696,0,0.093428254,0.057771664,0.08409254,0.04532967,0,0
82697,0,0.07969867,0.035928145,0.066148795,0.025263159,0,0
82698,0,0.09405554,0.057771664,0.07803664,0.04532967,0,0
82699,0,0.080365896,0.035928145,0.1053554,0.05050505,0,0
82700,0,0.084790945,0.035928145,0.10306242,0.04532967,0,0
82701,0,0.077625185,0.035928145,0.13366649,0.078028746,0,0
82702,0,0.08273922,0.035928145,0.1481559,0.092920355,0,0
82703,0,0.10352597,0.057771664,0.15296403,0.092920355,0,0
82704,1,0.094282255,0.057771664,0.14987779,0.092920355,0,0
82705,0,0.19404134,0.17333333,0.10743811,0.06716418,0,0
82706,0,0.13477087,0.06153846,0.1379117,0.092920355,0,0
82707,0,0.12240505,0.057771664,0.14007689,0.092920355,0,0
82708,0,0.11369567,0.057771664,0.12882271,0.078028746,0,0
82709,0,0.099303626,0.057771664,0.10745726,0.06716418,0,0
82710,0,0.09446995,0.057771664,0.10608113,0.05050505,0,0
82711,0,0.102551915,0.057771664,0.09138217,0.04532967,0,0
82712,0,0.09130639,0.057771664,0.081991985,0.04532967,0,0
82713,0,0.096503675,0.057771664,0.093315646,0.04532967,0,0
82714,0,0.10788676,0.057771664,0.15659912,0.092920355,0,0
82715,0,0.11113886,0.057771664,0.12632982,0.078028746,0,0
82716,0,0.1177335,0.057771664,0.08416188,0.04532967,0,0
82717,0,0.088596374,0.035928145,0.09819304,0.04532967,0,0
82718,0,0.087479316,0.035928145,0.11373873,0.078028746,0,0
82719,0,0.09522898,0.057771664,0.114509664,0.078028746,0,0
82720,0,0.082603574,0.035928145,0.08609863,0.04532967,0,0
82721,0,0.07497859,0.035928145,0.09139783,0.04532967,0,0
82722,0,0.06933095,0.035928145,0.105354495,0.05050505,0,0
82723,0,0.061695393,0.035928145,0.13072777,0.078028746,0,0
82724,0,0.0765591,0.035928145,0.09171987,0.04532967,0,0
82725,0,0.062223118,0.035928145,0.075435,0.04532967,0,0
82726,0,0.096781,0.057771664,0.10221192,0.04532967,0,0
82727,0,0.081705905,0.035928145,0.15296793,0.092920355,0,0
82728,0,0.09588336,0.057771664,0.1201111,0.078028746,0,0
82729,0,0.065430254,0.035928145,0.08401944,0.04532967,0,0
82730,0,0.070819184,0.035928145,0.12361569,0.078028746,0,0
82731,0,0.05673714,0.03448276,0.12721223,0.078028746,0,0
82732,0,0.06666006,0.035928145,0.08808891,0.04532967,0,0
82733,0,0.06865221,0.035928145,0.085844114,0.04532967,0,0
82734,0,0.08763347,0.035928145,0.11047387,0.06716418,0,0
82735,1,0.058675025,0.035928145,0.10717006,0.06716418,0,0
82736,0,0.16311434,0.1554054,0.07358525,0.025263159,0,0
82737,0,0.08151984,0.035928145,0.11005323,0.06716418,0,0
82738,1,0.109528646,0.057771664,0.11024358,0.06716418,0,0
82739,0,0.1964022,0.17333333,0.0862236,0.04532967,0,0
82740,0,0.11456757,0.057771664,0.06285324,0.025263159,0,0
82741,0,0.09336391,0.057771664,0.058504544,0.025263159,0,0
82742,0,0.0944788,0.057771664,0.053195808,0.025263159,0,0
82743,0,0.09066507,0.057771664,0.063930355,0.025263159,0,0
82744,0,0.10282111,0.057771664,0.063481025,0.025263159,0,0
82745,0,0.09148833,0.057771664,0.06707505,0.025263159,0,0
82746,0,0.10928196,0.057771664,0.08607652,0.04532967,0,0
82747,0,0.08898311,0.035928145,0.069311716,0.025263159,0,0
82748,0,0.07442891,0.035928145,0.0641266,0.025263159,0,0
82749,0,0.10466713,0.057771664,0.121657446,0.078028746,0,0
82750,0,0.12558912,0.057771664,0.1068287,0.05050505,0,0
82751,0,0.12277562,0.057771664,0.09978532,0.04532967,0,0
82752,0,0.10262659,0.057771664,0.07753044,0.04532967,0,0
82753,0,0.09621005,0.057771664,0.07685021,0.04532967,0,0
82754,0,0.082385585,0.035928145,0.12322626,0.078028746,0,0
82755,0,0.07260135,0.035928145,0.09856706,0.04532967,0,0
82756,0,0.071190014,0.035928145,0.1474466,0.092920355,0,0
82757,0,0.084788695,0.035928145,0.0859465,0.04532967,0,0
82758,0,0.07550012,0.035928145,0.1188392,0.078028746,0,0
82759,0,0.06430399,0.035928145,0.09584061,0.04532967,0,0
82760,0,0.07568247,0.035928145,0.11008545,0.06716418,0,0
82761,0,0.09719367,0.057771664,0.12039559,0.078028746,0,0
82762,0,0.07594948,0.035928145,0.1157892,0.078028746,0,0
82763,0,0.054422345,0.027237354,0.08373367,0.04532967,0,0
82764,0,0.07244688,0.035928145,0.13117984,0.078028746,0,0
82765,0,0.0722523,0.035928145,0.085388474,0.04532967,0,0
82766,0,0.07306735,0.035928145,0.066019796,0.025263159,0,0
82767,0,0.089978725,0.05263158,0.10845419,0.06716418,0,0
82768,0,0.08333716,0.035928145,0.14901684,0.092920355,0,0
82769,0,0.070618644,0.035928145,0.095928505,0.04532967,0,0
82770,0,0.07927554,0.035928145,0.1498503,0.092920355,0,0
82771,0,0.11085113,0.057771664,0.14838997,0.092920355,0,0
82772,0,0.08248831,0.035928145,0.15464543,0.092920355,0,0
82773,0,0.12084478,0.057771664,0.20172448,0.09982175,0,0
82774,0,0.15413775,0.1554054,0.17084268,0.09982175,0,0
82775,0,0.1292373,0.057771664,0.139676,0.092920355,0,0
82776,0,0.14049524,0.06153846,0.13068108,0.078028746,0,0
82777,0,0.092676006,0.057771664,0.12034271,0.078028746,0,0
82778,0,0.10559654,0.057771664,0.14009197,0.092920355,0,0
82779,0,0.07089289,0.035928145,0.092093736,0.04532967,0,0
82780,0,0.08109531,0.035928145,0.14450666,0.092920355,0,0
82781,0,0.09781519,0.057771664,0.14697558,0.092920355,0,0
82782,0,0.077076055,0.035928145,0.08796153,0.04532967,0,0
82783,0,0.07532747,0.035928145,0.0851521,0.04532967,0,0
82784,0,0.09073688,0.057771664,0.09806363,0.04532967,0,0
82785,0,0.08560292,0.035928145,0.0845471,0.04532967,0,0
82786,0,0.078712165,0.035928145,0.06961424,0.025263159,0,0
82787,0,0.087173365,0.035928145,0.057620935,0.025263159,0,0
82788,0,0.08996398,0.05263158,0.08287972,0.04532967,0,0
82789,0,0.10534708,0.057771664,0.08680998,0.04532967,0,0
82790,0,0.093693614,0.057771664,0.079641536,0.04532967,0,0
82791,0,0.07553986,0.035928145,0.09628566,0.04532967,0,0
82792,0,0.10807528,0.057771664,0.13940218,0.092920355,0,0
82793,0,0.09228738,0.057771664,0.120436855,0.078028746,0,0
82794,0,0.08461806,0.035928145,0.08510391,0.04532967,0,0
82795,0,0.07024196,0.035928145,0.083860435,0.04532967,0,0
82796,0,0.05562347,0.027237354,0.07184297,0.025263159,0,0
82797,0,0.04577146,0.02248394,0.05377519,0.025263159,0,0
82798,0,0.045962937,0.02248394,0.058065213,0.025263159,0,0
82799,0,0.046864763,0.02248394,0.046251375,0.017391304,0,0
82800,0,0.05998374,0.035928145,0.05231571,0.017391304,0,0
82801,1,0.05472087,0.027237354,0.053569946,0.025263159,0,0
82802,0,0.11131945,0.057771664,0.042215284,0.017391304,0,0
82803,0,0.084369026,0.035928145,0.032893065,0.009259258,0,0
82804,0,0.070039414,0.035928145,0.03212739,0.009259258,0,0
82805,0,0.07856287,0.035928145,0.03863532,0.009259258,0,0
82806,0,0.05798181,0.035928145,0.025114264,0.009259258,0,0
82807,0,0.042447977,0.02248394,0.02504767,0.009259258,0,0
82808,0,0.038068246,0.02248394,0.03016115,0.009259258,0,0
82809,0,0.027650226,0.004761905,0.024118057,0.009259258,0,0
82810,0,0.031671993,0.02248394,0.029546317,0.009259258,0,0
82811,0,0.037354358,0.02248394,0.035807982,0.009259258,0,0
82812,0,0.056084998,0.027237354,0.0459266,0.017391304,0,0
82813,0,0.057930678,0.035928145,0.047279906,0.017391304,0,0
82814,0,0.05288302,0.027237354,0.03265753,0.009259258,0,0
82815,0,0.05635243,0.03448276,0.04331581,0.017391304,0,0
82816,0,0.046674926,0.02248394,0.03773067,0.009259258,0,0
82817,0,0.048895672,0.02248394,0.041720867,0.017391304,0,0
82818,0,0.053617906,0.027237354,0.04848223,0.017391304,0,0
82819,0,0.039017923,0.02248394,0.041627698,0.017391304,0,0
82820,0,0.03908233,0.02248394,0.03447458,0.009259258,0,0
82821,0,0.040155314,0.02248394,0.04109007,0.009259258,0,0
82822,0,0.028392373,0.004761905,0.03461135,0.009259258,0,0
82823,0,0.025696367,0.004761905,0.03745867,0.009259258,0,0
82824,0,0.039611492,0.02248394,0.03947555,0.009259258,0,0
82825,0,0.028887725,0.02248394,0.034257676,0.009259258,0,0
82826,0,0.024430385,0.004761905,0.037532,0.009259258,0,0
82827,0,0.025430158,0.004761905,0.04632496,0.017391304,0,0
82828,0,0.018763011,0.0017482517,0.034132637,0.009259258,0,0
82829,0,0.028469052,0.004761905,0.04142153,0.012453437,0,0
82830,0,0.026262915,0.004761905,0.04551433,0.017391304,0,0
82831,0,0.026899807,0.004761905,0.044595566,0.017391304,0,0
82832,1,0.03775385,0.02248394,0.038739543,0.009259258,0,0
82833,1,0.4016775,0.62068963,0.039506976,0.009259258,0,0
82834,1,0.4715311,0.62068963,0.2170192,0.10289389,0,0
82835,0,0.2482176,0.37096775,0.100728534,0.04532967,0,0
82836,0,0.096226424,0.057771664,0.075791284,0.04532967,0,0
82837,1,0.12704134,0.057771664,0.07603728,0.04532967,0,0
82838,1,0.18670733,0.17333333,0.2006136,0.09982175,0,0
82839,0,0.19680132,0.17333333,0.09516086,0.04532967,0,0
82840,0,0.108678736,0.057771664,0.16287032,0.092920355,0,0
82841,0,0.13048474,0.057771664,0.114286035,0.078028746,0,0
82842,0,0.12548174,0.057771664,0.11086109,0.06716418,0,0
82843,0,0.11618555,0.057771664,0.12898856,0.078028746,0,0
82844,0,0.1140879,0.057771664,0.16655871,0.09982175,0,0
82845,0,0.10195418,0.057771664,0.124246374,0.078028746,0,0
82846,1,0.11617286,0.057771664,0.1154815,0.078028746,0,0
82847,1,0.21596467,0.17333333,0.13816287,0.092920355,0,0
82848,0,0.28235477,0.37096775,0.114446886,0.078028746,0,0
82849,0,0.162158,0.1554054,0.05933683,0.025263159,0,0
82850,0,0.21150513,0.17333333,0.08950322,0.04532967,0,0
82851,0,0.13556731,0.06153846,0.09983903,0.04532967,0,0
82852,0,0.18707697,0.17333333,0.08435301,0.04532967,0,0
82853,0,0.15378833,0.1554054,0.14129698,0.092920355,0,0
82854,0,0.15450361,0.1554054,0.12613377,0.078028746,0,0
82855,0,0.19903158,0.17333333,0.10220764,0.04532967,0,0
82856,0,0.18964443,0.17333333,0.09202202,0.04532967,0,0
82857,0,0.17181055,0.1554054,0.11441295,0.078028746,0,0
82858,0,0.2334733,0.37096775,0.15790536,0.092920355,0,0
82859,0,0.1712076,0.1554054,0.109146275,0.06716418,0,0
82860,0,0.16858058,0.1554054,0.16334942,0.09982175,0,0
82861,0,0.2029899,0.17333333,0.16549376,0.09982175,0,0
82862,0,0.20947562,0.17333333,0.22556852,0.10289389,0,0
82863,0,0.15789425,0.1554054,0.2631727,0.10289389,0,0
82864,0,0.11737638,0.057771664,0.23305532,0.10289389,0,0
82865,0,0.1279301,0.057771664,0.22284372,0.10289389,0,0
82866,0,0.16480172,0.1554054,0.22047193,0.10289389,0,0
82867,0,0.09199177,0.057771664,0.15533857,0.092920355,0,0
82868,0,0.14309205,0.06153846,0.14838013,0.092920355,0,0
82869,0,0.11233941,0.057771664,0.17376378,0.09982175,0,0
82870,0,0.06176305,0.035928145,0.14309636,0.092920355,0,0
82871,0,0.08221238,0.035928145,0.1597548,0.092920355,0,0
82872,0,0.12693392,0.057771664,0.16628541,0.09982175,0,0
82873,0,0.13687153,0.06153846,0.16412322,0.09982175,0,0
82874,1,0.09824435,0.057771664,0.12779236,0.078028746,0,0
82875,0,0.38070998,0.62068963,0.1331296,0.078028746,0,0
82876,0,0.14487173,0.06153846,0.11264817,0.06716418,0,0
82877,0,0.21281107,0.17333333,0.2341918,0.10289389,0,0
82878,0,0.16319828,0.1554054,0.2278185,0.10289389,0,0
82879,0,0.14653689,0.0952381,0.2563414,0.10289389,0,0
82880,0,0.10056942,0.057771664,0.17292564,0.09982175,0,0
82881,0,0.18734242,0.17333333,0.25664112,0.10289389,0,0
82882,0,0.11908859,0.057771664,0.27147973,0.11621621,0,0
82883,0,0.12752292,0.057771664,0.20380735,0.09982175,0,0
82884,0,0.1399158,0.06153846,0.14524204,0.092920355,0,0
82885,0,0.14310718,0.06153846,0.1777422,0.09982175,0,0
82886,0,0.16380389,0.1554054,0.30270886,0.11621621,0,0
82887,0,0.10211521,0.057771664,0.18494664,0.09982175,0,0
82888,0,0.07917571,0.035928145,0.18504816,0.09982175,0,0
82889,0,0.10933377,0.057771664,0.19038978,0.09982175,0,0
82890,0,0.092778385,0.057771664,0.21397418,0.09982175,0,0
82891,0,0.057407927,0.035928145,0.113483354,0.078028746,0,0
82892,0,0.094070666,0.057771664,0.14667252,0.092920355,0,0
82893,1,0.18878567,0.17333333,0.20140201,0.09982175,0,0
82894,1,0.26168302,0.37096775,0.18193148,0.09982175,0,0
82895,1,0.28175727,0.37096775,0.19765535,0.09982175,0,0
82896,0,0.32216787,0.37096775,0.2708093,0.11621621,0,0
82897,0,0.1979057,0.17333333,0.23956792,0.10289389,0,0
82898,0,0.22059457,0.22222222,0.26759043,0.11621621,0,0
82899,0,0.19715798,0.17333333,0.2250685,0.10289389,0,0
82900,0,0.15313424,0.1554054,0.1716445,0.09982175,0,0
82901,0,0.16037399,0.1554054,0.18158819,0.09982175,0,0
82902,0,0.16366878,0.1554054,0.14084077,0.092920355,0,0
82903,0,0.122026384,0.057771664,0.1403292,0.092920355,0,0
82904,0,0.12890354,0.057771664,0.12366193,0.078028746,0,0
82905,0,0.14718801,0.0952381,0.11767686,0.078028746,0,0
82906,0,0.12259312,0.057771664,0.06870338,0.025263159,0,0
82907,0,0.12751557,0.057771664,0.12104157,0.078028746,0,0
82908,0,0.20797177,0.17333333,0.25512758,0.10289389,0,0
82909,0,0.2426764,0.37096775,0.21509847,0.09982175,0,0
82910,0,0.16889691,0.1554054,0.13823506,0.092920355,0,0
82911,0,0.12850486,0.057771664,0.13472581,0.08955224,0,0
82912,0,0.10781332,0.057771664,0.12619726,0.078028746,0,0
82913,0,0.06551692,0.035928145,0.09490978,0.04532967,0,0
82914,0,0.09096112,0.057771664,0.11951702,0.078028746,0,0
82915,0,0.115857035,0.057771664,0.13910942,0.092920355,0,0
82916,0,0.14219998,0.06153846,0.1470746,0.092920355,0,0
82917,0,0.09217108,0.057771664,0.1344326,0.08955224,0,0
82918,0,0.1339172,0.06153846,0.14718482,0.092920355,0,0
82919,0,0.17898971,0.17142858,0.21681897,0.10289389,0,0
82920,0,0.1695193,0.1554054,0.1668294,0.09982175,0,0
82921,0,0.14384598,0.06153846,0.19183135,0.09982175,0,0
82922,0,0.15274385,0.1554054,0.3236077,0.11621621,0,0
82923,0,0.17745113,0.17142858,0.23397954,0.10289389,0,0
82924,0,0.18893632,0.17333333,0.25960055,0.10289389,0,0
82925,0,0.16148087,0.1554054,0.2555093,0.10289389,0,0
82926,0,0.17105685,0.1554054,0.24531393,0.10289389,0,0
82927,0,0.13474399,0.06153846,0.25867862,0.10289389,0,0
82928,0,0.2114001,0.17333333,0.28310156,0.11621621,0,0
82929,0,0.19447401,0.17333333,0.2848848,0.11621621,0,0
82930,0,0.14835879,0.0952381,0.22081858,0.10289389,0,0
82931,0,0.14775002,0.0952381,0.22686394,0.10289389,0,0
82932,0,0.14895767,0.0952381,0.20089954,0.09982175,0,0
82933,0,0.15668964,0.1554054,0.19025333,0.09982175,0,0
82934,0,0.12039188,0.057771664,0.23502478,0.10289389,0,0
82935,1,0.110889584,0.057771664,0.1951204,0.09982175,0,0
82936,0,0.2479042,0.37096775,0.16009383,0.092920355,0,0
82937,1,0.17455073,0.1554054,0.30598155,0.11621621,0,0
82938,0,0.34654132,0.37096775,0.26404685,0.10289389,0,0
82939,1,0.27099565,0.37096775,0.28098446,0.11621621,0,0
82940,1,0.31650007,0.37096775,0.22903013,0.10289389,0,0
82941,0,0.3037075,0.37096775,0.14957938,0.092920355,0,0
82942,0,0.17784429,0.17142858,0.2268282,0.10289389,0,0
82943,0,0.19145426,0.17333333,0.3054634,0.11621621,0,0
82944,0,0.21468881,0.17333333,0.23531468,0.10289389,0,0
82945,0,0.2173205,0.22222222,0.260397,0.10289389,0,0
82946,0,0.19667515,0.17333333,0.23011993,0.10289389,0,0
82947,0,0.1966848,0.17333333,0.2059126,0.09982175,0,0
82948,0,0.1644818,0.1554054,0.18717939,0.09982175,0,0
82949,0,0.17779052,0.17142858,0.22101635,0.10289389,0,0
82950,0,0.14339988,0.06153846,0.10206323,0.04532967,0,0
82951,1,0.15869008,0.1554054,0.14119752,0.092920355,0,0
82952,0,0.24031687,0.37096775,0.16165723,0.092920355,0,0
82953,0,0.206344,0.17333333,0.19914773,0.09982175,0,0
82954,0,0.13542992,0.06153846,0.15862349,0.092920355,0,0
82955,0,0.12970608,0.057771664,0.16469426,0.09982175,0,0
82956,0,0.100241184,0.057771664,0.16418967,0.09982175,0,0
82957,0,0.12532209,0.057771664,0.1838259,0.09982175,0,0
82958,0,0.09083902,0.057771664,0.17544875,0.09982175,0,0
82959,0,0.101160616,0.057771664,0.16357799,0.09982175,0,0
82960,0,0.13486588,0.06153846,0.18206243,0.09982175,0,0
82961,0,0.1314012,0.057771664,0.1850855,0.09982175,0,0
82962,0,0.16056542,0.1554054,0.16927165,0.09982175,0,0
82963,0,0.11204277,0.057771664,0.16940302,0.09982175,0,0
82964,0,0.087671585,0.035928145,0.17029679,0.09982175,0,0
82965,0,0.100378826,0.057771664,0.19137204,0.09982175,0,0
82966,0,0.099641174,0.057771664,0.16643026,0.09982175,0,0
82967,0,0.105702534,0.057771664,0.1344854,0.08955224,0,0
82968,0,0.07939213,0.035928145,0.18906322,0.09982175,0,0
82969,1,0.078836374,0.035928145,0.2032644,0.09982175,0,0
82970,0,0.18366873,0.17142858,0.19465119,0.09982175,0,0
82971,0,0.1429034,0.06153846,0.22969127,0.10289389,0,0
82972,0,0.14944407,0.125,0.24536318,0.10289389,0,0
82973,0,0.13665406,0.06153846,0.25984943,0.10289389,0,0
82974,0,0.14945291,0.125,0.21569863,0.10289389,0,0
82975,0,0.11928986,0.057771664,0.18942136,0.09982175,0,0
82976,0,0.11375919,0.057771664,0.14642929,0.092920355,0,0
82977,0,0.11733391,0.057771664,0.15929577,0.092920355,0,0
82978,0,0.12240616,0.057771664,0.14369845,0.092920355,0,0
82979,0,0.11500142,0.057771664,0.15179928,0.092920355,0,0
82980,0,0.13012603,0.057771664,0.10111014,0.04532967,0,0
82981,0,0.14711049,0.0952381,0.15659179,0.092920355,0,0
82982,0,0.18463717,0.17142858,0.18043986,0.09982175,0,0
82983,0,0.1636829,0.1554054,0.16008675,0.092920355,0,0
82984,0,0.15142237,0.125,0.17881158,0.09982175,0,0
82985,0,0.08999866,0.05263158,0.14154191,0.092920355,0,0
82986,0,0.15818152,0.1554054,0.16183645,0.092920355,0,0
82987,0,0.14912091,0.0952381,0.18053606,0.09982175,0,0
82988,0,0.121704556,0.057771664,0.1901091,0.09982175,0,0
82989,0,0.13854215,0.06153846,0.14486487,0.092920355,0,0
82990,0,0.1660882,0.1554054,0.19948702,0.09982175,0,0
82991,0,0.10742074,0.057771664,0.15130907,0.092920355,0,0
82992,0,0.10618652,0.057771664,0.24305272,0.10289389,0,0
82993,0,0.17219183,0.1554054,0.25929916,0.10289389,0,0
82994,0,0.14697295,0.0952381,0.16636568,0.09982175,0,0
82995,0,0.09805151,0.057771664,0.1522617,0.092920355,0,0
82996,0,0.099252604,0.057771664,0.28559962,0.11621621,0,0
82997,0,0.087251164,0.035928145,0.27026337,0.11621621,0,0
82998,0,0.091293946,0.057771664,0.27063447,0.11621621,0,0
82999,0,0.08789037,0.035928145,0.20061556,0.09982175,0,0
83000,0,0.08737685,0.035928145,0.18056913,0.09982175,0,0
83001,0,0.0888637,0.035928145,0.25483438,0.10289389,0,0
83002,0,0.06516841,0.035928145,0.16778514,0.09982175,0,0
83003,0,0.08223327,0.035928145,0.15918683,0.092920355,0,0
83004,0,0.13224007,0.06153846,0.22453187,0.10289389,0,0
83005,0,0.10783324,0.057771664,0.17433047,0.09982175,0,0
83006,0,0.109739214,0.057771664,0.1769419,0.09982175,0,0
83007,0,0.132895,0.06153846,0.29145336,0.11621621,0,0
83008,0,0.09518663,0.057771664,0.12766282,0.078028746,0,0
83009,0,0.13505483,0.06153846,0.21604845,0.10289389,0,0
83010,0,0.17161664,0.1554054,0.27707443,0.11621621,0,0
83011,0,0.09954268,0.057771664,0.26325476,0.10289389,0,0
83012,0,0.09609824,0.057771664,0.23518889,0.10289389,0,0
83013,0,0.13956591,0.06153846,0.27847388,0.11621621,0,0
83014,0,0.09073808,0.057771664,0.25282788,0.10289389,0,0
83015,0,0.0520558,0.027237354,0.21700627,0.10289389,0,0
83016,0,0.07824509,0.035928145,0.2553915,0.10289389,0,0
83017,0,0.10421068,0.057771664,0.2926196,0.11621621,0,0
83018,0,0.078690685,0.035928145,0.1979805,0.09982175,0,0
83019,0,0.093435,0.057771664,0.27354613,0.11621621,0,0
83020,0,0.08817143,0.035928145,0.21355057,0.09982175,0,0
83021,0,0.08629413,0.035928145,0.28931004,0.11621621,0,0
83022,0,0.09697254,0.057771664,0.22744642,0.10289389,0,0
83023,0,0.08986101,0.05263158,0.22052711,0.10289389,0,0
83024,0,0.111039735,0.057771664,0.21790802,0.10289389,0,0
83025,0,0.11016068,0.057771664,0.25989628,0.10289389,0,0
83026,0,0.10002145,0.057771664,0.26135716,0.10289389,0,0
83027,0,0.07974909,0.035928145,0.32899484,0.11621621,0,0
83028,0,0.1047604,0.057771664,0.32687557,0.11621621,0,0
83029,0,0.08405654,0.035928145,0.2719275,0.11621621,0,0
83030,0,0.057821207,0.035928145,0.20199089,0.09982175,0,0
83031,0,0.08644799,0.035928145,0.2352371,0.10289389,0,0
83032,0,0.06763608,0.035928145,0.24847814,0.10289389,0,0
83033,0,0.078501426,0.035928145,0.25038993,0.10289389,0,0
83034,0,0.103330374,0.057771664,0.2888565,0.11621621,0,0
83035,0,0.10934443,0.057771664,0.22905435,0.10289389,0,0
83036,0,0.123744294,0.057771664,0.31967106,0.11621621,0,0
83037,0,0.11121759,0.057771664,0.24367276,0.10289389,0,0
83038,0,0.116636485,0.057771664,0.23435463,0.10289389,0,0
83039,0,0.109642096,0.057771664,0.32375368,0.11621621,0,0
83040,0,0.081784815,0.035928145,0.2703022,0.11621621,0,0
83041,0,0.09584226,0.057771664,0.27272373,0.11621621,0,0
83042,0,0.08288158,0.035928145,0.2701774,0.11621621,0,0
83043,0,0.07415738,0.035928145,0.20898272,0.09982175,0,0
83044,0,0.093333766,0.057771664,0.20477368,0.09982175,0,0
83045,0,0.09354279,0.057771664,0.13901842,0.092920355,0,0
83046,0,0.09294763,0.057771664,0.21809496,0.10289389,0,0
83047,0,0.06770194,0.035928145,0.31028014,0.11621621,0,0
83048,0,0.07994674,0.035928145,0.24002483,0.10289389,0,0
83049,0,0.08915789,0.051005274,0.28594667,0.11621621,0,0
83050,0,0.10505189,0.057771664,0.2680298,0.11621621,0,0
83051,0,0.08108988,0.035928145,0.16598552,0.09982175,0,0
83052,0,0.090943635,0.057771664,0.2261314,0.10289389,0,0
83053,0,0.06965067,0.035928145,0.25849843,0.10289389,0,0
83054,0,0.097994596,0.057771664,0.26496938,0.10289389,0,0
83055,0,0.100180514,0.057771664,0.27367193,0.11621621,0,0
83056,0,0.07277938,0.035928145,0.2579926,0.10289389,0,0
83057,0,0.08456176,0.035928145,0.25784335,0.10289389,0,0
83058,0,0.09341129,0.057771664,0.28486004,0.11621621,0,0
83059,0,0.08956926,0.05263158,0.2119506,0.09982175,0,0
83060,0,0.104426965,0.057771664,0.23156185,0.10289389,0,0
83061,0,0.06490889,0.035928145,0.18488753,0.09982175,0,0
83062,0,0.07774938,0.035928145,0.17912143,0.09982175,0,0
83063,0,0.09522366,0.057771664,0.27999806,0.11621621,0,0
83064,0,0.064726755,0.035928145,0.19374017,0.09982175,0,0
83065,0,0.0744758,0.035928145,0.240571,0.10289389,0,0
83066,0,0.07667555,0.035928145,0.2299827,0.10289389,0,0
83067,0,0.09051556,0.05263158,0.26613244,0.10289389,0,0
83068,0,0.069779925,0.035928145,0.2674812,0.11621621,0,0
83069,0,0.06617823,0.035928145,0.36407217,0.11621621,0,0
83070,0,0.06383544,0.035928145,0.25049317,0.10289389,0,0
83071,0,0.094171315,0.057771664,0.24803573,0.10289389,0,0
83072,0,0.07424976,0.035928145,0.25644934,0.10289389,0,0
83073,0,0.056590647,0.03448276,0.24148524,0.10289389,0,0
83074,0,0.07165482,0.035928145,0.28636286,0.11621621,0,0
83075,0,0.06772382,0.035928145,0.20902953,0.09982175,0,0
83076,0,0.09470658,0.057771664,0.3038376,0.11621621,0,0
83077,0,0.099776626,0.057771664,0.27490592,0.11621621,0,0
83078,0,0.0758589,0.035928145,0.23514827,0.10289389,0,0
83079,0,0.0792638,0.035928145,0.25037,0.10289389,0,0
83080,0,0.06419914,0.035928145,0.23404685,0.10289389,0,0
83081,0,0.07492857,0.035928145,0.27445996,0.11621621,0,0
83082,0,0.07671801,0.035928145,0.22186957,0.10289389,0,0
83083,0,0.07389167,0.035928145,0.17350484,0.09982175,0,0
83084,0,0.05129773,0.027237354,0.16782014,0.09982175,0,0
83085,0,0.07072266,0.035928145,0.28071994,0.11621621,0,0
83086,0,0.069619425,0.035928145,0.3008566,0.11621621,0,0
83087,0,0.062186774,0.035928145,0.31847245,0.11621621,0,0
83088,0,0.067908615,0.035928145,0.29620525,0.11621621,0,0
83089,0,0.07607152,0.035928145,0.2707843,0.11621621,0,0
83090,0,0.06889951,0.035928145,0.25759435,0.10289389,0,0
83091,0,0.083473235,0.035928145,0.22651955,0.10289389,0,0
83092,0,0.058405876,0.035928145,0.1958804,0.09982175,0,0
83093,0,0.06840527,0.035928145,0.3130296,0.11621621,0,0
83094,0,0.065635726,0.035928145,0.231844,0.10289389,0,0
83095,0,0.080192335,0.035928145,0.29649264,0.11621621,0,0
83096,0,0.065920055,0.035928145,0.2300661,0.10289389,0,0
83097,0,0.08680176,0.035928145,0.23627262,0.10289389,0,0
83098,0,0.07622974,0.035928145,0.2879872,0.11621621,0,0
83099,0,0.05982485,0.035928145,0.31071597,0.11621621,0,0
83100,0,0.07450314,0.035928145,0.32329968,0.11621621,0,0
83101,0,0.05639527,0.03448276,0.2882311,0.11621621,0,0
83102,0,0.06061276,0.035928145,0.14076452,0.092920355,0,0
83103,0,0.053978685,0.027237354,0.15787676,0.092920355,0,0
83104,0,0.091123536,0.057771664,0.16951163,0.09982175,0,0
83105,0,0.09777168,0.057771664,0.21097532,0.09982175,0,0
83106,0,0.10044942,0.057771664,0.2475336,0.10289389,0,0
83107,0,0.09460751,0.057771664,0.2703203,0.11621621,0,0
83108,0,0.08570141,0.035928145,0.36480117,0.11621621,0,0
83109,0,0.11686516,0.057771664,0.27057156,0.11621621,0,0
83110,0,0.08982557,0.05263158,0.26154658,0.10289389,0,0
83111,0,0.11892732,0.057771664,0.29731306,0.11621621,0,0
83112,0,0.09221787,0.057771664,0.2676233,0.11621621,0,0
83113,0,0.104931735,0.057771664,0.29116175,0.11621621,0,0
83114,0,0.10290109,0.057771664,0.3225769,0.11621621,0,0
83115,0,0.09977314,0.057771664,0.2955349,0.11621621,0,0
83116,0,0.08137184,0.035928145,0.21596783,0.10289389,0,0
83117,0,0.07952142,0.035928145,0.20020518,0.09982175,0,0
83118,0,0.08156247,0.035928145,0.19265126,0.09982175,0,0
83119,0,0.09810668,0.057771664,0.19447148,0.09982175,0,0
83120,0,0.070852555,0.035928145,0.16789687,0.09982175,0,0
83121,0,0.07884474,0.035928145,0.22440867,0.10289389,0,0
83122,0,0.052245658,0.027237354,0.21521445,0.09982175,0,0
83123,0,0.06968708,0.035928145,0.13827837,0.092920355,0,0
83124,0,0.0730779,0.035928145,0.19856185,0.09982175,0,0
83125,0,0.07025465,0.035928145,0.17397307,0.09982175,0,0
83126,0,0.0818523,0.035928145,0.08413834,0.04532967,0,0
83127,0,0.09668974,0.057771664,0.20778999,0.09982175,0,0
83128,0,0.11858647,0.057771664,0.3755662,0.11621621,0,0
83129,0,0.07135372,0.035928145,0.23395431,0.10289389,0,0
83130,0,0.07503922,0.035928145,0.21707727,0.10289389,0,0
83131,0,0.059689067,0.035928145,0.1322857,0.078028746,0,0
83132,0,0.09653041,0.057771664,0.26825097,0.11621621,0,0
83133,0,0.06562699,0.035928145,0.18828328,0.09982175,0,0
83134,0,0.06857641,0.035928145,0.14730391,0.092920355,0,0
83135,0,0.06591598,0.035928145,0.12881842,0.078028746,0,0
83136,0,0.06952888,0.035928145,0.1929414,0.09982175,0,0
83137,0,0.06616313,0.035928145,0.22358151,0.10289389,0,0
83138,0,0.053549953,0.027237354,0.21504854,0.09982175,0,0
83139,0,0.043685533,0.02248394,0.17428105,0.09982175,0,0
83140,0,0.06946372,0.035928145,0.21318357,0.09982175,0,0
83141,0,0.05880717,0.035928145,0.21667683,0.10289389,0,0
83142,0,0.05972861,0.035928145,0.2081283,0.09982175,0,0
83143,0,0.07067849,0.035928145,0.24590701,0.10289389,0,0
83144,0,0.055405196,0.027237354,0.30103707,0.11621621,0,0
83145,0,0.08577749,0.035928145,0.21876024,0.10289389,0,0
83146,0,0.052090354,0.027237354,0.27093256,0.11621621,0,0
83147,0,0.047149453,0.02248394,0.24573676,0.10289389,0,0
83148,0,0.044091105,0.02248394,0.23614204,0.10289389,0,0
83149,0,0.055624947,0.027237354,0.21785614,0.10289389,0,0
83150,0,0.058602616,0.035928145,0.20106266,0.09982175,0,0
83151,0,0.042778406,0.02248394,0.21177818,0.09982175,0,0
83152,0,0.07275073,0.035928145,0.21617195,0.10289389,0,0
83153,0,0.057828847,0.035928145,0.32291645,0.11621621,0,0
83154,0,0.072238915,0.035928145,0.23391502,0.10289389,0,0
83155,0,0.050487008,0.02248394,0.21354853,0.09982175,0,0
83156,0,0.047711145,0.02248394,0.13726917,0.092920355,0,0
83157,0,0.07354562,0.035928145,0.2242762,0.10289389,0,0
83158,0,0.072345965,0.035928145,0.24035084,0.10289389,0,0
83159,0,0.075743616,0.035928145,0.1758699,0.09982175,0,0
83160,0,0.058919303,0.035928145,0.21734379,0.10289389,0,0
83161,0,0.045824867,0.02248394,0.18941937,0.09982175,0,0
83162,0,0.04155303,0.02248394,0.1207925,0.078028746,0,0
83163,0,0.05178226,0.027237354,0.13197641,0.078028746,0,0
83164,0,0.05074714,0.02248394,0.1369108,0.08955224,0,0
83165,0,0.08278126,0.035928145,0.18818478,0.09982175,0,0
83166,0,0.07634514,0.035928145,0.09887253,0.04532967,0,0
83167,0,0.077955976,0.035928145,0.09557399,0.04532967,0,0
83168,0,0.067416884,0.035928145,0.1475626,0.092920355,0,0
83169,0,0.06969685,0.035928145,0.10333362,0.05050505,0,0
83170,0,0.050449178,0.02248394,0.15152183,0.092920355,0,0
83171,0,0.048835218,0.02248394,0.17649029,0.09982175,0,0
83172,0,0.059048165,0.035928145,0.13748404,0.092920355,0,0
83173,0,0.05777356,0.035928145,0.12239238,0.078028746,0,0
83174,0,0.060314517,0.035928145,0.121961705,0.078028746,0,0
83175,0,0.076570846,0.035928145,0.18182749,0.09982175,0,0
83176,0,0.06846581,0.035928145,0.12460311,0.078028746,0,0
83177,0,0.0760057,0.035928145,0.11720199,0.078028746,0,0
83178,0,0.06335774,0.035928145,0.18223672,0.09982175,0,0
83179,0,0.06407827,0.035928145,0.15704083,0.092920355,0,0
83180,0,0.07516858,0.035928145,0.13646726,0.08955224,0,0
83181,0,0.08340029,0.035928145,0.16808626,0.09982175,0,0
83182,0,0.07692675,0.035928145,0.1471193,0.092920355,0,0
83183,0,0.061031636,0.035928145,0.17435792,0.09982175,0,0
83184,0,0.086114354,0.035928145,0.17025478,0.09982175,0,0
83185,0,0.06551866,0.035928145,0.20936179,0.09982175,0,0
83186,0,0.062343676,0.035928145,0.18902329,0.09982175,0,0
83187,0,0.07398614,0.035928145,0.17033406,0.09982175,0,0
83188,0,0.055771753,0.027237354,0.12924471,0.078028746,0,0
83189,0,0.06580358,0.035928145,0.12562862,0.078028746,0,0
83190,0,0.070379905,0.035928145,0.13116519,0.078028746,0,0
83191,0,0.080229945,0.035928145,0.18617576,0.09982175,0,0
83192,0,0.06424809,0.035928145,0.14940414,0.092920355,0,0
83193,0,0.057355348,0.035928145,0.18709584,0.09982175,0,0
83194,0,0.12687607,0.057771664,0.19417258,0.09982175,0,0
83195,0,0.06531404,0.035928145,0.15709326,0.092920355,0,0
83196,0,0.07659568,0.035928145,0.16549493,0.09982175,0,0
83197,0,0.10238187,0.057771664,0.13393548,0.078028746,0,0
83198,0,0.088109136,0.035928145,0.127905,0.078028746,0,0
83199,0,0.06634902,0.035928145,0.1484589,0.092920355,0,0
83200,0,0.05882201,0.035928145,0.11886332,0.078028746,0,0
83201,0,0.09211793,0.057771664,0.22969526,0.10289389,0,0
83202,0,0.067680344,0.035928145,0.18153939,0.09982175,0,0
83203,0,0.041442,0.02248394,0.15783426,0.092920355,0,0
83204,0,0.09933182,0.057771664,0.119663626,0.078028746,0,0
83205,0,0.05609123,0.027237354,0.14060375,0.092920355,0,0
83206,0,0.062552206,0.035928145,0.13041632,0.078028746,0,0
83207,0,0.05967866,0.035928145,0.14559872,0.092920355,0,0
83208,0,0.055282407,0.027237354,0.15422338,0.092920355,0,0
83209,0,0.09621079,0.057771664,0.13848442,0.092920355,0,0
83210,0,0.057533704,0.035928145,0.10579907,0.05050505,0,0
83211,0,0.04545805,0.02248394,0.13457091,0.08955224,0,0
83212,0,0.069589,0.035928145,0.20358224,0.09982175,0,0
83213,0,0.049572002,0.02248394,0.12492503,0.078028746,0,0
83214,0,0.085190155,0.035928145,0.17822593,0.09982175,0,0
83215,0,0.062474955,0.035928145,0.16161336,0.092920355,0,0
83216,0,0.05627355,0.027237354,0.18498458,0.09982175,0,0
83217,0,0.06158118,0.035928145,0.12591112,0.078028746,0,0
83218,0,0.08562334,0.035928145,0.13008787,0.078028746,0,0
83219,0,0.050721917,0.02248394,0.111266054,0.06716418,0,0
83220,0,0.05761399,0.035928145,0.09288731,0.04532967,0,0
83221,0,0.05726013,0.035928145,0.097531796,0.04532967,0,0
83222,0,0.04355326,0.02248394,0.13559988,0.08955224,0,0
83223,0,0.041537706,0.02248394,0.09623207,0.04532967,0,0
83224,0,0.035894547,0.02248394,0.09642417,0.04532967,0,0
83225,0,0.049754858,0.02248394,0.11677404,0.078028746,0,0
83226,0,0.05477057,0.027237354,0.10232071,0.04532967,0,0
83227,0,0.037991602,0.02248394,0.10072636,0.04532967,0,0
83228,0,0.0693705,0.035928145,0.14386337,0.092920355,0,0
83229,0,0.09093157,0.057771664,0.14359091,0.092920355,0,0
83230,0,0.058391545,0.035928145,0.14452064,0.092920355,0,0
83231,0,0.044048406,0.02248394,0.15940593,0.092920355,0,0
83232,0,0.056908045,0.035928145,0.1582169,0.092920355,0,0
83233,0,0.06697281,0.035928145,0.17541362,0.09982175,0,0
83234,0,0.07135394,0.035928145,0.17983492,0.09982175,0,0
83235,0,0.09340771,0.057771664,0.2295806,0.10289389,0,0
83236,0,0.066558845,0.035928145,0.14953777,0.092920355,0,0
83237,0,0.06991313,0.035928145,0.18245076,0.09982175,0,0
83238,0,0.07309552,0.035928145,0.21646327,0.10289389,0,0
83239,0,0.098335996,0.057771664,0.20025106,0.09982175,0,0
83240,0,0.10262141,0.057771664,0.1658198,0.09982175,0,0
83241,0,0.061096672,0.035928145,0.09958395,0.04532967,0,0
83242,0,0.08424313,0.035928145,0.112652235,0.06716418,0,0
83243,0,0.064823784,0.035928145,0.1760334,0.09982175,0,0
83244,0,0.104828,0.057771664,0.101696014,0.04532967,0,0
83245,0,0.07067055,0.035928145,0.13574068,0.08955224,0,0
83246,0,0.044802874,0.02248394,0.14760783,0.092920355,0,0
83247,0,0.070803255,0.035928145,0.16634418,0.09982175,0,0
83248,0,0.087221,0.035928145,0.115277775,0.078028746,0,0
83249,0,0.05749716,0.035928145,0.14932378,0.092920355,0,0
83250,0,0.078964286,0.035928145,0.12762512,0.078028746,0,0
83251,0,0.08869208,0.035928145,0.123720296,0.078028746,0,0
83252,0,0.04992902,0.02248394,0.09592574,0.04532967,0,0
83253,0,0.060370933,0.035928145,0.14191727,0.092920355,0,0
83254,0,0.080818005,0.035928145,0.08698971,0.04532967,0,0
83255,0,0.04783823,0.02248394,0.10412984,0.05050505,0,0
83256,0,0.06361995,0.035928145,0.08799565,0.04532967,0,0
83257,0,0.06896106,0.035928145,0.11119742,0.06716418,0,0
83258,0,0.0672672,0.035928145,0.097567596,0.04532967,0,0
83259,0,0.06127148,0.035928145,0.09051456,0.04532967,0,0
83260,0,0.08128662,0.035928145,0.08816786,0.04532967,0,0
83261,0,0.07709934,0.035928145,0.11456166,0.078028746,0,0
83262,0,0.05633097,0.03448276,0.11010233,0.06716418,0,0
83263,0,0.07139511,0.035928145,0.12043237,0.078028746,0,0
83264,0,0.08619826,0.035928145,0.17795993,0.09982175,0,0
83265,0,0.07795692,0.035928145,0.13691765,0.08955224,0,0
83266,0,0.04674702,0.02248394,0.14272533,0.092920355,0,0
83267,0,0.07070972,0.035928145,0.09616076,0.04532967,0,0
83268,0,0.0656641,0.035928145,0.15194413,0.092920355,0,0
83269,0,0.06575567,0.035928145,0.11196092,0.06716418,0,0
83270,0,0.05206254,0.027237354,0.09670659,0.04532967,0,0
83271,0,0.066365056,0.035928145,0.14182116,0.092920355,0,0
83272,0,0.072876364,0.035928145,0.17287843,0.09982175,0,0
83273,0,0.080150284,0.035928145,0.1663887,0.09982175,0,0
83274,0,0.09448776,0.057771664,0.1329952,0.078028746,0,0
83275,0,0.054501973,0.027237354,0.120542355,0.078028746,0,0
83276,0,0.10850546,0.057771664,0.22383097,0.10289389,0,0
83277,0,0.0840721,0.035928145,0.1764239,0.09982175,0,0
83278,0,0.09290557,0.057771664,0.20482557,0.09982175,0,0
83279,0,0.081907116,0.035928145,0.25915968,0.10289389,0,0
83280,0,0.088272385,0.035928145,0.24399878,0.10289389,0,0
83281,0,0.07458436,0.035928145,0.16032179,0.092920355,0,0
83282,0,0.075816706,0.035928145,0.12084609,0.078028746,0,0
83283,0,0.03530165,0.02248394,0.09464399,0.04532967,0,0
83284,0,0.059965793,0.035928145,0.12456166,0.078028746,0,0
83285,0,0.06624816,0.035928145,0.12559249,0.078028746,0,0
83286,0,0.08250049,0.035928145,0.07796802,0.04532967,0,0
83287,0,0.060122687,0.035928145,0.074847385,0.04532967,0,0
83288,0,0.06477804,0.035928145,0.07851652,0.04532967,0,0
83289,0,0.073504336,0.035928145,0.089957505,0.04532967,0,0
83290,0,0.05638502,0.03448276,0.058299247,0.025263159,0,0
83291,0,0.051806327,0.027237354,0.05831821,0.025263159,0,0
83292,0,0.05348638,0.027237354,0.061875265,0.025263159,0,0
83293,0,0.045650322,0.02248394,0.095319994,0.04532967,0,0
83294,0,0.061758015,0.035928145,0.08846493,0.04532967,0,0
83295,0,0.07117591,0.035928145,0.06043405,0.025263159,0,0
83296,0,0.059681684,0.035928145,0.11883958,0.078028746,0,0
83297,0,0.08964775,0.05263158,0.12547669,0.078028746,0,0
83298,0,0.08245937,0.035928145,0.12591295,0.078028746,0,0
83299,0,0.07944824,0.035928145,0.14824651,0.092920355,0,0
83300,0,0.09711663,0.057771664,0.16595314,0.09982175,0,0
83301,0,0.09081014,0.057771664,0.16010736,0.092920355,0,0
83302,0,0.07720465,0.035928145,0.18379942,0.09982175,0,0
83303,0,0.14124511,0.06153846,0.2154308,0.10146562,0,0
83304,0,0.10576085,0.057771664,0.20931455,0.09982175,0,0
83305,0,0.081717916,0.035928145,0.13747361,0.092920355,0,0
83306,0,0.06605865,0.035928145,0.09369778,0.04532967,0,0
83307,0,0.07267905,0.035928145,0.20981549,0.09982175,0,0
83308,0,0.06659547,0.035928145,0.11550657,0.078028746,0,0
83309,0,0.053954378,0.027237354,0.11786001,0.078028746,0,0
83310,0,0.073085554,0.035928145,0.15619743,0.092920355,0,0
83311,0,0.071235985,0.035928145,0.12897123,0.078028746,0,0
83312,0,0.0952106,0.057771664,0.1692324,0.09982175,0,0
83313,0,0.08759032,0.035928145,0.16520788,0.09982175,0,0
83314,0,0.07838926,0.035928145,0.1586837,0.092920355,0,0
83315,0,0.08471523,0.035928145,0.262214,0.10289389,0,0
83316,0,0.082422,0.035928145,0.20911488,0.09982175,0,0
83317,1,0.08311417,0.035928145,0.12213372,0.078028746,0,0
83318,0,0.1463251,0.0952381,0.20175701,0.09982175,0,0
83319,1,0.13308291,0.06153846,0.15185513,0.092920355,0,0
83320,0,0.31257397,0.37096775,0.14486119,0.092920355,0,0
83321,0,0.16391459,0.1554054,0.124114424,0.078028746,0,0
83322,0,0.08902452,0.035928145,0.11747969,0.078028746,0,0
83323,0,0.21929951,0.22222222,0.18703462,0.09982175,0,0
83324,1,0.14377885,0.06153846,0.12552486,0.078028746,0,0
83325,0,0.20531473,0.17333333,0.15669394,0.092920355,0,0
83326,0,0.15198249,0.1554054,0.16122225,0.092920355,0,0
83327,0,0.10859741,0.057771664,0.13628948,0.08955224,0,0
83328,0,0.14274453,0.06153846,0.14239514,0.092920355,0,0
83329,0,0.18350434,0.17142858,0.15991092,0.092920355,0,0
83330,0,0.14592807,0.06496636,0.18498485,0.09982175,0,0
83331,0,0.123447716,0.057771664,0.18876924,0.09982175,0,0
83332,0,0.09970301,0.057771664,0.21663426,0.10289389,0,0
83333,0,0.09019679,0.05263158,0.107557796,0.06716418,0,0
83334,0,0.11402196,0.057771664,0.1458451,0.092920355,0,0
83335,0,0.11436044,0.057771664,0.17602114,0.09982175,0,0
83336,0,0.10297073,0.057771664,0.15327524,0.092920355,0,0
83337,0,0.12615629,0.057771664,0.12495394,0.078028746,0,0
83338,0,0.1358847,0.06153846,0.18690887,0.09982175,0,0
83339,0,0.10438126,0.057771664,0.24588801,0.10289389,0,0
83340,0,0.067387976,0.035928145,0.22992957,0.10289389,0,0
83341,0,0.07670821,0.035928145,0.2888361,0.11621621,0,0
83342,0,0.070982724,0.035928145,0.25509843,0.10289389,0,0
83343,0,0.105139144,0.057771664,0.31347492,0.11621621,0,0
83344,0,0.09806636,0.057771664,0.28281444,0.11621621,0,0
83345,0,0.08704685,0.035928145,0.29187903,0.11621621,0,0
83346,0,0.09209869,0.057771664,0.27004486,0.11621621,0,0
83347,0,0.108098656,0.057771664,0.23098677,0.10289389,0,0
83348,0,0.08633064,0.035928145,0.17326878,0.09982175,0,0
83349,0,0.094237395,0.057771664,0.20443374,0.09982175,0,0
83350,0,0.09768705,0.057771664,0.12803093,0.078028746,0,0
83351,1,0.07930428,0.035928145,0.14424281,0.092920355,0,0
83352,0,0.11657251,0.057771664,0.110850595,0.06716418,0,0
83353,0,0.13765275,0.06153846,0.13478278,0.08955224,0,0
83354,0,0.1221599,0.057771664,0.101808846,0.04532967,0,0
83355,0,0.06564659,0.035928145,0.08556036,0.04532967,0,0
83356,0,0.08633419,0.035928145,0.10847737,0.06716418,0,0
83357,0,0.11011603,0.057771664,0.1259217,0.078028746,0,0
83358,0,0.13720411,0.06153846,0.16608375,0.09982175,0,0
83359,0,0.11265712,0.057771664,0.18814386,0.09982175,0,0
83360,0,0.09982615,0.057771664,0.15956795,0.092920355,0,0
83361,0,0.050339203,0.02248394,0.10215058,0.04532967,0,0
83362,0,0.06973783,0.035928145,0.13803463,0.092920355,0,0
83363,0,0.0679003,0.035928145,0.15502277,0.092920355,0,0
83364,0,0.09337899,0.057771664,0.17123331,0.09982175,0,0
83365,0,0.07604874,0.035928145,0.17491126,0.09982175,0,0
83366,0,0.10340708,0.057771664,0.20225455,0.09982175,0,0
83367,0,0.07692423,0.035928145,0.17246364,0.09982175,0,0
83368,0,0.07585298,0.035928145,0.1927626,0.09982175,0,0
83369,0,0.07721344,0.035928145,0.22826672,0.10289389,0,0
83370,0,0.062278535,0.035928145,0.14508298,0.092920355,0,0
83371,0,0.114342816,0.057771664,0.20519568,0.09982175,0,0
83372,0,0.1172439,0.057771664,0.20059521,0.09982175,0,0
83373,0,0.12441476,0.057771664,0.21452932,0.09982175,0,0
83374,0,0.1328741,0.06153846,0.17074317,0.09982175,0,0
83375,0,0.10507857,0.057771664,0.25270888,0.10289389,0,0
83376,0,0.09196611,0.057771664,0.21919236,0.10289389,0,0
83377,0,0.09693329,0.057771664,0.19502868,0.09982175,0,0
83378,0,0.08935361,0.05263158,0.13491264,0.08955224,0,0
83379,0,0.13024144,0.057771664,0.17035867,0.09982175,0,0
83380,0,0.110853404,0.057771664,0.13735843,0.092920355,0,0
83381,0,0.09102853,0.057771664,0.1686333,0.09982175,0,0
83382,0,0.07332433,0.035928145,0.21175995,0.09982175,0,0
83383,0,0.07291268,0.035928145,0.16947828,0.09982175,0,0
83384,0,0.06250583,0.035928145,0.14548403,0.092920355,0,0
83385,0,0.047918797,0.02248394,0.17804572,0.09982175,0,0
83386,0,0.046918806,0.02248394,0.13270748,0.078028746,0,0
83387,0,0.04350231,0.02248394,0.16985229,0.09982175,0,0
83388,0,0.06172217,0.035928145,0.19715339,0.09982175,0,0
83389,0,0.08642541,0.035928145,0.14709422,0.092920355,0,0
83390,0,0.06757946,0.035928145,0.21227524,0.09982175,0,0
83391,0,0.059415035,0.035928145,0.15927218,0.092920355,0,0
83392,0,0.054154895,0.027237354,0.16769227,0.09982175,0,0
83393,0,0.044241916,0.02248394,0.15588748,0.092920355,0,0
83394,0,0.07103225,0.035928145,0.17928146,0.09982175,0,0
83395,0,0.049733028,0.02248394,0.14990005,0.092920355,0,0
83396,0,0.07615331,0.035928145,0.16338067,0.09982175,0,0
83397,0,0.063148834,0.035928145,0.14140733,0.092920355,0,0
83398,0,0.084509775,0.035928145,0.15289538,0.092920355,0,0
83399,0,0.06225934,0.035928145,0.19044082,0.09982175,0,0
83400,0,0.03817339,0.02248394,0.11431553,0.078028746,0,0
83401,0,0.059878055,0.035928145,0.19083343,0.09982175,0,0
83402,0,0.044845074,0.02248394,0.16109182,0.092920355,0,0
83403,0,0.04073633,0.02248394,0.15965307,0.092920355,0,0
83404,0,0.076885656,0.035928145,0.19530512,0.09982175,0,0
83405,0,0.031966146,0.02248394,0.106541075,0.05050505,0,0
83406,0,0.051478796,0.027237354,0.27331653,0.11621621,0,0
83407,0,0.06786535,0.035928145,0.17549677,0.09982175,0,0
83408,0,0.07014606,0.035928145,0.23068213,0.10289389,0,0
83409,0,0.06662422,0.035928145,0.19723372,0.09982175,0,0
83410,0,0.05907631,0.035928145,0.23369253,0.10289389,0,0
83411,0,0.06323087,0.035928145,0.13086753,0.078028746,0,0
83412,0,0.09174974,0.057771664,0.13843828,0.092920355,0,0
83413,0,0.05773521,0.035928145,0.14729896,0.092920355,0,0
83414,0,0.07255885,0.035928145,0.20239899,0.09982175,0,0
83415,0,0.04714809,0.02248394,0.26040405,0.10289389,0,0
83416,0,0.10957665,0.057771664,0.22383098,0.10289389,0,0
83417,0,0.057406098,0.035928145,0.27319115,0.11621621,0,0
83418,0,0.05185511,0.027237354,0.18359044,0.09982175,0,0
83419,0,0.06446635,0.035928145,0.19338483,0.09982175,0,0
83420,1,0.063500494,0.035928145,0.1653915,0.09982175,0,0
83421,0,0.10590868,0.057771664,0.1994384,0.09982175,0,0
83422,0,0.066027015,0.035928145,0.14820534,0.092920355,0,0
83423,0,0.1112139,0.057771664,0.20036486,0.09982175,0,0
83424,0,0.08380955,0.035928145,0.16187516,0.092920355,0,0
83425,0,0.08370112,0.035928145,0.18444715,0.09982175,0,0
83426,0,0.037179597,0.02248394,0.12843147,0.078028746,0,0
83427,0,0.046637107,0.02248394,0.15404044,0.092920355,0,0
83428,0,0.044170022,0.02248394,0.18015479,0.09982175,0,0
83429,0,0.046649713,0.02248394,0.15112281,0.092920355,0,0
83430,0,0.039905384,0.02248394,0.1373185,0.092920355,0,0
83431,0,0.049119238,0.02248394,0.17463338,0.09982175,0,0
83432,0,0.07354771,0.035928145,0.21021225,0.09982175,0,0
83433,0,0.046272855,0.02248394,0.15242639,0.092920355,0,0
83434,0,0.05920725,0.035928145,0.19359386,0.09982175,0,0
83435,0,0.056417495,0.03448276,0.11022065,0.06716418,0,0
83436,0,0.056291707,0.03448276,0.15931872,0.092920355,0,0
83437,0,0.051253885,0.027237354,0.108584955,0.06716418,0,0
83438,0,0.047859926,0.02248394,0.1213021,0.078028746,0,0
83439,0,0.071137086,0.035928145,0.17321463,0.09982175,0,0
83440,0,0.05955466,0.035928145,0.13925171,0.092920355,0,0
83441,0,0.10101538,0.057771664,0.22938727,0.10289389,0,0
83442,0,0.07415969,0.035928145,0.13387026,0.078028746,0,0
83443,0,0.07577869,0.035928145,0.27577516,0.11621621,0,0
83444,0,0.087148555,0.035928145,0.20087233,0.09982175,0,0
83445,0,0.053149406,0.027237354,0.16784847,0.09982175,0,0
83446,0,0.042012565,0.02248394,0.17425977,0.09982175,0,0
83447,0,0.04696557,0.02248394,0.15939113,0.092920355,0,0
83448,0,0.044697005,0.02248394,0.16423103,0.09982175,0,0
83449,0,0.052191216,0.027237354,0.17376412,0.09982175,0,0
83450,0,0.044749174,0.02248394,0.1698978,0.09982175,0,0
83451,0,0.049412187,0.02248394,0.16926618,0.09982175,0,0
83452,0,0.04577142,0.02248394,0.17055404,0.09982175,0,0
83453,0,0.05275051,0.027237354,0.12447322,0.078028746,0,0
83454,0,0.06338525,0.035928145,0.15303414,0.092920355,0,0
83455,0,0.074317716,0.035928145,0.16973633,0.09982175,0,0
83456,0,0.078436635,0.035928145,0.20123106,0.09982175,0,0
83457,0,0.114889145,0.057771664,0.24687746,0.10289389,0,0
83458,0,0.11965472,0.057771664,0.20104301,0.09982175,0,0
83459,0,0.105635256,0.057771664,0.20803283,0.09982175,0,0
83460,0,0.06970223,0.035928145,0.12801293,0.078028746,0,0
83461,0,0.06904999,0.035928145,0.15870976,0.092920355,0,0
83462,0,0.086372815,0.035928145,0.2550501,0.10289389,0,0
83463,0,0.06709172,0.035928145,0.20499222,0.09982175,0,0
83464,0,0.05885376,0.035928145,0.15738736,0.092920355,0,0
83465,0,0.052887756,0.027237354,0.07789848,0.04532967,0,0
83466,0,0.058706623,0.035928145,0.13702248,0.08955224,0,0
83467,0,0.06874005,0.035928145,0.16743203,0.09982175,0,0
83468,0,0.09068919,0.057771664,0.11489038,0.078028746,0,0
83469,0,0.09128392,0.057771664,0.14908643,0.092920355,0,0
83470,0,0.09429194,0.057771664,0.1795381,0.09982175,0,0
83471,0,0.08179015,0.035928145,0.20474793,0.09982175,0,0
83472,0,0.08769071,0.035928145,0.2210842,0.10289389,0,0
83473,0,0.10869033,0.057771664,0.1895457,0.09982175,0,0
83474,0,0.057596244,0.035928145,0.11055482,0.06716418,0,0
83475,0,0.079135604,0.035928145,0.15464878,0.092920355,0,0
83476,0,0.06780941,0.035928145,0.120503895,0.078028746,0,0
83477,0,0.05976638,0.035928145,0.14673948,0.092920355,0,0
83478,0,0.09560606,0.057771664,0.10250108,0.04532967,0,0
83479,0,0.07381737,0.035928145,0.13657452,0.08955224,0,0
83480,0,0.094400875,0.057771664,0.13010097,0.078028746,0,0
83481,0,0.06422278,0.035928145,0.10619795,0.05050505,0,0
83482,0,0.109423205,0.057771664,0.20922317,0.09982175,0,0
83483,0,0.06265051,0.035928145,0.095551275,0.04532967,0,0
83484,0,0.06051563,0.035928145,0.107785374,0.06716418,0,0
83485,0,0.05501504,0.027237354,0.10581739,0.05050505,0,0
83486,0,0.061586995,0.035928145,0.113604866,0.078028746,0,0
83487,0,0.068010025,0.035928145,0.10604682,0.05050505,0,0
83488,0,0.052678574,0.027237354,0.12468741,0.078028746,0,0
83489,0,0.08544273,0.035928145,0.1028867,0.04532967,0,0
83490,0,0.07047749,0.035928145,0.12124111,0.078028746,0,0
83491,0,0.07316805,0.035928145,0.114564136,0.078028746,0,0
83492,0,0.09560041,0.057771664,0.16783065,0.09982175,0,0
83493,0,0.078549355,0.035928145,0.1467472,0.092920355,0,0
83494,0,0.061186854,0.035928145,0.12334702,0.078028746,0,0
83495,0,0.05360441,0.027237354,0.086649016,0.04532967,0,0
83496,0,0.055483095,0.027237354,0.109029435,0.06716418,0,0
83497,0,0.05009592,0.02248394,0.1296683,0.078028746,0,0
83498,0,0.048329458,0.02248394,0.110720515,0.06716418,0,0
83499,0,0.05211752,0.027237354,0.1324497,0.078028746,0,0
83500,0,0.06528185,0.035928145,0.102287106,0.04532967,0,0
83501,0,0.04889249,0.02248394,0.1316776,0.078028746,0,0
83502,0,0.07398261,0.035928145,0.16955355,0.09982175,0,0
83503,0,0.08003946,0.035928145,0.23297574,0.10289389,0,0
83504,0,0.10934205,0.057771664,0.21715644,0.10289389,0,0
83505,0,0.06473924,0.035928145,0.12576355,0.078028746,0,0
83506,0,0.042397693,0.02248394,0.11532818,0.078028746,0,0
83507,0,0.047526576,0.02248394,0.122079276,0.078028746,0,0
83508,0,0.056670047,0.03448276,0.15678106,0.092920355,0,0
83509,0,0.06327324,0.035928145,0.117740616,0.078028746,0,0
83510,0,0.04784012,0.02248394,0.07954269,0.04532967,0,0
83511,0,0.07817762,0.035928145,0.12844695,0.078028746,0,0
83512,0,0.098278575,0.057771664,0.07197546,0.025263159,0,0
83513,0,0.07468121,0.035928145,0.09801883,0.04532967,0,0
83514,0,0.10112449,0.057771664,0.09056627,0.04532967,0,0
83515,0,0.090406924,0.05263158,0.08068224,0.04532967,0,0
83516,0,0.063860565,0.035928145,0.057233337,0.025263159,0,0
83517,1,0.085575305,0.035928145,0.07529275,0.04532967,0,0
83518,1,0.14883618,0.0952381,0.058737356,0.025263159,0,0
83519,1,0.21662225,0.22222222,0.095197655,0.04532967,0,0
83520,0,0.24990585,0.37096775,0.105641834,0.05050505,0,0
83521,0,0.17494735,0.1554054,0.13963966,0.092920355,0,0
83522,0,0.14469272,0.06153846,0.13244396,0.078028746,0,0
83523,0,0.09897631,0.057771664,0.11812541,0.078028746,0,0
83524,0,0.08207469,0.035928145,0.11589496,0.078028746,0,0
83525,0,0.09938028,0.057771664,0.1031071,0.04532967,0,0
83526,0,0.08254589,0.035928145,0.12702188,0.078028746,0,0
83527,0,0.111747496,0.057771664,0.1316464,0.078028746,0,0
83528,0,0.075743504,0.035928145,0.15887962,0.092920355,0,0
83529,0,0.082224526,0.035928145,0.18008189,0.09982175,0,0
83530,0,0.079055406,0.035928145,0.17673288,0.09982175,0,0
83531,0,0.074191056,0.035928145,0.14366058,0.092920355,0,0
83532,0,0.09004225,0.05263158,0.16366349,0.09982175,0,0
83533,0,0.08332575,0.035928145,0.16139759,0.092920355,0,0
83534,1,0.056491584,0.03448276,0.13394025,0.078028746,0,0
83535,0,0.08345286,0.035928145,0.11578501,0.078028746,0,0
83536,0,0.11707472,0.057771664,0.1995189,0.09982175,0,0
83537,0,0.07285436,0.035928145,0.1033157,0.05050505,0,0
83538,0,0.054574177,0.027237354,0.1668684,0.09982175,0,0
83539,0,0.07414024,0.035928145,0.14375709,0.092920355,0,0
83540,0,0.075347796,0.035928145,0.21897297,0.10289389,0,0
83541,0,0.06809535,0.035928145,0.121001445,0.078028746,0,0
83542,0,0.07370755,0.035928145,0.11804526,0.078028746,0,0
83543,0,0.045105014,0.02248394,0.1015422,0.04532967,0,0
83544,0,0.061525952,0.035928145,0.13518108,0.08955224,0,0
83545,0,0.055126406,0.027237354,0.10858306,0.06716418,0,0
83546,0,0.072655566,0.035928145,0.11624769,0.078028746,0,0
83547,0,0.07490509,0.035928145,0.13973817,0.092920355,0,0
83548,0,0.08711514,0.035928145,0.11253209,0.06716418,0,0
83549,0,0.082200035,0.035928145,0.17122197,0.09982175,0,0
83550,0,0.06345419,0.035928145,0.11011953,0.06716418,0,0
83551,1,0.05164097,0.027237354,0.079671524,0.04532967,0,0
83552,0,0.36575407,0.62068963,0.12670489,0.078028746,0,0
83553,0,0.117578514,0.057771664,0.118762664,0.078028746,0,0
83554,0,0.13692534,0.06153846,0.1587624,0.092920355,0,0
83555,0,0.13755767,0.06153846,0.11940443,0.078028746,0,0
83556,0,0.11442077,0.057771664,0.12252499,0.078028746,0,0
83557,0,0.16598447,0.1554054,0.20952763,0.09982175,0,0
83558,0,0.123535134,0.057771664,0.1840832,0.09982175,0,0
83559,0,0.1544409,0.1554054,0.14055037,0.092920355,0,0
83560,0,0.11539856,0.057771664,0.12343215,0.078028746,0,0
83561,0,0.11411403,0.057771664,0.09248517,0.04532967,0,0
83562,0,0.08865062,0.035928145,0.08003384,0.04532967,0,0
83563,0,0.1070547,0.057771664,0.10342253,0.05050505,0,0
83564,0,0.111054495,0.057771664,0.06958222,0.025263159,0,0
83565,0,0.09360641,0.057771664,0.06609254,0.025263159,0,0
83566,0,0.07725071,0.035928145,0.09192432,0.04532967,0,0
83567,0,0.102325976,0.057771664,0.08384069,0.04532967,0,0
83568,0,0.16959053,0.1554054,0.15213403,0.092920355,0,0
83569,0,0.14608869,0.0789676,0.1686837,0.09982175,0,0
83570,0,0.1555895,0.1554054,0.16333847,0.09982175,0,0
83571,0,0.15267636,0.1554054,0.20148458,0.09982175,0,0
83572,0,0.13792084,0.06153846,0.14890288,0.092920355,0,0
83573,0,0.17193025,0.1554054,0.1522543,0.092920355,0,0
83574,0,0.17083736,0.1554054,0.15373184,0.092920355,0,0
83575,0,0.1368751,0.06153846,0.1686445,0.09982175,0,0
83576,0,0.118805215,0.057771664,0.13409238,0.08955224,0,0
83577,0,0.10708658,0.057771664,0.10754107,0.06716418,0,0
83578,0,0.056986038,0.035928145,0.08726514,0.04532967,0,0
83579,0,0.054324653,0.027237354,0.06576243,0.025263159,0,0
83580,0,0.08171501,0.035928145,0.06407124,0.025263159,0,0
83581,0,0.08598236,0.035928145,0.060869332,0.025263159,0,0
83582,0,0.089383245,0.05263158,0.05801333,0.025263159,0,0
83583,0,0.056315977,0.03448276,0.058242865,0.025263159,0,0
83584,0,0.043611616,0.02248394,0.06376055,0.025263159,0,0
83585,0,0.042495456,0.02248394,0.04529383,0.017391304,0,0
83586,0,0.044640474,0.02248394,0.060391545,0.025263159,0,0
83587,0,0.049973488,0.02248394,0.072626896,0.025263159,0,0
83588,0,0.063520715,0.035928145,0.06631592,0.025263159,0,0
83589,0,0.054601185,0.027237354,0.068789534,0.025263159,0,0
83590,0,0.06406965,0.035928145,0.10189175,0.04532967,0,0
83591,0,0.08195469,0.035928145,0.08371291,0.04532967,0,0
83592,0,0.051597867,0.027237354,0.06906458,0.025263159,0,0
83593,0,0.063572384,0.035928145,0.055993713,0.025263159,0,0
83594,0,0.044235658,0.02248394,0.057467572,0.025263159,0,0
83595,0,0.035373885,0.02248394,0.060758103,0.025263159,0,0
83596,0,0.056831546,0.03484915,0.08214632,0.04532967,0,0
83597,0,0.059682444,0.035928145,0.10847626,0.06716418,0,0
83598,0,0.05897743,0.035928145,0.13767242,0.092920355,0,0
83599,0,0.06188685,0.035928145,0.1708113,0.09982175,0,0
83600,0,0.0858971,0.035928145,0.1571142,0.092920355,0,0
83601,0,0.08626223,0.035928145,0.17414959,0.09982175,0,0
83602,0,0.0779472,0.035928145,0.17184576,0.09982175,0,0
83603,0,0.07543869,0.035928145,0.12761621,0.078028746,0,0
83604,0,0.085324205,0.035928145,0.16105038,0.092920355,0,0
83605,0,0.08011464,0.035928145,0.14371033,0.092920355,0,0
83606,0,0.083683185,0.035928145,0.15287313,0.092920355,0,0
83607,1,0.083855726,0.035928145,0.20096737,0.09982175,0,0
83608,0,0.15968719,0.1554054,0.16538337,0.09982175,0,0
83609,0,0.09254274,0.057771664,0.19617866,0.09982175,0,0
83610,0,0.08863009,0.035928145,0.18328443,0.09982175,0,0
83611,0,0.07566476,0.035928145,0.23204154,0.10289389,0,0
83612,0,0.07839334,0.035928145,0.19635731,0.09982175,0,0
83613,0,0.07434203,0.035928145,0.16867854,0.09982175,0,0
83614,0,0.06671985,0.035928145,0.17230754,0.09982175,0,0
83615,0,0.09296502,0.057771664,0.1830561,0.09982175,0,0
83616,0,0.088550776,0.035928145,0.1726462,0.09982175,0,0
83617,0,0.08175757,0.035928145,0.13639413,0.08955224,0,0
83618,0,0.05623203,0.027237354,0.0899853,0.04532967,0,0
83619,0,0.035743393,0.02248394,0.07717132,0.04532967,0,0
83620,0,0.04916029,0.02248394,0.07888761,0.04532967,0,0
83621,0,0.043883152,0.02248394,0.0974415,0.04532967,0,0
83622,0,0.03733915,0.02248394,0.099230535,0.04532967,0,0
83623,0,0.024230136,0.0017482517,0.06424141,0.025263159,0,0
83624,0,0.034821156,0.02248394,0.058652434,0.025263159,0,0
83625,0,0.026715597,0.004761905,0.072195925,0.025263159,0,0
83626,0,0.031111248,0.02248394,0.078984365,0.04532967,0,0
83627,0,0.028940162,0.02248394,0.080081545,0.04532967,0,0
83628,0,0.03489354,0.02248394,0.057185806,0.025263159,0,0
83629,0,0.028494721,0.004761905,0.060928382,0.025263159,0,0
83630,0,0.036396965,0.02248394,0.06214436,0.025263159,0,0
83631,0,0.031448733,0.02248394,0.060226284,0.025263159,0,0
83632,0,0.02771959,0.004761905,0.06051124,0.025263159,0,0
83633,0,0.02976214,0.02248394,0.06353655,0.025263159,0,0
83634,0,0.035200737,0.02248394,0.07414826,0.04532967,0,0
83635,0,0.032262843,0.02248394,0.05925359,0.025263159,0,0
83636,0,0.027385771,0.004761905,0.048887316,0.017391304,0,0
83637,0,0.033095874,0.02248394,0.049130667,0.017391304,0,0
83638,0,0.029073287,0.02248394,0.05355315,0.025263159,0,0
83639,0,0.03984722,0.02248394,0.066484764,0.025263159,0,0
83640,0,0.035179175,0.02248394,0.05583103,0.025263159,0,0
83641,0,0.04199849,0.02248394,0.057523362,0.025263159,0,0
83642,0,0.030883001,0.02248394,0.05635872,0.025263159,0,0
83643,0,0.04486521,0.02248394,0.05718176,0.025263159,0,0
83644,0,0.0395042,0.02248394,0.05908168,0.025263159,0,0
83645,0,0.034941543,0.02248394,0.068459116,0.025263159,0,0
83646,0,0.037379835,0.02248394,0.049724255,0.017391304,0,0
83647,0,0.039075803,0.02248394,0.052753657,0.022320597,0,0
83648,0,0.032322615,0.02248394,0.0600226,0.025263159,0,0
83649,0,0.03598672,0.02248394,0.057395548,0.025263159,0,0
83650,0,0.036456984,0.02248394,0.061548468,0.025263159,0,0
83651,0,0.026800103,0.004761905,0.054834355,0.025263159,0,0
83652,0,0.031619504,0.02248394,0.06632777,0.025263159,0,0
83653,0,0.03313923,0.02248394,0.06831475,0.025263159,0,0
83654,0,0.03335997,0.02248394,0.07103395,0.025263159,0,0
83655,0,0.036829848,0.02248394,0.05975281,0.025263159,0,0
83656,0,0.038291767,0.02248394,0.053455733,0.025263159,0,0
83657,0,0.031926047,0.02248394,0.049002323,0.017391304,0,0
83658,0,0.028072713,0.004761905,0.04985165,0.017391304,0,0
83659,0,0.023759604,0.0017482517,0.058386177,0.025263159,0,0
83660,0,0.029813236,0.02248394,0.048400633,0.017391304,0,0
83661,0,0.026695235,0.004761905,0.037961986,0.009259258,0,0
83662,0,0.03299229,0.02248394,0.04170428,0.017391304,0,0
83663,0,0.015920453,0.0017482517,0.043236945,0.017391304,0,0
83664,0,0.02103202,0.0017482517,0.043996282,0.017391304,0,0
83665,0,0.02253542,0.0017482517,0.06329094,0.025263159,0,0
83666,0,0.03094222,0.02248394,0.07509204,0.04532967,0,0
83667,0,0.032542024,0.02248394,0.06621244,0.025263159,0,0
83668,0,0.043473244,0.02248394,0.06600358,0.025263159,0,0
83669,0,0.043443233,0.02248394,0.06762556,0.025263159,0,0
83670,0,0.029691268,0.02248394,0.055977277,0.025263159,0,0
83671,0,0.031617988,0.02248394,0.044810582,0.017391304,0,0
83672,0,0.026473645,0.004761905,0.053548746,0.025263159,0,0
83673,0,0.030138059,0.02248394,0.055043112,0.025263159,0,0
83674,0,0.024162896,0.0017482517,0.038258146,0.009259258,0,0
83675,0,0.025687218,0.004761905,0.04471126,0.017391304,0,0
83676,0,0.018913519,0.0017482517,0.037825402,0.009259258,0,0
83677,0,0.022981862,0.0017482517,0.03711575,0.009259258,0,0
83678,0,0.021893261,0.0017482517,0.04268702,0.017391304,0,0
83679,0,0.026623186,0.004761905,0.03439774,0.009259258,0,0
83680,0,0.022277527,0.0017482517,0.03641681,0.009259258,0,0
83681,0,0.021875538,0.0017482517,0.035448797,0.009259258,0,0
83682,0,0.03222232,0.02248394,0.038491,0.009259258,0,0
83683,0,0.021632675,0.0017482517,0.029393405,0.009259258,0,0
83684,0,0.02406696,0.0017482517,0.037702974,0.009259258,0,0
83685,0,0.019745277,0.0017482517,0.028733037,0.009259258,0,0
83686,0,0.022954067,0.0017482517,0.029162472,0.009259258,0,0
83687,0,0.02710572,0.004761905,0.034336366,0.009259258,0,0
83688,0,0.022672443,0.0017482517,0.025761893,0.009259258,0,0
83689,0,0.021370692,0.0017482517,0.025392987,0.009259258,0,0
83690,0,0.017975139,0.0017482517,0.024039067,0.009259258,0,0
83691,0,0.023854686,0.0017482517,0.03512438,0.009259258,0,0
83692,0,0.026746359,0.004761905,0.02690701,0.009259258,0,0
83693,0,0.02028806,0.0017482517,0.03865696,0.009259258,0,0
83694,0,0.023017792,0.0017482517,0.0207148,0.0013605442,0,0
83695,0,0.020394884,0.0017482517,0.019914633,0.0013605442,0,0
83696,0,0.01715109,0.0017482517,0.01767392,0.0013605442,0,0
83697,0,0.029616661,0.02248394,0.022471543,0.0013605442,0,0
83698,0,0.033292383,0.02248394,0.033098467,0.009259258,0,0
83699,0,0.027246602,0.004761905,0.024551237,0.009259258,0,0
83700,0,0.026491156,0.004761905,0.02248993,0.0013605442,0,0
83701,0,0.027315846,0.004761905,0.021628536,0.0013605442,0,0
83702,0,0.02617871,0.004761905,0.030080581,0.009259258,0,0
83703,0,0.026859721,0.004761905,0.023302162,0.0013605442,0,0
83704,0,0.027282076,0.004761905,0.029222595,0.009259258,0,0
83705,0,0.03374352,0.02248394,0.034602128,0.009259258,0,0
83706,0,0.039007287,0.02248394,0.031728864,0.009259258,0,0
83707,0,0.025233092,0.004761905,0.028171893,0.009259258,0,0
83708,0,0.03090914,0.02248394,0.02321646,0.0013605442,0,0
83709,0,0.025465043,0.004761905,0.024880167,0.009259258,0,0
83710,0,0.023166254,0.0017482517,0.013907407,0.0013605442,0,0
83711,0,0.029031603,0.02248394,0.023186587,0.0013605442,0,0
83712,0,0.021357019,0.0017482517,0.030109743,0.009259258,0,0
83713,0,0.023125075,0.0017482517,0.022536242,0.0013605442,0,0
83714,0,0.017771732,0.0017482517,0.016106501,0.0013605442,0,0
83715,0,0.020526672,0.0017482517,0.021749567,0.0013605442,0,0
83716,0,0.023472833,0.0017482517,0.015396257,0.0013605442,0,0
83717,0,0.018158173,0.0017482517,0.011941531,0.0013605442,0,0
83718,0,0.021618504,0.0017482517,0.04184486,0.017391304,0,0
83719,0,0.021332761,0.0017482517,0.058717877,0.025263159,0,0
83720,0,0.023899272,0.0017482517,0.048359197,0.017391304,0,0
83721,0,0.02687259,0.004761905,0.035818156,0.009259258,0,0
83722,0,0.026509555,0.004761905,0.03882087,0.009259258,0,0
83723,0,0.033125572,0.02248394,0.033514146,0.009259258,0,0
83724,0,0.020933907,0.0017482517,0.029571915,0.009259258,0,0
83725,0,0.028581806,0.004761905,0.034244772,0.009259258,0,0
83726,0,0.03212953,0.02248394,0.039619904,0.009259258,0,0
83727,0,0.035798006,0.02248394,0.057742584,0.025263159,0,0
83728,0,0.040659282,0.02248394,0.04677198,0.017391304,0,0
83729,0,0.04840523,0.02248394,0.056754306,0.025263159,0,0
83730,0,0.03264035,0.02248394,0.049269233,0.017391304,0,0
83731,0,0.03797581,0.02248394,0.04560493,0.017391304,0,0
83732,0,0.027141701,0.004761905,0.03297982,0.009259258,0,0
83733,0,0.025199244,0.004761905,0.024968686,0.009259258,0,0
83734,0,0.029900279,0.02248394,0.038379297,0.009259258,0,0
83735,0,0.034779467,0.02248394,0.04207955,0.017391304,0,0
83736,0,0.042578064,0.02248394,0.036982726,0.009259258,0,0
83737,0,0.036235716,0.02248394,0.050589878,0.017391304,0,0
83738,0,0.02924583,0.02248394,0.042950552,0.017391304,0,0
83739,0,0.042588446,0.02248394,0.050551508,0.017391304,0,0
83740,0,0.039324034,0.02248394,0.04679143,0.017391304,0,0
83741,0,0.044824217,0.02248394,0.053568687,0.025263159,0,0
83742,0,0.052395936,0.027237354,0.061069116,0.025263159,0,0
83743,0,0.053372603,0.027237354,0.07757464,0.04532967,0,0
83744,0,0.061028425,0.035928145,0.09035355,0.04532967,0,0
83745,0,0.048787452,0.02248394,0.06599656,0.025263159,0,0
83746,0,0.048475828,0.02248394,0.07345333,0.025263159,0,0
83747,0,0.05589235,0.027237354,0.09727659,0.04532967,0,0
83748,0,0.05265298,0.027237354,0.07057192,0.025263159,0,0
83749,0,0.04341921,0.02248394,0.050109245,0.017391304,0,0
83750,0,0.0557674,0.027237354,0.058012176,0.025263159,0,0
83751,0,0.036073454,0.02248394,0.04143846,0.013459155,0,0
83752,0,0.029345766,0.02248394,0.067278415,0.025263159,0,0
83753,0,0.036695156,0.02248394,0.031945206,0.009259258,0,0
83754,0,0.037265766,0.02248394,0.033517256,0.009259258,0,0
83755,0,0.040009376,0.02248394,0.03453276,0.009259258,0,0
83756,0,0.032261927,0.02248394,0.0318133,0.009259258,0,0
83757,0,0.04076287,0.02248394,0.03530447,0.009259258,0,0
83758,0,0.029338246,0.02248394,0.025477529,0.009259258,0,0
83759,0,0.022348454,0.0017482517,0.021793742,0.0013605442,0,0
83760,0,0.028184911,0.004761905,0.02576698,0.009259258,0,0
83761,0,0.02469235,0.004761905,0.022619657,0.0013605442,0,0
83762,0,0.02401711,0.0017482517,0.023622328,0.0013605442,0,0
83763,0,0.027868504,0.004761905,0.027955929,0.009259258,0,0
83764,0,0.027328208,0.004761905,0.025618318,0.009259258,0,0
83765,0,0.027454518,0.004761905,0.027463851,0.009259258,0,0
83766,0,0.026933717,0.004761905,0.0283154,0.009259258,0,0
83767,0,0.028387655,0.004761905,0.034995005,0.009259258,0,0
83768,0,0.025817739,0.004761905,0.043466736,0.017391304,0,0
83769,0,0.026073348,0.004761905,0.041536797,0.017391304,0,0
83770,0,0.026359648,0.004761905,0.041253474,0.009259258,0,0
83771,0,0.026148204,0.004761905,0.028603178,0.009259258,0,0
83772,0,0.027956005,0.004761905,0.030188147,0.009259258,0,0
83773,0,0.02591118,0.004761905,0.03913408,0.009259258,0,0
83774,0,0.023151033,0.0017482517,0.037443995,0.009259258,0,0
83775,0,0.021289134,0.0017482517,0.036349915,0.009259258,0,0
83776,0,0.022404611,0.0017482517,0.04482098,0.017391304,0,0
83777,0,0.025034731,0.004761905,0.039690524,0.009259258,0,0
83778,0,0.02840973,0.004761905,0.043652058,0.017391304,0,0
83779,0,0.032565393,0.02248394,0.043465678,0.017391304,0,0
83780,0,0.026672764,0.004761905,0.048932485,0.017391304,0,0
83781,0,0.03422762,0.02248394,0.04090146,0.009259258,0,0
83782,0,0.03285625,0.02248394,0.04311799,0.017391304,0,0
83783,0,0.03331239,0.02248394,0.041194227,0.009259258,0,0
83784,0,0.033243056,0.02248394,0.043758124,0.017391304,0,0
83785,0,0.02916796,0.02248394,0.046321698,0.017391304,0,0
83786,0,0.033017803,0.02248394,0.043110758,0.017391304,0,0
83787,0,0.03445097,0.02248394,0.035066687,0.009259258,0,0
83788,0,0.027680323,0.004761905,0.049730558,0.017391304,0,0
83789,0,0.03278038,0.02248394,0.038437016,0.009259258,0,0
83790,0,0.027354266,0.004761905,0.04741771,0.017391304,0,0
83791,0,0.028444948,0.004761905,0.03787312,0.009259258,0,0
83792,0,0.02323899,0.0017482517,0.029062022,0.009259258,0,0
83793,0,0.021703968,0.0017482517,0.021957548,0.0013605442,0,0
83794,0,0.023220653,0.0017482517,0.033022616,0.009259258,0,0
83795,0,0.027700622,0.004761905,0.054850567,0.025263159,0,0
83796,0,0.034007005,0.02248394,0.03483995,0.009259258,0,0
83797,0,0.027835866,0.004761905,0.030742781,0.009259258,0,0
83798,0,0.025265325,0.004761905,0.032903295,0.009259258,0,0
83799,0,0.028438976,0.004761905,0.028422683,0.009259258,0,0
83800,0,0.030405367,0.02248394,0.029174935,0.009259258,0,0
83801,0,0.028697314,0.004761905,0.028292745,0.009259258,0,0
83802,0,0.027656341,0.004761905,0.030356713,0.009259258,0,0
83803,0,0.02695043,0.004761905,0.029421046,0.009259258,0,0
83804,0,0.028611485,0.004761905,0.030551717,0.009259258,0,0
83805,0,0.035866916,0.02248394,0.025926445,0.009259258,0,0
83806,0,0.029241687,0.02248394,0.026048495,0.009259258,0,0
83807,0,0.029372305,0.02248394,0.025462735,0.009259258,0,0
83808,0,0.03149752,0.02248394,0.028816162,0.009259258,0,0
83809,0,0.03639286,0.02248394,0.027814988,0.009259258,0,0
83810,0,0.0257911,0.004761905,0.021835746,0.0013605442,0,0
83811,0,0.02992538,0.02248394,0.023782494,0.009259258,0,0
83812,0,0.030136254,0.02248394,0.023128852,0.0013605442,0,0
83813,0,0.040369067,0.02248394,0.03754509,0.009259258,0,0
83814,0,0.03105494,0.02248394,0.0419192,0.017391304,0,0
83815,0,0.027236532,0.004761905,0.036774028,0.009259258,0,0
83816,0,0.02881352,0.01140129,0.031630408,0.009259258,0,0
83817,0,0.034329586,0.02248394,0.043750193,0.017391304,0,0
83818,0,0.03040423,0.02248394,0.047551524,0.017391304,0,0
83819,0,0.031865142,0.02248394,0.056826644,0.025263159,0,0
83820,0,0.03192972,0.02248394,0.05919904,0.025263159,0,0
83821,0,0.03580761,0.02248394,0.05642838,0.025263159,0,0
83822,0,0.022449622,0.0017482517,0.03903153,0.009259258,0,0
83823,0,0.030292837,0.02248394,0.06154736,0.025263159,0,0
83824,0,0.027117996,0.004761905,0.05226011,0.017391304,0,0
83825,0,0.0282762,0.004761905,0.053109355,0.025263159,0,0
83826,0,0.023819618,0.0017482517,0.03793155,0.009259258,0,0
83827,0,0.018325169,0.0017482517,0.020665,0.0013605442,0,0
83828,0,0.015560219,0.0017482517,0.021891572,0.0013605442,0,0
83829,0,0.01869487,0.0017482517,0.027321571,0.009259258,0,0
83830,0,0.014995712,0.0017482517,0.02208215,0.0013605442,0,0
83831,0,0.017185945,0.0017482517,0.019952346,0.0013605442,0,0
83832,0,0.017928442,0.0017482517,0.027908077,0.009259258,0,0
83833,0,0.017870879,0.0017482517,0.021962235,0.0013605442,0,0
83834,0,0.014296408,0.0017482517,0.01929775,0.0013605442,0,0
83835,0,0.02042906,0.0017482517,0.020220276,0.0013605442,0,0
83836,0,0.018963829,0.0017482517,0.01962983,0.0013605442,0,0
83837,0,0.025228221,0.004761905,0.015602825,0.0013605442,0,0
83838,0,0.023293713,0.0017482517,0.014620437,0.0013605442,0,0
83839,0,0.021814292,0.0017482517,0.01467462,0.0013605442,0,0
83840,0,0.023082811,0.0017482517,0.0136677455,0.0013605442,0,0
83841,0,0.02165216,0.0017482517,0.014978952,0.0013605442,0,0
83842,0,0.022586906,0.0017482517,0.013441122,0.0013605442,0,0
83843,0,0.022393387,0.0017482517,0.015392548,0.0013605442,0,0
83844,0,0.023838805,0.0017482517,0.014791626,0.0013605442,0,0
83845,0,0.02174067,0.0017482517,0.015462956,0.0013605442,0,0
83846,0,0.021049155,0.0017482517,0.0150315,0.0013605442,0,0
83847,0,0.017383888,0.0017482517,0.013938306,0.0013605442,0,0
83848,0,0.016737452,0.0017482517,0.014537534,0.0013605442,0,0
83849,0,0.01888436,0.0017482517,0.01306985,0.0013605442,0,0
83850,0,0.018194228,0.0017482517,0.011468489,0.0013605442,0,0
83851,0,0.018156609,0.0017482517,0.011289952,0.0013605442,0,0
83852,0,0.020000558,0.0017482517,0.010554994,0.0013605442,0,0
83853,0,0.014441152,0.0017482517,0.010676796,0.0013605442,0,0
83854,0,0.012745638,0.0017482517,0.009726918,0.0013605442,0,0
83855,0,0.013894008,0.0017482517,0.009719173,0.0013605442,0,0
83856,0,0.011012334,0.0017482517,0.008721714,0.0,0,0
83857,0,0.008308995,0.0017482517,0.008483591,0.0,0,0
83858,0,0.010538117,0.0017482517,0.00967446,0.0013605442,0,0
83859,0,0.012803796,0.0017482517,0.0068569616,0.0,0,0
83860,0,0.00903632,0.0017482517,0.0075994227,0.0,0,0
83861,0,0.010784893,0.0017482517,0.008385302,0.0,0,0
83862,0,0.015184335,0.0017482517,0.008477588,0.0,0,0
83863,0,0.013442627,0.0017482517,0.008862471,0.0,0,0
83864,0,0.012589068,0.0017482517,0.007389893,0.0,0,0
83865,0,0.012645122,0.0017482517,0.00780979,0.0,0,0
83866,0,0.01272988,0.0017482517,0.0080070915,0.0,0,0
83867,0,0.012939199,0.0017482517,0.008942484,0.0013605442,0,0
83868,0,0.01138531,0.0017482517,0.0096716415,0.0013605442,0,0
83869,0,0.01106404,0.0017482517,0.008887516,0.0005811451,0,0
83870,0,0.010278401,0.0017482517,0.007764385,0.0,0,0
83871,0,0.011682241,0.0017482517,0.008812866,0.0,0,0
83872,0,0.010662285,0.0017482517,0.008043982,0.0,0,0
83873,0,0.007955523,0.0017482517,0.009800891,0.0013605442,0,0
83874,0,0.009579289,0.0017482517,0.009548272,0.0013605442,0,0
83875,0,0.0097649535,0.0017482517,0.012081402,0.0013605442,0,0
83876,0,0.008367826,0.0017482517,0.010567602,0.0013605442,0,0
83877,0,0.007107888,0.0017482517,0.009350001,0.0013605442,0,0
83878,0,0.0056232885,0.0017482517,0.00785428,0.0,0,0
83879,0,0.0044288067,0.0,0.005598575,0.0,0,0
83880,0,0.0049733045,0.0017482517,0.0089146355,0.0013605442,0,0
83881,0,0.004967039,0.0017482517,0.0068572573,0.0,0,0
83882,0,0.0042740284,0.0,0.0055074063,0.0,0,0
83883,0,0.008929128,0.0017482517,0.021956455,0.0013605442,0,0
83884,0,0.009329865,0.0017482517,0.013659706,0.0013605442,0,0
83885,0,0.007470272,0.0017482517,0.010363964,0.0013605442,0,0
83886,0,0.018923882,0.0017482517,0.027356856,0.009259258,0,0
83887,0,0.016551446,0.0017482517,0.026436845,0.009259258,0,0
83888,0,0.028407076,0.004761905,0.037096627,0.009259258,0,0
83889,0,0.03087289,0.02248394,0.035816748,0.009259258,0,0
83890,0,0.041040182,0.02248394,0.047877505,0.017391304,0,0
83891,0,0.052905694,0.027237354,0.05139927,0.017391304,0,0
83892,0,0.049260624,0.02248394,0.05850181,0.025263159,0,0
83893,0,0.066932194,0.035928145,0.08870985,0.04532967,0,0
83894,0,0.053250086,0.027237354,0.083544396,0.04532967,0,0
83895,0,0.024731088,0.004761905,0.05998318,0.025263159,0,0
83896,0,0.024346659,0.004761905,0.045436688,0.017391304,0,0
83897,0,0.02144641,0.0017482517,0.055565387,0.025263159,0,0
83898,0,0.024973022,0.004761905,0.054117918,0.025263159,0,0
83899,0,0.02399456,0.0017482517,0.054522432,0.025263159,0,0
83900,0,0.021472385,0.0017482517,0.04031958,0.009259258,0,0
83901,0,0.02860715,0.004761905,0.042386428,0.017391304,0,0
83902,0,0.026357692,0.004761905,0.087808184,0.04532967,0,0
83903,0,0.018552369,0.0017482517,0.031828623,0.009259258,0,0
83904,0,0.03403272,0.02248394,0.07161274,0.025263159,0,0
83905,0,0.03804265,0.02248394,0.07399127,0.04532967,0,0
83906,0,0.03932597,0.02248394,0.07251484,0.025263159,0,0
83907,0,0.04074342,0.02248394,0.09825025,0.04532967,0,0
83908,0,0.040918894,0.02248394,0.0806353,0.04532967,0,0
83909,0,0.05344576,0.027237354,0.085459664,0.04532967,0,0
83910,0,0.05013881,0.02248394,0.08983307,0.04532967,0,0
83911,0,0.04080961,0.02248394,0.1023373,0.04532967,0,0
83912,0,0.044641756,0.02248394,0.10516527,0.05050505,0,0
83913,0,0.04537002,0.02248394,0.1143884,0.078028746,0,0
83914,0,0.021578012,0.0017482517,0.066839814,0.025263159,0,0
83915,0,0.02621677,0.004761905,0.067446016,0.025263159,0,0
83916,0,0.016527906,0.0017482517,0.06385248,0.025263159,0,0
83917,0,0.018127866,0.0017482517,0.03710539,0.009259258,0,0
83918,0,0.01883265,0.0017482517,0.033651605,0.009259258,0,0
83919,0,0.015764328,0.0017482517,0.03068353,0.009259258,0,0
83920,0,0.0144340545,0.0017482517,0.02280661,0.0013605442,0,0
83921,0,0.015021089,0.0017482517,0.02427386,0.009259258,0,0
83922,0,0.011108129,0.0017482517,0.021217009,0.0013605442,0,0
83923,0,0.010518386,0.0017482517,0.020474253,0.0013605442,0,0
83924,0,0.013606959,0.0017482517,0.026570436,0.009259258,0,0
83925,0,0.022399798,0.0017482517,0.040810686,0.009259258,0,0
83926,0,0.01884729,0.0017482517,0.025303025,0.009259258,0,0
83927,0,0.023690745,0.0017482517,0.020815684,0.0013605442,0,0
83928,0,0.02251975,0.0017482517,0.024081675,0.009259258,0,0
83929,0,0.018298877,0.0017482517,0.0201973,0.0013605442,0,0
83930,0,0.022419306,0.0017482517,0.024429118,0.009259258,0,0
83931,0,0.012364019,0.0017482517,0.014628325,0.0013605442,0,0
83932,0,0.008284261,0.0017482517,0.013288448,0.0013605442,0,0
83933,0,0.009799225,0.0017482517,0.015198352,0.0013605442,0,0
83934,0,0.014766374,0.0017482517,0.017258987,0.0013605442,0,0
83935,0,0.014184576,0.0017482517,0.017258987,0.0013605442,0,0
83936,0,0.013227782,0.0017482517,0.015743183,0.0013605442,0,0
83937,0,0.012328707,0.0017482517,0.014586128,0.0013605442,0,0
83938,0,0.01463344,0.0017482517,0.016392512,0.0013605442,0,0
83939,0,0.011305186,0.0017482517,0.017444806,0.0013605442,0,0
83940,0,0.008957477,0.0017482517,0.015520667,0.0013605442,0,0
83941,0,0.004203393,0.0,0.0069701695,0.0,0,0
83942,0,0.006527702,0.0017482517,0.008077094,0.0,0,0
83943,0,0.0049604983,0.0017482517,0.0073366114,0.0,0,0
83944,0,0.004396789,0.0,0.0076075075,0.0,0,0
83945,0,0.017597143,0.0017482517,0.032169692,0.009259258,0,0
83946,0,0.021026071,0.0017482517,0.02283208,0.0013605442,0,0
83947,0,0.025705945,0.004761905,0.031166283,0.009259258,0,0
83948,0,0.027617801,0.004761905,0.036364876,0.009259258,0,0
83949,0,0.025806086,0.004761905,0.039888974,0.009259258,0,0
83950,0,0.029163836,0.02248394,0.050737508,0.017391304,0,0
83951,0,0.03515671,0.02248394,0.04883372,0.017391304,0,0
83952,0,0.03548735,0.02248394,0.045265045,0.017391304,0,0
83953,0,0.040588953,0.02248394,0.06780758,0.025263159,0,0
83954,0,0.03334627,0.02248394,0.067447394,0.025263159,0,0
83955,0,0.018786548,0.0017482517,0.058371536,0.025263159,0,0
83956,0,0.024969144,0.004761905,0.07110112,0.025263159,0,0
83957,0,0.021621715,0.0017482517,0.049243644,0.017391304,0,0
83958,0,0.023240555,0.0017482517,0.04198425,0.017391304,0,0
83959,0,0.021612741,0.0017482517,0.037418813,0.009259258,0,0
83960,0,0.020399326,0.0017482517,0.036286447,0.009259258,0,0
83961,0,0.017456006,0.0017482517,0.031194465,0.009259258,0,0
83962,0,0.014652751,0.0017482517,0.025387965,0.009259258,0,0
83963,0,0.011955538,0.0017482517,0.022649854,0.0013605442,0,0
83964,0,0.008791092,0.0017482517,0.01885151,0.0013605442,0,0
83965,0,0.016508803,0.0017482517,0.026065078,0.009259258,0,0
83966,0,0.016881604,0.0017482517,0.024417182,0.009259258,0,0
83967,0,0.013026325,0.0017482517,0.025624378,0.009259258,0,0
83968,0,0.018978357,0.0017482517,0.017610757,0.0013605442,0,0
83969,0,0.018959712,0.0017482517,0.015941212,0.0013605442,0,0
83970,0,0.01546118,0.0017482517,0.010600873,0.0013605442,0,0
83971,0,0.016919997,0.0017482517,0.013657671,0.0013605442,0,0
83972,0,0.017380606,0.0017482517,0.0131659955,0.0013605442,0,0
83973,0,0.014584833,0.0017482517,0.012850639,0.0013605442,0,0
83974,0,0.0145335775,0.0017482517,0.012907271,0.0013605442,0,0
83975,0,0.025438696,0.004761905,0.02823716,0.009259258,0,0
83976,0,0.023469815,0.0017482517,0.022177186,0.0013605442,0,0
83977,0,0.03458747,0.02248394,0.034639187,0.009259258,0,0
83978,0,0.03745945,0.02248394,0.034124292,0.009259258,0,0
83979,0,0.024454866,0.004761905,0.041640017,0.017391304,0,0
83980,0,0.025998132,0.004761905,0.01926752,0.0013605442,0,0
83981,0,0.019985853,0.0017482517,0.019147513,0.0013605442,0,0
83982,0,0.019582871,0.0017482517,0.020459851,0.0013605442,0,0
83983,0,0.013664982,0.0017482517,0.016129224,0.0013605442,0,0
83984,0,0.015116985,0.0017482517,0.014571467,0.0013605442,0,0
83985,0,0.014112638,0.0017482517,0.021306403,0.0013605442,0,0
83986,0,0.013261046,0.0017482517,0.015324843,0.0013605442,0,0
83987,0,0.012012934,0.0017482517,0.014688493,0.0013605442,0,0
83988,0,0.01210886,0.0017482517,0.01679874,0.0013605442,0,0
83989,0,0.0118452925,0.0017482517,0.014393331,0.0013605442,0,0
83990,0,0.012372866,0.0017482517,0.016078597,0.0013605442,0,0
83991,0,0.013503217,0.0017482517,0.016498176,0.0013605442,0,0
83992,0,0.012046598,0.0017482517,0.016613109,0.0013605442,0,0
83993,0,0.012668534,0.0017482517,0.013984671,0.0013605442,0,0
83994,0,0.010505663,0.0017482517,0.011201314,0.0013605442,0,0
83995,0,0.010669269,0.0017482517,0.01156791,0.0013605442,0,0
83996,0,0.010315639,0.0017482517,0.011201314,0.0013605442,0,0
83997,0,0.011552724,0.0017482517,0.01156791,0.0013605442,0,0
83998,0,0.009935504,0.0017482517,0.011201314,0.0013605442,0,0
83999,0,0.013740454,0.0017482517,0.015821673,0.0013605442,0,0
84000,0,0.011036999,0.0017482517,0.00953274,0.0013605442,0,0
84001,0,0.011503246,0.0017482517,0.010438562,0.0013605442,0,0
84002,0,0.0108927,0.0017482517,0.010048331,0.0013605442,0,0
84003,0,0.012588547,0.0017482517,0.0148935355,0.0013605442,0,0
84004,0,0.0136003755,0.0017482517,0.009662561,0.0013605442,0,0
84005,0,0.013139319,0.0017482517,0.013668273,0.0013605442,0,0
84006,0,0.012512764,0.0017482517,0.009935649,0.0013605442,0,0
84007,0,0.011542884,0.0017482517,0.013618484,0.0013605442,0,0
84008,0,0.010589931,0.0017482517,0.00901141,0.0013605442,0,0
84009,0,0.009244924,0.0017482517,0.011477882,0.0013605442,0,0
84010,0,0.009916179,0.0017482517,0.008985739,0.0013605442,0,0
84011,0,0.009722905,0.0017482517,0.011057618,0.0013605442,0,0
84012,0,0.009679253,0.0017482517,0.011224099,0.0013605442,0,0
84013,0,0.006892545,0.0017482517,0.012859268,0.0013605442,0,0
84014,0,0.0075963126,0.0017482517,0.012656688,0.0013605442,0,0
84015,0,0.0067849364,0.0017482517,0.013028067,0.0013605442,0,0
84016,0,0.009151098,0.0017482517,0.012355118,0.0013605442,0,0
84017,0,0.008855479,0.0017482517,0.010972847,0.0013605442,0,0
84018,0,0.008235954,0.0017482517,0.014457891,0.0013605442,0,0
84019,0,0.008274775,0.0017482517,0.013658577,0.0013605442,0,0
84020,0,0.006421519,0.0017482517,0.014870932,0.0013605442,0,0
84021,0,0.006882128,0.0017482517,0.014076143,0.0013605442,0,0
84022,0,0.008755691,0.0017482517,0.012778508,0.0013605442,0,0
84023,0,0.010316977,0.0017482517,0.015260154,0.0013605442,0,0
84024,0,0.009258653,0.0017482517,0.015016849,0.0013605442,0,0
84025,0,0.009960709,0.0017482517,0.02139755,0.0013605442,0,0
84026,0,0.0111655835,0.0017482517,0.024788003,0.009259258,0,0
84027,0,0.012882029,0.0017482517,0.037181996,0.009259258,0,0
84028,0,0.020154865,0.0017482517,0.028984796,0.009259258,0,0
84029,0,0.027306616,0.004761905,0.025267176,0.009259258,0,0
84030,0,0.03842757,0.02248394,0.026944565,0.009259258,0,0
84031,0,0.028754577,0.004761905,0.02590751,0.009259258,0,0
84032,0,0.0753398,0.035928145,0.04461533,0.017391304,0,0
84033,0,0.05981535,0.035928145,0.05174265,0.017391304,0,0
84034,0,0.050506566,0.02248394,0.067233205,0.025263159,0,0
84035,0,0.071331605,0.035928145,0.056149412,0.025263159,0,0
84036,0,0.05371391,0.027237354,0.075223476,0.04532967,0,0
84037,0,0.034117974,0.02248394,0.041889377,0.017391304,0,0
84038,0,0.029188754,0.02248394,0.04126944,0.009259258,0,0
84039,0,0.025550857,0.004761905,0.05559983,0.025263159,0,0
84040,0,0.028698565,0.004761905,0.04627118,0.017391304,0,0
84041,0,0.026868638,0.004761905,0.027414002,0.009259258,0,0
84042,0,0.03422416,0.02248394,0.06134317,0.025263159,0,0
84043,0,0.030658482,0.02248394,0.030742355,0.009259258,0,0
84044,0,0.032588888,0.02248394,0.039357446,0.009259258,0,0
84045,0,0.03135546,0.02248394,0.026279695,0.009259258,0,0
84046,0,0.03441831,0.02248394,0.036456738,0.009259258,0,0
84047,0,0.025240472,0.004761905,0.024403324,0.009259258,0,0
84048,0,0.020104429,0.0017482517,0.025513507,0.009259258,0,0
84049,0,0.019078901,0.0017482517,0.02211178,0.0013605442,0,0
84050,0,0.020584382,0.0017482517,0.019128231,0.0013605442,0,0
84051,0,0.017414981,0.0017482517,0.017432878,0.0013605442,0,0
84052,0,0.017274708,0.0017482517,0.018306306,0.0013605442,0,0
84053,0,0.019847343,0.0017482517,0.025053639,0.009259258,0,0
84054,0,0.019735422,0.0017482517,0.020924533,0.0013605442,0,0
84055,0,0.01794818,0.0017482517,0.025328811,0.009259258,0,0
84056,0,0.0259797,0.004761905,0.021302313,0.0013605442,0,0
84057,0,0.024309484,0.004761905,0.02103359,0.0013605442,0,0
84058,0,0.033627503,0.02248394,0.020705372,0.0013605442,0,0
84059,0,0.02764224,0.004761905,0.054785084,0.025263159,0,0
84060,0,0.02155308,0.0017482517,0.02429165,0.009259258,0,0
84061,0,0.034230694,0.02248394,0.032539826,0.009259258,0,0
84062,0,0.020593287,0.0017482517,0.020090587,0.0013605442,0,0
84063,0,0.021230813,0.0017482517,0.030546961,0.009259258,0,0
84064,0,0.016443023,0.0017482517,0.031391934,0.009259258,0,0
84065,0,0.026333038,0.004761905,0.03426497,0.009259258,0,0
84066,0,0.027362267,0.004761905,0.041291285,0.009259258,0,0
84067,0,0.016174356,0.0017482517,0.020764012,0.0013605442,0,0
84068,0,0.014807671,0.0017482517,0.025889846,0.009259258,0,0
84069,0,0.015651317,0.0017482517,0.028196974,0.009259258,0,0
84070,0,0.018125353,0.0017482517,0.023437116,0.0013605442,0,0
84071,0,0.02193662,0.0017482517,0.026665634,0.009259258,0,0
84072,0,0.022689942,0.0017482517,0.02428062,0.009259258,0,0
84073,0,0.016724225,0.0017482517,0.030418025,0.009259258,0,0
84074,0,0.019562209,0.0017482517,0.027029628,0.009259258,0,0
84075,0,0.024789633,0.004761905,0.026547099,0.009259258,0,0
84076,0,0.017588744,0.0017482517,0.018674605,0.0013605442,0,0
84077,0,0.0136191705,0.0017482517,0.0237257,0.009259258,0,0
84078,0,0.025948629,0.004761905,0.0545513,0.025263159,0,0
84079,0,0.038133204,0.02248394,0.104286544,0.05050505,0,0
84080,0,0.034108765,0.02248394,0.08358432,0.04532967,0,0
84081,0,0.027580008,0.004761905,0.059453383,0.025263159,0,0
84082,0,0.04212243,0.02248394,0.057912268,0.025263159,0,0
84083,0,0.061497908,0.035928145,0.07578058,0.04532967,0,0
84084,0,0.04116155,0.02248394,0.07557468,0.04532967,0,0
84085,0,0.043140158,0.02248394,0.072508186,0.025263159,0,0
84086,0,0.061589744,0.035928145,0.08416026,0.04532967,0,0
84087,0,0.05705794,0.035928145,0.08655562,0.04532967,0,0
84088,0,0.06785532,0.035928145,0.093588874,0.04532967,0,0
84089,0,0.058106076,0.035928145,0.08407687,0.04532967,0,0
84090,0,0.06995747,0.035928145,0.084768236,0.04532967,0,0
84091,0,0.044092733,0.02248394,0.06203589,0.025263159,0,0
84092,0,0.043426044,0.02248394,0.07480399,0.04532967,0,0
84093,0,0.037539102,0.02248394,0.08220643,0.04532967,0,0
84094,0,0.088808425,0.035928145,0.18337318,0.09982175,0,0
84095,0,0.080967486,0.035928145,0.17991921,0.09982175,0,0
84096,0,0.10175878,0.057771664,0.19084816,0.09982175,0,0
84097,0,0.08321557,0.035928145,0.18120499,0.09982175,0,0
84098,0,0.062534116,0.035928145,0.16570665,0.09982175,0,0
84099,0,0.076047435,0.035928145,0.110790335,0.06716418,0,0
84100,0,0.07207554,0.035928145,0.08078956,0.04532967,0,0
84101,0,0.075829454,0.035928145,0.14759803,0.092920355,0,0
84102,0,0.057503257,0.035928145,0.1000637,0.04532967,0,0
84103,0,0.06309452,0.035928145,0.14214873,0.092920355,0,0
84104,0,0.04833576,0.02248394,0.11202428,0.06716418,0,0
84105,0,0.067246325,0.035928145,0.08784757,0.04532967,0,0
84106,0,0.03302457,0.02248394,0.10096983,0.04532967,0,0
84107,0,0.041542538,0.02248394,0.11305551,0.078028746,0,0
84108,0,0.05597613,0.027237354,0.12796095,0.078028746,0,0
84109,0,0.048385523,0.02248394,0.08791722,0.04532967,0,0
84110,0,0.050594874,0.02248394,0.14130867,0.092920355,0,0
84111,0,0.05257856,0.027237354,0.107091226,0.06716418,0,0
84112,0,0.06386273,0.035928145,0.12380386,0.078028746,0,0
84113,0,0.057833686,0.035928145,0.1141137,0.078028746,0,0
84114,0,0.07446979,0.035928145,0.14394076,0.092920355,0,0
84115,0,0.07208446,0.035928145,0.0694792,0.025263159,0,0
84116,0,0.10797808,0.057771664,0.0638569,0.025263159,0,0
84117,0,0.08028799,0.035928145,0.08830864,0.04532967,0,0
84118,0,0.085422054,0.035928145,0.08167376,0.04532967,0,0
84119,0,0.09611897,0.057771664,0.13402903,0.078028746,0,0
84120,0,0.10674448,0.057771664,0.11870765,0.078028746,0,0
84121,0,0.1099351,0.057771664,0.1214684,0.078028746,0,0
84122,0,0.09852354,0.057771664,0.1207492,0.078028746,0,0
84123,0,0.144766,0.06153846,0.24310143,0.10289389,0,0
84124,0,0.07075128,0.035928145,0.13752903,0.092920355,0,0
84125,0,0.06755926,0.035928145,0.13145126,0.078028746,0,0
84126,0,0.06427619,0.035928145,0.07951196,0.04532967,0,0
84127,0,0.05281672,0.027237354,0.08069151,0.04532967,0,0
84128,0,0.0766101,0.035928145,0.0883225,0.04532967,0,0
84129,0,0.07917065,0.035928145,0.12530167,0.078028746,0,0
84130,0,0.099460326,0.057771664,0.122395165,0.078028746,0,0
84131,0,0.102269724,0.057771664,0.18256487,0.09982175,0,0
84132,0,0.09067089,0.057771664,0.1434056,0.092920355,0,0
84133,0,0.111896865,0.057771664,0.18972242,0.09982175,0,0
84134,0,0.122930266,0.057771664,0.20728138,0.09982175,0,0
84135,0,0.11107294,0.057771664,0.16981117,0.09982175,0,0
84136,0,0.09666735,0.057771664,0.22195114,0.10289389,0,0
84137,0,0.078773305,0.035928145,0.15023072,0.092920355,0,0
84138,0,0.08979083,0.05263158,0.13403244,0.078028746,0,0
84139,0,0.072309874,0.035928145,0.13147753,0.078028746,0,0
84140,0,0.10175972,0.057771664,0.12856738,0.078028746,0,0
84141,0,0.08495767,0.035928145,0.124791615,0.078028746,0,0
84142,0,0.07548563,0.035928145,0.12680988,0.078028746,0,0
84143,0,0.08058373,0.035928145,0.19207826,0.09982175,0,0
84144,0,0.0809933,0.035928145,0.106575124,0.05050505,0,0
84145,0,0.0699355,0.035928145,0.10208331,0.04532967,0,0
84146,0,0.057240468,0.035928145,0.116483904,0.078028746,0,0
84147,0,0.09100639,0.057771664,0.183889,0.09982175,0,0
84148,0,0.07857306,0.035928145,0.14727847,0.092920355,0,0
84149,0,0.08847101,0.035928145,0.120108746,0.078028746,0,0
84150,0,0.08172876,0.035928145,0.12372564,0.078028746,0,0
84151,0,0.08401441,0.035928145,0.1259017,0.078028746,0,0
84152,0,0.094364904,0.057771664,0.108074315,0.06716418,0,0
84153,0,0.08623495,0.035928145,0.11119122,0.06716418,0,0
84154,0,0.10607847,0.057771664,0.11225966,0.06716418,0,0
84155,0,0.11924439,0.057771664,0.09779546,0.04532967,0,0
84156,0,0.084700316,0.035928145,0.05266623,0.017391304,0,0
84157,0,0.111592926,0.057771664,0.08991996,0.04532967,0,0
84158,0,0.09845908,0.057771664,0.12478827,0.078028746,0,0
84159,0,0.1192302,0.057771664,0.13627137,0.08955224,0,0
84160,0,0.11819669,0.057771664,0.12733124,0.078028746,0,0
84161,0,0.101448596,0.057771664,0.16561878,0.09982175,0,0
84162,0,0.09248179,0.057771664,0.14382999,0.092920355,0,0
84163,0,0.09843015,0.057771664,0.118516564,0.078028746,0,0
84164,0,0.08825205,0.035928145,0.1560247,0.092920355,0,0
84165,0,0.09460661,0.057771664,0.21036844,0.09982175,0,0
84166,0,0.10309191,0.057771664,0.14535673,0.092920355,0,0
84167,0,0.09138945,0.057771664,0.13213512,0.078028746,0,0
84168,0,0.09879271,0.057771664,0.15877391,0.092920355,0,0
84169,0,0.09631961,0.057771664,0.19441111,0.09982175,0,0
84170,0,0.105976835,0.057771664,0.13248645,0.078028746,0,0
84171,0,0.092970416,0.057771664,0.1611608,0.092920355,0,0
84172,0,0.069472596,0.035928145,0.1694109,0.09982175,0,0
84173,0,0.09618816,0.057771664,0.16839762,0.09982175,0,0
84174,0,0.10156573,0.057771664,0.15364572,0.092920355,0,0
84175,0,0.1040822,0.057771664,0.10625808,0.05050505,0,0
84176,0,0.09366244,0.057771664,0.11056924,0.06716418,0,0
84177,0,0.09866718,0.057771664,0.13993646,0.092920355,0,0
84178,0,0.10536048,0.057771664,0.13833673,0.092920355,0,0
84179,0,0.11638063,0.057771664,0.14449953,0.092920355,0,0
84180,0,0.09895316,0.057771664,0.15023917,0.092920355,0,0
84181,0,0.087468736,0.035928145,0.11068965,0.06716418,0,0
84182,0,0.10029085,0.057771664,0.11823854,0.078028746,0,0
84183,0,0.08416114,0.035928145,0.14140186,0.092920355,0,0
84184,0,0.06368911,0.035928145,0.09524812,0.04532967,0,0
84185,0,0.07519489,0.035928145,0.10048409,0.04532967,0,0
84186,0,0.06922046,0.035928145,0.12800843,0.078028746,0,0
84187,0,0.08725088,0.035928145,0.11003083,0.06716418,0,0
84188,0,0.09508206,0.057771664,0.16967766,0.09982175,0,0
84189,0,0.07948891,0.035928145,0.14006802,0.092920355,0,0
84190,0,0.07438897,0.035928145,0.14544204,0.092920355,0,0
84191,0,0.07890951,0.035928145,0.13735244,0.092920355,0,0
84192,0,0.05690798,0.035928145,0.123401575,0.078028746,0,0
84193,0,0.06731459,0.035928145,0.10447861,0.05050505,0,0
84194,0,0.115547605,0.057771664,0.15624231,0.092920355,0,0
84195,0,0.101305775,0.057771664,0.13493809,0.08955224,0,0
84196,0,0.09277216,0.057771664,0.11240005,0.06716418,0,0
84197,0,0.09822862,0.057771664,0.10832638,0.06716418,0,0
84198,0,0.08763205,0.035928145,0.13206483,0.078028746,0,0
84199,0,0.118682176,0.057771664,0.113724194,0.078028746,0,0
84200,0,0.08935376,0.05263158,0.13177983,0.078028746,0,0
84201,0,0.102483034,0.057771664,0.11263677,0.06716418,0,0
84202,0,0.090193585,0.05263158,0.14533632,0.092920355,0,0
84203,0,0.10662539,0.057771664,0.08847679,0.04532967,0,0
84204,0,0.10769206,0.057771664,0.15818183,0.092920355,0,0
84205,0,0.1322882,0.06153846,0.2302893,0.10289389,0,0
84206,0,0.09345553,0.057771664,0.2703199,0.11621621,0,0
84207,0,0.10121097,0.057771664,0.15603442,0.092920355,0,0
84208,0,0.07039652,0.035928145,0.1376771,0.092920355,0,0
84209,0,0.0884957,0.035928145,0.19790082,0.09982175,0,0
84210,0,0.0959659,0.057771664,0.1571282,0.092920355,0,0
84211,0,0.071098745,0.035928145,0.13326079,0.078028746,0,0
84212,0,0.0643079,0.035928145,0.18832524,0.09982175,0,0
84213,0,0.077331536,0.035928145,0.10051838,0.04532967,0,0
84214,0,0.06293011,0.035928145,0.12092822,0.078028746,0,0
84215,0,0.055023197,0.027237354,0.07908613,0.04532967,0,0
84216,0,0.05876771,0.035928145,0.09400277,0.04532967,0,0
84217,0,0.07601327,0.035928145,0.090891294,0.04532967,0,0
84218,0,0.05135571,0.027237354,0.081878155,0.04532967,0,0
84219,0,0.04431094,0.02248394,0.06283752,0.025263159,0,0
84220,0,0.11361928,0.057771664,0.10741215,0.06716418,0,0
84221,0,0.09776828,0.057771664,0.07133579,0.025263159,0,0
84222,0,0.08265147,0.035928145,0.09277278,0.04532967,0,0
84223,0,0.10668108,0.057771664,0.12929401,0.078028746,0,0
84224,0,0.109189324,0.057771664,0.13846205,0.092920355,0,0
84225,0,0.09554961,0.057771664,0.12554124,0.078028746,0,0
84226,0,0.111185856,0.057771664,0.20616342,0.09982175,0,0
84227,0,0.117215596,0.057771664,0.14141147,0.092920355,0,0
84228,0,0.10233664,0.057771664,0.14466493,0.092920355,0,0
84229,0,0.08207349,0.035928145,0.13675977,0.08955224,0,0
84230,0,0.12682775,0.057771664,0.13052583,0.078028746,0,0
84231,0,0.08606851,0.035928145,0.18104213,0.09982175,0,0
84232,0,0.073880345,0.035928145,0.12173804,0.078028746,0,0
84233,0,0.07945054,0.035928145,0.17240389,0.09982175,0,0
84234,0,0.10540546,0.057771664,0.12718302,0.078028746,0,0
84235,0,0.065686144,0.035928145,0.09989278,0.04532967,0,0
84236,0,0.08225045,0.035928145,0.062207855,0.025263159,0,0
84237,0,0.07731514,0.035928145,0.055986237,0.025263159,0,0
84238,0,0.10275038,0.057771664,0.058896746,0.025263159,0,0
84239,0,0.074086286,0.035928145,0.0689267,0.025263159,0,0
84240,0,0.09045212,0.05263158,0.058478795,0.025263159,0,0
84241,0,0.07486831,0.035928145,0.08913651,0.04532967,0,0
84242,0,0.0733743,0.035928145,0.063143484,0.025263159,0,0
84243,0,0.058097154,0.035928145,0.04266175,0.017391304,0,0
84244,0,0.05801453,0.035928145,0.050002247,0.017391304,0,0
84245,0,0.054490697,0.027237354,0.056421872,0.025263159,0,0
84246,0,0.055040434,0.027237354,0.07070428,0.025263159,0,0
84247,0,0.06455026,0.035928145,0.060850173,0.025263159,0,0
84248,0,0.061510485,0.035928145,0.07054403,0.025263159,0,0
84249,0,0.061393835,0.035928145,0.051688194,0.017391304,0,0
84250,0,0.057115424,0.035928145,0.062865265,0.025263159,0,0
84251,0,0.05310514,0.027237354,0.060845356,0.025263159,0,0
84252,0,0.06484721,0.035928145,0.051959094,0.017391304,0,0
84253,0,0.055336207,0.027237354,0.06617248,0.025263159,0,0
84254,0,0.06603303,0.035928145,0.08304559,0.04532967,0,0
84255,0,0.05853885,0.035928145,0.07296435,0.025263159,0,0
84256,0,0.04557416,0.02248394,0.084369324,0.04532967,0,0
84257,0,0.053798914,0.027237354,0.083619766,0.04532967,0,0
84258,0,0.05858038,0.035928145,0.07773996,0.04532967,0,0
84259,0,0.05364443,0.027237354,0.080619715,0.04532967,0,0
84260,0,0.068528466,0.035928145,0.085624196,0.04532967,0,0
84261,0,0.05137692,0.027237354,0.05904815,0.025263159,0,0
84262,0,0.057184167,0.035928145,0.06696369,0.025263159,0,0
84263,0,0.048825923,0.02248394,0.03525086,0.009259258,0,0
84264,0,0.05703552,0.035928145,0.05270067,0.017391304,0,0
84265,0,0.050506428,0.02248394,0.055018615,0.025263159,0,0
84266,0,0.067504056,0.035928145,0.07728103,0.04532967,0,0
84267,0,0.06395895,0.035928145,0.053431347,0.025263159,0,0
84268,0,0.047684137,0.02248394,0.07436964,0.04532967,0,0
84269,0,0.06273607,0.035928145,0.09383358,0.04532967,0,0
84270,0,0.06514555,0.035928145,0.07431355,0.04532967,0,0
84271,0,0.06223099,0.035928145,0.103205875,0.05050505,0,0
84272,0,0.062255707,0.035928145,0.12202986,0.078028746,0,0
84273,0,0.060693894,0.035928145,0.11093546,0.06716418,0,0
84274,0,0.06985451,0.035928145,0.1674912,0.09982175,0,0
84275,0,0.06535788,0.035928145,0.11806052,0.078028746,0,0
84276,0,0.06158241,0.035928145,0.12628736,0.078028746,0,0
84277,0,0.06933214,0.035928145,0.08077484,0.04532967,0,0
84278,0,0.071248434,0.035928145,0.07668689,0.04532967,0,0
84279,0,0.058858544,0.035928145,0.07020638,0.025263159,0,0
84280,0,0.056872394,0.035928145,0.06531819,0.025263159,0,0
84281,0,0.058843467,0.035928145,0.10618187,0.05050505,0,0
84282,0,0.08792473,0.035928145,0.1036527,0.05050505,0,0
84283,0,0.051854197,0.027237354,0.0690552,0.025263159,0,0
84284,0,0.054470528,0.027237354,0.09048669,0.04532967,0,0
84285,0,0.057547476,0.035928145,0.13618514,0.08955224,0,0
84286,0,0.062258597,0.035928145,0.08974214,0.04532967,0,0
84287,0,0.04197305,0.02248394,0.08572487,0.04532967,0,0
84288,0,0.0389996,0.02248394,0.11068104,0.06716418,0,0
84289,0,0.036895473,0.02248394,0.0872273,0.04532967,0,0
84290,0,0.04119595,0.02248394,0.08926441,0.04532967,0,0
84291,0,0.04789217,0.02248394,0.0736449,0.025263159,0,0
84292,0,0.041851204,0.02248394,0.090004146,0.04532967,0,0
84293,0,0.0685655,0.035928145,0.08042302,0.04532967,0,0
84294,0,0.06787324,0.035928145,0.097334705,0.04532967,0,0
84295,0,0.058070898,0.035928145,0.07277464,0.025263159,0,0
84296,0,0.04574992,0.02248394,0.06147438,0.025263159,0,0
84297,0,0.054934107,0.027237354,0.099931546,0.04532967,0,0
84298,0,0.052353323,0.027237354,0.13865723,0.092920355,0,0
84299,0,0.043034356,0.02248394,0.10720244,0.06716418,0,0
84300,0,0.039798185,0.02248394,0.11805334,0.078028746,0,0
84301,0,0.05684332,0.035224322,0.24672638,0.10289389,0,0
84302,0,0.062538244,0.035928145,0.117070094,0.078028746,0,0
84303,0,0.064024486,0.035928145,0.14284937,0.092920355,0,0
84304,0,0.06503546,0.035928145,0.19418551,0.09982175,0,0
84305,0,0.05787776,0.035928145,0.19263612,0.09982175,0,0
84306,0,0.05916441,0.035928145,0.14461477,0.092920355,0,0
84307,0,0.06649657,0.035928145,0.17603497,0.09982175,0,0
84308,0,0.06563627,0.035928145,0.23784828,0.10289389,0,0
84309,0,0.057499994,0.035928145,0.1409388,0.092920355,0,0
84310,0,0.061289124,0.035928145,0.1423258,0.092920355,0,0
84311,0,0.07036482,0.035928145,0.14219871,0.092920355,0,0
84312,0,0.067845546,0.035928145,0.14184842,0.092920355,0,0
84313,0,0.063680895,0.035928145,0.14059398,0.092920355,0,0
84314,0,0.06879413,0.035928145,0.17021325,0.09982175,0,0
84315,0,0.069813654,0.035928145,0.20905155,0.09982175,0,0
84316,0,0.06486042,0.035928145,0.117672436,0.078028746,0,0
84317,0,0.07117016,0.035928145,0.11276081,0.06716418,0,0
84318,0,0.081345014,0.035928145,0.16187146,0.092920355,0,0
84319,0,0.05217426,0.027237354,0.12150924,0.078028746,0,0
84320,0,0.092100665,0.057771664,0.24563749,0.10289389,0,0
84321,0,0.099997856,0.057771664,0.27439377,0.11621621,0,0
84322,0,0.09150775,0.057771664,0.22932586,0.10289389,0,0
84323,0,0.11513284,0.057771664,0.25495082,0.10289389,0,0
84324,0,0.07609765,0.035928145,0.24759085,0.10289389,0,0
84325,0,0.06604163,0.035928145,0.23291732,0.10289389,0,0
84326,0,0.079203,0.035928145,0.26766944,0.11621621,0,0
84327,0,0.11211203,0.057771664,0.28347135,0.11621621,0,0
84328,0,0.085088536,0.035928145,0.21812211,0.10289389,0,0
84329,0,0.081644155,0.035928145,0.15968159,0.092920355,0,0
84330,0,0.087870896,0.035928145,0.21123585,0.09982175,0,0
84331,0,0.079281375,0.035928145,0.29028556,0.11621621,0,0
84332,0,0.06522995,0.035928145,0.20591322,0.09982175,0,0
84333,0,0.0947332,0.057771664,0.2792884,0.11621621,0,0
84334,0,0.08238937,0.035928145,0.3307302,0.11621621,0,0
84335,0,0.09382405,0.057771664,0.3309803,0.11621621,0,0
84336,0,0.09207349,0.057771664,0.33079448,0.11621621,0,0
84337,0,0.09036391,0.05263158,0.34252778,0.11621621,0,0
84338,0,0.11397539,0.057771664,0.26381522,0.10289389,0,0
84339,0,0.11888003,0.057771664,0.37340814,0.11621621,0,0
84340,0,0.10618551,0.057771664,0.34562117,0.11621621,0,0
84341,0,0.1250273,0.057771664,0.32056972,0.11621621,0,0
84342,0,0.103518404,0.057771664,0.3333895,0.11621621,0,0
84343,0,0.08181028,0.035928145,0.2651054,0.10289389,0,0
84344,0,0.11154233,0.057771664,0.24880265,0.10289389,0,0
84345,0,0.07208611,0.035928145,0.23419946,0.10289389,0,0
84346,1,0.09332271,0.057771664,0.32795194,0.11621621,0,0
84347,0,0.13527969,0.06153846,0.28531218,0.11621621,0,0
84348,0,0.101403825,0.057771664,0.3216445,0.11621621,0,0
84349,0,0.06921679,0.035928145,0.18507296,0.09982175,0,0
84350,0,0.08022942,0.035928145,0.30338222,0.11621621,0,0
84351,0,0.09160418,0.057771664,0.31210822,0.11621621,0,0
84352,0,0.10998142,0.057771664,0.21471637,0.09982175,0,0
84353,0,0.10027695,0.057771664,0.26905397,0.11621621,0,0
84354,0,0.11697001,0.057771664,0.30009547,0.11621621,0,0
84355,0,0.095432475,0.057771664,0.21091767,0.09982175,0,0
84356,0,0.11056882,0.057771664,0.2234546,0.10289389,0,0
84357,0,0.103662945,0.057771664,0.19446284,0.09982175,0,0
84358,0,0.077999584,0.035928145,0.20844832,0.09982175,0,0
84359,0,0.14042243,0.06153846,0.2514718,0.10289389,0,0
84360,0,0.10140913,0.057771664,0.26720104,0.10289389,0,0
84361,0,0.090756655,0.057771664,0.27385136,0.11621621,0,0
84362,0,0.091163784,0.057771664,0.32833892,0.11621621,0,0
84363,0,0.09004361,0.05263158,0.2636928,0.10289389,0,0
84364,0,0.13233258,0.06153846,0.31967646,0.11621621,0,0
84365,0,0.08021887,0.035928145,0.21715452,0.10289389,0,0
84366,0,0.09885326,0.057771664,0.20475823,0.09982175,0,0
84367,0,0.092889905,0.057771664,0.17305818,0.09982175,0,0
84368,0,0.079065174,0.035928145,0.20511833,0.09982175,0,0
84369,0,0.0924072,0.057771664,0.24905504,0.10289389,0,0
84370,0,0.09785433,0.057771664,0.28216594,0.11621621,0,0
84371,0,0.07872252,0.035928145,0.20284818,0.09982175,0,0
84372,0,0.08347635,0.035928145,0.25289425,0.10289389,0,0
84373,0,0.07009978,0.035928145,0.260772,0.10289389,0,0
84374,0,0.09607068,0.057771664,0.25215912,0.10289389,0,0
84375,0,0.1192216,0.057771664,0.20810474,0.09982175,0,0
84376,0,0.09914462,0.057771664,0.26348397,0.10289389,0,0
84377,0,0.109039836,0.057771664,0.31757674,0.11621621,0,0
84378,0,0.13904013,0.06153846,0.28003067,0.11621621,0,0
84379,0,0.10398019,0.057771664,0.31106344,0.11621621,0,0
84380,0,0.10672573,0.057771664,0.25168076,0.10289389,0,0
84381,0,0.08321825,0.035928145,0.26496574,0.10289389,0,0
84382,0,0.09602649,0.057771664,0.24574874,0.10289389,0,0
84383,0,0.08353922,0.035928145,0.20483397,0.09982175,0,0
84384,0,0.08704562,0.035928145,0.2446702,0.10289389,0,0
84385,0,0.09874413,0.057771664,0.20464721,0.09982175,0,0
84386,0,0.066297926,0.035928145,0.2574457,0.10289389,0,0
84387,0,0.14290288,0.06153846,0.3363323,0.11621621,0,0
84388,0,0.09207862,0.057771664,0.20175745,0.09982175,0,0
84389,0,0.1256372,0.057771664,0.30670288,0.11621621,0,0
84390,0,0.08941158,0.05263158,0.27629733,0.11621621,0,0
84391,0,0.10707926,0.057771664,0.27897203,0.11621621,0,0
84392,0,0.12518816,0.057771664,0.27478367,0.11621621,0,0
84393,0,0.11510976,0.057771664,0.25720134,0.10289389,0,0
84394,0,0.101579264,0.057771664,0.27676016,0.11621621,0,0
84395,0,0.12506983,0.057771664,0.26959705,0.11621621,0,0
84396,0,0.11159504,0.057771664,0.20550281,0.09982175,0,0
84397,0,0.13612549,0.06153846,0.38755906,0.11621621,0,0
84398,0,0.13232812,0.06153846,0.29699874,0.11621621,0,0
84399,0,0.11509176,0.057771664,0.30038303,0.11621621,0,0
84400,0,0.10114288,0.057771664,0.31575665,0.11621621,0,0
84401,0,0.09937959,0.057771664,0.27878535,0.11621621,0,0
84402,0,0.09381122,0.057771664,0.2785612,0.11621621,0,0
84403,1,0.12396806,0.057771664,0.3035309,0.11621621,0,0
84404,0,0.20642954,0.17333333,0.27240962,0.11621621,0,0
84405,0,0.11541391,0.057771664,0.3659467,0.11621621,0,0
84406,0,0.1266707,0.057771664,0.3074964,0.11621621,0,0
84407,0,0.14571829,0.06153846,0.42361605,0.11621621,0,0
84408,0,0.1384241,0.06153846,0.36525905,0.11621621,0,0
84409,0,0.106797434,0.057771664,0.47560382,0.11621621,0,0
84410,0,0.11475252,0.057771664,0.34925705,0.11621621,0,0
84411,0,0.09302627,0.057771664,0.43583027,0.11621621,0,0
84412,1,0.11035884,0.057771664,0.41097477,0.11621621,0,0
84413,1,0.2888466,0.37096775,0.33760092,0.11621621,0,0
84414,0,0.33607975,0.37096775,0.4103407,0.11621621,0,0
84415,0,0.14389789,0.06153846,0.24816579,0.10289389,0,0
84416,0,0.17204912,0.1554054,0.347019,0.11621621,0,0
84417,0,0.20050508,0.17333333,0.27031133,0.11621621,0,0
84418,0,0.117208466,0.057771664,0.29860434,0.11621621,0,0
84419,0,0.15714587,0.1554054,0.3214018,0.11621621,0,0
84420,0,0.17602375,0.1554054,0.2924008,0.11621621,0,0
84421,0,0.13707969,0.06153846,0.3199739,0.11621621,0,0
84422,0,0.117636554,0.057771664,0.28934538,0.11621621,0,0
84423,0,0.1206978,0.057771664,0.36411986,0.11621621,0,0
84424,0,0.17097162,0.1554054,0.31735528,0.11621621,0,0
84425,0,0.12361841,0.057771664,0.32938093,0.11621621,0,0
84426,0,0.12539013,0.057771664,0.27627653,0.11621621,0,0
84427,0,0.13203017,0.06153846,0.28815258,0.11621621,0,0
84428,0,0.09807264,0.057771664,0.24153909,0.10289389,0,0
84429,0,0.09742345,0.057771664,0.26491562,0.10289389,0,0
84430,0,0.08692256,0.035928145,0.27161407,0.11621621,0,0
84431,0,0.13698119,0.06153846,0.2821934,0.11621621,0,0
84432,0,0.10526,0.057771664,0.21961848,0.10289389,0,0
84433,0,0.09782236,0.057771664,0.2468021,0.10289389,0,0
84434,0,0.09743654,0.057771664,0.23408666,0.10289389,0,0
84435,0,0.12120285,0.057771664,0.28117913,0.11621621,0,0
84436,0,0.08063624,0.035928145,0.24178423,0.10289389,0,0
84437,0,0.13163817,0.057771664,0.27661365,0.11621621,0,0
84438,0,0.137539,0.06153846,0.24305275,0.10289389,0,0
84439,0,0.10333759,0.057771664,0.2955869,0.11621621,0,0
84440,0,0.13851754,0.06153846,0.329793,0.11621621,0,0
84441,0,0.1330836,0.06153846,0.3308577,0.11621621,0,0
84442,0,0.12143075,0.057771664,0.24891303,0.10289389,0,0
84443,0,0.12721702,0.057771664,0.25136107,0.10289389,0,0
84444,0,0.1614253,0.1554054,0.26626077,0.10289389,0,0
84445,0,0.15975946,0.1554054,0.39391723,0.11621621,0,0
84446,0,0.1462938,0.0952381,0.36089125,0.11621621,0,0
84447,0,0.13254264,0.06153846,0.40173766,0.11621621,0,0
84448,0,0.13297518,0.06153846,0.36073068,0.11621621,0,0
84449,0,0.14130895,0.06153846,0.32108343,0.11621621,0,0
84450,0,0.13726535,0.06153846,0.26046935,0.10289389,0,0
84451,0,0.10035588,0.057771664,0.30769128,0.11621621,0,0
84452,0,0.12809831,0.057771664,0.2759374,0.11621621,0,0
84453,0,0.1530083,0.1554054,0.28924546,0.11621621,0,0
84454,0,0.11609017,0.057771664,0.25407833,0.10289389,0,0
84455,0,0.08367046,0.035928145,0.2653893,0.10289389,0,0
84456,0,0.0916073,0.057771664,0.29954144,0.11621621,0,0
84457,0,0.1180749,0.057771664,0.24763267,0.10289389,0,0
84458,0,0.086015806,0.035928145,0.28847247,0.11621621,0,0
84459,0,0.111048535,0.057771664,0.24544813,0.10289389,0,0
84460,0,0.15269348,0.1554054,0.29789767,0.11621621,0,0
84461,0,0.10730897,0.057771664,0.21527885,0.09982175,0,0
84462,1,0.1295627,0.057771664,0.26275197,0.10289389,0,0
84463,0,0.25111812,0.37096775,0.33589396,0.11621621,0,0
84464,0,0.14903387,0.0952381,0.22906922,0.10289389,0,0
84465,0,0.13904443,0.06153846,0.2286096,0.10289389,0,0
84466,0,0.17743826,0.17142858,0.27907696,0.11621621,0,0
84467,0,0.13474447,0.06153846,0.21203674,0.09982175,0,0
84468,0,0.13069908,0.057771664,0.23825386,0.10289389,0,0
84469,0,0.124676205,0.057771664,0.30966467,0.11621621,0,0
84470,0,0.09601345,0.057771664,0.23112679,0.10289389,0,0
84471,0,0.11729308,0.057771664,0.19772056,0.09982175,0,0
84472,0,0.12091859,0.057771664,0.21262123,0.09982175,0,0
84473,0,0.13453178,0.06153846,0.16829625,0.09982175,0,0
84474,0,0.086918645,0.035928145,0.18391143,0.09982175,0,0
84475,0,0.09564571,0.057771664,0.20298852,0.09982175,0,0
84476,0,0.107219465,0.057771664,0.17053787,0.09982175,0,0
84477,0,0.09414779,0.057771664,0.19257815,0.09982175,0,0
84478,0,0.10935889,0.057771664,0.20082231,0.09982175,0,0
84479,0,0.093041405,0.057771664,0.28259614,0.11621621,0,0
84480,0,0.09827925,0.057771664,0.26252142,0.10289389,0,0
84481,0,0.100684315,0.057771664,0.23903172,0.10289389,0,0
84482,0,0.08591813,0.035928145,0.25860348,0.10289389,0,0
84483,0,0.08888561,0.035928145,0.26806936,0.11621621,0,0
84484,0,0.07881611,0.035928145,0.23230089,0.10289389,0,0
84485,0,0.08545675,0.035928145,0.23761328,0.10289389,0,0
84486,0,0.1005344,0.057771664,0.22842717,0.10289389,0,0
84487,0,0.10560221,0.057771664,0.27979246,0.11621621,0,0
84488,0,0.09848968,0.057771664,0.3140945,0.11621621,0,0
84489,0,0.08110213,0.035928145,0.2917745,0.11621621,0,0
84490,0,0.11306848,0.057771664,0.2721158,0.11621621,0,0
84491,0,0.066592894,0.035928145,0.23853332,0.10289389,0,0
84492,0,0.07001607,0.035928145,0.23593903,0.10289389,0,0
84493,0,0.061620176,0.035928145,0.24759641,0.10289389,0,0
84494,0,0.0744536,0.035928145,0.17433189,0.09982175,0,0
84495,0,0.103781015,0.057771664,0.2013976,0.09982175,0,0
84496,0,0.07013264,0.035928145,0.24338888,0.10289389,0,0
84497,0,0.07398129,0.035928145,0.19243664,0.09982175,0,0
84498,0,0.10246935,0.057771664,0.21959822,0.10289389,0,0
84499,0,0.10505168,0.057771664,0.17188905,0.09982175,0,0
84500,0,0.08507798,0.035928145,0.17884637,0.09982175,0,0
84501,0,0.10108386,0.057771664,0.2555419,0.10289389,0,0
84502,0,0.0919841,0.057771664,0.27155614,0.11621621,0,0
84503,0,0.11795945,0.057771664,0.23625329,0.10289389,0,0
84504,0,0.07892656,0.035928145,0.20973411,0.09982175,0,0
84505,0,0.09399891,0.057771664,0.2521585,0.10289389,0,0
84506,0,0.09027594,0.05263158,0.26608646,0.10289389,0,0
84507,0,0.09574475,0.057771664,0.23752388,0.10289389,0,0
84508,0,0.06516988,0.035928145,0.24978703,0.10289389,0,0
84509,0,0.08852263,0.035928145,0.23741825,0.10289389,0,0
84510,1,0.0787229,0.035928145,0.18643868,0.09982175,0,0
84511,0,0.20592478,0.17333333,0.1765,0.09982175,0,0
84512,0,0.13163969,0.057771664,0.27230534,0.11621621,0,0
84513,0,0.10275405,0.057771664,0.24204157,0.10289389,0,0
84514,0,0.15364309,0.1554054,0.27098796,0.11621621,0,0
84515,0,0.10574715,0.057771664,0.206761,0.09982175,0,0
84516,0,0.11262842,0.057771664,0.24219052,0.10289389,0,0
84517,1,0.10753679,0.057771664,0.23264647,0.10289389,0,0
84518,0,0.3142271,0.37096775,0.30881485,0.11621621,0,0
84519,0,0.1619376,0.1554054,0.27834123,0.11621621,0,0
84520,0,0.18661135,0.17333333,0.32627591,0.11621621,0,0
84521,0,0.15011863,0.125,0.25078738,0.10289389,0,0
84522,0,0.15296257,0.1554054,0.26925156,0.11621621,0,0
84523,0,0.12685524,0.057771664,0.24977602,0.10289389,0,0
84524,0,0.0921008,0.057771664,0.24309096,0.10289389,0,0
84525,0,0.11209312,0.057771664,0.22245815,0.10289389,0,0
84526,0,0.1356323,0.06153846,0.22529653,0.10289389,0,0
84527,0,0.09477218,0.057771664,0.3460577,0.11621621,0,0
84528,0,0.11529581,0.057771664,0.28752786,0.11621621,0,0
84529,0,0.13019617,0.057771664,0.24082701,0.10289389,0,0
84530,0,0.1408439,0.06153846,0.25489026,0.10289389,0,0
84531,0,0.104981996,0.057771664,0.27253067,0.11621621,0,0
84532,0,0.120628886,0.057771664,0.33081144,0.11621621,0,0
84533,0,0.12137319,0.057771664,0.3943301,0.11621621,0,0
84534,0,0.10063586,0.057771664,0.29271984,0.11621621,0,0
84535,0,0.073121876,0.035928145,0.2931049,0.11621621,0,0
84536,0,0.098840736,0.057771664,0.29056713,0.11621621,0,0
84537,0,0.06898186,0.035928145,0.30872416,0.11621621,0,0
84538,0,0.08655941,0.035928145,0.28351495,0.11621621,0,0
84539,0,0.08050536,0.035928145,0.28274086,0.11621621,0,0
84540,0,0.10303677,0.057771664,0.3467449,0.11621621,0,0
84541,0,0.101841316,0.057771664,0.25284517,0.10289389,0,0
84542,0,0.0879361,0.035928145,0.25923744,0.10289389,0,0
84543,0,0.124716036,0.057771664,0.2534886,0.10289389,0,0
84544,0,0.13857895,0.06153846,0.24005426,0.10289389,0,0
84545,0,0.12987646,0.057771664,0.290131,0.11621621,0,0
84546,0,0.12632978,0.057771664,0.27919057,0.11621621,0,0
84547,0,0.1230019,0.057771664,0.20088953,0.09982175,0,0
84548,0,0.11601592,0.057771664,0.2328117,0.10289389,0,0
84549,0,0.124625884,0.057771664,0.2969031,0.11621621,0,0
84550,0,0.16939732,0.1554054,0.39669576,0.11621621,0,0
84551,0,0.1251103,0.057771664,0.26968145,0.11621621,0,0
84552,0,0.15485525,0.1554054,0.37915704,0.11621621,0,0
84553,0,0.12108381,0.057771664,0.41220155,0.11621621,0,0
84554,0,0.12788832,0.057771664,0.34273317,0.11621621,0,0
84555,0,0.113490924,0.057771664,0.39088446,0.11621621,0,0
84556,0,0.10725444,0.057771664,0.2562172,0.10289389,0,0
84557,0,0.12731485,0.057771664,0.3409874,0.11621621,0,0
84558,0,0.12099533,0.057771664,0.28842363,0.11621621,0,0
84559,0,0.1447768,0.06153846,0.2926706,0.11621621,0,0
84560,0,0.10431812,0.057771664,0.35571393,0.11621621,0,0
84561,0,0.07843398,0.035928145,0.3610805,0.11621621,0,0
84562,0,0.09717081,0.057771664,0.3478509,0.11621621,0,0
84563,0,0.06719277,0.035928145,0.2493217,0.10289389,0,0
84564,0,0.07636168,0.035928145,0.28832346,0.11621621,0,0
84565,0,0.092386685,0.057771664,0.28140888,0.11621621,0,0
84566,0,0.08003889,0.035928145,0.23334238,0.10289389,0,0
84567,0,0.063803606,0.035928145,0.29369983,0.11621621,0,0
84568,0,0.1101422,0.057771664,0.27201375,0.11621621,0,0
84569,0,0.0828209,0.035928145,0.34319553,0.11621621,0,0
84570,0,0.0876466,0.035928145,0.23872176,0.10289389,0,0
84571,0,0.09284598,0.057771664,0.27765518,0.11621621,0,0
84572,0,0.07331381,0.035928145,0.23776323,0.10289389,0,0
84573,0,0.113935746,0.057771664,0.32570893,0.11621621,0,0
84574,0,0.08856533,0.035928145,0.23050964,0.10289389,0,0
84575,0,0.09442745,0.057771664,0.36148214,0.11621621,0,0
84576,0,0.0621875,0.035928145,0.2918729,0.11621621,0,0
84577,0,0.075555645,0.035928145,0.24659565,0.10289389,0,0
84578,0,0.048170175,0.02248394,0.23587263,0.10289389,0,0
84579,0,0.06193066,0.035928145,0.23590288,0.10289389,0,0
84580,0,0.049215015,0.02248394,0.20044571,0.09982175,0,0
84581,0,0.061381847,0.035928145,0.23157945,0.10289389,0,0
84582,0,0.058859058,0.035928145,0.25105196,0.10289389,0,0
84583,0,0.040727533,0.02248394,0.2480278,0.10289389,0,0
84584,0,0.04583516,0.02248394,0.20915738,0.09982175,0,0
84585,0,0.05197777,0.027237354,0.2832063,0.11621621,0,0
84586,0,0.052680634,0.027237354,0.25332496,0.10289389,0,0
84587,0,0.051856123,0.027237354,0.24449472,0.10289389,0,0
84588,0,0.0552599,0.027237354,0.37680334,0.11621621,0,0
84589,0,0.0679083,0.035928145,0.35764965,0.11621621,0,0
84590,0,0.055494495,0.027237354,0.23237407,0.10289389,0,0
84591,0,0.04411709,0.02248394,0.23090048,0.10289389,0,0
84592,0,0.046127383,0.02248394,0.2896274,0.11621621,0,0
84593,0,0.047485765,0.02248394,0.27596715,0.11621621,0,0
84594,0,0.058009814,0.035928145,0.37436607,0.11621621,0,0
84595,0,0.041391708,0.02248394,0.25329608,0.10289389,0,0
84596,0,0.05138883,0.027237354,0.33111835,0.11621621,0,0
84597,0,0.043186378,0.02248394,0.2460172,0.10289389,0,0
84598,0,0.049645122,0.02248394,0.32391834,0.11621621,0,0
84599,0,0.053076718,0.027237354,0.37806028,0.11621621,0,0
84600,0,0.050194196,0.02248394,0.3283567,0.11621621,0,0
84601,0,0.066764064,0.035928145,0.34553573,0.11621621,0,0
84602,0,0.06487354,0.035928145,0.29612002,0.11621621,0,0
84603,0,0.06923179,0.035928145,0.36964914,0.11621621,0,0
84604,0,0.05357327,0.027237354,0.2922587,0.11621621,0,0
84605,0,0.067165144,0.035928145,0.34351575,0.11621621,0,0
84606,0,0.07101526,0.035928145,0.41743627,0.11621621,0,0
84607,0,0.06620635,0.035928145,0.44197372,0.11621621,0,0
84608,0,0.04765695,0.02248394,0.29312053,0.11621621,0,0
84609,0,0.048231155,0.02248394,0.24377649,0.10289389,0,0
84610,0,0.048664793,0.02248394,0.308821,0.11621621,0,0
84611,0,0.045313545,0.02248394,0.21594837,0.10289389,0,0
84612,0,0.053184018,0.027237354,0.21741332,0.10289389,0,0
84613,0,0.036205135,0.02248394,0.2748289,0.11621621,0,0
84614,0,0.048318062,0.02248394,0.33202174,0.11621621,0,0
84615,0,0.048495896,0.02248394,0.24109039,0.10289389,0,0
84616,0,0.04902006,0.02248394,0.32435408,0.11621621,0,0
84617,0,0.03780286,0.02248394,0.25105873,0.10289389,0,0
84618,0,0.032723468,0.02248394,0.36514038,0.11621621,0,0
84619,0,0.039186273,0.02248394,0.48002973,0.11621621,0,0
84620,0,0.05551844,0.027237354,0.41748118,0.11621621,0,0
84621,0,0.05100565,0.02248394,0.2766169,0.11621621,0,0
84622,0,0.046991102,0.02248394,0.3095363,0.11621621,0,0
84623,0,0.048175327,0.02248394,0.41253278,0.11621621,0,0
84624,0,0.06916375,0.035928145,0.38131687,0.11621621,0,0
84625,0,0.078650795,0.035928145,0.4281833,0.11621621,0,0
84626,0,0.031043958,0.02248394,0.27067393,0.11621621,0,0
84627,0,0.05405571,0.027237354,0.38108894,0.11621621,0,0
84628,0,0.044218827,0.02248394,0.37439147,0.11621621,0,0
84629,0,0.040993113,0.02248394,0.3825076,0.11621621,0,0
84630,0,0.073639505,0.035928145,0.39264208,0.11621621,0,0
84631,0,0.05251948,0.027237354,0.44416046,0.11621621,0,0
84632,0,0.06351826,0.035928145,0.42660192,0.11621621,0,0
84633,0,0.05489512,0.027237354,0.47204393,0.11621621,0,0
84634,0,0.0627078,0.035928145,0.38346863,0.11621621,0,0
84635,0,0.037544217,0.02248394,0.3936437,0.11621621,0,0
84636,0,0.0417081,0.02248394,0.34142515,0.11621621,0,0
84637,0,0.048876006,0.02248394,0.48900348,0.11621621,0,0
84638,0,0.04664143,0.02248394,0.5686176,0.11764706,0,0
84639,0,0.050192572,0.02248394,0.38697731,0.11621621,0,0
84640,0,0.061907902,0.035928145,0.33731994,0.11621621,0,0
84641,0,0.054664873,0.027237354,0.39006054,0.11621621,0,0
84642,0,0.06680972,0.035928145,0.4607343,0.11621621,0,0
84643,0,0.06240324,0.035928145,0.50019336,0.11621621,0,0
84644,0,0.13857526,0.06153846,0.6207309,0.11764706,0,0
84645,0,0.051522084,0.027237354,0.362754,0.11621621,0,0
84646,0,0.048485123,0.02248394,0.31395668,0.11621621,0,0
84647,0,0.08394336,0.035928145,0.4534217,0.11621621,0,0
84648,0,0.058768276,0.035928145,0.25276715,0.10289389,0,0
84649,0,0.05336098,0.027237354,0.23761964,0.10289389,0,0
84650,0,0.05310239,0.027237354,0.2956261,0.11621621,0,0
84651,0,0.06245728,0.035928145,0.3090454,0.11621621,0,0
84652,0,0.06309379,0.035928145,0.4207172,0.11621621,0,0
84653,0,0.09094328,0.057771664,0.42339054,0.11621621,0,0
84654,0,0.06835943,0.035928145,0.27983546,0.11621621,0,0
84655,0,0.11955546,0.057771664,0.4015757,0.11621621,0,0
84656,0,0.05374573,0.027237354,0.28630874,0.11621621,0,0
84657,0,0.06759365,0.035928145,0.3450694,0.11621621,0,0
84658,0,0.06477316,0.035928145,0.3157398,0.11621621,0,0
84659,0,0.07073037,0.035928145,0.39168832,0.11621621,0,0
84660,0,0.08090926,0.035928145,0.38483164,0.11621621,0,0
84661,0,0.058386773,0.035928145,0.3252317,0.11621621,0,0
84662,0,0.065565735,0.035928145,0.28234658,0.11621621,0,0
84663,0,0.08008996,0.035928145,0.42205322,0.11621621,0,0
84664,0,0.085687,0.035928145,0.37134835,0.11621621,0,0
84665,0,0.07417629,0.035928145,0.40199593,0.11621621,0,0
84666,0,0.07686711,0.035928145,0.32477188,0.11621621,0,0
84667,0,0.075128235,0.035928145,0.452463,0.11621621,0,0
84668,0,0.053491607,0.027237354,0.31471196,0.11621621,0,0
84669,0,0.05379963,0.027237354,0.25888294,0.10289389,0,0
84670,0,0.05198207,0.027237354,0.30063608,0.11621621,0,0
84671,0,0.07755021,0.035928145,0.34470117,0.11621621,0,0
84672,0,0.04756486,0.02248394,0.2708484,0.11621621,0,0
84673,0,0.060039647,0.035928145,0.32053927,0.11621621,0,0
84674,1,0.05775374,0.035928145,0.23192483,0.10289389,0,0
84675,0,0.200148,0.17333333,0.42076498,0.11621621,0,0
84676,0,0.16148081,0.1554054,0.31318936,0.11621621,0,0
84677,0,0.0963849,0.057771664,0.31065392,0.11621621,0,0
84678,0,0.15386273,0.1554054,0.45154655,0.11621621,0,0
84679,0,0.12304656,0.057771664,0.33565667,0.11621621,0,0
84680,0,0.078079075,0.035928145,0.34445855,0.11621621,0,0
84681,0,0.10986711,0.057771664,0.3190747,0.11621621,0,0
84682,0,0.07983854,0.035928145,0.34613416,0.11621621,0,0
84683,0,0.07151544,0.035928145,0.30127326,0.11621621,0,0
84684,0,0.049350407,0.02248394,0.23635922,0.10289389,0,0
84685,1,0.10880325,0.057771664,0.43149668,0.11621621,0,0
84686,0,0.23227732,0.35564107,0.48599,0.11621621,0,0
84687,0,0.14937307,0.125,0.47840774,0.11621621,0,0
84688,0,0.16396593,0.1554054,0.31322876,0.11621621,0,0
84689,0,0.11353644,0.057771664,0.40505707,0.11621621,0,0
84690,0,0.104293324,0.057771664,0.3080634,0.11621621,0,0
84691,0,0.06396292,0.035928145,0.36291593,0.11621621,0,0
84692,0,0.13417175,0.06153846,0.4126061,0.11621621,0,0
84693,0,0.084541515,0.035928145,0.2666057,0.10289389,0,0
84694,0,0.09914576,0.057771664,0.24078253,0.10289389,0,0
84695,0,0.10128696,0.057771664,0.37710798,0.11621621,0,0
84696,0,0.08156556,0.035928145,0.22492789,0.10289389,0,0
84697,0,0.09245182,0.057771664,0.26569656,0.10289389,0,0
84698,0,0.10497274,0.057771664,0.30343354,0.11621621,0,0
84699,0,0.09317037,0.057771664,0.29892945,0.11621621,0,0
84700,0,0.11918653,0.057771664,0.3501484,0.11621621,0,0
84701,0,0.06058257,0.035928145,0.33824676,0.11621621,0,0
84702,0,0.087802015,0.035928145,0.31327397,0.11621621,0,0
84703,0,0.06747881,0.035928145,0.22252288,0.10289389,0,0
84704,0,0.08780797,0.035928145,0.39658347,0.11621621,0,0
84705,0,0.10429907,0.057771664,0.29639494,0.11621621,0,0
84706,0,0.081114285,0.035928145,0.27529654,0.11621621,0,0
84707,0,0.058959104,0.035928145,0.18550624,0.09982175,0,0
84708,0,0.10077655,0.057771664,0.42932013,0.11621621,0,0
84709,0,0.13313842,0.06153846,0.32420138,0.11621621,0,0
84710,0,0.06455815,0.035928145,0.44443268,0.11621621,0,0
84711,0,0.09008366,0.05263158,0.36275324,0.11621621,0,0
84712,0,0.071419545,0.035928145,0.40338382,0.11621621,0,0
84713,0,0.13743219,0.06153846,0.4475362,0.11621621,0,0
84714,0,0.052479558,0.027237354,0.2627622,0.10289389,0,0
84715,0,0.104352355,0.057771664,0.3594252,0.11621621,0,0
84716,0,0.06911455,0.035928145,0.31570858,0.11621621,0,0
84717,0,0.06550459,0.035928145,0.3118563,0.11621621,0,0
84718,0,0.08110222,0.035928145,0.3223757,0.11621621,0,0
84719,0,0.09341344,0.057771664,0.3069071,0.11621621,0,0
84720,0,0.1105291,0.057771664,0.29923576,0.11621621,0,0
84721,0,0.04764959,0.02248394,0.2462191,0.10289389,0,0
84722,0,0.07045738,0.035928145,0.23606211,0.10289389,0,0
84723,0,0.060554437,0.035928145,0.23870635,0.10289389,0,0
84724,0,0.080842175,0.035928145,0.27946222,0.11621621,0,0
84725,0,0.08537687,0.035928145,0.2662426,0.10289389,0,0
84726,0,0.076097384,0.035928145,0.24574783,0.10289389,0,0
84727,0,0.056289252,0.03448276,0.2644026,0.10289389,0,0
84728,0,0.09539702,0.057771664,0.26453587,0.10289389,0,0
84729,0,0.105634205,0.057771664,0.31170133,0.11621621,0,0
84730,0,0.11775079,0.057771664,0.30565378,0.11621621,0,0
84731,0,0.05537776,0.027237354,0.25415203,0.10289389,0,0
84732,0,0.060481764,0.035928145,0.24178833,0.10289389,0,0
84733,0,0.066494964,0.035928145,0.2523057,0.10289389,0,0
84734,0,0.058608085,0.035928145,0.22322,0.10289389,0,0
84735,0,0.05841315,0.035928145,0.21634598,0.10289389,0,0
84736,0,0.04107127,0.02248394,0.19644827,0.09982175,0,0
84737,0,0.0821294,0.035928145,0.21919098,0.10289389,0,0
84738,0,0.044524126,0.02248394,0.15122722,0.092920355,0,0
84739,0,0.03064017,0.02248394,0.145357,0.092920355,0,0
84740,0,0.050393727,0.02248394,0.17370291,0.09982175,0,0
84741,0,0.049916524,0.02248394,0.17482764,0.09982175,0,0
84742,0,0.04991406,0.02248394,0.2317914,0.10289389,0,0
84743,0,0.03444802,0.02248394,0.20231216,0.09982175,0,0
84744,0,0.044906255,0.02248394,0.12875803,0.078028746,0,0
84745,0,0.032833874,0.02248394,0.14964232,0.092920355,0,0
84746,0,0.02486826,0.004761905,0.08112783,0.04532967,0,0
84747,0,0.026799506,0.004761905,0.056771245,0.025263159,0,0
84748,0,0.030107236,0.02248394,0.08672121,0.04532967,0,0
84749,0,0.033339474,0.02248394,0.09107939,0.04532967,0,0
84750,0,0.030283336,0.02248394,0.060239434,0.025263159,0,0
84751,0,0.029333016,0.02248394,0.085731626,0.04532967,0,0
84752,0,0.039108932,0.02248394,0.0844939,0.04532967,0,0
84753,0,0.041975398,0.02248394,0.067259155,0.025263159,0,0
84754,0,0.037995465,0.02248394,0.06010331,0.025263159,0,0
84755,0,0.050246812,0.02248394,0.095547825,0.04532967,0,0
84756,0,0.06903436,0.035928145,0.13901836,0.092920355,0,0
84757,0,0.09009119,0.05263158,0.120281324,0.078028746,0,0
84758,0,0.09135833,0.057771664,0.1539632,0.092920355,0,0
84759,1,0.13402613,0.06153846,0.21053764,0.09982175,0,0
84760,0,0.13213079,0.06153846,0.21407488,0.09982175,0,0
84761,0,0.06597133,0.035928145,0.23685342,0.10289389,0,0
84762,0,0.08599062,0.035928145,0.3240446,0.11621621,0,0
84763,0,0.06400782,0.035928145,0.24610272,0.10289389,0,0
84764,0,0.09227307,0.057771664,0.2647299,0.10289389,0,0
84765,0,0.0703856,0.035928145,0.23511279,0.10289389,0,0
84766,0,0.054832067,0.027237354,0.21348283,0.09982175,0,0
84767,0,0.046758845,0.02248394,0.25808117,0.10289389,0,0
84768,0,0.07743271,0.035928145,0.2894461,0.11621621,0,0
84769,0,0.04994817,0.02248394,0.26262692,0.10289389,0,0
84770,0,0.06048683,0.035928145,0.23902,0.10289389,0,0
84771,0,0.07604431,0.035928145,0.21517752,0.09982175,0,0
84772,0,0.055817436,0.027237354,0.14535002,0.092920355,0,0
84773,0,0.038794998,0.02248394,0.101257004,0.04532967,0,0
84774,0,0.05751085,0.035928145,0.0754091,0.04532967,0,0
84775,0,0.031735733,0.02248394,0.07562385,0.04532967,0,0
84776,0,0.0593401,0.035928145,0.11183684,0.06716418,0,0
84777,0,0.039667364,0.02248394,0.13174705,0.078028746,0,0
84778,0,0.06669707,0.035928145,0.1650984,0.09982175,0,0
84779,0,0.1189189,0.057771664,0.1290429,0.078028746,0,0
84780,0,0.06407996,0.035928145,0.14880878,0.092920355,0,0
84781,0,0.06714004,0.035928145,0.13901214,0.092920355,0,0
84782,0,0.042125683,0.02248394,0.13512164,0.08955224,0,0
84783,0,0.076228455,0.035928145,0.16629657,0.09982175,0,0
84784,0,0.06699678,0.035928145,0.15811923,0.092920355,0,0
84785,0,0.045470476,0.02248394,0.1234758,0.078028746,0,0
84786,0,0.03316869,0.02248394,0.087323494,0.04532967,0,0
84787,0,0.02455503,0.004761905,0.07965503,0.04532967,0,0
84788,1,0.046282597,0.02248394,0.1257342,0.078028746,0,0
84789,1,0.20077994,0.17333333,0.2546568,0.10289389,0,0
84790,0,0.20231049,0.17333333,0.2798226,0.11621621,0,0
84791,0,0.09968065,0.057771664,0.19174531,0.09982175,0,0
84792,0,0.08109034,0.035928145,0.3030163,0.11621621,0,0
84793,0,0.07437893,0.035928145,0.2455045,0.10289389,0,0
84794,0,0.057549514,0.035928145,0.25437215,0.10289389,0,0
84795,0,0.06672549,0.035928145,0.28508848,0.11621621,0,0
84796,0,0.07205723,0.035928145,0.28023037,0.11621621,0,0
84797,0,0.061833665,0.035928145,0.27006596,0.11621621,0,0
84798,1,0.056399573,0.03448276,0.20344175,0.09982175,0,0
84799,0,0.18837813,0.17333333,0.23267475,0.10289389,0,0
84800,0,0.12530985,0.057771664,0.27639955,0.11621621,0,0
84801,0,0.10130552,0.057771664,0.31263396,0.11621621,0,0
84802,0,0.08170322,0.035928145,0.2388835,0.10289389,0,0
84803,0,0.06755665,0.035928145,0.2666232,0.10289389,0,0
84804,0,0.08186916,0.035928145,0.18773603,0.09982175,0,0
84805,0,0.047604647,0.02248394,0.15295587,0.092920355,0,0
84806,0,0.03897867,0.02248394,0.300592,0.11621621,0,0
84807,1,0.06980556,0.035928145,0.30257273,0.11621621,0,0
84808,0,0.23512462,0.37096775,0.33273873,0.11621621,0,0
84809,1,0.10387273,0.057771664,0.31185287,0.11621621,0,0
84810,0,0.20333862,0.17333333,0.29662785,0.11621621,0,0
84811,0,0.17186126,0.1554054,0.21367054,0.09982175,0,0
84812,0,0.14422901,0.06153846,0.19813904,0.09982175,0,0
84813,0,0.10460252,0.057771664,0.17572393,0.09982175,0,0
84814,0,0.105354354,0.057771664,0.13698412,0.08955224,0,0
84815,0,0.1525963,0.1554054,0.26725695,0.10289389,0,0
84816,0,0.14837995,0.0952381,0.1866247,0.09982175,0,0
84817,0,0.12700345,0.057771664,0.19341269,0.09982175,0,0
84818,0,0.09816097,0.057771664,0.20895211,0.09982175,0,0
84819,0,0.103777096,0.057771664,0.17045371,0.09982175,0,0
84820,0,0.086626574,0.035928145,0.22160263,0.10289389,0,0
84821,0,0.093234286,0.057771664,0.20685497,0.09982175,0,0
84822,0,0.076409906,0.035928145,0.15157853,0.092920355,0,0
84823,0,0.05856816,0.035928145,0.16607787,0.09982175,0,0
84824,0,0.06570782,0.035928145,0.23645675,0.10289389,0,0
84825,0,0.0684866,0.035928145,0.21598364,0.10289389,0,0
84826,0,0.066012405,0.035928145,0.18968378,0.09982175,0,0
84827,0,0.072670296,0.035928145,0.25018492,0.10289389,0,0
84828,0,0.07440333,0.035928145,0.24081695,0.10289389,0,0
84829,0,0.0804904,0.035928145,0.2801293,0.11621621,0,0
84830,0,0.0808871,0.035928145,0.26110306,0.10289389,0,0
84831,0,0.066367105,0.035928145,0.15818259,0.092920355,0,0
84832,0,0.06839356,0.035928145,0.17665847,0.09982175,0,0
84833,0,0.072893575,0.035928145,0.2817393,0.11621621,0,0
84834,0,0.061272815,0.035928145,0.18345802,0.09982175,0,0
84835,0,0.06632866,0.035928145,0.23448662,0.10289389,0,0
84836,0,0.054615386,0.027237354,0.298744,0.11621621,0,0
84837,0,0.056348804,0.03448276,0.20918253,0.09982175,0,0
84838,0,0.05848393,0.035928145,0.30114368,0.11621621,0,0
84839,0,0.07821962,0.035928145,0.23611915,0.10289389,0,0
84840,0,0.09607285,0.057771664,0.3296824,0.11621621,0,0
84841,0,0.06567424,0.035928145,0.17706124,0.09982175,0,0
84842,0,0.05999173,0.035928145,0.18039876,0.09982175,0,0
84843,0,0.06255436,0.035928145,0.16719213,0.09982175,0,0
84844,0,0.04709589,0.02248394,0.20813037,0.09982175,0,0
84845,0,0.04965885,0.02248394,0.19588742,0.09982175,0,0
84846,0,0.07758656,0.035928145,0.21391816,0.09982175,0,0
84847,0,0.06073682,0.035928145,0.21684471,0.10289389,0,0
84848,0,0.07680582,0.035928145,0.2124731,0.09982175,0,0
84849,0,0.066863626,0.035928145,0.28798985,0.11621621,0,0
84850,0,0.08396693,0.035928145,0.28098798,0.11621621,0,0
84851,0,0.05457366,0.027237354,0.1716739,0.09982175,0,0
84852,0,0.052188337,0.027237354,0.17261048,0.09982175,0,0
84853,0,0.05578415,0.027237354,0.21622981,0.10289389,0,0
84854,0,0.08395693,0.035928145,0.3275445,0.11621621,0,0
84855,0,0.0698223,0.035928145,0.2439868,0.10289389,0,0
84856,0,0.11507792,0.057771664,0.39471328,0.11621621,0,0
84857,0,0.08548439,0.035928145,0.37303978,0.11621621,0,0
84858,0,0.09753294,0.057771664,0.32584336,0.11621621,0,0
84859,0,0.0657406,0.035928145,0.2782408,0.11621621,0,0
84860,0,0.05104308,0.02248394,0.22663985,0.10289389,0,0
84861,0,0.06504449,0.035928145,0.17753021,0.09982175,0,0
84862,1,0.062336132,0.035928145,0.12634823,0.078028746,0,0
84863,0,0.104668304,0.057771664,0.37819818,0.11621621,0,0
84864,0,0.111189954,0.057771664,0.29584292,0.11621621,0,0
84865,1,0.07111558,0.035928145,0.19128416,0.09982175,0,0
84866,1,0.48647842,0.62068963,0.29727462,0.11621621,0,0
84867,1,0.3451391,0.37096775,0.3330743,0.11621621,0,0
84868,1,0.52782583,0.64285713,0.25797555,0.10289389,0,0
84869,1,0.67207426,0.9230769,0.37567076,0.11621621,0,0
84870,1,0.6686932,0.9230769,0.3705738,0.11621621,0,0
84871,1,0.511274,0.64285713,0.39634088,0.11621621,0,0
84872,1,0.7034078,0.9230769,0.6703252,0.11764706,0,0
84873,1,0.89282423,1.0,0.7890431,0.11764706,1,0
84874,1,0.90852296,1.0,0.74310046,0.11764706,1,0
84875,1,0.84853065,1.0,0.5942524,0.11764706,1,0
84876,1,0.8962914,1.0,0.77843076,0.11764706,1,0
84877,1,0.9043356,1.0,0.7623361,0.11764706,1,0
84878,1,0.85659784,1.0,0.72386014,0.11764706,1,0
84879,1,0.760245,0.9230769,0.50888413,0.11621621,0,0
84880,1,0.76969,0.9230769,0.6084149,0.11764706,0,0
84881,1,0.92365134,1.0,0.71018445,0.11764706,1,0
84882,1,0.86785066,1.0,0.78843045,0.11764706,1,0
84883,0,0.82789403,1.0,0.69055545,0.11764706,1,0
84884,0,0.39599493,0.62068963,0.3964647,0.11621621,0,0
84885,0,0.2247109,0.22222222,0.34399107,0.11621621,0,0
84886,0,0.17455034,0.1554054,0.31501672,0.11621621,0,0
84887,0,0.15377687,0.1554054,0.4408454,0.11621621,0,0
84888,0,0.14459379,0.06153846,0.40914348,0.11621621,0,0
84889,0,0.08997269,0.05263158,0.25018677,0.10289389,0,0
84890,0,0.15275975,0.1554054,0.3582135,0.11621621,0,0
84891,0,0.121657416,0.057771664,0.2802952,0.11621621,0,0
84892,0,0.12323249,0.057771664,0.3779405,0.11621621,0,0
84893,0,0.10930327,0.057771664,0.34664407,0.11621621,0,0
84894,0,0.106769554,0.057771664,0.46081263,0.11621621,0,0
84895,0,0.0804549,0.035928145,0.32650265,0.11621621,0,0
84896,0,0.0921689,0.057771664,0.2673115,0.10289389,0,0
84897,0,0.087613605,0.035928145,0.26367682,0.10289389,0,0
84898,0,0.07901914,0.035928145,0.2292216,0.10289389,0,0
84899,0,0.10062054,0.057771664,0.49086845,0.11621621,0,0
84900,0,0.101158574,0.057771664,0.25929797,0.10289389,0,0
84901,0,0.11081457,0.057771664,0.2638805,0.10289389,0,0
84902,0,0.12699361,0.057771664,0.17303781,0.09982175,0,0
84903,0,0.12871146,0.057771664,0.16577838,0.09982175,0,0
84904,0,0.10510717,0.057771664,0.13752338,0.092920355,0,0
84905,0,0.14550221,0.06153846,0.20086731,0.09982175,0,0
84906,0,0.098369166,0.057771664,0.1312486,0.078028746,0,0
84907,0,0.0715096,0.035928145,0.086459704,0.04532967,0,0
84908,0,0.0721781,0.035928145,0.10210082,0.04532967,0,0
84909,0,0.07398101,0.035928145,0.09974205,0.04532967,0,0
84910,0,0.11026606,0.057771664,0.11992896,0.078028746,0,0
84911,0,0.12209461,0.057771664,0.124052785,0.078028746,0,0
84912,0,0.09022629,0.05263158,0.080324,0.04532967,0,0
84913,0,0.058996066,0.035928145,0.088922925,0.04532967,0,0
84914,0,0.09152186,0.057771664,0.096035875,0.04532967,0,0
84915,0,0.067784645,0.035928145,0.07820297,0.04532967,0,0
84916,0,0.0565094,0.03448276,0.08289718,0.04532967,0,0
84917,0,0.0654918,0.035928145,0.061326783,0.025263159,0,0
84918,0,0.12211257,0.057771664,0.16735923,0.09982175,0,0
84919,0,0.13675931,0.06153846,0.16339742,0.09982175,0,0
84920,0,0.06155677,0.035928145,0.0710112,0.025263159,0,0
84921,0,0.09902082,0.057771664,0.088518776,0.04532967,0,0
84922,0,0.062063582,0.035928145,0.071011774,0.025263159,0,0
84923,0,0.07939354,0.035928145,0.08587065,0.04532967,0,0
84924,0,0.08560292,0.035928145,0.10925216,0.06716418,0,0
84925,0,0.10882451,0.057771664,0.12358014,0.078028746,0,0
84926,0,0.09139584,0.057771664,0.09642165,0.04532967,0,0
84927,0,0.0680405,0.035928145,0.078377426,0.04532967,0,0
84928,0,0.090289414,0.05263158,0.08188463,0.04532967,0,0
84929,0,0.06608752,0.035928145,0.12781896,0.078028746,0,0
84930,0,0.07314502,0.035928145,0.073799394,0.025263159,0,0
84931,0,0.1020087,0.057771664,0.09871066,0.04532967,0,0
84932,0,0.08365578,0.035928145,0.15465806,0.092920355,0,0
84933,0,0.044466864,0.02248394,0.09920891,0.04532967,0,0
84934,0,0.047203165,0.02248394,0.10529311,0.05050505,0,0
84935,0,0.040864848,0.02248394,0.13077071,0.078028746,0,0
84936,0,0.09170479,0.057771664,0.11795893,0.078028746,0,0
84937,0,0.08719661,0.035928145,0.13079606,0.078028746,0,0
84938,0,0.13071457,0.057771664,0.13859576,0.092920355,0,0
84939,0,0.11231002,0.057771664,0.14709088,0.092920355,0,0
84940,0,0.11464208,0.057771664,0.16522276,0.09982175,0,0
84941,0,0.09555952,0.057771664,0.20597346,0.09982175,0,0
84942,0,0.09483992,0.057771664,0.16241558,0.092920355,0,0
84943,0,0.08842815,0.035928145,0.20324685,0.09982175,0,0
84944,0,0.070507996,0.035928145,0.17549038,0.09982175,0,0
84945,0,0.056637798,0.03448276,0.20063464,0.09982175,0,0
84946,0,0.06830119,0.035928145,0.16459227,0.09982175,0,0
84947,0,0.095243275,0.057771664,0.124940306,0.078028746,0,0
84948,0,0.077080294,0.035928145,0.081088014,0.04532967,0,0
84949,0,0.07332682,0.035928145,0.10854351,0.06716418,0,0
84950,0,0.077335514,0.035928145,0.15314706,0.092920355,0,0
84951,0,0.09099919,0.057771664,0.18434615,0.09982175,0,0
84952,0,0.08455856,0.035928145,0.15202066,0.092920355,0,0
84953,0,0.08971807,0.05263158,0.17250252,0.09982175,0,0
84954,0,0.096530095,0.057771664,0.18361221,0.09982175,0,0
84955,0,0.097659834,0.057771664,0.14070131,0.092920355,0,0
84956,0,0.09528893,0.057771664,0.105267584,0.05050505,0,0
84957,0,0.08363073,0.035928145,0.13973343,0.092920355,0,0
84958,0,0.0871802,0.035928145,0.16024144,0.092920355,0,0
84959,0,0.08370836,0.035928145,0.09291078,0.04532967,0,0
84960,0,0.09807842,0.057771664,0.09589287,0.04532967,0,0
84961,0,0.09371052,0.057771664,0.09744542,0.04532967,0,0
84962,0,0.09964434,0.057771664,0.09771496,0.04532967,0,0
84963,0,0.118492454,0.057771664,0.2555589,0.10289389,0,0
84964,0,0.08705409,0.035928145,0.094909064,0.04532967,0,0
84965,0,0.043821745,0.02248394,0.09266014,0.04532967,0,0
84966,0,0.050360717,0.02248394,0.104579,0.05050505,0,0
84967,0,0.0431012,0.02248394,0.072297364,0.025263159,0,0
84968,0,0.046111293,0.02248394,0.09494966,0.04532967,0,0
84969,0,0.053632304,0.027237354,0.091373764,0.04532967,0,0
84970,0,0.036457676,0.02248394,0.09017435,0.04532967,0,0
84971,0,0.034127332,0.02248394,0.10750096,0.06716418,0,0
84972,0,0.031405326,0.02248394,0.07798914,0.04532967,0,0
84973,0,0.032141697,0.02248394,0.08969556,0.04532967,0,0
84974,0,0.03486366,0.02248394,0.07561861,0.04532967,0,0
84975,0,0.024433946,0.004761905,0.058770146,0.025263159,0,0
84976,0,0.022271182,0.0017482517,0.06657138,0.025263159,0,0
84977,0,0.025046092,0.004761905,0.031658363,0.009259258,0,0
84978,0,0.051995263,0.027237354,0.05611978,0.025263159,0,0
84979,0,0.05035556,0.02248394,0.06303923,0.025263159,0,0
84980,0,0.036590353,0.02248394,0.06868168,0.025263159,0,0
84981,0,0.028136503,0.004761905,0.05048767,0.017391304,0,0
84982,0,0.0326903,0.02248394,0.06063399,0.025263159,0,0
84983,0,0.033222917,0.02248394,0.0752761,0.04532967,0,0
84984,0,0.039594617,0.02248394,0.062187955,0.025263159,0,0
84985,0,0.03645296,0.02248394,0.037840728,0.009259258,0,0
84986,0,0.057283003,0.035928145,0.057887953,0.025263159,0,0
84987,0,0.042902153,0.02248394,0.06162533,0.025263159,0,0
84988,0,0.065280065,0.035928145,0.0777421,0.04532967,0,0
84989,0,0.045592938,0.02248394,0.054347523,0.025263159,0,0
84990,0,0.040025815,0.02248394,0.062822916,0.025263159,0,0
84991,0,0.04440994,0.02248394,0.05736222,0.025263159,0,0
84992,0,0.045923393,0.02248394,0.052903593,0.025263159,0,0
84993,0,0.043961115,0.02248394,0.04880923,0.017391304,0,0
84994,0,0.04556882,0.02248394,0.06056366,0.025263159,0,0
84995,0,0.062562846,0.035928145,0.066698804,0.025263159,0,0
84996,0,0.05664329,0.03448276,0.0679201,0.025263159,0,0
84997,0,0.042551022,0.02248394,0.0719644,0.025263159,0,0
84998,0,0.034223508,0.02248394,0.04711785,0.017391304,0,0
84999,0,0.055679906,0.027237354,0.1106206,0.06716418,0,0
85000,0,0.03233209,0.02248394,0.04605623,0.017391304,0,0
85001,0,0.051940363,0.027237354,0.10109622,0.04532967,0,0
85002,0,0.035958488,0.02248394,0.0605452,0.025263159,0,0
85003,0,0.042147487,0.02248394,0.09232916,0.04532967,0,0
85004,0,0.05295049,0.027237354,0.14966992,0.092920355,0,0
85005,0,0.045953434,0.02248394,0.09480912,0.04532967,0,0
85006,0,0.02945853,0.02248394,0.049278278,0.017391304,0,0
85007,0,0.036542766,0.02248394,0.06076079,0.025263159,0,0
85008,0,0.042251274,0.02248394,0.10589502,0.05050505,0,0
85009,0,0.028131718,0.004761905,0.062689714,0.025263159,0,0
85010,0,0.03585415,0.02248394,0.07155816,0.025263159,0,0
85011,0,0.024989305,0.004761905,0.053131394,0.025263159,0,0
85012,0,0.020291496,0.0017482517,0.08620908,0.04532967,0,0
85013,0,0.037172187,0.02248394,0.062094945,0.025263159,0,0
85014,0,0.06480791,0.035928145,0.10578505,0.05050505,0,0
85015,0,0.04418899,0.02248394,0.07799222,0.04532967,0,0
85016,0,0.037465315,0.02248394,0.12510177,0.078028746,0,0
85017,0,0.05442507,0.027237354,0.092932515,0.04532967,0,0
85018,0,0.025385825,0.004761905,0.064298205,0.025263159,0,0
85019,0,0.05130005,0.027237354,0.08700082,0.04532967,0,0
85020,0,0.047063556,0.02248394,0.08255981,0.04532967,0,0
85021,0,0.038246725,0.02248394,0.06618194,0.025263159,0,0
85022,0,0.03870597,0.02248394,0.09420215,0.04532967,0,0
85023,0,0.036263216,0.02248394,0.12471265,0.078028746,0,0
85024,0,0.035084438,0.02248394,0.14059357,0.092920355,0,0
85025,0,0.041659977,0.02248394,0.105667785,0.05050505,0,0
85026,0,0.03236082,0.02248394,0.09581598,0.04532967,0,0
85027,0,0.037941217,0.02248394,0.09710915,0.04532967,0,0
85028,0,0.04388058,0.02248394,0.20455544,0.09982175,0,0
85029,0,0.028388001,0.004761905,0.04255823,0.017391304,0,0
85030,0,0.031211194,0.02248394,0.06676918,0.025263159,0,0
85031,0,0.021299232,0.0017482517,0.07759774,0.04532967,0,0
85032,0,0.020186348,0.0017482517,0.042284407,0.017391304,0,0
85033,0,0.013740711,0.0017482517,0.03578337,0.009259258,0,0
85034,0,0.013759192,0.0017482517,0.029901678,0.009259258,0,0
85035,0,0.02581519,0.004761905,0.09121227,0.04532967,0,0
85036,0,0.026984613,0.004761905,0.034595363,0.009259258,0,0
85037,0,0.024881624,0.004761905,0.03563097,0.009259258,0,0
85038,0,0.0158869,0.0017482517,0.03299411,0.009259258,0,0
85039,0,0.020193893,0.0017482517,0.040351853,0.009259258,0,0
85040,0,0.021302886,0.0017482517,0.038655084,0.009259258,0,0
85041,0,0.015683327,0.0017482517,0.021793423,0.0013605442,0,0
85042,0,0.012278884,0.0017482517,0.026034597,0.009259258,0,0
85043,0,0.016318697,0.0017482517,0.047422253,0.017391304,0,0
85044,0,0.019273547,0.0017482517,0.03951515,0.009259258,0,0
85045,0,0.016256675,0.0017482517,0.039046396,0.009259258,0,0
85046,0,0.017881762,0.0017482517,0.04960894,0.017391304,0,0
85047,0,0.03448439,0.02248394,0.047845334,0.017391304,0,0
85048,0,0.03306498,0.02248394,0.055270016,0.025263159,0,0
85049,0,0.022203082,0.0017482517,0.05092095,0.017391304,0,0
85050,0,0.019406503,0.0017482517,0.038063183,0.009259258,0,0
85051,0,0.032768026,0.02248394,0.066498026,0.025263159,0,0
85052,0,0.020362698,0.0017482517,0.040598303,0.009259258,0,0
85053,0,0.02189896,0.0017482517,0.040922295,0.009259258,0,0
85054,0,0.019221026,0.0017482517,0.03808421,0.009259258,0,0
85055,0,0.016550941,0.0017482517,0.04534592,0.017391304,0,0
85056,0,0.027462004,0.004761905,0.056754075,0.025263159,0,0
85057,0,0.01966219,0.0017482517,0.031576328,0.009259258,0,0
85058,0,0.032761678,0.02248394,0.046583954,0.017391304,0,0
85059,0,0.018450988,0.0017482517,0.042760808,0.017391304,0,0
85060,0,0.027858231,0.004761905,0.10607543,0.05050505,0,0
85061,0,0.034208544,0.02248394,0.074145034,0.04532967,0,0
85062,0,0.060200326,0.035928145,0.08053576,0.04532967,0,0
85063,0,0.04445081,0.02248394,0.093413286,0.04532967,0,0
85064,0,0.04530813,0.02248394,0.08335252,0.04532967,0,0
85065,0,0.09471476,0.057771664,0.11308744,0.078028746,0,0
85066,0,0.05710863,0.035928145,0.092580065,0.04532967,0,0
85067,0,0.089582525,0.05263158,0.11427528,0.078028746,0,0
85068,0,0.07676172,0.035928145,0.114342816,0.078028746,0,0
85069,0,0.072422855,0.035928145,0.10993053,0.06716418,0,0
85070,0,0.067738615,0.035928145,0.10167343,0.04532967,0,0
85071,0,0.07438686,0.035928145,0.13028616,0.078028746,0,0
85072,0,0.057863057,0.035928145,0.13875453,0.092920355,0,0
85073,0,0.048294928,0.02248394,0.13980617,0.092920355,0,0
85074,0,0.037462547,0.02248394,0.138996,0.092920355,0,0
85075,0,0.04371382,0.02248394,0.20296118,0.09982175,0,0
85076,0,0.046011817,0.02248394,0.12182061,0.078028746,0,0
85077,0,0.050597083,0.02248394,0.13760017,0.092920355,0,0
85078,0,0.08602951,0.035928145,0.21942078,0.10289389,0,0
85079,0,0.07674723,0.035928145,0.1708872,0.09982175,0,0
85080,0,0.04574156,0.02248394,0.17402203,0.09982175,0,0
85081,0,0.034471627,0.02248394,0.14695393,0.092920355,0,0
85082,0,0.024638982,0.004761905,0.053606328,0.025263159,0,0
85083,0,0.02916096,0.02248394,0.0825208,0.04532967,0,0
85084,0,0.02614509,0.004761905,0.105523944,0.05050505,0,0
85085,0,0.025604384,0.004761905,0.08891444,0.04532967,0,0
85086,0,0.019172,0.0017482517,0.04720548,0.017391304,0,0
85087,0,0.022307668,0.0017482517,0.044608995,0.017391304,0,0
85088,0,0.020936185,0.0017482517,0.037370656,0.009259258,0,0
85089,0,0.023020089,0.0017482517,0.04261004,0.017391304,0,0
85090,0,0.023177393,0.0017482517,0.05651305,0.025263159,0,0
85091,0,0.012949124,0.0017482517,0.03411147,0.009259258,0,0
85092,0,0.014840437,0.0017482517,0.035088696,0.009259258,0,0
85093,0,0.01468102,0.0017482517,0.03714097,0.009259258,0,0
85094,0,0.022164088,0.0017482517,0.055006128,0.025263159,0,0
85095,0,0.020006338,0.0017482517,0.036590833,0.009259258,0,0
85096,0,0.020510884,0.0017482517,0.027480254,0.009259258,0,0
85097,0,0.017690757,0.0017482517,0.0259322,0.009259258,0,0
85098,0,0.016379938,0.0017482517,0.04154586,0.017391304,0,0
85099,0,0.018159019,0.0017482517,0.025529785,0.009259258,0,0
85100,0,0.018507568,0.0017482517,0.025139617,0.009259258,0,0
85101,0,0.009651767,0.0017482517,0.020963414,0.0013605442,0,0
85102,0,0.012437834,0.0017482517,0.015531672,0.0013605442,0,0
85103,0,0.014075764,0.0017482517,0.017909812,0.0013605442,0,0
85104,0,0.014938073,0.0017482517,0.019060338,0.0013605442,0,0
85105,0,0.015166782,0.0017482517,0.014364407,0.0013605442,0,0
85106,0,0.012328677,0.0017482517,0.013816504,0.0013605442,0,0
85107,0,0.010794466,0.0017482517,0.013758002,0.0013605442,0,0
85108,0,0.010202629,0.0017482517,0.017453087,0.0013605442,0,0
85109,0,0.020474717,0.0017482517,0.025046099,0.009259258,0,0
85110,0,0.015765171,0.0017482517,0.019403959,0.0013605442,0,0
85111,0,0.012121951,0.0017482517,0.02142715,0.0013605442,0,0
85112,0,0.021855095,0.0017482517,0.020018984,0.0013605442,0,0
85113,0,0.018250672,0.0017482517,0.01939361,0.0013605442,0,0
85114,0,0.00969211,0.0017482517,0.022369405,0.0013605442,0,0
85115,0,0.006098559,0.0017482517,0.015041223,0.0013605442,0,0
85116,0,0.017555743,0.0017482517,0.023891833,0.009259258,0,0
85117,0,0.016367989,0.0017482517,0.020479968,0.0013605442,0,0
85118,0,0.016271247,0.0017482517,0.025651626,0.009259258,0,0
85119,0,0.015726034,0.0017482517,0.02255235,0.0013605442,0,0
85120,0,0.014763308,0.0017482517,0.021312818,0.0013605442,0,0
85121,0,0.01319188,0.0017482517,0.016403217,0.0013605442,0,0
85122,0,0.008609318,0.0017482517,0.016195174,0.0013605442,0,0
85123,0,0.011697436,0.0017482517,0.018842397,0.0013605442,0,0
85124,0,0.00879954,0.0017482517,0.010931928,0.0013605442,0,0
85125,0,0.008868475,0.0017482517,0.013059201,0.0013605442,0,0
85126,0,0.009941013,0.0017482517,0.014275418,0.0013605442,0,0
85127,0,0.008578004,0.0017482517,0.012689718,0.0013605442,0,0
85128,0,0.0065305596,0.0017482517,0.011521528,0.0013605442,0,0
85129,0,0.0075937896,0.0017482517,0.008862982,0.0,0,0
85130,0,0.0072265277,0.0017482517,0.010644177,0.0013605442,0,0
85131,0,0.008083565,0.0017482517,0.008123667,0.0,0,0
85132,0,0.008118374,0.0017482517,0.006482779,0.0,0,0
85133,0,0.007116791,0.0017482517,0.0059256684,0.0,0,0
85134,0,0.007007965,0.0017482517,0.006023148,0.0,0,0
85135,0,0.0058933645,0.0017482517,0.006408848,0.0,0,0
85136,0,0.005413779,0.0017482517,0.005974069,0.0,0,0
85137,0,0.0062048873,0.0017482517,0.005108732,0.0,0,0
85138,0,0.0063960436,0.0017482517,0.006289556,0.0,0,0
85139,0,0.0042840503,0.0,0.0067001744,0.0,0,0
85140,0,0.003632879,0.0,0.004266263,0.0,0,0
85141,0,0.0035157474,0.0,0.0030229434,0.0,0,0
85142,0,0.004401026,0.0,0.004833067,0.0,0,0
85143,0,0.00537525,0.0017482517,0.0051490604,0.0,0,0
85144,0,0.009302474,0.0017482517,0.011148082,0.0013605442,0,0
85145,0,0.006671181,0.0017482517,0.0088795265,0.0,0,0
85146,0,0.005243864,0.0017482517,0.007004963,0.0,0,0
85147,0,0.0048717796,0.0017482517,0.005072841,0.0,0,0
85148,0,0.004399505,0.0,0.003936912,0.0,0,0
85149,0,0.004235634,0.0,0.006287104,0.0,0,0
85150,0,0.0034795613,0.0,0.0045938874,0.0,0,0
85151,0,0.0030511778,0.0,0.0034266096,0.0,0,0
85152,0,0.0032938684,0.0,0.0032614574,0.0,0,0
85153,0,0.004272158,0.0,0.003570667,0.0,0,0
85154,0,0.0045218267,0.0017482517,0.005252801,0.0,0,0
85155,0,0.004226674,0.0,0.005416101,0.0,0,0
85156,0,0.0037148339,0.0,0.0048027937,0.0,0,0
85157,0,0.008396029,0.0017482517,0.007963795,0.0,0,0
85158,0,0.005584401,0.0017482517,0.008177887,0.0,0,0
85159,0,0.0055498746,0.0017482517,0.009932442,0.0013605442,0,0
85160,0,0.005921386,0.0017482517,0.011017088,0.0013605442,0,0
85161,0,0.0058130575,0.0017482517,0.006779425,0.0,0,0
85162,0,0.0036252267,0.0,0.0059381216,0.0,0,0
85163,0,0.004615468,0.0017482517,0.025579212,0.009259258,0,0
85164,0,0.0063929716,0.0017482517,0.013020924,0.0013605442,0,0
85165,0,0.0049087796,0.0017482517,0.011909606,0.0013605442,0,0
85166,0,0.004973958,0.0017482517,0.014635641,0.0013605442,0,0
85167,0,0.0050565116,0.0017482517,0.010401603,0.0013605442,0,0
85168,0,0.008993534,0.0017482517,0.015995963,0.0013605442,0,0
85169,0,0.0088930195,0.0017482517,0.022271743,0.0013605442,0,0
85170,0,0.009207695,0.0017482517,0.019719575,0.0013605442,0,0
85171,0,0.008874807,0.0017482517,0.01126242,0.0013605442,0,0
85172,0,0.008844378,0.0017482517,0.0119405305,0.0013605442,0,0
85173,0,0.0070970133,0.0017482517,0.010670784,0.0013605442,0,0
85174,0,0.007563939,0.0017482517,0.011521679,0.0013605442,0,0
85175,0,0.010168468,0.0017482517,0.014232117,0.0013605442,0,0
85176,0,0.008763902,0.0017482517,0.011347855,0.0013605442,0,0
85177,0,0.008599747,0.0017482517,0.009521658,0.0013605442,0,0
85178,0,0.022573793,0.0017482517,0.036637753,0.009259258,0,0
85179,0,0.027030675,0.004761905,0.026060112,0.009259258,0,0
85180,0,0.033195682,0.02248394,0.024949178,0.009259258,0,0
85181,0,0.03909483,0.02248394,0.02770032,0.009259258,0,0
85182,0,0.033691708,0.02248394,0.031077081,0.009259258,0,0
85183,0,0.05958627,0.035928145,0.03139879,0.009259258,0,0
85184,0,0.068067394,0.035928145,0.03674897,0.009259258,0,0
85185,0,0.044578623,0.02248394,0.0413377,0.009259258,0,0
85186,0,0.07425961,0.035928145,0.045401253,0.017391304,0,0
85187,0,0.05574803,0.027237354,0.043189533,0.017391304,0,0
85188,0,0.056021415,0.027237354,0.040119085,0.009259258,0,0
85189,0,0.04643086,0.02248394,0.04310942,0.017391304,0,0
85190,0,0.04639253,0.02248394,0.039976925,0.009259258,0,0
85191,0,0.046710413,0.02248394,0.046253927,0.017391304,0,0
85192,0,0.042945053,0.02248394,0.0884181,0.04532967,0,0
85193,0,0.0557795,0.027237354,0.090824,0.04532967,0,0
85194,0,0.05806174,0.035928145,0.09054085,0.04532967,0,0
85195,0,0.052631352,0.027237354,0.077337354,0.04532967,0,0
85196,0,0.047507003,0.02248394,0.077090114,0.04532967,0,0
85197,0,0.037950817,0.02248394,0.07185871,0.025263159,0,0
85198,0,0.03517262,0.02248394,0.073395535,0.025263159,0,0
85199,0,0.024333842,0.004761905,0.04692075,0.017391304,0,0
85200,0,0.02585524,0.004761905,0.049214035,0.017391304,0,0
85201,0,0.027878454,0.004761905,0.056057576,0.025263159,0,0
85202,0,0.017718539,0.0017482517,0.019311314,0.0013605442,0,0
85203,0,0.014581853,0.0017482517,0.025502801,0.009259258,0,0
85204,0,0.011400364,0.0017482517,0.018609807,0.0013605442,0,0
85205,0,0.011452417,0.0017482517,0.020547345,0.0013605442,0,0
85206,0,0.011389101,0.0017482517,0.021974279,0.0013605442,0,0
85207,0,0.008343129,0.0017482517,0.016363613,0.0013605442,0,0
85208,0,0.009408767,0.0017482517,0.016594548,0.0013605442,0,0
85209,0,0.012014859,0.0017482517,0.020782277,0.0013605442,0,0
85210,0,0.010349068,0.0017482517,0.016391566,0.0013605442,0,0
85211,0,0.007862689,0.0017482517,0.015756117,0.0013605442,0,0
85212,0,0.0057628797,0.0017482517,0.008706288,0.0,0,0
85213,0,0.0053767157,0.0017482517,0.008083033,0.0,0,0
85214,0,0.0055371914,0.0017482517,0.009130256,0.0013605442,0,0
85215,0,0.005022544,0.0017482517,0.008181581,0.0,0,0
85216,0,0.005632604,0.0017482517,0.009061937,0.0013605442,0,0
85217,0,0.0053506456,0.0017482517,0.00810938,0.0,0,0
85218,0,0.005632604,0.0017482517,0.009061937,0.0013605442,0,0
85219,0,0.0053110514,0.0017482517,0.008766147,0.0,0,0
85220,0,0.0053767157,0.0017482517,0.008083033,0.0,0,0
85221,0,0.0055371914,0.0017482517,0.008636512,0.0,0,0
85222,0,0.00535645,0.0017482517,0.008551395,0.0,0,0
85223,0,0.017601041,0.0017482517,0.016246544,0.0013605442,0,0
85224,0,0.01181729,0.0017482517,0.013600964,0.0013605442,0,0
85225,0,0.015147159,0.0017482517,0.01990587,0.0013605442,0,0
85226,0,0.011649321,0.0017482517,0.014604481,0.0013605442,0,0
85227,0,0.011817652,0.0017482517,0.014012662,0.0013605442,0,0
85228,0,0.010916822,0.0017482517,0.017496102,0.0013605442,0,0
85229,0,0.013182088,0.0017482517,0.0141018545,0.0013605442,0,0
85230,0,0.009153508,0.0017482517,0.016140282,0.0013605442,0,0
85231,0,0.009027413,0.0017482517,0.01786775,0.0013605442,0,0
85232,0,0.0086305,0.0017482517,0.016057977,0.0013605442,0,0
85233,0,0.008968528,0.0017482517,0.016057977,0.0013605442,0,0
85234,0,0.009816679,0.0017482517,0.01565635,0.0013605442,0,0
85235,0,0.008710594,0.0017482517,0.015222915,0.0013605442,0,0
85236,0,0.008138612,0.0017482517,0.0155843925,0.0013605442,0,0
85237,0,0.00815827,0.0017482517,0.011308406,0.0013605442,0,0
85238,0,0.008696544,0.0017482517,0.0112267565,0.0013605442,0,0
85239,0,0.0064144465,0.0017482517,0.008758138,0.0,0,0
85240,0,0.0052718585,0.0017482517,0.007913612,0.0,0,0
85241,0,0.005015655,0.0017482517,0.0074934117,0.0,0,0
85242,0,0.005880115,0.0017482517,0.006973817,0.0,0,0
85243,0,0.005567976,0.0017482517,0.008636295,0.0,0,0
85244,0,0.0052368366,0.0017482517,0.007663307,0.0,0,0
85245,0,0.0051882407,0.0017482517,0.007611472,0.0,0,0
85246,0,0.005295853,0.0017482517,0.007808501,0.0,0,0
85247,0,0.0057966677,0.0017482517,0.0073810103,0.0,0,0
85248,0,0.0064543984,0.0017482517,0.0085191205,0.0,0,0
85249,0,0.0054960498,0.0017482517,0.008558918,0.0,0,0
85250,0,0.005117768,0.0017482517,0.008792543,0.0,0,0
85251,0,0.0056009223,0.0017482517,0.008355625,0.0,0,0
85252,0,0.0060292543,0.0017482517,0.010487631,0.0013605442,0,0
85253,0,0.006226932,0.0017482517,0.009714182,0.0013605442,0,0
85254,0,0.0052036485,0.0017482517,0.0071573756,0.0,0,0
85255,0,0.006026709,0.0017482517,0.0067068166,0.0,0,0
85256,0,0.0030938983,0.0,0.005137973,0.0,0,0
85257,0,0.0018097959,0.0,0.0029310097,0.0,0,0
85258,0,0.0023887837,0.0,0.004080265,0.0,0,0
85259,0,0.0018921926,0.0,0.002664058,0.0,0,0
85260,0,0.0014824485,0.0,0.0025032572,0.0,0,0
85261,0,0.0019293673,0.0,0.002738033,0.0,0,0
85262,0,0.0015156557,0.0,0.0024184634,0.0,0,0
85263,0,0.0018102576,0.0,0.0022817608,0.0,0,0
85264,0,0.0016685288,0.0,0.0020763662,0.0,0,0
85265,0,0.0016685288,0.0,0.0020763662,0.0,0,0
85266,0,0.0033007904,0.0,0.0043902807,0.0,0,0
85267,0,0.0032207817,0.0,0.0044339965,0.0,0,0
85268,0,0.0031046474,0.0,0.0044458043,0.0,0,0
85269,0,0.0031046474,0.0,0.0044458043,0.0,0,0
85270,0,0.0034310252,0.0,0.0057996856,0.0,0,0
85271,0,0.006654984,0.0017482517,0.010357173,0.0013605442,0,0
85272,0,0.005677416,0.0017482517,0.009460866,0.0013605442,0,0
85273,0,0.005677416,0.0017482517,0.009460866,0.0013605442,0,0
85274,0,0.005151303,0.0017482517,0.008665103,0.0,0,0
85275,0,0.0044815294,0.0,0.0055693225,0.0,0,0
85276,0,0.0044400506,0.0,0.0058217365,0.0,0,0
85277,0,0.0044400506,0.0,0.0058217365,0.0,0,0
85278,0,0.0040753325,0.0,0.0054935245,0.0,0,0
85279,0,0.0041647805,0.0,0.005623683,0.0,0,0
85280,0,0.0038704684,0.0,0.0046196035,0.0,0,0
85281,0,0.00247969,0.0,0.0031088828,0.0,0,0
85282,0,0.0029914419,0.0,0.0030437012,0.0,0,0
85283,0,0.0015717564,0.0,0.0018879215,0.0,0,0
85284,0,0.0018184218,0.0,0.0018957965,0.0,0,0
85285,0,0.001097642,0.0,0.0014122818,0.0,0,0
85286,0,0.0011720066,0.0,0.0016349918,0.0,0,0
85287,0,0.0011437497,0.0,0.0013368089,0.0,0,0
85288,0,0.0012302663,0.0,0.0014175767,0.0,0,0
85289,0,0.0012673078,0.0,0.001376796,0.0,0,0
85290,0,0.0012673078,0.0,0.001376796,0.0,0,0
85291,0,0.0013082417,0.0,0.0014978559,0.0,0,0
85292,0,0.0012688924,0.0,0.0014916244,0.0,0,0
85293,0,0.0012688924,0.0,0.0014916244,0.0,0,0
85294,0,0.0012920746,0.0,0.0014564873,0.0,0,0
85295,0,0.0052590407,0.0017482517,0.021775473,0.0013605442,0,0
85296,0,0.01248312,0.0017482517,0.019007813,0.0013605442,0,0
85297,0,0.015351777,0.0017482517,0.016762739,0.0013605442,0,0
85298,0,0.021775188,0.0017482517,0.016231818,0.0013605442,0,0
85299,0,0.027576523,0.004761905,0.02216903,0.0013605442,0,0
85300,0,0.030710785,0.02248394,0.018284732,0.0013605442,0,0
85301,0,0.04629134,0.02248394,0.020885421,0.0013605442,0,0
85302,0,0.044069923,0.02248394,0.022829266,0.0013605442,0,0
85303,0,0.042008605,0.02248394,0.026984181,0.009259258,0,0
85304,0,0.042942252,0.02248394,0.02601648,0.009259258,0,0
85305,0,0.047231257,0.02248394,0.02329917,0.0013605442,0,0
85306,0,0.04876663,0.02248394,0.02594273,0.009259258,0,0
85307,0,0.05061975,0.02248394,0.025222369,0.009259258,0,0
85308,0,0.04966739,0.02248394,0.027353352,0.009259258,0,0
85309,0,0.034040235,0.02248394,0.026580114,0.009259258,0,0
85310,0,0.025525022,0.004761905,0.020134535,0.0013605442,0,0
85311,0,0.025353573,0.004761905,0.027886992,0.009259258,0,0
85312,0,0.026529416,0.004761905,0.033320032,0.009259258,0,0
85313,0,0.0256646,0.004761905,0.0420017,0.017391304,0,0
85314,0,0.01852265,0.0017482517,0.017400512,0.0013605442,0,0
85315,0,0.019314006,0.0017482517,0.017620372,0.0013605442,0,0
85316,0,0.01740928,0.0017482517,0.015026734,0.0013605442,0,0
85317,0,0.025125613,0.004761905,0.01949481,0.0013605442,0,0
85318,0,0.018334022,0.0017482517,0.01563385,0.0013605442,0,0
85319,0,0.012907842,0.0017482517,0.012074323,0.0013605442,0,0
85320,0,0.02457406,0.004761905,0.02090405,0.0013605442,0,0
85321,0,0.017263694,0.0017482517,0.014551394,0.0013605442,0,0
85322,0,0.028638015,0.004761905,0.028513761,0.009259258,0,0
85323,0,0.018244347,0.0017482517,0.01705119,0.0013605442,0,0
85324,0,0.015697394,0.0017482517,0.016236525,0.0013605442,0,0
85325,0,0.010934053,0.0017482517,0.01746193,0.0013605442,0,0
85326,0,0.0087683685,0.0017482517,0.014997325,0.0013605442,0,0
85327,0,0.010260483,0.0017482517,0.013247781,0.0013605442,0,0
85328,0,0.022181312,0.0017482517,0.014276638,0.0013605442,0,0
85329,0,0.018221548,0.0017482517,0.019310443,0.0013605442,0,0
85330,0,0.01527627,0.0017482517,0.017366061,0.0013605442,0,0
85331,0,0.033086505,0.02248394,0.023216095,0.0013605442,0,0
85332,0,0.010124666,0.0017482517,0.0127447555,0.0013605442,0,0
85333,0,0.015326224,0.0017482517,0.013953211,0.0013605442,0,0
85334,0,0.010955205,0.0017482517,0.009861131,0.0013605442,0,0
85335,0,0.0073571526,0.0017482517,0.007498793,0.0,0,0
85336,0,0.013321193,0.0017482517,0.013247664,0.0013605442,0,0
85337,0,0.0076107983,0.0017482517,0.00859685,0.0,0,0
85338,0,0.008093658,0.0017482517,0.0106645385,0.0013605442,0,0
85339,0,0.008093658,0.0017482517,0.0106645385,0.0013605442,0,0
85340,0,0.007948522,0.0017482517,0.009694609,0.0013605442,0,0
85341,0,0.0064271553,0.0017482517,0.011909359,0.0013605442,0,0
85342,0,0.009979786,0.0017482517,0.0139050735,0.0013605442,0,0
85343,0,0.007980135,0.0017482517,0.011392666,0.0013605442,0,0
85344,0,0.007980135,0.0017482517,0.011532938,0.0013605442,0,0
85345,0,0.009448933,0.0017482517,0.015599653,0.0013605442,0,0
85346,0,0.008929675,0.0017482517,0.013853156,0.0013605442,0,0
85347,0,0.0120571535,0.0017482517,0.017821241,0.0013605442,0,0
85348,0,0.0051543466,0.0017482517,0.009243282,0.0013605442,0,0
85349,0,0.0045124395,0.0017482517,0.008159385,0.0,0,0
85350,0,0.0046414584,0.0017482517,0.008657223,0.0,0,0
85351,0,0.0052687507,0.0017482517,0.009994038,0.0013605442,0,0
85352,0,0.0044835657,0.0016019837,0.009445462,0.0013605442,0,0
85353,0,0.0043589165,0.0,0.008973331,0.0013605442,0,0
85354,0,0.004343712,0.0,0.009406247,0.0013605442,0,0
85355,0,0.0046429033,0.0017482517,0.007477126,0.0,0,0
85356,0,0.004480589,0.0,0.0075215185,0.0,0,0
85357,0,0.0043368666,0.0,0.007631354,0.0,0,0
85358,0,0.004587403,0.0017482517,0.008515892,0.0,0,0
85359,0,0.0043368666,0.0,0.008753974,0.0,0,0
85360,0,0.0043572304,0.0,0.008754483,0.0,0,0
85361,0,0.0044948747,0.0017482517,0.008564944,0.0,0,0
85362,0,0.004649638,0.0017482517,0.008726823,0.0,0,0
85363,0,0.00489959,0.0017482517,0.008810814,0.0,0,0
85364,0,0.0046000015,0.0017482517,0.009400544,0.0013605442,0,0
85365,0,0.0042798053,0.0,0.0077618654,0.0,0,0
85366,0,0.0057469434,0.0017482517,0.007527466,0.0,0,0
85367,0,0.005439845,0.0017482517,0.007527466,0.0,0,0
85368,0,0.0057847723,0.0017482517,0.008078424,0.0,0,0
85369,0,0.005351905,0.0017482517,0.007408598,0.0,0,0
85370,0,0.0056795133,0.0017482517,0.0073582362,0.0,0,0
85371,0,0.004758884,0.0017482517,0.0067287264,0.0,0,0
85372,0,0.0024486948,0.0,0.0038352734,0.0,0,0
85373,0,0.0024486948,0.0,0.0038352734,0.0,0,0
85374,0,0.003007893,0.0,0.0043610837,0.0,0,0
85375,0,0.0030281732,0.0,0.004469929,0.0,0,0
85376,0,0.0034696911,0.0,0.005219041,0.0,0,0
85377,0,0.0030173468,0.0,0.0041635525,0.0,0,0
85378,0,0.0030173468,0.0,0.0041635525,0.0,0,0
85379,0,0.0030173468,0.0,0.0041635525,0.0,0,0
85380,0,0.0030173468,0.0,0.0041635525,0.0,0,0
85381,0,0.003107457,0.0,0.0044448017,0.0,0,0
85382,0,0.0030161995,0.0,0.0041792043,0.0,0,0
85383,0,0.0031062753,0.0,0.0044615064,0.0,0,0
85384,0,0.014909353,0.0017482517,0.011992414,0.0013605442,0,0
85385,0,0.012091964,0.0017482517,0.011275952,0.0013605442,0,0
85386,0,0.010985373,0.0017482517,0.0124557875,0.0013605442,0,0
85387,0,0.027607545,0.004761905,0.02837018,0.009259258,0,0
85388,0,0.010513573,0.0017482517,0.015253284,0.0013605442,0,0
85389,0,0.015225575,0.0017482517,0.02092219,0.0013605442,0,0
85390,0,0.017106455,0.0017482517,0.024103224,0.009259258,0,0
85391,0,0.012089133,0.0017482517,0.017230913,0.0013605442,0,0
85392,0,0.007898341,0.0017482517,0.011540061,0.0013605442,0,0
85393,0,0.0035111427,0.0,0.005691398,0.0,0,0
85394,0,0.0035111427,0.0,0.005691398,0.0,0,0
85395,0,0.0035111427,0.0,0.005691398,0.0,0,0
85396,0,0.0035111427,0.0,0.005691398,0.0,0,0
85397,0,0.0035111427,0.0,0.005691398,0.0,0,0
85398,0,0.004704066,0.0017482517,0.007092267,0.0,0,0
85399,0,0.002667813,0.0,0.0031243924,0.0,0,0
85400,0,0.002667813,0.0,0.0031243924,0.0,0,0
85401,0,0.0033724955,0.0,0.00402244,0.0,0,0
85402,0,0.0014647488,0.0,0.0021313021,0.0,0,0
85403,0,0.001446168,0.0,0.002155616,0.0,0,0
85404,0,0.0018809385,0.0,0.0023501508,0.0,0,0
85405,0,0.0015134974,0.0,0.0024522464,0.0,0,0
85406,0,0.001446168,0.0,0.002155616,0.0,0,0
85407,0,0.001446168,0.0,0.002155616,0.0,0,0
85408,0,0.001446168,0.0,0.002155616,0.0,0,0
85409,0,0.001446168,0.0,0.002155616,0.0,0,0
85410,0,0.0103496695,0.0017482517,0.020394774,0.0013605442,0,0
85411,0,0.014788658,0.0017482517,0.014569764,0.0013605442,0,0
85412,0,0.020831669,0.0017482517,0.018453466,0.0013605442,0,0
85413,0,0.022183819,0.0017482517,0.022420455,0.0013605442,0,0
85414,0,0.018406687,0.0017482517,0.023342544,0.0013605442,0,0
85415,0,0.016793968,0.0017482517,0.025093254,0.009259258,0,0
85416,0,0.01837067,0.0017482517,0.024341065,0.009259258,0,0
85417,0,0.024536867,0.004761905,0.021998718,0.0013605442,0,0
85418,0,0.026722154,0.004761905,0.021771997,0.0013605442,0,0
85419,0,0.017401922,0.0017482517,0.015994236,0.0013605442,0,0
85420,0,0.018663228,0.0017482517,0.020353565,0.0013605442,0,0
85421,0,0.026948515,0.004761905,0.01986908,0.0013605442,0,0
85422,0,0.022631895,0.0017482517,0.0233478,0.0013605442,0,0
85423,0,0.024569899,0.004761905,0.026510894,0.009259258,0,0
85424,0,0.022480119,0.0017482517,0.034361757,0.009259258,0,0
85425,0,0.025171183,0.004761905,0.03255302,0.009259258,0,0
85426,0,0.01975509,0.0017482517,0.021698108,0.0013605442,0,0
85427,0,0.02573849,0.004761905,0.028374115,0.009259258,0,0
85428,0,0.025032572,0.004761905,0.029729942,0.009259258,0,0
85429,0,0.024122821,0.0017482517,0.03331828,0.009259258,0,0
85430,0,0.02365512,0.0017482517,0.0363482,0.009259258,0,0
85431,0,0.02351831,0.0017482517,0.033031333,0.009259258,0,0
85432,0,0.024218723,0.0017482517,0.029823978,0.009259258,0,0
85433,0,0.02765779,0.004761905,0.031251546,0.009259258,0,0
85434,0,0.02823308,0.004761905,0.037620407,0.009259258,0,0
85435,0,0.018256482,0.0017482517,0.014620313,0.0013605442,0,0
85436,0,0.0155026,0.0017482517,0.017598461,0.0013605442,0,0
85437,0,0.014169748,0.0017482517,0.016812623,0.0013605442,0,0
85438,0,0.017191261,0.0017482517,0.016354175,0.0013605442,0,0
85439,0,0.019394824,0.0017482517,0.017357966,0.0013605442,0,0
85440,0,0.018403986,0.0017482517,0.014673869,0.0013605442,0,0
85441,0,0.015086411,0.0017482517,0.013623712,0.0013605442,0,0
85442,0,0.013363583,0.0017482517,0.013809573,0.0013605442,0,0
85443,0,0.011160357,0.0017482517,0.0145969745,0.0013605442,0,0
85444,0,0.0068545435,0.0017482517,0.010800364,0.0013605442,0,0
85445,0,0.00910629,0.0017482517,0.012072948,0.0013605442,0,0
85446,0,0.01004111,0.0017482517,0.011459308,0.0013605442,0,0
85447,0,0.0073589287,0.0017482517,0.010007418,0.0013605442,0,0
85448,0,0.005264572,0.0017482517,0.007650535,0.0,0,0
85449,0,0.005294203,0.0017482517,0.0076877344,0.0,0,0
85450,0,0.0058909706,0.0017482517,0.007846132,0.0,0,0
85451,0,0.005294203,0.0017482517,0.0076877344,0.0,0,0
85452,0,0.005105868,0.0017482517,0.0076877344,0.0,0,0
85453,0,0.0056815282,0.0017482517,0.007846132,0.0,0,0
85454,0,0.005105868,0.0017482517,0.0076877344,0.0,0,0
85455,0,0.005822383,0.0017482517,0.007007895,0.0,0,0
85456,0,0.005105868,0.0017482517,0.0076877344,0.0,0,0
85457,0,0.005105868,0.0017482517,0.0076877344,0.0,0,0
85458,0,0.005324805,0.0017482517,0.0076877344,0.0,0,0
85459,0,0.005324805,0.0017482517,0.0076877344,0.0,0,0
85460,0,0.0059250025,0.0017482517,0.007909353,0.0,0,0
85461,0,0.005324805,0.0017482517,0.00774969,0.0,0,0
85462,0,0.0054799556,0.0017482517,0.008374998,0.0,0,0
85463,0,0.006412787,0.0017482517,0.007909353,0.0,0,0
85464,0,0.0063962922,0.0017482517,0.007939973,0.0,0,0
85465,0,0.007007384,0.0017482517,0.007893224,0.0,0,0
85466,0,0.0075367442,0.0017482517,0.008669647,0.0,0,0
85467,0,0.005509149,0.0017482517,0.007440121,0.0,0,0
85468,0,0.005410545,0.0017482517,0.007440121,0.0,0,0
85469,0,0.00587547,0.0017482517,0.0062907273,0.0,0,0
85470,0,0.005921796,0.0017482517,0.005605375,0.0,0,0
85471,0,0.017090948,0.0017482517,0.024102775,0.009259258,0,0
85472,0,0.017969718,0.0017482517,0.024380084,0.009259258,0,0
85473,0,0.019775346,0.0017482517,0.025298698,0.009259258,0,0
85474,0,0.027102701,0.004761905,0.032061253,0.009259258,0,0
85475,0,0.015314096,0.0017482517,0.02151069,0.0013605442,0,0
85476,0,0.028714763,0.004761905,0.031682745,0.009259258,0,0
85477,0,0.028008346,0.004761905,0.027503463,0.009259258,0,0
85478,0,0.036874913,0.02248394,0.031034509,0.009259258,0,0
85479,0,0.043932248,0.02248394,0.03313452,0.009259258,0,0
85480,0,0.044951547,0.02248394,0.02254087,0.0013605442,0,0
85481,0,0.041569076,0.02248394,0.027767276,0.009259258,0,0
85482,0,0.053082276,0.027237354,0.02909599,0.009259258,0,0
85483,0,0.045655962,0.02248394,0.022058606,0.0013605442,0,0
85484,0,0.037540816,0.02248394,0.02341597,0.0013605442,0,0
85485,0,0.03576101,0.02248394,0.025506442,0.009259258,0,0
85486,0,0.033637125,0.02248394,0.025382027,0.009259258,0,0
85487,0,0.030808887,0.02248394,0.025795113,0.009259258,0,0
85488,0,0.043573692,0.02248394,0.028289014,0.009259258,0,0
85489,0,0.042024832,0.02248394,0.029562254,0.009259258,0,0
85490,0,0.052464563,0.027237354,0.04459708,0.017391304,0,0
85491,0,0.024833228,0.004761905,0.015680626,0.0013605442,0,0
85492,0,0.037214827,0.02248394,0.016809635,0.0013605442,0,0
85493,0,0.02300912,0.0017482517,0.015197039,0.0013605442,0,0
85494,0,0.02469078,0.004761905,0.023121703,0.0013605442,0,0
85495,0,0.03319138,0.02248394,0.026076907,0.009259258,0,0
85496,0,0.04801629,0.02248394,0.03399039,0.009259258,0,0
85497,0,0.023057139,0.0017482517,0.01808297,0.0013605442,0,0
85498,0,0.035486206,0.02248394,0.024237437,0.009259258,0,0
85499,0,0.032726005,0.02248394,0.027055183,0.009259258,0,0
85500,0,0.037208192,0.02248394,0.040032715,0.009259258,0,0
85501,0,0.038165476,0.02248394,0.03611321,0.009259258,0,0
85502,0,0.0338162,0.02248394,0.036114447,0.009259258,0,0
85503,0,0.04204489,0.02248394,0.04229276,0.017391304,0,0
85504,0,0.0348854,0.02248394,0.03536813,0.009259258,0,0
85505,0,0.050201256,0.02248394,0.05721865,0.025263159,0,0
85506,0,0.037213407,0.02248394,0.047254425,0.017391304,0,0
85507,0,0.026516901,0.004761905,0.05290867,0.025263159,0,0
85508,0,0.038829315,0.02248394,0.056108832,0.025263159,0,0
85509,0,0.04321202,0.02248394,0.04685458,0.017391304,0,0
85510,0,0.049744513,0.02248394,0.067027405,0.025263159,0,0
85511,0,0.047246613,0.02248394,0.05274153,0.020549837,0,0
85512,0,0.027695857,0.004761905,0.030053286,0.009259258,0,0
85513,0,0.028735796,0.004761905,0.032024533,0.009259258,0,0
85514,0,0.033552382,0.02248394,0.039869193,0.009259258,0,0
85515,0,0.028068237,0.004761905,0.02892873,0.009259258,0,0
85516,0,0.027431525,0.004761905,0.03429934,0.009259258,0,0
85517,0,0.043665946,0.02248394,0.039855085,0.009259258,0,0
85518,0,0.043764256,0.02248394,0.03522557,0.009259258,0,0
85519,0,0.032363627,0.02248394,0.048830207,0.017391304,0,0
85520,0,0.032749373,0.02248394,0.033501823,0.009259258,0,0
85521,0,0.022248678,0.0017482517,0.01973407,0.0013605442,0,0
85522,0,0.02496175,0.004761905,0.028076502,0.009259258,0,0
85523,0,0.020923374,0.0017482517,0.0183018,0.0013605442,0,0
85524,0,0.0125175305,0.0017482517,0.018689256,0.0013605442,0,0
85525,0,0.018556358,0.0017482517,0.021602185,0.0013605442,0,0
85526,0,0.018238347,0.0017482517,0.020936243,0.0013605442,0,0
85527,0,0.018603232,0.0017482517,0.021573594,0.0013605442,0,0
85528,0,0.02124295,0.0017482517,0.02168302,0.0013605442,0,0
85529,0,0.019616103,0.0017482517,0.017020019,0.0013605442,0,0
85530,0,0.014453788,0.0017482517,0.018966725,0.0013605442,0,0
85531,0,0.021825599,0.0017482517,0.015050261,0.0013605442,0,0
85532,0,0.02626163,0.004761905,0.013465659,0.0013605442,0,0
85533,0,0.020498993,0.0017482517,0.015360681,0.0013605442,0,0
85534,0,0.016458431,0.0017482517,0.016013654,0.0013605442,0,0
85535,0,0.028004589,0.004761905,0.017905988,0.0013605442,0,0
85536,0,0.02707598,0.004761905,0.016903609,0.0013605442,0,0
85537,0,0.022451615,0.0017482517,0.016262015,0.0013605442,0,0
85538,0,0.02711011,0.004761905,0.016152281,0.0013605442,0,0
85539,0,0.023406103,0.0017482517,0.016311044,0.0013605442,0,0
85540,0,0.021083139,0.0017482517,0.014622532,0.0013605442,0,0
85541,0,0.023463821,0.0017482517,0.014867272,0.0013605442,0,0
85542,0,0.022370188,0.0017482517,0.01247943,0.0013605442,0,0
85543,0,0.017384565,0.0017482517,0.010236676,0.0013605442,0,0
85544,0,0.012666178,0.0017482517,0.010862196,0.0013605442,0,0
85545,0,0.015584101,0.0017482517,0.010393021,0.0013605442,0,0
85546,0,0.011860054,0.0017482517,0.010584567,0.0013605442,0,0
85547,0,0.014105666,0.0017482517,0.011140488,0.0013605442,0,0
85548,0,0.012927395,0.0017482517,0.012769577,0.0013605442,0,0
85549,0,0.01286534,0.0017482517,0.020572027,0.0013605442,0,0
85550,0,0.018267602,0.0017482517,0.023997609,0.009259258,0,0
85551,0,0.014824187,0.0017482517,0.024243291,0.009259258,0,0
85552,0,0.0129119735,0.0017482517,0.018030213,0.0013605442,0,0
85553,0,0.011190719,0.0017482517,0.01086833,0.0013605442,0,0
85554,0,0.013661031,0.0017482517,0.013358014,0.0013605442,0,0
85555,0,0.011319591,0.0017482517,0.014978439,0.0013605442,0,0
85556,0,0.0120658185,0.0017482517,0.01849222,0.0013605442,0,0
85557,0,0.016644197,0.0017482517,0.020987341,0.0013605442,0,0
85558,0,0.016879655,0.0017482517,0.017870242,0.0013605442,0,0
85559,0,0.013346173,0.0017482517,0.019487202,0.0013605442,0,0
85560,0,0.014053614,0.0017482517,0.019920086,0.0013605442,0,0
85561,0,0.013463367,0.0017482517,0.017740479,0.0013605442,0,0
85562,0,0.015107958,0.0017482517,0.016916975,0.0013605442,0,0
85563,0,0.0124965655,0.0017482517,0.014687961,0.0013605442,0,0
85564,0,0.013639766,0.0017482517,0.0121146785,0.0013605442,0,0
85565,0,0.015713176,0.0017482517,0.013260516,0.0013605442,0,0
85566,0,0.01849065,0.0017482517,0.016606793,0.0013605442,0,0
85567,0,0.016416809,0.0017482517,0.017251603,0.0013605442,0,0
85568,0,0.016787663,0.0017482517,0.015607161,0.0013605442,0,0
85569,0,0.011294366,0.0017482517,0.007945978,0.0,0,0
85570,0,0.0070967814,0.0017482517,0.006048193,0.0,0,0
85571,0,0.012289859,0.0017482517,0.011661075,0.0013605442,0,0
85572,0,0.010517577,0.0017482517,0.010296757,0.0013605442,0,0
85573,0,0.00842294,0.0017482517,0.008016668,0.0,0,0
85574,0,0.010991815,0.0017482517,0.012880257,0.0013605442,0,0
85575,0,0.011192734,0.0017482517,0.00898064,0.0013605442,0,0
85576,0,0.014927328,0.0017482517,0.015294587,0.0013605442,0,0
85577,0,0.006937048,0.0017482517,0.007679159,0.0,0,0
85578,0,0.008793632,0.0017482517,0.009174567,0.0013605442,0,0
85579,0,0.006737244,0.0017482517,0.0076660165,0.0,0,0
85580,0,0.008687049,0.0017482517,0.010520054,0.0013605442,0,0
85581,0,0.0067626014,0.0017482517,0.011987427,0.0013605442,0,0
85582,0,0.008159934,0.0017482517,0.0095067,0.0013605442,0,0
85583,0,0.0070878156,0.0017482517,0.011897228,0.0013605442,0,0
85584,0,0.025297334,0.004761905,0.05512893,0.025263159,0,0
85585,0,0.02726914,0.004761905,0.029597769,0.009259258,0,0
85586,0,0.046506967,0.02248394,0.040580265,0.009259258,0,0
85587,0,0.05575727,0.027237354,0.059406064,0.025263159,0,0
85588,0,0.056189302,0.027237354,0.05472129,0.025263159,0,0
85589,0,0.06470843,0.035928145,0.077851586,0.04532967,0,0
85590,0,0.08900118,0.035928145,0.05954535,0.025263159,0,0
85591,0,0.085618295,0.035928145,0.073372535,0.025263159,0,0
85592,0,0.08150682,0.035928145,0.05073884,0.017391304,0,0
85593,0,0.086671084,0.035928145,0.06433898,0.025263159,0,0
85594,0,0.077340536,0.035928145,0.067054644,0.025263159,0,0
85595,0,0.08245571,0.035928145,0.061395172,0.025263159,0,0
85596,0,0.069650725,0.035928145,0.039903697,0.009259258,0,0
85597,0,0.07635305,0.035928145,0.043718264,0.017391304,0,0
85598,0,0.04887714,0.02248394,0.0407215,0.009259258,0,0
85599,0,0.06323065,0.035928145,0.08612586,0.04532967,0,0
85600,0,0.0598038,0.035928145,0.105377436,0.05050505,0,0
85601,0,0.06734039,0.035928145,0.08354597,0.04532967,0,0
85602,0,0.05924015,0.035928145,0.06031034,0.025263159,0,0
85603,0,0.046428043,0.02248394,0.05637514,0.025263159,0,0
85604,0,0.041280236,0.02248394,0.04358375,0.017391304,0,0
85605,0,0.03640842,0.02248394,0.043781184,0.017391304,0,0
85606,0,0.053170964,0.027237354,0.06253919,0.025263159,0,0
85607,0,0.047227215,0.02248394,0.053865217,0.025263159,0,0
85608,0,0.056977287,0.035928145,0.05155677,0.017391304,0,0
85609,0,0.06394384,0.035928145,0.056165654,0.025263159,0,0
85610,0,0.055626154,0.027237354,0.058827516,0.025263159,0,0
85611,0,0.06787011,0.035928145,0.036147237,0.009259258,0,0
85612,0,0.0588246,0.035928145,0.05837987,0.025263159,0,0
85613,0,0.060850695,0.035928145,0.051551368,0.017391304,0,0
85614,0,0.045639366,0.02248394,0.044688646,0.017391304,0,0
85615,0,0.054543614,0.027237354,0.062131304,0.025263159,0,0
85616,0,0.07070314,0.035928145,0.056503456,0.025263159,0,0
85617,0,0.053673055,0.027237354,0.057951413,0.025263159,0,0
85618,0,0.064506896,0.035928145,0.066930495,0.025263159,0,0
85619,0,0.05619656,0.027237354,0.0687515,0.025263159,0,0
85620,0,0.063608944,0.035928145,0.06167759,0.025263159,0,0
85621,0,0.062358744,0.035928145,0.079603076,0.04532967,0,0
85622,0,0.05936197,0.035928145,0.06373209,0.025263159,0,0
85623,0,0.099939905,0.057771664,0.1092758,0.06716418,0,0
85624,0,0.047603514,0.02248394,0.06270062,0.025263159,0,0
85625,0,0.07971008,0.035928145,0.093914315,0.04532967,0,0
85626,0,0.07430858,0.035928145,0.07228234,0.025263159,0,0
85627,0,0.066306755,0.035928145,0.0690504,0.025263159,0,0
85628,0,0.064020775,0.035928145,0.09530563,0.04532967,0,0
85629,0,0.062446766,0.035928145,0.070236966,0.025263159,0,0
85630,0,0.060254302,0.035928145,0.04227846,0.017391304,0,0
85631,0,0.058504727,0.035928145,0.04055428,0.009259258,0,0
85632,0,0.04582545,0.02248394,0.038040902,0.009259258,0,0
85633,0,0.06088332,0.035928145,0.07577183,0.04532967,0,0
85634,0,0.035151325,0.02248394,0.07000101,0.025263159,0,0
85635,0,0.058097064,0.035928145,0.06898594,0.025263159,0,0
85636,0,0.058045495,0.035928145,0.078567356,0.04532967,0,0
85637,0,0.03860978,0.02248394,0.048594113,0.017391304,0,0
85638,0,0.046557352,0.02248394,0.051223915,0.017391304,0,0
85639,0,0.04304612,0.02248394,0.035358235,0.009259258,0,0
85640,0,0.03771576,0.02248394,0.050298132,0.017391304,0,0
85641,0,0.0338157,0.02248394,0.055918586,0.025263159,0,0
85642,0,0.02574008,0.004761905,0.039902747,0.009259258,0,0
85643,0,0.030561084,0.02248394,0.02864394,0.009259258,0,0
85644,0,0.025255792,0.004761905,0.029401056,0.009259258,0,0
85645,0,0.05043593,0.02248394,0.043491866,0.017391304,0,0
85646,0,0.023390157,0.0017482517,0.021382853,0.0013605442,0,0
85647,0,0.050995484,0.02248394,0.076106824,0.04532967,0,0
85648,0,0.033591148,0.02248394,0.036610633,0.009259258,0,0
85649,0,0.018376285,0.0017482517,0.02800506,0.009259258,0,0
85650,0,0.030954197,0.02248394,0.027222328,0.009259258,0,0
85651,0,0.031408083,0.02248394,0.034771696,0.009259258,0,0
85652,0,0.030287502,0.02248394,0.033015132,0.009259258,0,0
85653,0,0.029671595,0.02248394,0.028864523,0.009259258,0,0
85654,0,0.043617345,0.02248394,0.06307378,0.025263159,0,0
85655,0,0.041909974,0.02248394,0.03870249,0.009259258,0,0
85656,0,0.03402215,0.02248394,0.031508632,0.009259258,0,0
85657,0,0.027047785,0.004761905,0.035098303,0.009259258,0,0
85658,0,0.031991016,0.02248394,0.025481904,0.009259258,0,0
85659,0,0.020939533,0.0017482517,0.027488422,0.009259258,0,0
85660,0,0.05971636,0.035928145,0.03828387,0.009259258,0,0
85661,0,0.043060414,0.02248394,0.047141172,0.017391304,0,0
85662,0,0.036938816,0.02248394,0.027850492,0.009259258,0,0
85663,0,0.038586847,0.02248394,0.030100746,0.009259258,0,0
85664,0,0.031989317,0.02248394,0.026257807,0.009259258,0,0
85665,0,0.03996452,0.02248394,0.03396252,0.009259258,0,0
85666,0,0.03712221,0.02248394,0.031897206,0.009259258,0,0
85667,0,0.032079093,0.02248394,0.034683958,0.009259258,0,0
85668,0,0.037230466,0.02248394,0.054064535,0.025263159,0,0
85669,0,0.049671747,0.02248394,0.03378693,0.009259258,0,0
85670,0,0.039118815,0.02248394,0.037432373,0.009259258,0,0
85671,0,0.06325674,0.035928145,0.04103398,0.009259258,0,0
85672,0,0.040155105,0.02248394,0.036212027,0.009259258,0,0
85673,0,0.07133888,0.035928145,0.049609747,0.017391304,0,0
85674,0,0.05270239,0.027237354,0.055340175,0.025263159,0,0
85675,0,0.0768231,0.035928145,0.036163453,0.009259258,0,0
85676,0,0.07149444,0.035928145,0.043899782,0.017391304,0,0
85677,0,0.08333397,0.035928145,0.040831435,0.009259258,0,0
85678,0,0.060787056,0.035928145,0.02912717,0.009259258,0,0
85679,0,0.07565524,0.035928145,0.055432253,0.025263159,0,0
85680,0,0.08518393,0.035928145,0.043881584,0.017391304,0,0
85681,0,0.05355623,0.027237354,0.039806277,0.009259258,0,0
85682,0,0.055004235,0.027237354,0.1040282,0.05050505,0,0
85683,0,0.06524324,0.035928145,0.05918728,0.025263159,0,0
85684,0,0.07539517,0.035928145,0.084128164,0.04532967,0,0
85685,0,0.09912122,0.057771664,0.06389237,0.025263159,0,0
85686,0,0.07716667,0.035928145,0.075899154,0.04532967,0,0
85687,0,0.05305925,0.027237354,0.053536337,0.025263159,0,0
85688,0,0.073369116,0.035928145,0.078540415,0.04532967,0,0
85689,0,0.08229148,0.035928145,0.11633624,0.078028746,0,0
85690,0,0.07710996,0.035928145,0.099816166,0.04532967,0,0
85691,0,0.10616045,0.057771664,0.12893017,0.078028746,0,0
85692,0,0.10194,0.057771664,0.13083297,0.078028746,0,0
85693,0,0.07627665,0.035928145,0.09610894,0.04532967,0,0
85694,0,0.06602978,0.035928145,0.073228754,0.025263159,0,0
85695,0,0.06609686,0.035928145,0.061996393,0.025263159,0,0
85696,0,0.07757942,0.035928145,0.07789136,0.04532967,0,0
85697,0,0.06400223,0.035928145,0.05127534,0.017391304,0,0
85698,0,0.066967055,0.035928145,0.08662282,0.04532967,0,0
85699,0,0.06864782,0.035928145,0.04146305,0.014919826,0,0
85700,0,0.043814942,0.02248394,0.055207446,0.025263159,0,0
85701,0,0.06898549,0.035928145,0.050111804,0.017391304,0,0
85702,0,0.06728396,0.035928145,0.048512246,0.017391304,0,0
85703,0,0.08876267,0.035928145,0.08161763,0.04532967,0,0
85704,0,0.08398704,0.035928145,0.093546815,0.04532967,0,0
85705,0,0.06729021,0.035928145,0.111600645,0.06716418,0,0
85706,0,0.04608477,0.02248394,0.045090176,0.017391304,0,0
85707,0,0.03947778,0.02248394,0.04822644,0.017391304,0,0
85708,0,0.07193114,0.035928145,0.09554727,0.04532967,0,0
85709,0,0.0587049,0.035928145,0.08525872,0.04532967,0,0
85710,0,0.040282726,0.02248394,0.047670107,0.017391304,0,0
85711,0,0.036585953,0.02248394,0.061875947,0.025263159,0,0
85712,0,0.034159772,0.02248394,0.07151962,0.025263159,0,0
85713,0,0.04475012,0.02248394,0.052880242,0.025263159,0,0
85714,0,0.041417904,0.02248394,0.06897654,0.025263159,0,0
85715,0,0.046604827,0.02248394,0.07726518,0.04532967,0,0
85716,0,0.05293588,0.027237354,0.08934217,0.04532967,0,0
85717,0,0.06826541,0.035928145,0.09865395,0.04532967,0,0
85718,0,0.051200364,0.027237354,0.08090311,0.04532967,0,0
85719,0,0.06559696,0.035928145,0.07439586,0.04532967,0,0
85720,0,0.062154368,0.035928145,0.087156944,0.04532967,0,0
85721,0,0.05783999,0.035928145,0.117418066,0.078028746,0,0
85722,0,0.049757842,0.02248394,0.08177717,0.04532967,0,0
85723,0,0.051402755,0.027237354,0.10272414,0.04532967,0,0
85724,0,0.056887254,0.035928145,0.10083923,0.04532967,0,0
85725,0,0.05154377,0.027237354,0.12323621,0.078028746,0,0
85726,0,0.06437081,0.035928145,0.111702815,0.06716418,0,0
85727,0,0.049296904,0.02248394,0.07000955,0.025263159,0,0
85728,0,0.046739955,0.02248394,0.06923952,0.025263159,0,0
85729,0,0.08436553,0.035928145,0.098190926,0.04532967,0,0
85730,0,0.080840245,0.035928145,0.081869684,0.04532967,0,0
85731,0,0.09637606,0.057771664,0.14459945,0.092920355,0,0
85732,0,0.05277107,0.027237354,0.09414732,0.04532967,0,0
85733,0,0.07486337,0.035928145,0.08597128,0.04532967,0,0
85734,0,0.06995254,0.035928145,0.13634638,0.08955224,0,0
85735,0,0.0854651,0.035928145,0.09416875,0.04532967,0,0
85736,0,0.05092753,0.02248394,0.085999146,0.04532967,0,0
85737,0,0.073799886,0.035928145,0.19740222,0.09982175,0,0
85738,0,0.07638312,0.035928145,0.18753245,0.09982175,0,0
85739,0,0.069020726,0.035928145,0.32744375,0.11621621,0,0
85740,0,0.06894553,0.035928145,0.22964051,0.10289389,0,0
85741,0,0.083413154,0.035928145,0.2546526,0.10289389,0,0
85742,0,0.07409785,0.035928145,0.26147217,0.10289389,0,0
85743,0,0.09343154,0.057771664,0.32416043,0.11621621,0,0
85744,0,0.0671765,0.035928145,0.27427635,0.11621621,0,0
85745,0,0.08282833,0.035928145,0.2159645,0.10289389,0,0
85746,0,0.056556277,0.03448276,0.16266438,0.092920355,0,0
85747,0,0.0602686,0.035928145,0.1924192,0.09982175,0,0
85748,0,0.058285173,0.035928145,0.1981632,0.09982175,0,0
85749,0,0.07613607,0.035928145,0.39281932,0.11621621,0,0
85750,0,0.11207795,0.057771664,0.32800987,0.11621621,0,0
85751,0,0.14094512,0.06153846,0.2644231,0.10289389,0,0
85752,0,0.12240488,0.057771664,0.25118166,0.10289389,0,0
85753,0,0.13051939,0.057771664,0.26545954,0.10289389,0,0
85754,0,0.11340681,0.057771664,0.24029362,0.10289389,0,0
85755,0,0.10102219,0.057771664,0.27368167,0.11621621,0,0
85756,0,0.08649351,0.035928145,0.23612109,0.10289389,0,0
85757,0,0.10672266,0.057771664,0.37336093,0.11621621,0,0
85758,0,0.059430376,0.035928145,0.15699208,0.092920355,0,0
85759,0,0.0909685,0.057771664,0.18125802,0.09982175,0,0
85760,0,0.091951884,0.057771664,0.21288419,0.09982175,0,0
85761,0,0.11519421,0.057771664,0.41142336,0.11621621,0,0
85762,0,0.06575645,0.035928145,0.20449589,0.09982175,0,0
85763,0,0.053039294,0.027237354,0.2399394,0.10289389,0,0
85764,0,0.108905226,0.057771664,0.4931709,0.11621621,0,0
85765,0,0.102786615,0.057771664,0.31140253,0.11621621,0,0
85766,0,0.13061334,0.057771664,0.3162583,0.11621621,0,0
85767,0,0.076887615,0.035928145,0.22211574,0.10289389,0,0
85768,0,0.0732151,0.035928145,0.24790983,0.10289389,0,0
85769,0,0.12865323,0.057771664,0.25865164,0.10289389,0,0
85770,0,0.11489703,0.057771664,0.22622208,0.10289389,0,0
85771,0,0.101982936,0.057771664,0.1913228,0.09982175,0,0
85772,0,0.08373314,0.035928145,0.17642173,0.09982175,0,0
85773,0,0.13236581,0.06153846,0.25687316,0.10289389,0,0
85774,0,0.15015629,0.125,0.20978723,0.09982175,0,0
85775,0,0.048183132,0.02248394,0.15495476,0.092920355,0,0
85776,0,0.07861065,0.035928145,0.1306759,0.078028746,0,0
85777,0,0.061737172,0.035928145,0.15558448,0.092920355,0,0
85778,0,0.0840834,0.035928145,0.17309095,0.09982175,0,0
85779,0,0.0885013,0.035928145,0.13360997,0.078028746,0,0
85780,0,0.07076034,0.035928145,0.08846209,0.04532967,0,0
85781,0,0.07539498,0.035928145,0.12756418,0.078028746,0,0
85782,0,0.06481601,0.035928145,0.09682782,0.04532967,0,0
85783,0,0.06595746,0.035928145,0.10403119,0.05050505,0,0
85784,0,0.045587394,0.02248394,0.116344415,0.078028746,0,0
85785,0,0.048352174,0.02248394,0.15086605,0.092920355,0,0
85786,0,0.037791807,0.02248394,0.13644074,0.08955224,0,0
85787,0,0.02640862,0.004761905,0.10575882,0.05050505,0,0
85788,0,0.034151733,0.02248394,0.043921694,0.017391304,0,0
85789,0,0.027494697,0.004761905,0.043406527,0.017391304,0,0
85790,0,0.021271586,0.0017482517,0.04669863,0.017391304,0,0
85791,0,0.045729544,0.02248394,0.043361705,0.017391304,0,0
85792,0,0.03559537,0.02248394,0.046004146,0.017391304,0,0
85793,0,0.043280113,0.02248394,0.076155014,0.04532967,0,0
85794,0,0.039420884,0.02248394,0.042412195,0.017391304,0,0
85795,0,0.035114363,0.02248394,0.047035318,0.017391304,0,0
85796,0,0.029173516,0.02248394,0.03176994,0.009259258,0,0
85797,0,0.03997806,0.02248394,0.059027515,0.025263159,0,0
85798,0,0.05598044,0.027237354,0.053682305,0.025263159,0,0
85799,0,0.033749606,0.02248394,0.034090653,0.009259258,0,0
85800,0,0.04601438,0.02248394,0.051666602,0.017391304,0,0
85801,0,0.040558156,0.02248394,0.08613297,0.04532967,0,0
85802,0,0.078514904,0.035928145,0.14141104,0.092920355,0,0
85803,0,0.08640491,0.035928145,0.12580223,0.078028746,0,0
85804,0,0.07148409,0.035928145,0.1313786,0.078028746,0,0
85805,0,0.09169426,0.057771664,0.17238854,0.09982175,0,0
85806,0,0.07157618,0.035928145,0.20486318,0.09982175,0,0
85807,0,0.09086622,0.057771664,0.18560886,0.09982175,0,0
85808,0,0.12915577,0.057771664,0.30559126,0.11621621,0,0
85809,0,0.1034455,0.057771664,0.269259,0.11621621,0,0
85810,0,0.07043986,0.035928145,0.24764064,0.10289389,0,0
85811,0,0.10765448,0.057771664,0.30057886,0.11621621,0,0
85812,0,0.084897675,0.035928145,0.23994523,0.10289389,0,0
85813,0,0.12575129,0.057771664,0.33244863,0.11621621,0,0
85814,0,0.10891383,0.057771664,0.2550949,0.10289389,0,0
85815,0,0.09005616,0.05263158,0.19006501,0.09982175,0,0
85816,0,0.09375373,0.057771664,0.20893836,0.09982175,0,0
85817,0,0.10212213,0.057771664,0.2268739,0.10289389,0,0
85818,0,0.093573645,0.057771664,0.21960093,0.10289389,0,0
85819,0,0.0924425,0.057771664,0.27734935,0.11621621,0,0
85820,0,0.08288186,0.035928145,0.33195472,0.11621621,0,0
85821,0,0.09694657,0.057771664,0.3017507,0.11621621,0,0
85822,0,0.088812284,0.035928145,0.23010613,0.10289389,0,0
85823,0,0.06371825,0.035928145,0.22135137,0.10289389,0,0
85824,0,0.061111156,0.035928145,0.2622156,0.10289389,0,0
85825,0,0.04653785,0.02248394,0.23024155,0.10289389,0,0
85826,0,0.08267342,0.035928145,0.28357,0.11621621,0,0
85827,0,0.07721264,0.035928145,0.28240857,0.11621621,0,0
85828,0,0.08617756,0.035928145,0.25793713,0.10289389,0,0
85829,0,0.088758625,0.035928145,0.2681749,0.11621621,0,0
85830,0,0.09681882,0.057771664,0.20208243,0.09982175,0,0
85831,0,0.08999704,0.05263158,0.23147552,0.10289389,0,0
85832,0,0.10770117,0.057771664,0.24853359,0.10289389,0,0
85833,0,0.08465416,0.035928145,0.3107479,0.11621621,0,0
85834,0,0.08021881,0.035928145,0.3284658,0.11621621,0,0
85835,0,0.100534745,0.057771664,0.29464662,0.11621621,0,0
85836,0,0.1030979,0.057771664,0.26371992,0.10289389,0,0
85837,0,0.0689033,0.035928145,0.27874708,0.11621621,0,0
85838,0,0.08458261,0.035928145,0.2974297,0.11621621,0,0
85839,0,0.07730537,0.035928145,0.41533452,0.11621621,0,0
85840,0,0.07399225,0.035928145,0.4593709,0.11621621,0,0
85841,0,0.07060156,0.035928145,0.37473854,0.11621621,0,0
85842,0,0.072343305,0.035928145,0.41335008,0.11621621,0,0
85843,0,0.059489995,0.035928145,0.31649923,0.11621621,0,0
85844,0,0.08179667,0.035928145,0.34274745,0.11621621,0,0
85845,0,0.07645634,0.035928145,0.2900506,0.11621621,0,0
85846,0,0.0655225,0.035928145,0.3118727,0.11621621,0,0
85847,0,0.07272761,0.035928145,0.27781284,0.11621621,0,0
85848,0,0.0751292,0.035928145,0.26822323,0.11621621,0,0
85849,0,0.06027117,0.035928145,0.21204339,0.09982175,0,0
85850,0,0.06490081,0.035928145,0.22886477,0.10289389,0,0
85851,0,0.073024444,0.035928145,0.2701163,0.11621621,0,0
85852,0,0.07140151,0.035928145,0.27569336,0.11621621,0,0
85853,0,0.05776899,0.035928145,0.25713506,0.10289389,0,0
85854,0,0.06419079,0.035928145,0.25034806,0.10289389,0,0
85855,0,0.068271674,0.035928145,0.29309556,0.11621621,0,0
85856,0,0.07052752,0.035928145,0.27872282,0.11621621,0,0
85857,0,0.07293631,0.035928145,0.21505065,0.09982175,0,0
85858,0,0.054799616,0.027237354,0.24172579,0.10289389,0,0
85859,0,0.07332352,0.035928145,0.28026044,0.11621621,0,0
85860,0,0.078024656,0.035928145,0.21544567,0.10171875,0,0
85861,0,0.077271655,0.035928145,0.24210788,0.10289389,0,0
85862,0,0.08482024,0.035928145,0.27530837,0.11621621,0,0
85863,0,0.06286028,0.035928145,0.22875924,0.10289389,0,0
85864,0,0.053207166,0.027237354,0.14935043,0.092920355,0,0
85865,0,0.062467624,0.035928145,0.0968351,0.04532967,0,0
85866,0,0.040401414,0.02248394,0.14497694,0.092920355,0,0
85867,0,0.046596915,0.02248394,0.046388086,0.017391304,0,0
85868,0,0.047441624,0.02248394,0.049247358,0.017391304,0,0
85869,0,0.06738967,0.035928145,0.083976306,0.04532967,0,0
85870,0,0.058819123,0.035928145,0.06524302,0.025263159,0,0
85871,0,0.045147236,0.02248394,0.061162528,0.025263159,0,0
85872,0,0.036128577,0.02248394,0.0866393,0.04532967,0,0
85873,0,0.039135434,0.02248394,0.07297166,0.025263159,0,0
85874,0,0.021995952,0.0017482517,0.058728855,0.025263159,0,0
85875,0,0.027808247,0.004761905,0.072833285,0.025263159,0,0
85876,0,0.0263939,0.004761905,0.08106524,0.04532967,0,0
85877,0,0.034571834,0.02248394,0.12813123,0.078028746,0,0
85878,0,0.03431036,0.02248394,0.07608225,0.04532967,0,0
85879,0,0.03754751,0.02248394,0.08836332,0.04532967,0,0
85880,0,0.037228838,0.02248394,0.076631136,0.04532967,0,0
85881,0,0.031817496,0.02248394,0.06346713,0.025263159,0,0
85882,0,0.04961718,0.02248394,0.09306398,0.04532967,0,0
85883,0,0.04138317,0.02248394,0.04717242,0.017391304,0,0
85884,0,0.022944616,0.0017482517,0.06981338,0.025263159,0,0
85885,0,0.05340057,0.027237354,0.07554672,0.04532967,0,0
85886,0,0.059135713,0.035928145,0.13259882,0.078028746,0,0
85887,0,0.03602391,0.02248394,0.075019166,0.04532967,0,0
85888,0,0.06007499,0.035928145,0.14145836,0.092920355,0,0
85889,0,0.05545419,0.027237354,0.09365039,0.04532967,0,0
85890,0,0.02985487,0.02248394,0.090894386,0.04532967,0,0
85891,0,0.07283586,0.035928145,0.1253316,0.078028746,0,0
85892,0,0.09201679,0.057771664,0.10762524,0.06716418,0,0
85893,0,0.11383229,0.057771664,0.1606691,0.092920355,0,0
85894,0,0.099339075,0.057771664,0.171723,0.09982175,0,0
85895,0,0.077759586,0.035928145,0.096003786,0.04532967,0,0
85896,0,0.07355897,0.035928145,0.07233273,0.025263159,0,0
85897,0,0.08399632,0.035928145,0.12282199,0.078028746,0,0
85898,0,0.08809632,0.035928145,0.21023275,0.09982175,0,0
85899,0,0.080434516,0.035928145,0.118529454,0.078028746,0,0
85900,0,0.06096799,0.035928145,0.1197776,0.078028746,0,0
85901,0,0.0630594,0.035928145,0.11714781,0.078028746,0,0
85902,0,0.09471407,0.057771664,0.17291832,0.09982175,0,0
85903,0,0.128422,0.057771664,0.20371974,0.09982175,0,0
85904,0,0.13722925,0.06153846,0.18109648,0.09982175,0,0
85905,0,0.08154168,0.035928145,0.20309897,0.09982175,0,0
85906,0,0.06130833,0.035928145,0.22274223,0.10289389,0,0
85907,0,0.04896272,0.02248394,0.2097828,0.09982175,0,0
85908,0,0.049611647,0.02248394,0.15554842,0.092920355,0,0
85909,0,0.07069185,0.035928145,0.17760628,0.09982175,0,0
85910,0,0.052782804,0.027237354,0.16360512,0.09982175,0,0
85911,0,0.05322612,0.027237354,0.14489438,0.092920355,0,0
85912,0,0.06454397,0.035928145,0.17124484,0.09982175,0,0
85913,0,0.06592687,0.035928145,0.14857842,0.092920355,0,0
85914,0,0.06936009,0.035928145,0.15160774,0.092920355,0,0
85915,0,0.0729494,0.035928145,0.26580912,0.10289389,0,0
85916,0,0.061755557,0.035928145,0.16115111,0.092920355,0,0
85917,0,0.07193943,0.035928145,0.2526538,0.10289389,0,0
85918,1,0.061254825,0.035928145,0.18566424,0.09982175,0,0
85919,1,0.13126501,0.057771664,0.17123285,0.09982175,0,0
85920,1,0.18374723,0.17142858,0.08304315,0.04532967,0,0
85921,1,0.1945062,0.17333333,0.2160435,0.10289389,0,0
85922,0,0.24612582,0.37096775,0.19906935,0.09982175,0,0
85923,0,0.19125523,0.17333333,0.2463833,0.10289389,0,0
85924,1,0.18719867,0.17333333,0.18979704,0.09982175,0,0
85925,0,0.32950586,0.37096775,0.1899933,0.09982175,0,0
85926,0,0.176631,0.1554054,0.22251715,0.10289389,0,0
85927,0,0.16914487,0.1554054,0.21904759,0.10289389,0,0
85928,0,0.11992396,0.057771664,0.14941068,0.092920355,0,0
85929,0,0.10705804,0.057771664,0.094986156,0.04532967,0,0
85930,0,0.084535845,0.035928145,0.1294294,0.078028746,0,0
85931,0,0.10659433,0.057771664,0.13313313,0.078028746,0,0
85932,0,0.122183,0.057771664,0.14473511,0.092920355,0,0
85933,0,0.12580907,0.057771664,0.11336744,0.078028746,0,0
85934,0,0.09257678,0.057771664,0.11847997,0.078028746,0,0
85935,0,0.101741806,0.057771664,0.15837562,0.092920355,0,0
85936,0,0.10745293,0.057771664,0.13046426,0.078028746,0,0
85937,0,0.13332765,0.06153846,0.19837111,0.09982175,0,0
85938,0,0.096402735,0.057771664,0.13449031,0.08955224,0,0
85939,0,0.0994625,0.057771664,0.13099687,0.078028746,0,0
85940,0,0.10214006,0.057771664,0.15558484,0.092920355,0,0
85941,0,0.07352645,0.035928145,0.19904003,0.09982175,0,0
85942,0,0.09301698,0.057771664,0.15935928,0.092920355,0,0
85943,0,0.11911678,0.057771664,0.17969084,0.09982175,0,0
85944,0,0.06454871,0.035928145,0.14243469,0.092920355,0,0
85945,0,0.071715906,0.035928145,0.10668319,0.05050505,0,0
85946,0,0.07604435,0.035928145,0.14648136,0.092920355,0,0
85947,0,0.066896245,0.035928145,0.14869986,0.092920355,0,0
85948,0,0.08192894,0.035928145,0.17382386,0.09982175,0,0
85949,0,0.07390456,0.035928145,0.12059581,0.078028746,0,0
85950,0,0.06591453,0.035928145,0.1133465,0.078028746,0,0
85951,0,0.07961705,0.035928145,0.09951193,0.04532967,0,0
85952,0,0.07388392,0.035928145,0.09202456,0.04532967,0,0
85953,0,0.090372585,0.05263158,0.121579416,0.078028746,0,0
85954,0,0.09525396,0.057771664,0.14430977,0.092920355,0,0
85955,0,0.08457187,0.035928145,0.12429145,0.078028746,0,0
85956,0,0.1445082,0.06153846,0.21475287,0.09982175,0,0
85957,0,0.07721767,0.035928145,0.110253714,0.06716418,0,0
85958,0,0.07569748,0.035928145,0.13509806,0.08955224,0,0
85959,0,0.06830004,0.035928145,0.12622467,0.078028746,0,0
85960,0,0.062647946,0.035928145,0.10002748,0.04532967,0,0
85961,0,0.053354323,0.027237354,0.07364678,0.025263159,0,0
85962,0,0.07079642,0.035928145,0.1496204,0.092920355,0,0
85963,0,0.07003956,0.035928145,0.14313605,0.092920355,0,0
85964,0,0.0666908,0.035928145,0.15484588,0.092920355,0,0
85965,0,0.08298876,0.035928145,0.16020954,0.092920355,0,0
85966,0,0.061202683,0.035928145,0.1425084,0.092920355,0,0
85967,0,0.07610991,0.035928145,0.19164503,0.09982175,0,0
85968,0,0.08313981,0.035928145,0.13355966,0.078028746,0,0
85969,0,0.06894023,0.035928145,0.12872924,0.078028746,0,0
85970,0,0.047089666,0.02248394,0.08013823,0.04532967,0,0
85971,0,0.054273635,0.027237354,0.07640703,0.04532967,0,0
85972,0,0.050440706,0.02248394,0.07547207,0.04532967,0,0
85973,0,0.059419516,0.035928145,0.08094251,0.04532967,0,0
85974,0,0.07865719,0.035928145,0.10000899,0.04532967,0,0
85975,0,0.08935567,0.05263158,0.10909621,0.06716418,0,0
85976,0,0.06889717,0.035928145,0.090652734,0.04532967,0,0
85977,0,0.069636375,0.035928145,0.116242975,0.078028746,0,0
85978,0,0.06971064,0.035928145,0.13798788,0.092920355,0,0
85979,0,0.0492968,0.02248394,0.13143507,0.078028746,0,0
85980,0,0.055869024,0.027237354,0.12947635,0.078028746,0,0
85981,0,0.10391844,0.057771664,0.25898033,0.10289389,0,0
85982,0,0.04997423,0.02248394,0.19756967,0.09982175,0,0
85983,0,0.05084515,0.02248394,0.17317,0.09982175,0,0
85984,0,0.060690388,0.035928145,0.09747733,0.04532967,0,0
85985,0,0.083372764,0.035928145,0.05856798,0.025263159,0,0
85986,0,0.08664173,0.035928145,0.05583738,0.025263159,0,0
85987,0,0.05035206,0.02248394,0.07343293,0.025263159,0,0
85988,0,0.067249894,0.035928145,0.1601449,0.092920355,0,0
85989,0,0.0419379,0.02248394,0.1273444,0.078028746,0,0
85990,0,0.08894489,0.035928145,0.13948645,0.092920355,0,0
85991,0,0.06780036,0.035928145,0.11722867,0.078028746,0,0
85992,0,0.07172887,0.035928145,0.10144131,0.04532967,0,0
85993,0,0.059474137,0.035928145,0.08639275,0.04532967,0,0
85994,0,0.07245706,0.035928145,0.11064324,0.06716418,0,0
85995,0,0.05185094,0.027237354,0.077593714,0.04532967,0,0
85996,0,0.057392303,0.035928145,0.08301656,0.04532967,0,0
85997,0,0.058384653,0.035928145,0.07419085,0.04532967,0,0
85998,0,0.04853013,0.02248394,0.06748059,0.025263159,0,0
85999,0,0.054937564,0.027237354,0.062386155,0.025263159,0,0
86000,0,0.11217238,0.057771664,0.11093944,0.06716418,0,0
86001,0,0.07367181,0.035928145,0.10083733,0.04532967,0,0
86002,0,0.035836935,0.02248394,0.08344416,0.04532967,0,0
86003,0,0.041816015,0.02248394,0.06693474,0.025263159,0,0
86004,0,0.04010855,0.02248394,0.060968556,0.025263159,0,0
86005,0,0.041054033,0.02248394,0.027918732,0.009259258,0,0
86006,0,0.041356865,0.02248394,0.032563124,0.009259258,0,0
86007,0,0.06599476,0.035928145,0.05144566,0.017391304,0,0
86008,0,0.034161136,0.02248394,0.029393887,0.009259258,0,0
86009,0,0.04902234,0.02248394,0.026204452,0.009259258,0,0
86010,0,0.036561213,0.02248394,0.03244109,0.009259258,0,0
86011,0,0.025526127,0.004761905,0.02781367,0.009259258,0,0
86012,0,0.056826297,0.034681916,0.08481558,0.04532967,0,0
86013,0,0.08602533,0.035928145,0.07736718,0.04532967,0,0
86014,0,0.06364477,0.035928145,0.055672437,0.025263159,0,0
86015,0,0.052095436,0.027237354,0.08105978,0.04532967,0,0
86016,0,0.105670676,0.057771664,0.10350152,0.05050505,0,0
86017,0,0.06748507,0.035928145,0.09919341,0.04532967,0,0
86018,0,0.062209517,0.035928145,0.06780491,0.025263159,0,0
86019,0,0.07165769,0.035928145,0.0766224,0.04532967,0,0
86020,0,0.06883485,0.035928145,0.09892454,0.04532967,0,0
86021,0,0.061119676,0.035928145,0.08880534,0.04532967,0,0
86022,0,0.06834516,0.035928145,0.05924758,0.025263159,0,0
86023,0,0.059483286,0.035928145,0.045896314,0.017391304,0,0
86024,0,0.07078185,0.035928145,0.055437446,0.025263159,0,0
86025,0,0.07002277,0.035928145,0.06611873,0.025263159,0,0
86026,0,0.058012746,0.035928145,0.09043916,0.04532967,0,0
86027,0,0.051530357,0.027237354,0.06771448,0.025263159,0,0
86028,0,0.07546607,0.035928145,0.11440939,0.078028746,0,0
86029,0,0.05969513,0.035928145,0.08099306,0.04532967,0,0
86030,0,0.07452828,0.035928145,0.0848064,0.04532967,0,0
86031,0,0.073189914,0.035928145,0.10131624,0.04532967,0,0
86032,0,0.059150305,0.035928145,0.12960891,0.078028746,0,0
86033,0,0.070051946,0.035928145,0.09531523,0.04532967,0,0
86034,0,0.041382156,0.02248394,0.037309114,0.009259258,0,0
86035,0,0.03664955,0.02248394,0.035973795,0.009259258,0,0
86036,0,0.048252974,0.02248394,0.05716111,0.025263159,0,0
86037,0,0.057924632,0.035928145,0.04110273,0.009259258,0,0
86038,0,0.050687958,0.02248394,0.0319106,0.009259258,0,0
86039,0,0.04696381,0.02248394,0.047001448,0.017391304,0,0
86040,0,0.051860657,0.027237354,0.041276224,0.009259258,0,0
86041,0,0.04634924,0.02248394,0.070837796,0.025263159,0,0
86042,0,0.026988445,0.004761905,0.034635656,0.009259258,0,0
86043,0,0.032298643,0.02248394,0.042412166,0.017391304,0,0
86044,0,0.033282332,0.02248394,0.050847076,0.017391304,0,0
86045,0,0.045920823,0.02248394,0.06704267,0.025263159,0,0
86046,0,0.041991826,0.02248394,0.060005482,0.025263159,0,0
86047,0,0.029091544,0.02248394,0.03946633,0.009259258,0,0
86048,0,0.043345742,0.02248394,0.039099302,0.009259258,0,0
86049,0,0.029175172,0.02248394,0.037226252,0.009259258,0,0
86050,0,0.035792787,0.02248394,0.035830557,0.009259258,0,0
86051,0,0.031067751,0.02248394,0.038588185,0.009259258,0,0
86052,0,0.035351478,0.02248394,0.047938053,0.017391304,0,0
86053,0,0.03269141,0.02248394,0.06185968,0.025263159,0,0
86054,0,0.04298531,0.02248394,0.046312135,0.017391304,0,0
86055,0,0.0400603,0.02248394,0.04500481,0.017391304,0,0
86056,0,0.04357284,0.02248394,0.037343547,0.009259258,0,0
86057,0,0.03697672,0.02248394,0.053442117,0.025263159,0,0
86058,0,0.018102705,0.0017482517,0.032829303,0.009259258,0,0
86059,0,0.0297163,0.02248394,0.0393278,0.009259258,0,0
86060,0,0.056323975,0.03448276,0.061379727,0.025263159,0,0
86061,0,0.06856299,0.035928145,0.053978335,0.025263159,0,0
86062,0,0.029962532,0.02248394,0.065788165,0.025263159,0,0
86063,0,0.039543033,0.02248394,0.054779075,0.025263159,0,0
86064,0,0.04461489,0.02248394,0.06881666,0.025263159,0,0
86065,0,0.04216469,0.02248394,0.06492156,0.025263159,0,0
86066,0,0.02983576,0.02248394,0.040680736,0.009259258,0,0
86067,0,0.0447199,0.02248394,0.06620444,0.025263159,0,0
86068,0,0.052147444,0.027237354,0.048945982,0.017391304,0,0
86069,1,0.055753604,0.027237354,0.058593106,0.025263159,0,0
86070,0,0.1385562,0.06153846,0.10449792,0.05050505,0,0
86071,0,0.091100596,0.057771664,0.09287496,0.04532967,0,0
86072,0,0.04852222,0.02248394,0.07112163,0.025263159,0,0
86073,0,0.07831543,0.035928145,0.07539359,0.04532967,0,0
86074,0,0.080438994,0.035928145,0.07353262,0.025263159,0,0
86075,0,0.04251141,0.02248394,0.034597363,0.009259258,0,0
86076,0,0.059035804,0.035928145,0.052991174,0.025263159,0,0
86077,0,0.063375,0.035928145,0.061547678,0.025263159,0,0
86078,0,0.08002473,0.035928145,0.057000693,0.025263159,0,0
86079,0,0.05720134,0.035928145,0.048849713,0.017391304,0,0
86080,0,0.050293703,0.02248394,0.04726427,0.017391304,0,0
86081,0,0.06492509,0.035928145,0.05966141,0.025263159,0,0
86082,0,0.07210139,0.035928145,0.06539311,0.025263159,0,0
86083,0,0.10545193,0.057771664,0.061161485,0.025263159,0,0
86084,0,0.060570903,0.035928145,0.056834422,0.025263159,0,0
86085,0,0.042135075,0.02248394,0.055402637,0.025263159,0,0
86086,0,0.054297823,0.027237354,0.069860786,0.025263159,0,0
86087,0,0.041709445,0.02248394,0.07394057,0.03950051,0,0
86088,0,0.053521734,0.027237354,0.097105235,0.04532967,0,0
86089,0,0.0498878,0.02248394,0.087754704,0.04532967,0,0
86090,0,0.040852327,0.02248394,0.10604121,0.05050505,0,0
86091,0,0.03566191,0.02248394,0.069811925,0.025263159,0,0
86092,0,0.04227413,0.02248394,0.087844916,0.04532967,0,0
86093,0,0.030306261,0.02248394,0.083420426,0.04532967,0,0
86094,0,0.02992106,0.02248394,0.06232821,0.025263159,0,0
86095,0,0.046325892,0.02248394,0.12819582,0.078028746,0,0
86096,0,0.03384937,0.02248394,0.097897574,0.04532967,0,0
86097,0,0.022526156,0.0017482517,0.04345087,0.017391304,0,0
86098,0,0.02618262,0.004761905,0.061445884,0.025263159,0,0
86099,0,0.028277967,0.004761905,0.05931089,0.025263159,0,0
86100,0,0.043407615,0.02248394,0.090367444,0.04532967,0,0
86101,0,0.049679834,0.02248394,0.07287461,0.025263159,0,0
86102,0,0.04980192,0.02248394,0.12827457,0.078028746,0,0
86103,0,0.037138924,0.02248394,0.118910626,0.078028746,0,0
86104,0,0.03649692,0.02248394,0.07933896,0.04532967,0,0
86105,0,0.050767086,0.02248394,0.12972112,0.078028746,0,0
86106,0,0.047408935,0.02248394,0.069406234,0.025263159,0,0
86107,0,0.055183873,0.027237354,0.08703986,0.04532967,0,0
86108,0,0.05193622,0.027237354,0.07533215,0.04532967,0,0
86109,0,0.064034946,0.035928145,0.07813832,0.04532967,0,0
86110,0,0.06587301,0.035928145,0.06484068,0.025263159,0,0
86111,0,0.07287509,0.035928145,0.06533596,0.025263159,0,0
86112,0,0.06424124,0.035928145,0.061694194,0.025263159,0,0
86113,0,0.071689434,0.035928145,0.0608817,0.025263159,0,0
86114,0,0.07304582,0.035928145,0.07804124,0.04532967,0,0
86115,0,0.075703904,0.035928145,0.08387632,0.04532967,0,0
86116,0,0.060006905,0.035928145,0.079848185,0.04532967,0,0
86117,0,0.060445305,0.035928145,0.09624959,0.04532967,0,0
86118,0,0.08882437,0.035928145,0.10394464,0.05050505,0,0
86119,0,0.053016413,0.027237354,0.13968325,0.092920355,0,0
86120,0,0.062465537,0.035928145,0.12533437,0.078028746,0,0
86121,0,0.06728497,0.035928145,0.11307118,0.078028746,0,0
86122,0,0.062266953,0.035928145,0.0977764,0.04532967,0,0
86123,0,0.07109331,0.035928145,0.11417054,0.078028746,0,0
86124,0,0.099154264,0.057771664,0.15779631,0.092920355,0,0
86125,0,0.078579396,0.035928145,0.23115486,0.10289389,0,0
86126,0,0.06786601,0.035928145,0.21952952,0.10289389,0,0
86127,0,0.07138243,0.035928145,0.18790545,0.09982175,0,0
86128,0,0.068094775,0.035928145,0.19283634,0.09982175,0,0
86129,0,0.07867507,0.035928145,0.20266078,0.09982175,0,0
86130,0,0.10648301,0.057771664,0.17377761,0.09982175,0,0
86131,0,0.09821436,0.057771664,0.22785337,0.10289389,0,0
86132,0,0.06582461,0.035928145,0.28438374,0.11621621,0,0
86133,0,0.058514852,0.035928145,0.13941494,0.092920355,0,0
86134,0,0.047924187,0.02248394,0.12822239,0.078028746,0,0
86135,0,0.03759284,0.02248394,0.106249295,0.05050505,0,0
86136,0,0.10216656,0.057771664,0.09220941,0.04532967,0,0
86137,0,0.0865141,0.035928145,0.1185406,0.078028746,0,0
86138,0,0.048587784,0.02248394,0.05176412,0.017391304,0,0
86139,0,0.05409715,0.027237354,0.05723385,0.025263159,0,0
86140,0,0.03576887,0.02248394,0.03689621,0.009259258,0,0
86141,0,0.031128109,0.02248394,0.049353868,0.017391304,0,0
86142,0,0.03249677,0.02248394,0.054129183,0.025263159,0,0
86143,0,0.035457276,0.02248394,0.061923623,0.025263159,0,0
86144,0,0.040566176,0.02248394,0.048277833,0.017391304,0,0
86145,0,0.024125913,0.0017482517,0.04002771,0.009259258,0,0
86146,0,0.026696574,0.004761905,0.012790055,0.0013605442,0,0
86147,0,0.029345402,0.02248394,0.0136154685,0.0013605442,0,0
86148,0,0.028717898,0.004761905,0.023314167,0.0013605442,0,0
86149,0,0.07672621,0.035928145,0.028015647,0.009259258,0,0
86150,0,0.06558465,0.035928145,0.046402834,0.017391304,0,0
86151,0,0.09123,0.057771664,0.03730205,0.009259258,0,0
86152,0,0.04521482,0.02248394,0.037626866,0.009259258,0,0
86153,0,0.040217552,0.02248394,0.023504982,0.0013605442,0,0
86154,0,0.029602814,0.02248394,0.023406588,0.0013605442,0,0
86155,0,0.03076892,0.02248394,0.020484312,0.0013605442,0,0
86156,0,0.045833584,0.02248394,0.10062963,0.04532967,0,0
86157,0,0.058343403,0.035928145,0.081134304,0.04532967,0,0
86158,0,0.046452805,0.02248394,0.087409586,0.04532967,0,0
86159,0,0.057611216,0.035928145,0.07196905,0.025263159,0,0
86160,0,0.050839264,0.02248394,0.044960104,0.017391304,0,0
86161,0,0.052028432,0.027237354,0.062768474,0.025263159,0,0
86162,0,0.053359307,0.027237354,0.059686966,0.025263159,0,0
86163,0,0.049871754,0.02248394,0.06768559,0.025263159,0,0
86164,0,0.06322314,0.035928145,0.08113813,0.04532967,0,0
86165,0,0.062327683,0.035928145,0.055704083,0.025263159,0,0
86166,0,0.05220986,0.027237354,0.05350589,0.025263159,0,0
86167,0,0.052166313,0.027237354,0.059108604,0.025263159,0,0
86168,0,0.062051028,0.035928145,0.0686632,0.025263159,0,0
86169,0,0.044067908,0.02248394,0.0766995,0.04532967,0,0
86170,0,0.037191946,0.02248394,0.07091323,0.025263159,0,0
86171,0,0.051754292,0.027237354,0.08990394,0.04532967,0,0
86172,0,0.052713685,0.027237354,0.08287246,0.04532967,0,0
86173,0,0.045188162,0.02248394,0.11006385,0.06716418,0,0
86174,0,0.041824088,0.02248394,0.09402135,0.04532967,0,0
86175,0,0.041828025,0.02248394,0.10436099,0.05050505,0,0
86176,0,0.06414532,0.035928145,0.101127476,0.04532967,0,0
86177,0,0.058373265,0.035928145,0.13667497,0.08955224,0,0
86178,0,0.06721831,0.035928145,0.16667974,0.09982175,0,0
86179,0,0.050704572,0.02248394,0.05798982,0.025263159,0,0
86180,0,0.047599565,0.02248394,0.08071517,0.04532967,0,0
86181,0,0.052280474,0.027237354,0.031139512,0.009259258,0,0
86182,0,0.045202892,0.02248394,0.04313871,0.017391304,0,0
86183,0,0.057588752,0.035928145,0.04797769,0.017391304,0,0
86184,0,0.03886188,0.02248394,0.030553762,0.009259258,0,0
86185,0,0.046624355,0.02248394,0.05937013,0.025263159,0,0
86186,0,0.04043623,0.02248394,0.036963787,0.009259258,0,0
86187,0,0.05901418,0.035928145,0.06346176,0.025263159,0,0
86188,0,0.06578457,0.035928145,0.076240726,0.04532967,0,0
86189,0,0.043364495,0.02248394,0.046496313,0.017391304,0,0
86190,0,0.062889904,0.035928145,0.052007243,0.017391304,0,0
86191,0,0.04557207,0.02248394,0.040702447,0.009259258,0,0
86192,0,0.041508593,0.02248394,0.033350196,0.009259258,0,0
86193,0,0.040523402,0.02248394,0.02183297,0.0013605442,0,0
86194,0,0.035255402,0.02248394,0.04028152,0.009259258,0,0
86195,0,0.035946175,0.02248394,0.025174815,0.009259258,0,0
86196,0,0.05691146,0.035928145,0.03779641,0.009259258,0,0
86197,0,0.03309041,0.02248394,0.017014515,0.0013605442,0,0
86198,0,0.04290436,0.02248394,0.029225396,0.009259258,0,0
86199,0,0.044089373,0.02248394,0.023135526,0.0013605442,0,0
86200,0,0.035148397,0.02248394,0.029003672,0.009259258,0,0
86201,0,0.03417572,0.02248394,0.023385704,0.0013605442,0,0
86202,0,0.032710634,0.02248394,0.01586027,0.0013605442,0,0
86203,0,0.025522491,0.004761905,0.017824655,0.0013605442,0,0
86204,0,0.031477,0.02248394,0.022715487,0.0013605442,0,0
86205,0,0.031813633,0.02248394,0.02187469,0.0013605442,0,0
86206,0,0.03441607,0.02248394,0.019052133,0.0013605442,0,0
86207,0,0.03229082,0.02248394,0.013792173,0.0013605442,0,0
86208,0,0.026164528,0.004761905,0.010447088,0.0013605442,0,0
86209,0,0.05834343,0.035928145,0.018008597,0.0013605442,0,0
86210,0,0.046675846,0.02248394,0.014884365,0.0013605442,0,0
86211,0,0.03592236,0.02248394,0.029184764,0.009259258,0,0
86212,0,0.07003608,0.035928145,0.04097852,0.009259258,0,0
86213,0,0.04657326,0.02248394,0.04590174,0.017391304,0,0
86214,0,0.039907806,0.02248394,0.029823411,0.009259258,0,0
86215,0,0.043081205,0.02248394,0.020348622,0.0013605442,0,0
86216,0,0.03130927,0.02248394,0.0151262805,0.0013605442,0,0
86217,0,0.032565963,0.02248394,0.027002467,0.009259258,0,0
86218,0,0.031439263,0.02248394,0.011245064,0.0013605442,0,0
86219,0,0.059051834,0.035928145,0.036563914,0.009259258,0,0
86220,0,0.06851708,0.035928145,0.053604912,0.025263159,0,0
86221,0,0.06891114,0.035928145,0.08815579,0.04532967,0,0
86222,0,0.08580403,0.035928145,0.06609898,0.025263159,0,0
86223,0,0.056403317,0.03448276,0.041110687,0.009259258,0,0
86224,0,0.030629072,0.02248394,0.03841042,0.009259258,0,0
86225,0,0.050954077,0.02248394,0.046486992,0.017391304,0,0
86226,0,0.041226767,0.02248394,0.06142704,0.025263159,0,0
86227,0,0.042343643,0.02248394,0.03882105,0.009259258,0,0
86228,0,0.032650128,0.02248394,0.023417208,0.0013605442,0,0
86229,0,0.02529487,0.004761905,0.028225616,0.009259258,0,0
86230,0,0.033034313,0.02248394,0.021471413,0.0013605442,0,0
86231,0,0.027319893,0.004761905,0.015902167,0.0013605442,0,0
86232,0,0.03640362,0.02248394,0.016666695,0.0013605442,0,0
86233,0,0.04824678,0.02248394,0.030750412,0.009259258,0,0
86234,0,0.030950634,0.02248394,0.017652566,0.0013605442,0,0
86235,0,0.024252493,0.0017482517,0.00956079,0.0013605442,0,0
86236,0,0.02399073,0.0017482517,0.014705733,0.0013605442,0,0
86237,0,0.020463588,0.0017482517,0.013630743,0.0013605442,0,0
86238,0,0.027165905,0.004761905,0.026490806,0.009259258,0,0
86239,0,0.023893006,0.0017482517,0.0159259,0.0013605442,0,0
86240,0,0.024003746,0.0017482517,0.016987627,0.0013605442,0,0
86241,0,0.020906487,0.0017482517,0.0126168495,0.0013605442,0,0
86242,0,0.024153126,0.0017482517,0.019013433,0.0013605442,0,0
86243,0,0.028663222,0.004761905,0.018388787,0.0013605442,0,0
86244,0,0.028744597,0.004761905,0.09059335,0.04532967,0,0
86245,0,0.019595793,0.0017482517,0.05616362,0.025263159,0,0
86246,0,0.024734108,0.004761905,0.050547995,0.017391304,0,0
86247,0,0.04245954,0.02248394,0.071330026,0.025263159,0,0
86248,0,0.061103236,0.035928145,0.041705307,0.017391304,0,0
86249,0,0.04739699,0.02248394,0.04117109,0.009259258,0,0
86250,0,0.06275329,0.035928145,0.05623361,0.025263159,0,0
86251,0,0.037963573,0.02248394,0.045917895,0.017391304,0,0
86252,0,0.061890423,0.035928145,0.06972481,0.025263159,0,0
86253,0,0.04950808,0.02248394,0.07559287,0.04532967,0,0
86254,0,0.041643303,0.02248394,0.08820701,0.04532967,0,0
86255,0,0.047797557,0.02248394,0.071268536,0.025263159,0,0
86256,0,0.047793355,0.02248394,0.078975156,0.04532967,0,0
86257,0,0.03680128,0.02248394,0.05947295,0.025263159,0,0
86258,0,0.048096158,0.02248394,0.09470337,0.04532967,0,0
86259,0,0.03591616,0.02248394,0.09959789,0.04532967,0,0
86260,0,0.03219531,0.02248394,0.09746227,0.04532967,0,0
86261,0,0.039225716,0.02248394,0.10271157,0.04532967,0,0
86262,0,0.034181666,0.02248394,0.11807954,0.078028746,0,0
86263,0,0.045493808,0.02248394,0.10994011,0.06716418,0,0
86264,0,0.043798264,0.02248394,0.14213388,0.092920355,0,0
86265,0,0.03457076,0.02248394,0.09349382,0.04532967,0,0
86266,0,0.059583925,0.035928145,0.14577816,0.092920355,0,0
86267,0,0.03887646,0.02248394,0.07054746,0.025263159,0,0
86268,0,0.03078986,0.02248394,0.04539546,0.017391304,0,0
86269,0,0.031024603,0.02248394,0.05943284,0.025263159,0,0
86270,0,0.019606333,0.0017482517,0.04722307,0.017391304,0,0
86271,0,0.029270023,0.02248394,0.065342486,0.025263159,0,0
86272,0,0.027005048,0.004761905,0.039588932,0.009259258,0,0
86273,0,0.030318556,0.02248394,0.02382914,0.009259258,0,0
86274,0,0.041677617,0.02248394,0.04158238,0.017391304,0,0
86275,0,0.066120744,0.035928145,0.06578085,0.025263159,0,0
86276,0,0.038021192,0.02248394,0.030528773,0.009259258,0,0
86277,0,0.06252896,0.035928145,0.0941273,0.04532967,0,0
86278,0,0.035822045,0.02248394,0.03863377,0.009259258,0,0
86279,0,0.04711158,0.02248394,0.081582814,0.04532967,0,0
86280,0,0.038372386,0.02248394,0.04750601,0.017391304,0,0
86281,0,0.059165116,0.035928145,0.052447356,0.017391304,0,0
86282,0,0.07976766,0.035928145,0.044084363,0.017391304,0,0
86283,0,0.060009275,0.035928145,0.05684451,0.025263159,0,0
86284,0,0.05188153,0.027237354,0.09843131,0.04532967,0,0
86285,0,0.036211874,0.02248394,0.05916187,0.025263159,0,0
86286,0,0.06804546,0.035928145,0.0851248,0.04532967,0,0
86287,0,0.06063282,0.035928145,0.06144927,0.025263159,0,0
86288,0,0.077449925,0.035928145,0.07588327,0.04532967,0,0
86289,0,0.055125784,0.027237354,0.066740535,0.025263159,0,0
86290,0,0.06534678,0.035928145,0.06789987,0.025263159,0,0
86291,0,0.04050466,0.02248394,0.035119794,0.009259258,0,0
86292,0,0.053202607,0.027237354,0.045036968,0.017391304,0,0
86293,0,0.04654823,0.02248394,0.07514753,0.04532967,0,0
86294,0,0.052040588,0.027237354,0.052058835,0.017391304,0,0
86295,0,0.060281795,0.035928145,0.10329343,0.05050505,0,0
86296,0,0.06905926,0.035928145,0.08449165,0.04532967,0,0
86297,0,0.049802743,0.02248394,0.07364643,0.025263159,0,0
86298,0,0.038713794,0.02248394,0.048664033,0.017391304,0,0
86299,0,0.042385872,0.02248394,0.073976845,0.04532967,0,0
86300,0,0.062391344,0.035928145,0.070862934,0.025263159,0,0
86301,0,0.044085156,0.02248394,0.03905963,0.009259258,0,0
86302,0,0.05239648,0.027237354,0.046564367,0.017391304,0,0
86303,0,0.05022985,0.02248394,0.03555611,0.009259258,0,0
86304,0,0.050133597,0.02248394,0.029067378,0.009259258,0,0
86305,0,0.042653743,0.02248394,0.034266986,0.009259258,0,0
86306,0,0.035556555,0.02248394,0.028172668,0.009259258,0,0
86307,0,0.07847908,0.035928145,0.07095713,0.025263159,0,0
86308,0,0.10560366,0.057771664,0.06737894,0.025263159,0,0
86309,0,0.10142193,0.057771664,0.059461597,0.025263159,0,0
86310,0,0.08872965,0.035928145,0.04074369,0.009259258,0,0
86311,0,0.058791216,0.035928145,0.032494094,0.009259258,0,0
86312,0,0.05305896,0.027237354,0.041909363,0.017391304,0,0
86313,0,0.049025718,0.02248394,0.02414395,0.009259258,0,0
86314,0,0.04815996,0.02248394,0.020011062,0.0013605442,0,0
86315,0,0.033514816,0.02248394,0.016808808,0.0013605442,0,0
86316,0,0.039060812,0.02248394,0.025178649,0.009259258,0,0
86317,0,0.046553593,0.02248394,0.027896682,0.009259258,0,0
86318,0,0.05915378,0.035928145,0.055033386,0.025263159,0,0
86319,0,0.110646226,0.057771664,0.046225455,0.017391304,0,0
86320,0,0.06769215,0.035928145,0.039839268,0.009259258,0,0
86321,0,0.1303096,0.057771664,0.068376,0.025263159,0,0
86322,0,0.06543769,0.035928145,0.035216395,0.009259258,0,0
86323,0,0.059576895,0.035928145,0.038556382,0.009259258,0,0
86324,0,0.04334364,0.02248394,0.01985606,0.0013605442,0,0
86325,0,0.067949526,0.035928145,0.04815903,0.017391304,0,0
86326,0,0.09102,0.057771664,0.035033826,0.009259258,0,0
86327,0,0.052062225,0.027237354,0.04203398,0.017391304,0,0
86328,0,0.03791564,0.02248394,0.042139605,0.017391304,0,0
86329,0,0.030711576,0.02248394,0.031797353,0.009259258,0,0
86330,0,0.046203975,0.02248394,0.053093784,0.025263159,0,0
86331,0,0.053024005,0.027237354,0.047707725,0.017391304,0,0
86332,0,0.044558614,0.02248394,0.036420584,0.009259258,0,0
86333,0,0.053527784,0.027237354,0.03718622,0.009259258,0,0
86334,0,0.0617468,0.035928145,0.04167239,0.017391304,0,0
86335,0,0.075973704,0.035928145,0.041781843,0.017391304,0,0
86336,0,0.11115826,0.057771664,0.09407886,0.04532967,0,0
86337,0,0.07198904,0.035928145,0.05967086,0.025263159,0,0
86338,0,0.08844056,0.035928145,0.072197296,0.025263159,0,0
86339,0,0.1002842,0.057771664,0.068862386,0.025263159,0,0
86340,0,0.06927314,0.035928145,0.06016069,0.025263159,0,0
86341,0,0.05404166,0.027237354,0.08084815,0.04532967,0,0
86342,0,0.090733655,0.057771664,0.065006964,0.025263159,0,0
86343,0,0.059518717,0.035928145,0.100523084,0.04532967,0,0
86344,0,0.07954605,0.035928145,0.07149782,0.025263159,0,0
86345,0,0.050161265,0.02248394,0.034457624,0.009259258,0,0
86346,0,0.051773366,0.027237354,0.05001938,0.017391304,0,0
86347,0,0.05845726,0.035928145,0.06432948,0.025263159,0,0
86348,0,0.047900017,0.02248394,0.047761723,0.017391304,0,0
86349,0,0.043079514,0.02248394,0.032172218,0.009259258,0,0
86350,0,0.046684675,0.02248394,0.04103567,0.009259258,0,0
86351,0,0.03058617,0.02248394,0.028413732,0.009259258,0,0
86352,0,0.0292237,0.02248394,0.04456384,0.017391304,0,0
86353,0,0.041923724,0.02248394,0.048631813,0.017391304,0,0
86354,0,0.027771795,0.004761905,0.026279695,0.009259258,0,0
86355,0,0.036412116,0.02248394,0.02568624,0.009259258,0,0
86356,0,0.03730174,0.02248394,0.01588163,0.0013605442,0,0
86357,0,0.040562056,0.02248394,0.02272052,0.0013605442,0,0
86358,0,0.040668365,0.02248394,0.023921786,0.009259258,0,0
86359,0,0.03375924,0.02248394,0.021282777,0.0013605442,0,0
86360,0,0.022813242,0.0017482517,0.011323839,0.0013605442,0,0
86361,0,0.0343476,0.02248394,0.026602587,0.009259258,0,0
86362,0,0.031589784,0.02248394,0.0198233,0.0013605442,0,0
86363,0,0.032590054,0.02248394,0.019303875,0.0013605442,0,0
86364,0,0.019180937,0.0017482517,0.016117303,0.0013605442,0,0
86365,0,0.03170508,0.02248394,0.04416946,0.017391304,0,0
86366,0,0.025863502,0.004761905,0.020482197,0.0013605442,0,0
86367,0,0.021817299,0.0017482517,0.016881121,0.0013605442,0,0
86368,0,0.028053716,0.004761905,0.018795548,0.0013605442,0,0
86369,0,0.018783662,0.0017482517,0.013094279,0.0013605442,0,0
86370,0,0.032318436,0.02248394,0.021287262,0.0013605442,0,0
86371,0,0.026719492,0.004761905,0.016902342,0.0013605442,0,0
86372,0,0.02379275,0.0017482517,0.019904131,0.0013605442,0,0
86373,0,0.023577593,0.0017482517,0.016448207,0.0013605442,0,0
86374,0,0.023854718,0.0017482517,0.018920604,0.0013605442,0,0
86375,0,0.0212626,0.0017482517,0.015542465,0.0013605442,0,0
86376,0,0.033513125,0.02248394,0.016215242,0.0013605442,0,0
86377,0,0.034987763,0.02248394,0.0139780585,0.0013605442,0,0
86378,0,0.018703997,0.0017482517,0.014401579,0.0013605442,0,0
86379,0,0.040098142,0.02248394,0.02455205,0.009259258,0,0
86380,0,0.035959166,0.02248394,0.026997067,0.009259258,0,0
86381,0,0.029265357,0.02248394,0.018663479,0.0013605442,0,0
86382,0,0.032211192,0.02248394,0.025958654,0.009259258,0,0
86383,0,0.030374818,0.02248394,0.026975125,0.009259258,0,0
86384,0,0.022391561,0.0017482517,0.015873136,0.0013605442,0,0
86385,0,0.023076123,0.0017482517,0.013981976,0.0013605442,0,0
86386,0,0.024357053,0.004761905,0.017155873,0.0013605442,0,0
86387,0,0.02149503,0.0017482517,0.014212522,0.0013605442,0,0
86388,0,0.024632191,0.004761905,0.018936511,0.0013605442,0,0
86389,0,0.016497727,0.0017482517,0.009907938,0.0013605442,0,0
86390,0,0.0195199,0.0017482517,0.008236125,0.0,0,0
86391,0,0.019655544,0.0017482517,0.0111898845,0.0013605442,0,0
86392,0,0.01833574,0.0017482517,0.011183994,0.0013605442,0,0
86393,0,0.02805602,0.004761905,0.012696106,0.0013605442,0,0
86394,0,0.013014088,0.0017482517,0.00823597,0.0,0,0
86395,0,0.01574274,0.0017482517,0.007994753,0.0,0,0
86396,0,0.018552767,0.0017482517,0.013192767,0.0013605442,0,0
86397,0,0.01897386,0.0017482517,0.014267482,0.0013605442,0,0
86398,0,0.014809244,0.0017482517,0.011275735,0.0013605442,0,0
86399,0,0.017636655,0.0017482517,0.012913177,0.0013605442,0,0
86400,0,0.014286171,0.0017482517,0.013499604,0.0013605442,0,0
86401,0,0.015585915,0.0017482517,0.01187529,0.0013605442,0,0
86402,0,0.012489024,0.0017482517,0.012569718,0.0013605442,0,0
86403,0,0.01354772,0.0017482517,0.011768106,0.0013605442,0,0
86404,0,0.0122974785,0.0017482517,0.008951468,0.0013605442,0,0
86405,0,0.021747911,0.0017482517,0.019303292,0.0013605442,0,0
86406,0,0.031556074,0.02248394,0.02149886,0.0013605442,0,0
86407,0,0.025697257,0.004761905,0.024375532,0.009259258,0,0
86408,0,0.03136725,0.02248394,0.03135616,0.009259258,0,0
86409,0,0.040836368,0.02248394,0.028259281,0.009259258,0,0
86410,0,0.034347173,0.02248394,0.018173205,0.0013605442,0,0
86411,0,0.026430016,0.004761905,0.01213504,0.0013605442,0,0
86412,0,0.03426547,0.02248394,0.02042223,0.0013605442,0,0
86413,0,0.015846878,0.0017482517,0.015326542,0.0013605442,0,0
86414,0,0.014173851,0.0017482517,0.008170348,0.0,0,0
86415,0,0.014097791,0.0017482517,0.008383568,0.0,0,0
86416,0,0.011580003,0.0017482517,0.011741873,0.0013605442,0,0
86417,0,0.022037016,0.0017482517,0.020070171,0.0013605442,0,0
86418,0,0.044945672,0.02248394,0.023479013,0.0013605442,0,0
86419,0,0.03714661,0.02248394,0.016842261,0.0013605442,0,0
86420,0,0.025381383,0.004761905,0.01541354,0.0013605442,0,0
86421,0,0.024116268,0.0017482517,0.017528113,0.0013605442,0,0
86422,0,0.024693923,0.004761905,0.026923316,0.009259258,0,0
86423,0,0.019028896,0.0017482517,0.014372512,0.0013605442,0,0
86424,0,0.016853588,0.0017482517,0.014905776,0.0013605442,0,0
86425,0,0.017895492,0.0017482517,0.014849223,0.0013605442,0,0
86426,0,0.019162899,0.0017482517,0.016843375,0.0013605442,0,0
86427,0,0.018824717,0.0017482517,0.010303928,0.0013605442,0,0
86428,0,0.023970857,0.0017482517,0.011278217,0.0013605442,0,0
86429,0,0.01961866,0.0017482517,0.009113745,0.0013605442,0,0
86430,0,0.017257968,0.0017482517,0.008491576,0.0,0,0
86431,0,0.033491377,0.02248394,0.0144130895,0.0013605442,0,0
86432,0,0.011094937,0.0017482517,0.007517412,0.0,0,0
86433,0,0.013522534,0.0017482517,0.010301841,0.0013605442,0,0
86434,0,0.013024277,0.0017482517,0.009395776,0.0013605442,0,0
86435,0,0.012567706,0.0017482517,0.0077828444,0.0,0,0
86436,0,0.012744907,0.0017482517,0.010195408,0.0013605442,0,0
86437,0,0.01369376,0.0017482517,0.008830028,0.0,0,0
86438,0,0.015198703,0.0017482517,0.011294254,0.0013605442,0,0
86439,0,0.013642532,0.0017482517,0.00902613,0.0013605442,0,0
86440,0,0.01708499,0.0017482517,0.013934013,0.0013605442,0,0
86441,0,0.011701509,0.0017482517,0.006444716,0.0,0,0
86442,0,0.012238531,0.0017482517,0.006958538,0.0,0,0
86443,0,0.0127145825,0.0017482517,0.007299384,0.0,0,0
86444,0,0.012238531,0.0017482517,0.006958538,0.0,0,0
86445,0,0.01189808,0.0017482517,0.006914419,0.0,0,0
86446,0,0.012417456,0.0017482517,0.007255349,0.0,0,0
86447,0,0.021947147,0.0017482517,0.016738825,0.0013605442,0,0
86448,0,0.037130687,0.02248394,0.020159401,0.0013605442,0,0
86449,0,0.03361312,0.02248394,0.013745739,0.0013605442,0,0
86450,0,0.026364207,0.004761905,0.012209484,0.0013605442,0,0
86451,0,0.019764021,0.0017482517,0.016867831,0.0013605442,0,0
86452,0,0.03723614,0.02248394,0.01776113,0.0013605442,0,0
86453,0,0.02525163,0.004761905,0.013916336,0.0013605442,0,0
86454,0,0.027232552,0.004761905,0.014166165,0.0013605442,0,0
86455,0,0.020769661,0.0017482517,0.011886044,0.0013605442,0,0
86456,0,0.037436202,0.02248394,0.019464409,0.0013605442,0,0
86457,0,0.027045332,0.004761905,0.015529076,0.0013605442,0,0
86458,0,0.019790353,0.0017482517,0.012436996,0.0013605442,0,0
86459,0,0.021124614,0.0017482517,0.01273106,0.0013605442,0,0
86460,0,0.02363498,0.0017482517,0.009668938,0.0013605442,0,0
86461,0,0.018548,0.0017482517,0.013904635,0.0013605442,0,0
86462,0,0.016802883,0.0017482517,0.0061787465,0.0,0,0
86463,0,0.013590425,0.0017482517,0.00781034,0.0,0,0
86464,0,0.017966723,0.0017482517,0.009469088,0.0013605442,0,0
86465,0,0.02601633,0.004761905,0.024091464,0.009259258,0,0
86466,0,0.02644089,0.004761905,0.023312386,0.0013605442,0,0
86467,0,0.03792005,0.02248394,0.03494922,0.009259258,0,0
86468,0,0.04995037,0.02248394,0.037502337,0.009259258,0,0
86469,0,0.0543731,0.027237354,0.03618575,0.009259258,0,0
86470,0,0.107272774,0.057771664,0.09456042,0.04532967,0,0
86471,0,0.10117224,0.057771664,0.08213953,0.04532967,0,0
86472,0,0.111901626,0.057771664,0.08276166,0.04532967,0,0
86473,0,0.074947774,0.035928145,0.05861375,0.025263159,0,0
86474,0,0.08260136,0.035928145,0.0718895,0.025263159,0,0
86475,0,0.07753619,0.035928145,0.09075807,0.04532967,0,0
86476,0,0.09229458,0.057771664,0.0773199,0.04532967,0,0
86477,0,0.07626502,0.035928145,0.033696823,0.009259258,0,0
86478,0,0.07079705,0.035928145,0.09265199,0.04532967,0,0
86479,0,0.056326613,0.03448276,0.081177786,0.04532967,0,0
86480,0,0.04111018,0.02248394,0.033932038,0.009259258,0,0
86481,0,0.035407726,0.02248394,0.022415644,0.0013605442,0,0
86482,0,0.038781755,0.02248394,0.021440146,0.0013605442,0,0
86483,0,0.032541793,0.02248394,0.018117368,0.0013605442,0,0
86484,0,0.03160058,0.02248394,0.018521337,0.0013605442,0,0
86485,0,0.022124805,0.0017482517,0.017899608,0.0013605442,0,0
86486,0,0.018596873,0.0017482517,0.015205669,0.0013605442,0,0
86487,0,0.031119466,0.02248394,0.020349508,0.0013605442,0,0
86488,0,0.014487544,0.0017482517,0.01473978,0.0013605442,0,0
86489,0,0.01796552,0.0017482517,0.024702916,0.009259258,0,0
86490,0,0.02650884,0.004761905,0.010441213,0.0013605442,0,0
86491,0,0.025869932,0.004761905,0.021419847,0.0013605442,0,0
86492,0,0.023169179,0.0017482517,0.00978742,0.0013605442,0,0
86493,0,0.02095951,0.0017482517,0.009213991,0.0013605442,0,0
86494,0,0.012147073,0.0017482517,0.00813294,0.0,0,0
86495,0,0.020066313,0.0017482517,0.012992559,0.0013605442,0,0
86496,0,0.009490064,0.0017482517,0.008034222,0.0,0,0
86497,0,0.010537133,0.0017482517,0.0073368056,0.0,0,0
86498,0,0.009341406,0.0017482517,0.006597624,0.0,0,0
86499,0,0.0125313,0.0017482517,0.009219126,0.0013605442,0,0
86500,0,0.010939129,0.0017482517,0.006549123,0.0,0,0
86501,0,0.006817527,0.0017482517,0.0050888536,0.0,0,0
86502,0,0.011173673,0.0017482517,0.0066582942,0.0,0,0
86503,0,0.008178347,0.0017482517,0.00504909,0.0,0,0
86504,0,0.010348682,0.0017482517,0.006943138,0.0,0,0
86505,0,0.011007687,0.0017482517,0.007272414,0.0,0,0
86506,0,0.008017635,0.0017482517,0.004629276,0.0,0,0
86507,0,0.0054815225,0.0017482517,0.0046910285,0.0,0,0
86508,0,0.005638507,0.0017482517,0.0047180243,0.0,0,0
86509,0,0.0057147113,0.0017482517,0.0047860146,0.0,0,0
86510,0,0.008046924,0.0017482517,0.005390025,0.0,0,0
86511,0,0.013784981,0.0017482517,0.010141152,0.0013605442,0,0
86512,0,0.0131214745,0.0017482517,0.005800604,0.0,0,0
86513,0,0.017074615,0.0017482517,0.011958912,0.0013605442,0,0
86514,0,0.01769568,0.0017482517,0.008082147,0.0,0,0
86515,0,0.011787403,0.0017482517,0.0077873794,0.0,0,0
86516,0,0.014334261,0.0017482517,0.008652112,0.0,0,0
86517,0,0.0127362935,0.0017482517,0.008856011,0.0,0,0
86518,0,0.013131797,0.0017482517,0.0069312914,0.0,0,0
86519,0,0.010516307,0.0017482517,0.008088342,0.0,0,0
86520,0,0.0090537965,0.0017482517,0.009276196,0.0013605442,0,0
86521,0,0.010420654,0.0017482517,0.013141199,0.0013605442,0,0
86522,0,0.0264071,0.004761905,0.02353044,0.0013605442,0,0
86523,0,0.02014907,0.0017482517,0.019999025,0.0013605442,0,0
86524,0,0.019994017,0.0017482517,0.01432267,0.0013605442,0,0
86525,0,0.018300235,0.0017482517,0.008874693,0.0,0,0
86526,0,0.016470376,0.0017482517,0.023489604,0.0013605442,0,0
86527,0,0.020294894,0.0017482517,0.009355417,0.0013605442,0,0
86528,0,0.015636683,0.0017482517,0.00909007,0.0013605442,0,0
86529,0,0.013805878,0.0017482517,0.0069978484,0.0,0,0
86530,0,0.011361119,0.0017482517,0.0054826587,0.0,0,0
86531,0,0.008548484,0.0017482517,0.0075585535,0.0,0,0
86532,0,0.011232406,0.0017482517,0.005656271,0.0,0,0
86533,0,0.0073549524,0.0017482517,0.0047758208,0.0,0,0
86534,0,0.007768097,0.0017482517,0.0046913577,0.0,0,0
86535,0,0.0077585354,0.0017482517,0.005482295,0.0,0,0
86536,0,0.0053829337,0.0017482517,0.00394602,0.0,0,0
86537,0,0.006089802,0.0017482517,0.0029581883,0.0,0,0
86538,0,0.008689666,0.0017482517,0.0055115786,0.0,0,0
86539,0,0.0127995415,0.0017482517,0.0063351593,0.0,0,0
86540,0,0.0087385,0.0017482517,0.006553837,0.0,0,0
86541,0,0.017942157,0.0017482517,0.009888353,0.0013605442,0,0
86542,0,0.0134308515,0.0017482517,0.0095639145,0.0013605442,0,0
86543,0,0.012074415,0.0017482517,0.0084668975,0.0,0,0
86544,0,0.010888042,0.0017482517,0.009499186,0.0013605442,0,0
86545,0,0.0051994044,0.0017482517,0.0028656062,0.0,0,0
86546,0,0.0069841505,0.0017482517,0.003675635,0.0,0,0
86547,0,0.0072413525,0.0017482517,0.0037818307,0.0,0,0
86548,0,0.0061053755,0.0017482517,0.0032626188,0.0,0,0
86549,0,0.008009481,0.0017482517,0.0045446684,0.0,0,0
86550,0,0.007968808,0.0017482517,0.004174589,0.0,0,0
86551,0,0.00844074,0.0017482517,0.004752671,0.0,0,0
86552,0,0.006583491,0.0017482517,0.003952241,0.0,0,0
86553,0,0.006038961,0.0017482517,0.0033688403,0.0,0,0
86554,0,0.0050881705,0.0017482517,0.0025248998,0.0,0,0
86555,0,0.0043310393,0.0,0.0025400647,0.0,0,0
86556,0,0.0038269935,0.0,0.0022391758,0.0,0,0
86557,0,0.00365475,0.0,0.0025715246,0.0,0,0
86558,0,0.0037625048,0.0,0.0021600227,0.0,0,0
86559,0,0.003662729,0.0,0.0020559505,0.0,0,0
86560,0,0.014082,0.0017482517,0.010217036,0.0013605442,0,0
86561,0,0.019146267,0.0017482517,0.009827833,0.0013605442,0,0
86562,0,0.013455389,0.0017482517,0.010490705,0.0013605442,0,0
86563,0,0.014592367,0.0017482517,0.010318107,0.0013605442,0,0
86564,0,0.011105447,0.0017482517,0.011406665,0.0013605442,0,0
86565,0,0.007045975,0.0017482517,0.004631184,0.0,0,0
86566,0,0.011879651,0.0017482517,0.012927437,0.0013605442,0,0
86567,0,0.016591894,0.0017482517,0.015330731,0.0013605442,0,0
86568,0,0.016359132,0.0017482517,0.015762057,0.0013605442,0,0
86569,0,0.024139732,0.0017482517,0.016978074,0.0013605442,0,0
86570,0,0.01725103,0.0017482517,0.01704026,0.0013605442,0,0
86571,0,0.015930288,0.0017482517,0.0149627,0.0013605442,0,0
86572,0,0.013223357,0.0017482517,0.013695743,0.0013605442,0,0
86573,0,0.007560328,0.0017482517,0.0061726854,0.0,0,0
86574,0,0.008642233,0.0017482517,0.0067556966,0.0,0,0
86575,0,0.0077738357,0.0017482517,0.006162269,0.0,0,0
86576,0,0.008288321,0.0017482517,0.0052742767,0.0,0,0
86577,0,0.008288321,0.0017482517,0.0052742767,0.0,0,0
86578,0,0.007967277,0.0017482517,0.0052742767,0.0,0,0
86579,0,0.008159914,0.0017482517,0.0049966862,0.0,0,0
86580,0,0.0063019753,0.0017482517,0.0039299885,0.0,0,0
86581,0,0.004184501,0.0,0.003293679,0.0,0,0
86582,0,0.0056624506,0.0017482517,0.0028811975,0.0,0,0
86583,0,0.0046082553,0.0017482517,0.0031906338,0.0,0,0
86584,0,0.0048344363,0.0017482517,0.0029080606,0.0,0,0
86585,0,0.0047394224,0.0017482517,0.0031811346,0.0,0,0
86586,0,0.0036456129,0.0,0.002234794,0.0,0,0
86587,0,0.0040426212,0.0,0.0021720426,0.0,0,0
86588,0,0.0040426212,0.0,0.0021720426,0.0,0,0
86589,0,0.0040426212,0.0,0.0021720426,0.0,0,0
86590,0,0.0042927326,0.0,0.0022517657,0.0,0,0
86591,0,0.003944826,0.0,0.0023587258,0.0,0,0
86592,0,0.0039134147,0.0,0.002507057,0.0,0,0
86593,0,0.003944826,0.0,0.002348136,0.0,0,0
86594,0,0.0039042246,0.0,0.002375591,0.0,0,0
86595,0,0.0038096483,0.0,0.0025244902,0.0,0,0
86596,0,0.0037189745,0.0,0.002509214,0.0,0,0
86597,0,0.0042090095,0.0,0.0024110314,0.0,0,0
86598,0,0.0033135214,0.0,0.0020991885,0.0,0,0
86599,0,0.0035355804,0.0,0.0020394595,0.0,0,0
86600,0,0.002650749,0.0,0.0013559342,0.0,0,0
86601,0,0.0026408,0.0,0.0012523327,0.0,0,0
86602,0,0.002840602,0.0,0.0013845059,0.0,0,0
86603,0,0.0026408,0.0,0.0012146808,0.0,0,0
86604,0,0.002592027,0.0,0.0012685534,0.0,0,0
86605,0,0.0029350994,0.0,0.0014182843,0.0,0,0
86606,0,0.00256725,0.0,0.0012059957,0.0,0,0
86607,0,0.0026408,0.0,0.0012146808,0.0,0,0
86608,0,0.0026408,0.0,0.0012146808,0.0,0,0
86609,0,0.01600926,0.0017482517,0.0134010995,0.0013605442,0,0
86610,0,0.024171041,0.0017482517,0.013899542,0.0013605442,0,0
86611,0,0.017628932,0.0017482517,0.010863026,0.0013605442,0,0
86612,0,0.021194167,0.0017482517,0.018357588,0.0013605442,0,0
86613,0,0.02525345,0.004761905,0.019069577,0.0013605442,0,0
86614,0,0.016839702,0.0017482517,0.012681142,0.0013605442,0,0
86615,0,0.023482123,0.0017482517,0.018928181,0.0013605442,0,0
86616,0,0.02990928,0.02248394,0.014959946,0.0013605442,0,0
86617,0,0.017039966,0.0017482517,0.015054693,0.0013605442,0,0
86618,0,0.016622787,0.0017482517,0.016488105,0.0013605442,0,0
86619,0,0.01681692,0.0017482517,0.021406667,0.0013605442,0,0
86620,0,0.008667095,0.0017482517,0.0072956607,0.0,0,0
86621,0,0.00722226,0.0017482517,0.006545051,0.0,0,0
86622,0,0.0069929296,0.0017482517,0.0066815973,0.0,0,0
86623,0,0.009919991,0.0017482517,0.009006578,0.0013605442,0,0
86624,0,0.0060791755,0.0017482517,0.0062737484,0.0,0,0
86625,0,0.0059451284,0.0017482517,0.0060047,0.0,0,0
86626,0,0.009642541,0.0017482517,0.00817126,0.0,0,0
86627,0,0.0071540587,0.0017482517,0.005707455,0.0,0,0
86628,0,0.0073389416,0.0017482517,0.005215292,0.0,0,0
86629,0,0.012525933,0.0017482517,0.007723502,0.0,0,0
86630,0,0.004586613,0.0017482517,0.0028110966,0.0,0,0
86631,0,0.0046775537,0.0017482517,0.0028110966,0.0,0,0
86632,0,0.0046775537,0.0017482517,0.0028110966,0.0,0,0
86633,0,0.004460793,0.0,0.0028676984,0.0,0,0
86634,0,0.003976094,0.0,0.0027622893,0.0,0,0
86635,0,0.003976094,0.0,0.0028201418,0.0,0,0
86636,0,0.0047587394,0.0017482517,0.0031849307,0.0,0,0
86637,0,0.0044850237,0.0017482517,0.0024469504,0.0,0,0
86638,0,0.0044850237,0.0017482517,0.0024469504,0.0,0,0
86639,0,0.0044850237,0.0017482517,0.0024469504,0.0,0,0
86640,0,0.0045901844,0.0017482517,0.0024469504,0.0,0,0
86641,0,0.0045901844,0.0017482517,0.0024469504,0.0,0,0
86642,0,0.0045901844,0.0017482517,0.0024469504,0.0,0,0
86643,0,0.0045901844,0.0017482517,0.0024469504,0.0,0,0
86644,0,0.0044413153,0.0,0.002454369,0.0,0,0
86645,0,0.0045901844,0.0017482517,0.0024469504,0.0,0,0
86646,0,0.0045773177,0.0017482517,0.0024446528,0.0,0,0
86647,0,0.004269844,0.0,0.0027901,0.0,0,0
86648,0,0.0045773177,0.0017482517,0.0024055075,0.0,0,0
86649,0,0.0047081825,0.0017482517,0.0025091544,0.0,0,0
86650,0,0.0047081825,0.0017482517,0.0025091544,0.0,0,0
86651,0,0.0047081825,0.0017482517,0.0025091544,0.0,0,0
86652,0,0.004833271,0.0017482517,0.0025091544,0.0,0,0
86653,0,0.004833271,0.0017482517,0.0025091544,0.0,0,0
86654,0,0.004833271,0.0017482517,0.0025091544,0.0,0,0
86655,0,0.004787366,0.0017482517,0.002416089,0.0,0,0
86656,0,0.0043416875,0.0,0.0026866423,0.0,0,0
86657,0,0.004744533,0.0017482517,0.0026068836,0.0,0,0
86658,0,0.004917039,0.0017482517,0.0024706456,0.0,0,0
86659,0,0.004917039,0.0017482517,0.0024706456,0.0,0,0
86660,0,0.0047307285,0.0017482517,0.0024706456,0.0,0,0
86661,0,0.004599239,0.0017482517,0.0023685857,0.0,0,0
86662,0,0.004469861,0.0,0.0027190568,0.0,0,0
86663,0,0.0047307285,0.0017482517,0.0025711174,0.0,0,0
86664,0,0.004597668,0.0017482517,0.0027164952,0.0,0,0
86665,0,0.0047307285,0.0017482517,0.0025711174,0.0,0,0
86666,0,0.004678253,0.0017482517,0.002847875,0.0,0,0
86667,0,0.005017618,0.0017482517,0.002709058,0.0,0,0
86668,0,0.004553958,0.0017482517,0.0028049413,0.0,0,0
86669,0,0.0040181424,0.0,0.002113373,0.0,0,0
86670,0,0.0040181424,0.0,0.002113373,0.0,0,0
86671,0,0.0035089797,0.0,0.0022035681,0.0,0,0
86672,0,0.0018388001,0.0,0.0011104869,0.0,0,0
86673,0,0.0018388001,0.0,0.0011104869,0.0,0,0
86674,0,0.001723915,0.0,0.0011498563,0.0,0,0
86675,0,0.0015612749,0.0,0.00093014596,0.0,0,0
86676,0,0.0013397908,0.0,0.0008577531,0.0,0,0
86677,0,0.0013397908,0.0,0.0008577531,0.0,0,0
86678,0,0.0035567686,0.0,0.0024384535,0.0,0,0
86679,0,0.005889751,0.0017482517,0.0034395712,0.0,0,0
86680,0,0.0054609836,0.0017482517,0.0047600903,0.0,0,0
86681,0,0.01792504,0.0017482517,0.018738406,0.0013605442,0,0
86682,0,0.014493768,0.0017482517,0.012323842,0.0013605442,0,0
86683,0,0.014495975,0.0017482517,0.009179293,0.0013605442,0,0
86684,0,0.015761398,0.0017482517,0.0052808304,0.0,0,0
86685,0,0.011972302,0.0017482517,0.008693943,0.0,0,0
86686,0,0.009179102,0.0017482517,0.006148998,0.0,0,0
86687,0,0.007952641,0.0017482517,0.005974508,0.0,0,0
86688,0,0.005606066,0.0017482517,0.004213689,0.0,0,0
86689,0,0.008652735,0.0017482517,0.0050800587,0.0,0,0
86690,0,0.006326907,0.0017482517,0.0052826717,0.0,0,0
86691,0,0.0055563264,0.0017482517,0.0047053746,0.0,0,0
86692,0,0.004993089,0.0017482517,0.003632858,0.0,0,0
86693,0,0.006104256,0.0017482517,0.003707977,0.0,0,0
86694,0,0.0064246533,0.0017482517,0.0036828157,0.0,0,0
86695,0,0.0077632247,0.0017482517,0.0063852738,0.0,0,0
86696,0,0.00582103,0.0017482517,0.004677301,0.0,0,0
86697,0,0.004931712,0.0017482517,0.0035492461,0.0,0,0
86698,0,0.005563956,0.0017482517,0.0037177627,0.0,0,0
86699,0,0.0055104312,0.0017482517,0.0034204375,0.0,0,0
86700,0,0.005537467,0.0017482517,0.0037037674,0.0,0,0
86701,0,0.0055104312,0.0017482517,0.003597029,0.0,0,0
86702,0,0.005169786,0.0017482517,0.0029740555,0.0,0,0
86703,0,0.0031831616,0.0,0.0026736672,0.0,0,0
86704,0,0.004301863,0.0,0.0028572008,0.0,0,0
86705,0,0.004908619,0.0017482517,0.0030073712,0.0,0,0
86706,0,0.0052609397,0.0017482517,0.0027080006,0.0,0,0
86707,0,0.0058998773,0.0017482517,0.002867783,0.0,0,0
86708,0,0.0058998773,0.0017482517,0.0029830686,0.0,0,0
86709,0,0.0055554095,0.0017482517,0.0033250626,0.0,0,0
86710,0,0.0058191344,0.0017482517,0.003063982,0.0,0,0
86711,0,0.006001038,0.0017482517,0.0029959776,0.0,0,0
86712,0,0.0056812423,0.0017482517,0.0025198667,0.0,0,0
86713,0,0.0056812423,0.0017482517,0.0025266416,0.0,0,0
86714,0,0.0042528743,0.0,0.0023735305,0.0,0,0
86715,0,0.003464281,0.0,0.0025527743,0.0,0,0
86716,0,0.0034608387,0.0,0.0026687535,0.0,0,0
86717,0,0.0034608387,0.0,0.0026687535,0.0,0,0
86718,0,0.0034608387,0.0,0.0026687535,0.0,0,0
86719,0,0.0034608387,0.0,0.0026687535,0.0,0,0
86720,0,0.0034608387,0.0,0.0026808672,0.0,0,0
86721,0,0.0034608387,0.0,0.0026808672,0.0,0,0
86722,0,0.0034608387,0.0,0.0026808672,0.0,0,0
86723,0,0.009090435,0.0017482517,0.008458358,0.0,0,0
86724,0,0.0138400365,0.0017482517,0.010190814,0.0013605442,0,0
86725,0,0.010544453,0.0017482517,0.010074985,0.0013605442,0,0
86726,0,0.009986955,0.0017482517,0.009834057,0.0013605442,0,0
86727,0,0.008001805,0.0017482517,0.009887364,0.0013605442,0,0
86728,0,0.0056533613,0.0017482517,0.0045088828,0.0,0,0
86729,0,0.0066877143,0.0017482517,0.004937313,0.0,0,0
86730,0,0.006540495,0.0017482517,0.0051354826,0.0,0,0
86731,0,0.005799554,0.0017482517,0.007137441,0.0,0,0
86732,0,0.009718742,0.0017482517,0.0067818235,0.0,0,0
86733,0,0.006487166,0.0017482517,0.0056471834,0.0,0,0
86734,0,0.007310463,0.0017482517,0.00577378,0.0,0,0
86735,0,0.0075094546,0.0017482517,0.0051765046,0.0,0,0
86736,0,0.009633161,0.0017482517,0.0075090104,0.0,0,0
86737,0,0.00974506,0.0017482517,0.007659116,0.0,0,0
86738,0,0.0074797417,0.0017482517,0.0081333285,0.0,0,0
86739,0,0.006653067,0.0017482517,0.007918663,0.0,0,0
86740,0,0.0065433923,0.0017482517,0.00900528,0.0013605442,0,0
86741,0,0.010790272,0.0017482517,0.004860791,0.0,0,0
86742,0,0.013883559,0.0017482517,0.009907208,0.0013605442,0,0
86743,0,0.008417211,0.0017482517,0.0048371344,0.0,0,0
86744,0,0.0073045273,0.0017482517,0.0049144337,0.0,0,0
86745,0,0.005850662,0.0017482517,0.004901906,0.0,0,0
86746,0,0.0048386636,0.0017482517,0.0032393364,0.0,0,0
86747,0,0.006013746,0.0017482517,0.0036036011,0.0,0,0
86748,0,0.0038632753,0.0,0.0031411992,0.0,0,0
86749,0,0.004423031,0.0,0.0031260194,0.0,0,0
86750,0,0.003642505,0.0,0.0032267023,0.0,0,0
86751,0,0.0036152694,0.0,0.002970472,0.0,0,0
86752,0,0.0032032356,0.0,0.0023909223,0.0,0,0
86753,0,0.0031735518,0.0,0.0023315495,0.0,0,0
86754,0,0.00272424,0.0,0.0023135187,0.0,0,0
86755,0,0.0033487903,0.0,0.0034175245,0.0,0,0
86756,0,0.005585336,0.0017482517,0.0045454083,0.0,0,0
86757,0,0.0033815664,0.0,0.0030199112,0.0,0,0
86758,0,0.0033815664,0.0,0.0030199112,0.0,0,0
86759,0,0.0028083138,0.0,0.002868034,0.0,0,0
86760,0,0.0023659507,0.0,0.0017943172,0.0,0,0
86761,0,0.0024785625,0.0,0.0020357254,0.0,0,0
86762,0,0.0023659507,0.0,0.0017943172,0.0,0,0
86763,0,0.0042020446,0.0,0.0047642533,0.0,0,0
86764,0,0.007346536,0.0017482517,0.0053102304,0.0,0,0
86765,0,0.007455081,0.0017482517,0.00482897,0.0,0,0
86766,0,0.012358022,0.0017482517,0.0054324255,0.0,0,0
86767,0,0.0067562982,0.0017482517,0.0050742035,0.0,0,0
86768,0,0.005018406,0.0017482517,0.0037190188,0.0,0,0
86769,0,0.004215708,0.0,0.0035499071,0.0,0,0
86770,0,0.0043541845,0.0,0.0029816364,0.0,0,0
86771,0,0.0039828205,0.0,0.0022311332,0.0,0,0
86772,0,0.004032903,0.0,0.0025900195,0.0,0,0
86773,0,0.0038444973,0.0,0.0021510648,0.0,0,0
86774,0,0.0038444973,0.0,0.0021510648,0.0,0,0
86775,0,0.0038444973,0.0,0.002134436,0.0,0,0
86776,0,0.0038444973,0.0,0.002134436,0.0,0,0
86777,0,0.0029924149,0.0,0.0018973453,0.0,0,0
86778,0,0.0030782279,0.0,0.0018852307,0.0,0,0
86779,0,0.0027223807,0.0,0.0017758742,0.0,0,0
86780,0,0.0019329811,0.0,0.00124401,0.0,0,0
86781,0,0.0019329811,0.0,0.00124401,0.0,0,0
86782,0,0.0024417208,0.0,0.0012324549,0.0,0,0
86783,0,0.0014909159,0.0,0.0009903088,0.0,0,0
86784,0,0.0014909159,0.0,0.0009903088,0.0,0,0
86785,0,0.0014909159,0.0,0.0009903088,0.0,0,0
86786,0,0.0014909159,0.0,0.0009559919,0.0,0,0
86787,0,0.0014909159,0.0,0.0009559919,0.0,0,0
86788,0,0.0014909159,0.0,0.0009559919,0.0,0,0
86789,0,0.0014909159,0.0,0.0009559919,0.0,0,0
86790,0,0.0018149785,0.0,0.0010151748,0.0,0,0
86791,0,0.017386293,0.0017482517,0.01313312,0.0013605442,0,0
86792,0,0.020261979,0.0017482517,0.012059692,0.0013605442,0,0
86793,0,0.015665855,0.0017482517,0.009753309,0.0013605442,0,0
86794,0,0.021772655,0.0017482517,0.011384243,0.0013605442,0,0
86795,0,0.011628016,0.0017482517,0.0074316957,0.0,0,0
86796,0,0.0049249334,0.0017482517,0.0022146325,0.0,0,0
86797,0,0.014225334,0.0017482517,0.014509436,0.0013605442,0,0
86798,0,0.017760266,0.0017482517,0.0124805635,0.0013605442,0,0
86799,0,0.016773885,0.0017482517,0.01160266,0.0013605442,0,0
86800,0,0.02012482,0.0017482517,0.012119233,0.0013605442,0,0
86801,0,0.01135818,0.0017482517,0.008355249,0.0,0,0
86802,0,0.005130291,0.0017482517,0.0032235933,0.0,0,0
86803,0,0.005130291,0.0017482517,0.0032235933,0.0,0,0
86804,0,0.005130291,0.0017482517,0.0032235933,0.0,0,0
86805,0,0.0065821754,0.0017482517,0.0049683754,0.0,0,0
86806,0,0.0056026145,0.0017482517,0.0032197272,0.0,0,0
86807,0,0.0054210834,0.0017482517,0.0032927007,0.0,0,0
86808,0,0.0056026145,0.0017482517,0.0032609955,0.0,0,0
86809,0,0.0056026145,0.0017482517,0.0032609955,0.0,0,0
86810,0,0.0056026145,0.0017482517,0.0032609955,0.0,0,0
86811,0,0.020479703,0.0017482517,0.021627186,0.0013605442,0,0
86812,0,0.015876347,0.0017482517,0.008822606,0.0,0,0
86813,0,0.012680008,0.0017482517,0.0081703095,0.0,0,0
86814,0,0.015819134,0.0017482517,0.0096924715,0.0013605442,0,0
86815,0,0.009571434,0.0017482517,0.007935674,0.0,0,0
86816,0,0.0056954147,0.0017482517,0.0035935582,0.0,0,0
86817,0,0.0056954147,0.0017482517,0.0035935582,0.0,0,0
86818,0,0.0056954147,0.0017482517,0.0035935582,0.0,0,0
86819,0,0.0056954147,0.0017482517,0.0035935582,0.0,0,0
86820,0,0.0056954147,0.0017482517,0.0035935582,0.0,0,0
86821,0,0.0056954147,0.0017482517,0.0035935582,0.0,0,0
86822,0,0.006783568,0.0017482517,0.0038496742,0.0,0,0
86823,0,0.0076698116,0.0017482517,0.0050100703,0.0,0,0
86824,0,0.00847716,0.0017482517,0.0045240168,0.0,0,0
86825,0,0.00812416,0.0017482517,0.0048640645,0.0,0,0
86826,0,0.0039566043,0.0,0.0026384862,0.0,0,0
86827,0,0.0038037065,0.0,0.0023441268,0.0,0,0
86828,0,0.0038037065,0.0,0.0023441268,0.0,0,0
86829,0,0.0038037065,0.0,0.0023441268,0.0,0,0
86830,0,0.015616358,0.0017482517,0.034502286,0.009259258,0,0
86831,0,0.021332137,0.0017482517,0.032580335,0.009259258,0,0
86832,0,0.027171468,0.004761905,0.030717894,0.009259258,0,0
86833,0,0.034749776,0.02248394,0.031045208,0.009259258,0,0
86834,0,0.047287475,0.02248394,0.030171352,0.009259258,0,0
86835,0,0.05631519,0.03448276,0.042223904,0.017391304,0,0
86836,0,0.07576206,0.035928145,0.056768626,0.025263159,0,0
86837,0,0.08584925,0.035928145,0.06594738,0.025263159,0,0
86838,0,0.087709114,0.035928145,0.07161187,0.025263159,0,0
86839,0,0.092261516,0.057771664,0.071797445,0.025263159,0,0
86840,0,0.075419284,0.035928145,0.054855343,0.025263159,0,0
86841,0,0.063313045,0.035928145,0.053012703,0.025263159,0,0
86842,0,0.08649924,0.035928145,0.0710295,0.025263159,0,0
86843,0,0.06303697,0.035928145,0.07511024,0.04532967,0,0
86844,0,0.051404014,0.027237354,0.048524417,0.017391304,0,0
86845,0,0.044212427,0.02248394,0.047885407,0.017391304,0,0
86846,0,0.022635482,0.0017482517,0.026536554,0.009259258,0,0
86847,0,0.025309842,0.004761905,0.02534596,0.009259258,0,0
86848,0,0.029264916,0.02248394,0.032789946,0.009259258,0,0
86849,0,0.021325324,0.0017482517,0.023660429,0.009259258,0,0
86850,0,0.012866013,0.0017482517,0.019412037,0.0013605442,0,0
86851,0,0.018434742,0.0017482517,0.022296853,0.0013605442,0,0
86852,0,0.011731656,0.0017482517,0.016835684,0.0013605442,0,0
86853,0,0.012169936,0.0017482517,0.018066823,0.0013605442,0,0
86854,0,0.013536274,0.0017482517,0.02093364,0.0013605442,0,0
86855,0,0.010107553,0.0017482517,0.019435344,0.0013605442,0,0
86856,0,0.0061941613,0.0017482517,0.008591007,0.0,0,0
86857,0,0.0063902796,0.0017482517,0.0080920765,0.0,0,0
86858,0,0.0072997813,0.0017482517,0.008439639,0.0,0,0
86859,0,0.0182991,0.0017482517,0.022053337,0.0013605442,0,0
86860,0,0.017191382,0.0017482517,0.021368349,0.0013605442,0,0
86861,0,0.017098071,0.0017482517,0.020161096,0.0013605442,0,0
86862,0,0.018367033,0.0017482517,0.022128394,0.0013605442,0,0
86863,0,0.015722707,0.0017482517,0.021881415,0.0013605442,0,0
86864,0,0.008745723,0.0017482517,0.011131745,0.0013605442,0,0
86865,0,0.021613322,0.0017482517,0.023536313,0.0013605442,0,0
86866,0,0.02149172,0.0017482517,0.023393475,0.0013605442,0,0
86867,0,0.021239813,0.0017482517,0.024906117,0.009259258,0,0
86868,0,0.021239813,0.0017482517,0.02482981,0.009259258,0,0
86869,0,0.02228436,0.0017482517,0.025808008,0.009259258,0,0
86870,0,0.0106297145,0.0017482517,0.013696413,0.0013605442,0,0
86871,0,0.009021371,0.0017482517,0.013624737,0.0013605442,0,0
86872,0,0.008786199,0.0017482517,0.013874709,0.0013605442,0,0
86873,0,0.010757153,0.0017482517,0.012998039,0.0013605442,0,0
86874,0,0.009509996,0.0017482517,0.011550318,0.0013605442,0,0
86875,0,0.009272774,0.0017482517,0.011010584,0.0013605442,0,0
86876,0,0.009272774,0.0017482517,0.011010584,0.0013605442,0,0
86877,0,0.024139615,0.0017482517,0.027621299,0.009259258,0,0
86878,0,0.025769016,0.004761905,0.029657518,0.009259258,0,0
86879,0,0.025273805,0.004761905,0.020979846,0.0013605442,0,0
86880,0,0.035366673,0.02248394,0.027026067,0.009259258,0,0
86881,0,0.026828622,0.004761905,0.023988267,0.009259258,0,0
86882,0,0.02712747,0.004761905,0.02787602,0.009259258,0,0
86883,0,0.023445658,0.0017482517,0.027568812,0.009259258,0,0
86884,0,0.012251282,0.0017482517,0.014774832,0.0013605442,0,0
86885,0,0.012251282,0.0017482517,0.014774832,0.0013605442,0,0
86886,0,0.012251282,0.0017482517,0.014774832,0.0013605442,0,0
86887,0,0.012251282,0.0017482517,0.014774832,0.0013605442,0,0
86888,0,0.012251282,0.0017482517,0.014774832,0.0013605442,0,0
86889,0,0.014090509,0.0017482517,0.013733631,0.0013605442,0,0
86890,0,0.012186158,0.0017482517,0.0106872115,0.0013605442,0,0
86891,0,0.010305319,0.0017482517,0.008694243,0.0,0,0
86892,0,0.007638938,0.0017482517,0.0076531568,0.0,0,0
86893,0,0.0074771014,0.0017482517,0.007448856,0.0,0,0
86894,0,0.005854954,0.0017482517,0.0066979406,0.0,0,0
86895,0,0.0059348713,0.0017482517,0.0052912785,0.0,0,0
86896,0,0.0064160936,0.0017482517,0.0055067795,0.0,0,0
86897,0,0.006572274,0.0017482517,0.0057172263,0.0,0,0
86898,0,0.016950252,0.0017482517,0.022493007,0.0013605442,0,0
86899,0,0.022177232,0.0017482517,0.02569518,0.009259258,0,0
86900,0,0.020583792,0.0017482517,0.018762805,0.0013605442,0,0
86901,0,0.010739083,0.0017482517,0.011605077,0.0013605442,0,0
86902,0,0.009863767,0.0017482517,0.010516336,0.0013605442,0,0
86903,0,0.009655591,0.0017482517,0.010963847,0.0013605442,0,0
86904,0,0.0054567377,0.0017482517,0.0045553157,0.0,0,0
86905,0,0.0054567377,0.0017482517,0.0045553157,0.0,0,0
86906,0,0.0054567377,0.0017482517,0.0045553157,0.0,0,0
86907,0,0.0054567377,0.0017482517,0.0045553157,0.0,0,0
86908,0,0.0054567377,0.0017482517,0.0045553157,0.0,0,0
86909,0,0.0054567377,0.0017482517,0.0046743555,0.0,0,0
86910,0,0.0050930465,0.0017482517,0.006009025,0.0,0,0
86911,0,0.0047745607,0.0017482517,0.0054858266,0.0,0,0
86912,0,0.004107752,0.0,0.0045699147,0.0,0,0
86913,0,0.0037209238,0.0,0.004250248,0.0,0,0
86914,0,0.0026169242,0.0,0.0026663912,0.0,0,0
86915,0,0.0025334551,0.0,0.0026663912,0.0,0,0
86916,0,0.0029725118,0.0,0.0026906494,0.0,0,0
86917,0,0.0033604011,0.0,0.0031510976,0.0,0,0
86918,0,0.00274059,0.0,0.0030371074,0.0,0,0
86919,0,0.0020652646,0.0,0.0018291902,0.0,0,0
86920,0,0.0027009116,0.0,0.0025533375,0.0,0,0
86921,0,0.00227259,0.0,0.002116645,0.0,0,0
86922,0,0.002975973,0.0,0.0022887383,0.0,0,0
86923,0,0.0024608453,0.0,0.00215282,0.0,0,0
86924,0,0.0022159563,0.0,0.0021473118,0.0,0,0
86925,0,0.0022012785,0.0,0.0020785143,0.0,0,0
86926,0,0.0020221216,0.0,0.0020753893,0.0,0,0
86927,0,0.0025238923,0.0,0.0022176965,0.0,0,0
86928,0,0.002087986,0.0,0.002006392,0.0,0,0
86929,0,0.002139913,0.0,0.001631618,0.0,0,0
86930,0,0.0026132243,0.0,0.001822909,0.0,0,0
86931,0,0.0024170578,0.0,0.0016363653,0.0,0,0
86932,0,0.0025857107,0.0,0.0020404991,0.0,0,0
86933,0,0.002122843,0.0,0.0020108866,0.0,0,0
86934,0,0.0020213518,0.0,0.002006392,0.0,0,0
86935,0,0.002279763,0.0,0.0020480168,0.0,0,0
86936,0,0.003346757,0.0,0.0046795453,0.0,0,0
86937,0,0.0039208303,0.0,0.005011449,0.0,0,0
86938,0,0.003056015,0.0,0.0050408514,0.0,0,0
86939,0,0.0022903495,0.0,0.0034928485,0.0,0,0
86940,0,0.002144209,0.0,0.0034261374,0.0,0,0
86941,0,0.0017687835,0.0,0.001666304,0.0,0,0
86942,0,0.0015346586,0.0,0.0016858884,0.0,0,0
86943,0,0.001585273,0.0,0.0016512657,0.0,0,0
86944,0,0.001585273,0.0,0.0016512657,0.0,0,0
86945,0,0.0016535202,0.0,0.0018350694,0.0,0,0
86946,0,0.0015269325,0.0,0.0018042241,0.0,0,0
86947,0,0.0072786817,0.0017482517,0.00608053,0.0,0,0
86948,0,0.011163604,0.0017482517,0.010341531,0.0013605442,0,0
86949,0,0.009942885,0.0017482517,0.008159744,0.0,0,0
86950,0,0.00933284,0.0017482517,0.0067241136,0.0,0,0
86951,0,0.0066344817,0.0017482517,0.005212866,0.0,0,0
86952,0,0.0041096266,0.0,0.002505735,0.0,0,0
86953,0,0.0041096266,0.0,0.0024682975,0.0,0,0
86954,0,0.0042288033,0.0,0.0026702336,0.0,0,0
86955,0,0.004596066,0.0017482517,0.0030310624,0.0,0,0
86956,0,0.009568076,0.0017482517,0.0087082265,0.0,0,0
86957,0,0.011524423,0.0017482517,0.011092672,0.0013605442,0,0
86958,0,0.0074217697,0.0017482517,0.008532168,0.0,0,0
86959,0,0.005963725,0.0017482517,0.0067360224,0.0,0,0
86960,0,0.005487146,0.0017482517,0.0070630726,0.0,0,0
86961,0,0.0039323242,0.0,0.0032813745,0.0,0,0
86962,0,0.00389577,0.0,0.0022727242,0.0,0,0
86963,0,0.0029776543,0.0,0.0021009273,0.0,0,0
86964,0,0.0029776543,0.0,0.0021009273,0.0,0,0
86965,0,0.008244394,0.0017482517,0.01629403,0.0013605442,0,0
86966,0,0.021361675,0.0017482517,0.010356895,0.0013605442,0,0
86967,0,0.020118238,0.0017482517,0.013494341,0.0013605442,0,0
86968,0,0.016081886,0.0017482517,0.018866012,0.0013605442,0,0
86969,0,0.01872,0.0017482517,0.017076183,0.0013605442,0,0
86970,0,0.013767056,0.0017482517,0.009699312,0.0013605442,0,0
86971,0,0.012522305,0.0017482517,0.009552174,0.0013605442,0,0
86972,0,0.013855626,0.0017482517,0.026051512,0.009259258,0,0
86973,0,0.011264199,0.0017482517,0.010097972,0.0013605442,0,0
86974,0,0.015213313,0.0017482517,0.026411502,0.009259258,0,0
86975,0,0.017883427,0.0017482517,0.030464921,0.009259258,0,0
86976,0,0.017171107,0.0017482517,0.015118908,0.0013605442,0,0
86977,0,0.015811622,0.0017482517,0.013179916,0.0013605442,0,0
86978,0,0.01483082,0.0017482517,0.012285872,0.0013605442,0,0
86979,0,0.013359177,0.0017482517,0.009343815,0.0013605442,0,0
86980,0,0.017235683,0.0017482517,0.017570207,0.0013605442,0,0
86981,0,0.02683738,0.004761905,0.008748217,0.0,0,0
86982,0,0.019670721,0.0017482517,0.009988628,0.0013605442,0,0
86983,0,0.010578107,0.0017482517,0.010067944,0.0013605442,0,0
86984,0,0.01692716,0.0017482517,0.009888148,0.0013605442,0,0
86985,0,0.01285942,0.0017482517,0.010664262,0.0013605442,0,0
86986,0,0.00957658,0.0017482517,0.008754992,0.0,0,0
86987,0,0.013424219,0.0017482517,0.009583076,0.0013605442,0,0
86988,0,0.012303712,0.0017482517,0.007306585,0.0,0,0
86989,0,0.010217365,0.0017482517,0.00583436,0.0,0,0
86990,0,0.0077739055,0.0017482517,0.0063316245,0.0,0,0
86991,0,0.009104513,0.0017482517,0.0073224427,0.0,0,0
86992,0,0.014325162,0.0017482517,0.0070623034,0.0,0,0
86993,0,0.016814869,0.0017482517,0.015591982,0.0013605442,0,0
86994,0,0.011717811,0.0017482517,0.0058662174,0.0,0,0
86995,0,0.014049551,0.0017482517,0.0065987366,0.0,0,0
86996,0,0.013056171,0.0017482517,0.009624799,0.0013605442,0,0
86997,0,0.0229522,0.0017482517,0.009565347,0.0013605442,0,0
86998,0,0.022647373,0.0017482517,0.0109758135,0.0013605442,0,0
86999,0,0.026669724,0.004761905,0.016932843,0.0013605442,0,0
87000,0,0.027079375,0.004761905,0.016683975,0.0013605442,0,0
87001,0,0.035659485,0.02248394,0.022236789,0.0013605442,0,0
87002,0,0.05502357,0.027237354,0.02245217,0.0013605442,0,0
87003,0,0.04729944,0.02248394,0.02636349,0.009259258,0,0
87004,0,0.049281005,0.02248394,0.02212837,0.0013605442,0,0
87005,0,0.029751945,0.02248394,0.017919753,0.0013605442,0,0
87006,0,0.029466165,0.02248394,0.01963811,0.0013605442,0,0
87007,0,0.031196402,0.02248394,0.024423726,0.009259258,0,0
87008,0,0.025729535,0.004761905,0.015424761,0.0013605442,0,0
87009,0,0.028910726,0.02248394,0.025878603,0.009259258,0,0
87010,0,0.035771787,0.02248394,0.020925945,0.0013605442,0,0
87011,0,0.047137436,0.02248394,0.042336635,0.017391304,0,0
87012,0,0.053691983,0.027237354,0.030665956,0.009259258,0,0
87013,0,0.057682507,0.035928145,0.024972614,0.009259258,0,0
87014,0,0.037854705,0.02248394,0.041438144,0.013440346,0,0
87015,0,0.01715785,0.0017482517,0.024800956,0.009259258,0,0
87016,0,0.019857861,0.0017482517,0.017476324,0.0013605442,0,0
87017,0,0.018555794,0.0017482517,0.01722187,0.0013605442,0,0
87018,0,0.013601438,0.0017482517,0.010593374,0.0013605442,0,0
87019,0,0.014091285,0.0017482517,0.009910376,0.0013605442,0,0
87020,0,0.014446032,0.0017482517,0.013572041,0.0013605442,0,0
87021,0,0.020213593,0.0017482517,0.012887566,0.0013605442,0,0
87022,0,0.012722408,0.0017482517,0.012876864,0.0013605442,0,0
87023,0,0.018084178,0.0017482517,0.011993709,0.0013605442,0,0
87024,0,0.017744666,0.0017482517,0.015597179,0.0013605442,0,0
87025,0,0.00911831,0.0017482517,0.012911451,0.0013605442,0,0
87026,0,0.009920305,0.0017482517,0.007931677,0.0,0,0
87027,0,0.0103479745,0.0017482517,0.014554019,0.0013605442,0,0
87028,0,0.011513873,0.0017482517,0.0121644735,0.0013605442,0,0
87029,0,0.02075438,0.0017482517,0.016530262,0.0013605442,0,0
87030,0,0.017957967,0.0017482517,0.008314049,0.0,0,0
87031,0,0.014882898,0.0017482517,0.013275255,0.0013605442,0,0
87032,0,0.030270254,0.02248394,0.02449486,0.009259258,0,0
87033,0,0.03313819,0.02248394,0.028802976,0.009259258,0,0
87034,0,0.029487636,0.02248394,0.019828271,0.0013605442,0,0
87035,0,0.03627241,0.02248394,0.023233645,0.0013605442,0,0
87036,0,0.013956714,0.0017482517,0.011498448,0.0013605442,0,0
87037,0,0.029788572,0.02248394,0.022040604,0.0013605442,0,0
87038,0,0.018713359,0.0017482517,0.015014593,0.0013605442,0,0
87039,0,0.051525533,0.027237354,0.024837477,0.009259258,0,0
87040,0,0.032006517,0.02248394,0.02459197,0.009259258,0,0
87041,0,0.03134236,0.02248394,0.028123004,0.009259258,0,0
87042,0,0.028971627,0.02248394,0.030064547,0.009259258,0,0
87043,0,0.025331818,0.004761905,0.024878528,0.009259258,0,0
87044,0,0.015376853,0.0017482517,0.017705563,0.0013605442,0,0
87045,0,0.04043948,0.02248394,0.032133926,0.009259258,0,0
87046,0,0.019515319,0.0017482517,0.013757944,0.0013605442,0,0
87047,0,0.023277955,0.0017482517,0.01850263,0.0013605442,0,0
87048,0,0.026064176,0.004761905,0.015614686,0.0013605442,0,0
87049,0,0.02735049,0.004761905,0.01586359,0.0013605442,0,0
87050,0,0.046835717,0.02248394,0.023928016,0.009259258,0,0
87051,0,0.045081943,0.02248394,0.023505885,0.0013605442,0,0
87052,0,0.03312005,0.02248394,0.025805289,0.009259258,0,0
87053,0,0.047620334,0.02248394,0.03489729,0.009259258,0,0
87054,0,0.023859976,0.0017482517,0.015272068,0.0013605442,0,0
87055,0,0.055778783,0.027237354,0.021690184,0.0013605442,0,0
87056,0,0.029252233,0.02248394,0.018323332,0.0013605442,0,0
87057,0,0.016970897,0.0017482517,0.0215476,0.0013605442,0,0
87058,0,0.025053889,0.004761905,0.01845581,0.0013605442,0,0
87059,0,0.072837405,0.035928145,0.048678644,0.017391304,0,0
87060,0,0.039260738,0.02248394,0.02853817,0.009259258,0,0
87061,0,0.040183533,0.02248394,0.03823285,0.009259258,0,0
87062,0,0.039421633,0.02248394,0.029527927,0.009259258,0,0
87063,0,0.06310803,0.035928145,0.041941844,0.017391304,0,0
87064,0,0.032331783,0.02248394,0.026069304,0.009259258,0,0
87065,0,0.029685395,0.02248394,0.019474382,0.0013605442,0,0
87066,0,0.022940125,0.0017482517,0.018398827,0.0013605442,0,0
87067,0,0.015132633,0.0017482517,0.015805887,0.0013605442,0,0
87068,0,0.019328132,0.0017482517,0.017609784,0.0013605442,0,0
87069,0,0.015635876,0.0017482517,0.009180633,0.0013605442,0,0
87070,0,0.017857969,0.0017482517,0.010568449,0.0013605442,0,0
87071,0,0.032466613,0.02248394,0.018570188,0.0013605442,0,0
87072,0,0.03257923,0.02248394,0.016001396,0.0013605442,0,0
87073,0,0.026581014,0.004761905,0.014202536,0.0013605442,0,0
87074,0,0.0383902,0.02248394,0.031188438,0.009259258,0,0
87075,0,0.041226473,0.02248394,0.022278113,0.0013605442,0,0
87076,0,0.014944621,0.0017482517,0.011973491,0.0013605442,0,0
87077,0,0.01619623,0.0017482517,0.011250452,0.0013605442,0,0
87078,0,0.02189536,0.0017482517,0.025305241,0.009259258,0,0
87079,0,0.02159039,0.0017482517,0.016376719,0.0013605442,0,0
87080,0,0.012553152,0.0017482517,0.015916368,0.0013605442,0,0
87081,0,0.020127175,0.0017482517,0.024714872,0.009259258,0,0
87082,0,0.016050829,0.0017482517,0.018458001,0.0013605442,0,0
87083,0,0.028763235,0.004761905,0.025942931,0.009259258,0,0
87084,0,0.046413355,0.02248394,0.043825783,0.017391304,0,0
87085,0,0.038254067,0.02248394,0.025674107,0.009259258,0,0
87086,0,0.052072298,0.027237354,0.037627477,0.009259258,0,0
87087,0,0.01896666,0.0017482517,0.027271455,0.009259258,0,0
87088,0,0.027688833,0.004761905,0.017114643,0.0013605442,0,0
87089,0,0.024368217,0.004761905,0.02586324,0.009259258,0,0
87090,0,0.026647713,0.004761905,0.022796007,0.0013605442,0,0
87091,0,0.032322787,0.02248394,0.027781928,0.009259258,0,0
87092,0,0.024398476,0.004761905,0.017283242,0.0013605442,0,0
87093,0,0.067857794,0.035928145,0.06547691,0.025263159,0,0
87094,0,0.043144368,0.02248394,0.03206726,0.009259258,0,0
87095,0,0.030656269,0.02248394,0.019850265,0.0013605442,0,0
87096,0,0.03440232,0.02248394,0.023905013,0.009259258,0,0
87097,0,0.04511441,0.02248394,0.030519819,0.009259258,0,0
87098,0,0.028346818,0.004761905,0.022519452,0.0013605442,0,0
87099,0,0.021549612,0.0017482517,0.020381631,0.0013605442,0,0
87100,0,0.057294462,0.035928145,0.06041666,0.025263159,0,0
87101,0,0.04827039,0.02248394,0.025352158,0.009259258,0,0
87102,0,0.04920974,0.02248394,0.048291035,0.017391304,0,0
87103,0,0.093635865,0.057771664,0.0415436,0.017391304,0,0
87104,0,0.07090351,0.035928145,0.04890748,0.017391304,0,0
87105,0,0.05426884,0.027237354,0.06977092,0.025263159,0,0
87106,0,0.048809685,0.02248394,0.055085365,0.025263159,0,0
87107,0,0.08035192,0.035928145,0.073111534,0.025263159,0,0
87108,0,0.03753531,0.02248394,0.037299942,0.009259258,0,0
87109,0,0.03339332,0.02248394,0.037118297,0.009259258,0,0
87110,0,0.02051229,0.0017482517,0.017543606,0.0013605442,0,0
87111,0,0.027271189,0.004761905,0.026644975,0.009259258,0,0
87112,0,0.027166817,0.004761905,0.022910725,0.0013605442,0,0
87113,0,0.025670117,0.004761905,0.02784474,0.009259258,0,0
87114,0,0.039887823,0.02248394,0.025967982,0.009259258,0,0
87115,0,0.034726523,0.02248394,0.040185597,0.009259258,0,0
87116,0,0.056824554,0.034626372,0.047298413,0.017391304,0,0
87117,0,0.035301775,0.02248394,0.025053522,0.009259258,0,0
87118,0,0.030963918,0.02248394,0.026696702,0.009259258,0,0
87119,0,0.06257209,0.035928145,0.05039436,0.017391304,0,0
87120,0,0.028997999,0.02248394,0.0271704,0.009259258,0,0
87121,0,0.02229784,0.0017482517,0.018547596,0.0013605442,0,0
87122,0,0.024859732,0.004761905,0.025790596,0.009259258,0,0
87123,0,0.024570175,0.004761905,0.027489016,0.009259258,0,0
87124,0,0.02623696,0.004761905,0.02928668,0.009259258,0,0
87125,0,0.020913942,0.0017482517,0.021896156,0.0013605442,0,0
87126,0,0.02458687,0.004761905,0.012729784,0.0013605442,0,0
87127,0,0.076394774,0.035928145,0.045754552,0.017391304,0,0
87128,0,0.04792318,0.02248394,0.051135164,0.017391304,0,0
87129,0,0.038290977,0.02248394,0.028440954,0.009259258,0,0
87130,0,0.06739731,0.035928145,0.035873365,0.009259258,0,0
87131,0,0.06593624,0.035928145,0.05112141,0.017391304,0,0
87132,0,0.03113479,0.02248394,0.031869125,0.009259258,0,0
87133,0,0.030669516,0.02248394,0.027939536,0.009259258,0,0
87134,0,0.046637554,0.02248394,0.048991017,0.017391304,0,0
87135,0,0.034880783,0.02248394,0.033786174,0.009259258,0,0
87136,0,0.046608876,0.02248394,0.033009768,0.009259258,0,0
87137,0,0.11683798,0.057771664,0.06895186,0.025263159,0,0
87138,0,0.058469776,0.035928145,0.062031835,0.025263159,0,0
87139,0,0.059561227,0.035928145,0.047687653,0.017391304,0,0
87140,0,0.068502404,0.035928145,0.062323444,0.025263159,0,0
87141,0,0.08695006,0.035928145,0.07139711,0.025263159,0,0
87142,0,0.040066503,0.02248394,0.031415414,0.009259258,0,0
87143,0,0.041604906,0.02248394,0.03686206,0.009259258,0,0
87144,0,0.048425224,0.02248394,0.03053263,0.009259258,0,0
87145,0,0.034231614,0.02248394,0.031418998,0.009259258,0,0
87146,0,0.039772525,0.02248394,0.035607647,0.009259258,0,0
87147,0,0.055944856,0.027237354,0.034723494,0.009259258,0,0
87148,0,0.046078946,0.02248394,0.04021498,0.009259258,0,0
87149,0,0.0319286,0.02248394,0.031137615,0.009259258,0,0
87150,0,0.029508194,0.02248394,0.031407908,0.009259258,0,0
87151,0,0.04853906,0.02248394,0.04327215,0.017391304,0,0
87152,0,0.0362245,0.02248394,0.023070868,0.0013605442,0,0
87153,0,0.034986094,0.02248394,0.030536706,0.009259258,0,0
87154,0,0.03426791,0.02248394,0.031145195,0.009259258,0,0
87155,0,0.028854663,0.021835353,0.027562292,0.009259258,0,0
87156,0,0.029311776,0.02248394,0.031346872,0.009259258,0,0
87157,0,0.029566351,0.02248394,0.025371158,0.009259258,0,0
87158,0,0.033087954,0.02248394,0.023405269,0.0013605442,0,0
87159,0,0.026889345,0.004761905,0.021991389,0.0013605442,0,0
87160,0,0.029367672,0.02248394,0.025432462,0.009259258,0,0
87161,0,0.024254538,0.0017482517,0.02885056,0.009259258,0,0
87162,0,0.028641943,0.004761905,0.030384164,0.009259258,0,0
87163,0,0.03487083,0.02248394,0.037342362,0.009259258,0,0
87164,0,0.027003128,0.004761905,0.032169625,0.009259258,0,0
87165,0,0.030733641,0.02248394,0.027694315,0.009259258,0,0
87166,0,0.036504548,0.02248394,0.03744648,0.009259258,0,0
87167,0,0.037201118,0.02248394,0.033434767,0.009259258,0,0
87168,0,0.037050325,0.02248394,0.035092212,0.009259258,0,0
87169,0,0.032031745,0.02248394,0.032698296,0.009259258,0,0
87170,0,0.025548523,0.004761905,0.035190422,0.009259258,0,0
87171,0,0.030613165,0.02248394,0.035078466,0.009259258,0,0
87172,0,0.027940372,0.004761905,0.028631212,0.009259258,0,0
87173,0,0.033901952,0.02248394,0.03289704,0.009259258,0,0
87174,0,0.03234928,0.02248394,0.03014627,0.009259258,0,0
87175,0,0.02520983,0.004761905,0.034929406,0.009259258,0,0
87176,0,0.02429977,0.004761905,0.020078069,0.0013605442,0,0
87177,0,0.028268445,0.004761905,0.026854211,0.009259258,0,0
87178,0,0.027794799,0.004761905,0.029517762,0.009259258,0,0
87179,0,0.028511299,0.004761905,0.029880859,0.009259258,0,0
87180,0,0.027166322,0.004761905,0.02714702,0.009259258,0,0
87181,0,0.031269025,0.02248394,0.033127733,0.009259258,0,0
87182,0,0.03726174,0.02248394,0.033403024,0.009259258,0,0
87183,0,0.030357184,0.02248394,0.031344686,0.009259258,0,0
87184,0,0.02596288,0.004761905,0.03353625,0.009259258,0,0
87185,0,0.04181639,0.02248394,0.044545818,0.017391304,0,0
87186,0,0.04260475,0.02248394,0.0538154,0.025263159,0,0
87187,0,0.034212146,0.02248394,0.047701735,0.017391304,0,0
87188,0,0.029774377,0.02248394,0.043319214,0.017391304,0,0
87189,0,0.028643401,0.004761905,0.044772886,0.017391304,0,0
87190,0,0.033058196,0.02248394,0.026266763,0.009259258,0,0
87191,0,0.032795716,0.02248394,0.032169126,0.009259258,0,0
87192,0,0.034981843,0.02248394,0.034123577,0.009259258,0,0
87193,0,0.039768677,0.02248394,0.07174559,0.025263159,0,0
87194,0,0.07038837,0.035928145,0.042109236,0.017391304,0,0
87195,0,0.08404421,0.035928145,0.058058262,0.025263159,0,0
87196,0,0.07727817,0.035928145,0.05012109,0.017391304,0,0
87197,0,0.12164757,0.057771664,0.088002,0.04532967,0,0
87198,0,0.11262257,0.057771664,0.0992787,0.04532967,0,0
87199,0,0.11425832,0.057771664,0.113009535,0.06716418,0,0
87200,0,0.1366437,0.06153846,0.123173125,0.078028746,0,0
87201,0,0.13786218,0.06153846,0.12416017,0.078028746,0,0
87202,0,0.117953174,0.057771664,0.12091582,0.078028746,0,0
87203,0,0.1105548,0.057771664,0.110326864,0.06716418,0,0
87204,0,0.16332509,0.1554054,0.12966849,0.078028746,0,0
87205,0,0.065960705,0.035928145,0.07920093,0.04532967,0,0
87206,0,0.08038709,0.035928145,0.08849064,0.04532967,0,0
87207,0,0.09196592,0.057771664,0.09213583,0.04532967,0,0
87208,0,0.10210989,0.057771664,0.06333353,0.025263159,0,0
87209,0,0.09230519,0.057771664,0.060388327,0.025263159,0,0
87210,0,0.08623187,0.035928145,0.061573803,0.025263159,0,0
87211,0,0.101805225,0.057771664,0.035929102,0.009259258,0,0
87212,0,0.09724624,0.057771664,0.051847927,0.017391304,0,0
87213,0,0.059097026,0.035928145,0.042663734,0.017391304,0,0
87214,0,0.05217946,0.027237354,0.04403038,0.017391304,0,0
87215,0,0.051927935,0.027237354,0.03948023,0.009259258,0,0
87216,0,0.045140542,0.02248394,0.039418284,0.009259258,0,0
87217,0,0.04055607,0.02248394,0.03586399,0.009259258,0,0
87218,0,0.033265997,0.02248394,0.022890901,0.0013605442,0,0
87219,0,0.035862252,0.02248394,0.0357971,0.009259258,0,0
87220,0,0.034491457,0.02248394,0.025515636,0.009259258,0,0
87221,0,0.033384077,0.02248394,0.026165398,0.009259258,0,0
87222,0,0.03309714,0.02248394,0.029110957,0.009259258,0,0
87223,0,0.027523275,0.004761905,0.016146274,0.0013605442,0,0
87224,0,0.032849412,0.02248394,0.021657545,0.0013605442,0,0
87225,0,0.030380925,0.02248394,0.025207678,0.009259258,0,0
87226,0,0.03195385,0.02248394,0.025175476,0.009259258,0,0
87227,0,0.043660183,0.02248394,0.03307073,0.009259258,0,0
87228,0,0.03847945,0.02248394,0.027356975,0.009259258,0,0
87229,0,0.05089267,0.02248394,0.035805233,0.009259258,0,0
87230,0,0.047943193,0.02248394,0.042468254,0.017391304,0,0
87231,0,0.067049436,0.035928145,0.059096344,0.025263159,0,0
87232,0,0.058121797,0.035928145,0.04119438,0.009259258,0,0
87233,0,0.060087614,0.035928145,0.040156122,0.009259258,0,0
87234,0,0.0476966,0.02248394,0.033756353,0.009259258,0,0
87235,0,0.030848244,0.02248394,0.027069742,0.009259258,0,0
87236,0,0.043126795,0.02248394,0.028629124,0.009259258,0,0
87237,0,0.045173142,0.02248394,0.023758419,0.009259258,0,0
87238,0,0.050464712,0.02248394,0.028110884,0.009259258,0,0
87239,0,0.07605781,0.035928145,0.053393845,0.025263159,0,0
87240,0,0.05771674,0.035928145,0.04283891,0.017391304,0,0
87241,0,0.06441333,0.035928145,0.04031901,0.009259258,0,0
87242,0,0.05652738,0.03448276,0.036926094,0.009259258,0,0
87243,0,0.049468268,0.02248394,0.019802473,0.0013605442,0,0
87244,0,0.04320373,0.02248394,0.018464584,0.0013605442,0,0
87245,0,0.040905453,0.02248394,0.015676469,0.0013605442,0,0
87246,0,0.047125578,0.02248394,0.026064117,0.009259258,0,0
87247,0,0.024268933,0.0017482517,0.009400571,0.0013605442,0,0
87248,0,0.03334546,0.02248394,0.015237906,0.0013605442,0,0
87249,0,0.03110798,0.02248394,0.015383452,0.0013605442,0,0
87250,0,0.026384693,0.004761905,0.011259883,0.0013605442,0,0
87251,0,0.0385075,0.02248394,0.01444291,0.0013605442,0,0
87252,0,0.029667808,0.02248394,0.011089811,0.0013605442,0,0
87253,0,0.022141136,0.0017482517,0.012715338,0.0013605442,0,0
87254,0,0.025552548,0.004761905,0.011170127,0.0013605442,0,0
87255,0,0.02547152,0.004761905,0.01354084,0.0013605442,0,0
87256,0,0.034885198,0.02248394,0.012774032,0.0013605442,0,0
87257,0,0.031707145,0.02248394,0.012891703,0.0013605442,0,0
87258,0,0.034598168,0.02248394,0.010068396,0.0013605442,0,0
87259,0,0.051466256,0.027237354,0.01097909,0.0013605442,0,0
87260,0,0.033236124,0.02248394,0.009039883,0.0013605442,0,0
87261,0,0.029952517,0.02248394,0.015744874,0.0013605442,0,0
87262,0,0.028662391,0.004761905,0.008785729,0.0,0,0
87263,0,0.022458771,0.0017482517,0.013341325,0.0013605442,0,0
87264,0,0.017738916,0.0017482517,0.008558326,0.0,0,0
87265,0,0.014396233,0.0017482517,0.01403287,0.0013605442,0,0
87266,0,0.013780659,0.0017482517,0.010142593,0.0013605442,0,0
87267,0,0.019112287,0.0017482517,0.011715591,0.0013605442,0,0
87268,0,0.03163532,0.02248394,0.048595894,0.017391304,0,0
87269,0,0.06002236,0.035928145,0.047153074,0.017391304,0,0
87270,0,0.10486494,0.057771664,0.061023794,0.025263159,0,0
87271,0,0.12472649,0.057771664,0.057342075,0.025263159,0,0
87272,0,0.11689078,0.057771664,0.0699567,0.025263159,0,0
87273,0,0.19299355,0.17333333,0.14402556,0.092920355,0,0
87274,0,0.15588833,0.1554054,0.09814424,0.04532967,0,0
87275,0,0.11957381,0.057771664,0.0797699,0.04532967,0,0
87276,0,0.1620125,0.1554054,0.10542564,0.05050505,0,0
87277,0,0.15542503,0.1554054,0.12532161,0.078028746,0,0
87278,0,0.16322641,0.1554054,0.14192146,0.092920355,0,0
87279,0,0.112611435,0.057771664,0.11415725,0.078028746,0,0
87280,0,0.13439065,0.06153846,0.11547413,0.078028746,0,0
87281,0,0.19557779,0.17333333,0.15763354,0.092920355,0,0
87282,0,0.10392949,0.057771664,0.10876953,0.06716418,0,0
87283,0,0.21291389,0.17333333,0.14502051,0.092920355,0,0
87284,0,0.20151156,0.17333333,0.17046373,0.09982175,0,0
87285,0,0.14731461,0.0952381,0.13657498,0.08955224,0,0
87286,0,0.13833897,0.06153846,0.13857758,0.092920355,0,0
87287,0,0.15594022,0.1554054,0.15047266,0.092920355,0,0
87288,0,0.1413939,0.06153846,0.12399425,0.078028746,0,0
87289,0,0.12693906,0.057771664,0.12701651,0.078028746,0,0
87290,0,0.1495468,0.125,0.18059677,0.09982175,0,0
87291,0,0.1823193,0.17142858,0.21422493,0.09982175,0,0
87292,0,0.12647328,0.057771664,0.17878546,0.09982175,0,0
87293,0,0.13575128,0.06153846,0.19178984,0.09982175,0,0
87294,0,0.18009852,0.17142858,0.21345682,0.09982175,0,0
87295,0,0.081163086,0.035928145,0.1099089,0.06716418,0,0
87296,0,0.06626721,0.035928145,0.06116023,0.025263159,0,0
87297,0,0.080803975,0.035928145,0.05942089,0.025263159,0,0
87298,0,0.08690574,0.035928145,0.07520416,0.04532967,0,0
87299,0,0.085340336,0.035928145,0.0589474,0.025263159,0,0
87300,0,0.07863781,0.035928145,0.03411308,0.009259258,0,0
87301,0,0.1049641,0.057771664,0.06330066,0.025263159,0,0
87302,0,0.10222133,0.057771664,0.07623581,0.04532967,0,0
87303,0,0.08659958,0.035928145,0.079425365,0.04532967,0,0
87304,0,0.0593749,0.035928145,0.030362258,0.009259258,0,0
87305,0,0.055784836,0.027237354,0.04473474,0.017391304,0,0
87306,0,0.050449703,0.02248394,0.027607374,0.009259258,0,0
87307,0,0.04516207,0.02248394,0.033178125,0.009259258,0,0
87308,0,0.03514931,0.02248394,0.02499712,0.009259258,0,0
87309,0,0.048698902,0.02248394,0.02733105,0.009259258,0,0
87310,0,0.05859111,0.035928145,0.019937474,0.0013605442,0,0
87311,0,0.043624654,0.02248394,0.022094758,0.0013605442,0,0
87312,0,0.0588682,0.035928145,0.020419104,0.0013605442,0,0
87313,0,0.05132659,0.027237354,0.031859953,0.009259258,0,0
87314,0,0.041384265,0.02248394,0.024124416,0.009259258,0,0
87315,0,0.041796263,0.02248394,0.024887605,0.009259258,0,0
87316,0,0.030018779,0.02248394,0.016600026,0.0013605442,0,0
87317,0,0.035169553,0.02248394,0.014782783,0.0013605442,0,0
87318,0,0.026010664,0.004761905,0.010676892,0.0013605442,0,0
87319,0,0.051800527,0.027237354,0.015732532,0.0013605442,0,0
87320,0,0.028090844,0.004761905,0.015081161,0.0013605442,0,0
87321,0,0.044389524,0.02248394,0.019226156,0.0013605442,0,0
87322,0,0.03610039,0.02248394,0.018971229,0.0013605442,0,0
87323,0,0.023448857,0.0017482517,0.012272697,0.0013605442,0,0
87324,0,0.028447818,0.004761905,0.013670061,0.0013605442,0,0
87325,0,0.029804928,0.02248394,0.017903471,0.0013605442,0,0
87326,0,0.025268173,0.004761905,0.011501403,0.0013605442,0,0
87327,0,0.028737254,0.004761905,0.010383281,0.0013605442,0,0
87328,0,0.0393229,0.02248394,0.013795047,0.0013605442,0,0
87329,0,0.024034973,0.0017482517,0.01070217,0.0013605442,0,0
87330,0,0.032099113,0.02248394,0.012310267,0.0013605442,0,0
87331,0,0.04431414,0.02248394,0.02552619,0.009259258,0,0
87332,0,0.09457041,0.057771664,0.020133205,0.0013605442,0,0
87333,0,0.0697424,0.035928145,0.016415432,0.0013605442,0,0
87334,0,0.107361466,0.057771664,0.029601632,0.009259258,0,0
87335,0,0.07694187,0.035928145,0.028836275,0.009259258,0,0
87336,0,0.04161924,0.02248394,0.019356348,0.0013605442,0,0
87337,0,0.05765317,0.035928145,0.02100464,0.0013605442,0,0
87338,0,0.029296212,0.02248394,0.011167748,0.0013605442,0,0
87339,0,0.030195504,0.02248394,0.012381177,0.0013605442,0,0
87340,0,0.03868348,0.02248394,0.016091358,0.0013605442,0,0
87341,0,0.062298294,0.035928145,0.02683776,0.009259258,0,0
87342,0,0.038243867,0.02248394,0.025209213,0.009259258,0,0
87343,0,0.05104429,0.02248394,0.030754691,0.009259258,0,0
87344,0,0.062735885,0.035928145,0.04427075,0.017391304,0,0
87345,0,0.0813349,0.035928145,0.06264176,0.025263159,0,0
87346,0,0.06643863,0.035928145,0.04650281,0.017391304,0,0
87347,0,0.0713202,0.035928145,0.045583084,0.017391304,0,0
87348,0,0.07599764,0.035928145,0.04867157,0.017391304,0,0
87349,0,0.047695834,0.02248394,0.049347233,0.017391304,0,0
87350,0,0.06473718,0.035928145,0.027365066,0.009259258,0,0
87351,0,0.06088095,0.035928145,0.029597988,0.009259258,0,0
87352,0,0.059163533,0.035928145,0.046954643,0.017391304,0,0
87353,0,0.073247865,0.035928145,0.05566094,0.025263159,0,0
87354,0,0.062661625,0.035928145,0.053423703,0.025263159,0,0
87355,0,0.09550666,0.057771664,0.06147488,0.025263159,0,0
87356,0,0.07196589,0.035928145,0.05640655,0.025263159,0,0
87357,0,0.10493756,0.057771664,0.052213155,0.017391304,0,0
87358,0,0.05809302,0.035928145,0.052077755,0.017391304,0,0
87359,0,0.07592049,0.035928145,0.057009507,0.025263159,0,0
87360,0,0.03860917,0.02248394,0.043730766,0.017391304,0,0
87361,0,0.06757999,0.035928145,0.061145622,0.025263159,0,0
87362,0,0.048716456,0.02248394,0.048498027,0.017391304,0,0
87363,0,0.054546773,0.027237354,0.06501983,0.025263159,0,0
87364,0,0.07212347,0.035928145,0.084178895,0.04532967,0,0
87365,0,0.06737169,0.035928145,0.08666714,0.04532967,0,0
87366,0,0.07576266,0.035928145,0.083875015,0.04532967,0,0
87367,0,0.07030398,0.035928145,0.097317316,0.04532967,0,0
87368,0,0.06245484,0.035928145,0.07559917,0.04532967,0,0
87369,0,0.055168703,0.027237354,0.092446856,0.04532967,0,0
87370,0,0.07268987,0.035928145,0.106034316,0.05050505,0,0
87371,0,0.073229514,0.035928145,0.07697281,0.04532967,0,0
87372,0,0.059379477,0.035928145,0.06593221,0.025263159,0,0
87373,0,0.053955313,0.027237354,0.07615864,0.04532967,0,0
87374,0,0.083425365,0.035928145,0.1176217,0.078028746,0,0
87375,0,0.08760301,0.035928145,0.081047565,0.04532967,0,0
87376,0,0.10736409,0.057771664,0.08887536,0.04532967,0,0
87377,0,0.14132327,0.06153846,0.11566413,0.078028746,0,0
87378,0,0.0835331,0.035928145,0.05930278,0.025263159,0,0
87379,0,0.09045532,0.05263158,0.061523702,0.025263159,0,0
87380,0,0.094789684,0.057771664,0.09534947,0.04532967,0,0
87381,0,0.116870105,0.057771664,0.0789428,0.04532967,0,0
87382,0,0.07991745,0.035928145,0.06272992,0.025263159,0,0
87383,0,0.07983095,0.035928145,0.07725933,0.04532967,0,0
87384,0,0.14812906,0.0952381,0.12782562,0.078028746,0,0
87385,0,0.1118803,0.057771664,0.08877874,0.04532967,0,0
87386,0,0.07480259,0.035928145,0.06781088,0.025263159,0,0
87387,0,0.10576414,0.057771664,0.059197247,0.025263159,0,0
87388,0,0.08659698,0.035928145,0.05630821,0.025263159,0,0
87389,0,0.095384,0.057771664,0.039797846,0.009259258,0,0
87390,0,0.06488863,0.035928145,0.032752372,0.009259258,0,0
87391,0,0.061855767,0.035928145,0.031601463,0.009259258,0,0
87392,0,0.0744699,0.035928145,0.053068615,0.025263159,0,0
87393,0,0.07886335,0.035928145,0.062581755,0.025263159,0,0
87394,0,0.056754038,0.03448276,0.03795839,0.009259258,0,0
87395,0,0.06438605,0.035928145,0.055647787,0.025263159,0,0
87396,0,0.05752589,0.035928145,0.038120203,0.009259258,0,0
87397,0,0.09595181,0.057771664,0.04812682,0.017391304,0,0
87398,0,0.065448366,0.035928145,0.029080989,0.009259258,0,0
87399,0,0.08661641,0.035928145,0.057548665,0.025263159,0,0
87400,0,0.05239978,0.027237354,0.021525113,0.0013605442,0,0
87401,0,0.07647712,0.035928145,0.03804906,0.009259258,0,0
87402,0,0.052032012,0.027237354,0.030090686,0.009259258,0,0
87403,0,0.05220569,0.027237354,0.026602274,0.009259258,0,0
87404,0,0.038162947,0.02248394,0.02306688,0.0013605442,0,0
87405,0,0.052961823,0.027237354,0.03874154,0.009259258,0,0
87406,0,0.04742837,0.02248394,0.03170055,0.009259258,0,0
87407,0,0.047707617,0.02248394,0.023095643,0.0013605442,0,0
87408,0,0.07816316,0.035928145,0.03119281,0.009259258,0,0
87409,0,0.083857544,0.035928145,0.037462108,0.009259258,0,0
87410,0,0.048959546,0.02248394,0.018749325,0.0013605442,0,0
87411,0,0.06505944,0.035928145,0.02070343,0.0013605442,0,0
87412,0,0.09121226,0.057771664,0.02845014,0.009259258,0,0
87413,0,0.073237054,0.035928145,0.027975729,0.009259258,0,0
87414,0,0.047323976,0.02248394,0.022379413,0.0013605442,0,0
87415,0,0.061926145,0.035928145,0.038577758,0.009259258,0,0
87416,0,0.05965382,0.035928145,0.05147054,0.017391304,0,0
87417,0,0.037833054,0.02248394,0.020821355,0.0013605442,0,0
87418,0,0.04542473,0.02248394,0.02498247,0.009259258,0,0
87419,0,0.049849596,0.02248394,0.031201564,0.009259258,0,0
87420,0,0.053864405,0.027237354,0.031801306,0.009259258,0,0
87421,0,0.055163004,0.027237354,0.0313906,0.009259258,0,0
87422,0,0.044508234,0.02248394,0.05155544,0.017391304,0,0
87423,1,0.056088377,0.027237354,0.04709393,0.017391304,0,0
87424,0,0.1360871,0.06153846,0.062126085,0.025263159,0,0
87425,0,0.093251176,0.057771664,0.04667258,0.017391304,0,0
87426,0,0.09731365,0.057771664,0.04410609,0.017391304,0,0
87427,0,0.078056015,0.035928145,0.022307532,0.0013605442,0,0
87428,0,0.102271035,0.057771664,0.056471664,0.025263159,0,0
87429,0,0.06860029,0.035928145,0.041933455,0.017391304,0,0
87430,0,0.052467063,0.027237354,0.02026654,0.0013605442,0,0
87431,0,0.05954116,0.035928145,0.034216307,0.009259258,0,0
87432,0,0.052699782,0.027237354,0.035590474,0.009259258,0,0
87433,0,0.055426147,0.027237354,0.027909266,0.009259258,0,0
87434,0,0.05770219,0.035928145,0.051708456,0.017391304,0,0
87435,0,0.04290276,0.02248394,0.028913116,0.009259258,0,0
87436,0,0.050286956,0.02248394,0.035337623,0.009259258,0,0
87437,0,0.0650864,0.035928145,0.04203044,0.017391304,0,0
87438,0,0.08169441,0.035928145,0.04404753,0.017391304,0,0
87439,0,0.055121288,0.027237354,0.03569996,0.009259258,0,0
87440,0,0.05760437,0.035928145,0.06524374,0.025263159,0,0
87441,0,0.06758935,0.035928145,0.07050265,0.025263159,0,0
87442,0,0.06552711,0.035928145,0.051800855,0.017391304,0,0
87443,0,0.046277482,0.02248394,0.05393491,0.025263159,0,0
87444,0,0.06487137,0.035928145,0.06212205,0.025263159,0,0
87445,0,0.06591925,0.035928145,0.06536863,0.025263159,0,0
87446,0,0.076962955,0.035928145,0.06583564,0.025263159,0,0
87447,0,0.10426965,0.057771664,0.050124373,0.017391304,0,0
87448,0,0.043971747,0.02248394,0.031285748,0.009259258,0,0
87449,0,0.043923516,0.02248394,0.037691392,0.009259258,0,0
87450,0,0.04000812,0.02248394,0.028424276,0.009259258,0,0
87451,0,0.058343746,0.035928145,0.034703925,0.009259258,0,0
87452,0,0.051434956,0.027237354,0.04591985,0.017391304,0,0
87453,0,0.07888019,0.035928145,0.049203582,0.017391304,0,0
87454,0,0.09326354,0.057771664,0.07043862,0.025263159,0,0
87455,0,0.06839944,0.035928145,0.035153434,0.009259258,0,0
87456,0,0.056206223,0.027237354,0.04415054,0.017391304,0,0
87457,0,0.05781418,0.035928145,0.051899068,0.017391304,0,0
87458,0,0.024363775,0.004761905,0.028782027,0.009259258,0,0
87459,0,0.029428149,0.02248394,0.029912008,0.009259258,0,0
87460,0,0.026269348,0.004761905,0.027732082,0.009259258,0,0
87461,0,0.02734271,0.004761905,0.0304996,0.009259258,0,0
87462,0,0.02258329,0.0017482517,0.032578804,0.009259258,0,0
87463,0,0.02312779,0.0017482517,0.029278684,0.009259258,0,0
87464,0,0.019951614,0.0017482517,0.03019041,0.009259258,0,0
87465,0,0.019344892,0.0017482517,0.020957768,0.0013605442,0,0
87466,0,0.01211566,0.0017482517,0.022168614,0.0013605442,0,0
87467,0,0.028099056,0.004761905,0.031542853,0.009259258,0,0
87468,0,0.016803063,0.0017482517,0.023213975,0.0013605442,0,0
87469,0,0.02393372,0.0017482517,0.016793417,0.0013605442,0,0
87470,0,0.038446426,0.02248394,0.023551634,0.0013605442,0,0
87471,0,0.063854225,0.035928145,0.04005315,0.009259258,0,0
87472,0,0.053308073,0.027237354,0.025472764,0.009259258,0,0
87473,0,0.033085987,0.02248394,0.030515239,0.009259258,0,0
87474,0,0.056821913,0.03454222,0.04107198,0.009259258,0,0
87475,0,0.027862234,0.004761905,0.018530145,0.0013605442,0,0
87476,0,0.018331295,0.0017482517,0.0135290995,0.0013605442,0,0
87477,0,0.025554543,0.004761905,0.018992491,0.0013605442,0,0
87478,0,0.03985924,0.02248394,0.023913682,0.009259258,0,0
87479,0,0.027357318,0.004761905,0.018274223,0.0013605442,0,0
87480,0,0.032171328,0.02248394,0.018829742,0.0013605442,0,0
87481,0,0.041037902,0.02248394,0.025453305,0.009259258,0,0
87482,0,0.033531465,0.02248394,0.02918252,0.009259258,0,0
87483,0,0.04592358,0.02248394,0.019913454,0.0013605442,0,0
87484,0,0.069623195,0.035928145,0.042878274,0.017391304,0,0
87485,0,0.050639886,0.02248394,0.03730254,0.009259258,0,0
87486,0,0.07503699,0.035928145,0.033244636,0.009259258,0,0
87487,0,0.04788732,0.02248394,0.049594317,0.017391304,0,0
87488,0,0.044240132,0.02248394,0.030602774,0.009259258,0,0
87489,0,0.03508014,0.02248394,0.025867797,0.009259258,0,0
87490,0,0.033037238,0.02248394,0.026405927,0.009259258,0,0
87491,0,0.036555406,0.02248394,0.021901166,0.0013605442,0,0
87492,0,0.03405781,0.02248394,0.035745047,0.009259258,0,0
87493,0,0.034911986,0.02248394,0.041950546,0.017391304,0,0
87494,0,0.03426174,0.02248394,0.024877697,0.009259258,0,0
87495,0,0.047159534,0.02248394,0.0371808,0.009259258,0,0
87496,0,0.03748425,0.02248394,0.020276822,0.0013605442,0,0
87497,0,0.038652636,0.02248394,0.023763346,0.009259258,0,0
87498,0,0.03836367,0.02248394,0.036709324,0.009259258,0,0
87499,0,0.033064146,0.02248394,0.029467145,0.009259258,0,0
87500,0,0.040203594,0.02248394,0.026152704,0.009259258,0,0
87501,0,0.03076136,0.02248394,0.024065599,0.009259258,0,0
87502,0,0.032448485,0.02248394,0.023728421,0.009259258,0,0
87503,0,0.08226226,0.035928145,0.037953116,0.009259258,0,0
87504,0,0.09127967,0.057771664,0.061782803,0.025263159,0,0
87505,0,0.06294697,0.035928145,0.028072733,0.009259258,0,0
87506,0,0.07044465,0.035928145,0.05826269,0.025263159,0,0
87507,0,0.029420925,0.02248394,0.036300797,0.009259258,0,0
87508,0,0.034643397,0.02248394,0.019936059,0.0013605442,0,0
87509,0,0.033423007,0.02248394,0.039034937,0.009259258,0,0
87510,0,0.04353,0.02248394,0.023374308,0.0013605442,0,0
87511,0,0.05186523,0.027237354,0.03926608,0.009259258,0,0
87512,0,0.045541856,0.02248394,0.0648503,0.025263159,0,0
87513,0,0.04437832,0.02248394,0.040281,0.009259258,0,0
87514,0,0.042934444,0.02248394,0.051179763,0.017391304,0,0
87515,0,0.03142564,0.02248394,0.037394878,0.009259258,0,0
87516,0,0.029617557,0.02248394,0.040401045,0.009259258,0,0
87517,0,0.038663607,0.02248394,0.050291944,0.017391304,0,0
87518,0,0.025392525,0.004761905,0.026859855,0.009259258,0,0
87519,0,0.06211581,0.035928145,0.021807486,0.0013605442,0,0
87520,0,0.035286807,0.02248394,0.032526948,0.009259258,0,0
87521,0,0.030199891,0.02248394,0.030302554,0.009259258,0,0
87522,0,0.031107903,0.02248394,0.025949761,0.009259258,0,0
87523,0,0.026581032,0.004761905,0.012435585,0.0013605442,0,0
87524,0,0.035705484,0.02248394,0.013757037,0.0013605442,0,0
87525,0,0.026447996,0.004761905,0.01932195,0.0013605442,0,0
87526,0,0.02701029,0.004761905,0.023333723,0.0013605442,0,0
87527,0,0.019754998,0.0017482517,0.015999062,0.0013605442,0,0
87528,0,0.033565477,0.02248394,0.027920691,0.009259258,0,0
87529,0,0.030855307,0.02248394,0.02840407,0.009259258,0,0
87530,0,0.026604779,0.004761905,0.03216311,0.009259258,0,0
87531,0,0.04407929,0.02248394,0.025843767,0.009259258,0,0
87532,0,0.034989364,0.02248394,0.02829517,0.009259258,0,0
87533,0,0.029326249,0.02248394,0.024694037,0.009259258,0,0
87534,0,0.024122879,0.0017482517,0.017415969,0.0013605442,0,0
87535,0,0.016484834,0.0017482517,0.016222045,0.0013605442,0,0
87536,0,0.021026827,0.0017482517,0.017069101,0.0013605442,0,0
87537,0,0.020668302,0.0017482517,0.018535497,0.0013605442,0,0
87538,0,0.030797,0.02248394,0.025427498,0.009259258,0,0
87539,0,0.057330217,0.035928145,0.03432077,0.009259258,0,0
87540,0,0.032322887,0.02248394,0.028439853,0.009259258,0,0
87541,0,0.031471,0.02248394,0.021841658,0.0013605442,0,0
87542,0,0.020883396,0.0017482517,0.030327125,0.009259258,0,0
87543,0,0.021783393,0.0017482517,0.019503608,0.0013605442,0,0
87544,0,0.029098442,0.02248394,0.023081252,0.0013605442,0,0
87545,0,0.02109732,0.0017482517,0.016895285,0.0013605442,0,0
87546,0,0.026302202,0.004761905,0.020342719,0.0013605442,0,0
87547,0,0.021367451,0.0017482517,0.0104650855,0.0013605442,0,0
87548,0,0.02517021,0.004761905,0.013731822,0.0013605442,0,0
87549,0,0.04624108,0.02248394,0.021902291,0.0013605442,0,0
87550,0,0.053715948,0.027237354,0.05405272,0.025263159,0,0
87551,0,0.07496066,0.035928145,0.047553122,0.017391304,0,0
87552,0,0.06404632,0.035928145,0.031790074,0.009259258,0,0
87553,0,0.044415087,0.02248394,0.035592306,0.009259258,0,0
87554,0,0.040609494,0.02248394,0.04061206,0.009259258,0,0
87555,0,0.06574152,0.035928145,0.04097037,0.009259258,0,0
87556,0,0.08996219,0.05263158,0.058531076,0.025263159,0,0
87557,0,0.075407416,0.035928145,0.05089329,0.017391304,0,0
87558,0,0.110175125,0.057771664,0.08445294,0.04532967,0,0
87559,0,0.108356096,0.057771664,0.078337945,0.04532967,0,0
87560,0,0.09271966,0.057771664,0.06541775,0.025263159,0,0
87561,0,0.093986034,0.057771664,0.06044311,0.025263159,0,0
87562,0,0.083336376,0.035928145,0.061254825,0.025263159,0,0
87563,0,0.115390085,0.057771664,0.07886883,0.04532967,0,0
87564,0,0.090303786,0.05263158,0.061646912,0.025263159,0,0
87565,0,0.09159302,0.057771664,0.09537217,0.04532967,0,0
87566,0,0.06556201,0.035928145,0.08710202,0.04532967,0,0
87567,0,0.05866454,0.035928145,0.06484912,0.025263159,0,0
87568,0,0.08029172,0.035928145,0.08715329,0.04532967,0,0
87569,0,0.10189718,0.057771664,0.05484413,0.025263159,0,0
87570,0,0.1134992,0.057771664,0.052567646,0.017391304,0,0
87571,0,0.09510044,0.057771664,0.10460432,0.05050505,0,0
87572,0,0.08702824,0.035928145,0.083954155,0.04532967,0,0
87573,0,0.10943827,0.057771664,0.06945462,0.025263159,0,0
87574,0,0.07909819,0.035928145,0.051239632,0.017391304,0,0
87575,0,0.08007778,0.035928145,0.04625747,0.017391304,0,0
87576,0,0.08117373,0.035928145,0.056394957,0.025263159,0,0
87577,0,0.06629568,0.035928145,0.0649367,0.025263159,0,0
87578,0,0.0504589,0.02248394,0.036822524,0.009259258,0,0
87579,0,0.061469052,0.035928145,0.05414333,0.025263159,0,0
87580,0,0.07537564,0.035928145,0.05805953,0.025263159,0,0
87581,0,0.06220498,0.035928145,0.05320656,0.025263159,0,0
87582,0,0.07592734,0.035928145,0.03805236,0.009259258,0,0
87583,0,0.086885765,0.035928145,0.03677623,0.009259258,0,0
87584,0,0.056685906,0.03448276,0.025653908,0.009259258,0,0
87585,0,0.04856363,0.02248394,0.028325485,0.009259258,0,0
87586,0,0.052455217,0.027237354,0.030362796,0.009259258,0,0
87587,0,0.03851957,0.02248394,0.025175067,0.009259258,0,0
87588,0,0.043018695,0.02248394,0.03160636,0.009259258,0,0
87589,0,0.045032304,0.02248394,0.040067118,0.009259258,0,0
87590,0,0.04529979,0.02248394,0.03683166,0.009259258,0,0
87591,0,0.034753967,0.02248394,0.025399862,0.009259258,0,0
87592,0,0.046199527,0.02248394,0.024374487,0.009259258,0,0
87593,0,0.05209211,0.027237354,0.03094701,0.009259258,0,0
87594,0,0.038864985,0.02248394,0.026481345,0.009259258,0,0
87595,0,0.039394952,0.02248394,0.020595094,0.0013605442,0,0
87596,0,0.028006664,0.004761905,0.024792649,0.009259258,0,0
87597,0,0.026189312,0.004761905,0.02878208,0.009259258,0,0
87598,0,0.025341127,0.004761905,0.016913231,0.0013605442,0,0
87599,0,0.02551528,0.004761905,0.03769288,0.009259258,0,0
87600,0,0.03488264,0.02248394,0.027739527,0.009259258,0,0
87601,0,0.024529709,0.004761905,0.018477472,0.0013605442,0,0
87602,0,0.024478287,0.004761905,0.030628242,0.009259258,0,0
87603,0,0.029448872,0.02248394,0.034612235,0.009259258,0,0
87604,0,0.03989641,0.02248394,0.022090573,0.0013605442,0,0
87605,0,0.029915463,0.02248394,0.030477274,0.009259258,0,0
87606,0,0.02574018,0.004761905,0.022518178,0.0013605442,0,0
87607,0,0.02167179,0.0017482517,0.017384907,0.0013605442,0,0
87608,0,0.019096654,0.0017482517,0.020761995,0.0013605442,0,0
87609,0,0.01971797,0.0017482517,0.012798234,0.0013605442,0,0
87610,0,0.023826655,0.0017482517,0.013871877,0.0013605442,0,0
87611,0,0.021183353,0.0017482517,0.018368302,0.0013605442,0,0
87612,0,0.020154245,0.0017482517,0.013042293,0.0013605442,0,0
87613,0,0.027009971,0.004761905,0.016165268,0.0013605442,0,0
87614,0,0.028792687,0.006117653,0.032667626,0.009259258,0,0
87615,0,0.029600685,0.02248394,0.017835245,0.0013605442,0,0
87616,0,0.0479192,0.02248394,0.026431538,0.009259258,0,0
87617,0,0.040522918,0.02248394,0.038872603,0.009259258,0,0
87618,0,0.0671371,0.035928145,0.029813355,0.009259258,0,0
87619,0,0.032330368,0.02248394,0.0199601,0.0013605442,0,0
87620,0,0.055797584,0.027237354,0.02361554,0.0013605442,0,0
87621,0,0.04128856,0.02248394,0.026006434,0.009259258,0,0
87622,0,0.05382584,0.027237354,0.031828616,0.009259258,0,0
87623,0,0.045339223,0.02248394,0.041000515,0.009259258,0,0
87624,0,0.051861852,0.027237354,0.031792805,0.009259258,0,0
87625,0,0.06888315,0.035928145,0.044493668,0.017391304,0,0
87626,0,0.04618329,0.02248394,0.058812946,0.025263159,0,0
87627,0,0.08322019,0.035928145,0.043210372,0.017391304,0,0
87628,0,0.06936868,0.035928145,0.06064377,0.025263159,0,0
87629,0,0.06949558,0.035928145,0.051165767,0.017391304,0,0
87630,0,0.08375475,0.035928145,0.04284937,0.017391304,0,0
87631,0,0.060423877,0.035928145,0.04789607,0.017391304,0,0
87632,0,0.07496085,0.035928145,0.04161082,0.017391304,0,0
87633,0,0.09033738,0.05263158,0.06395581,0.025263159,0,0
87634,0,0.06878671,0.035928145,0.08813885,0.04532967,0,0
87635,0,0.07813037,0.035928145,0.057209607,0.025263159,0,0
87636,0,0.12773561,0.057771664,0.08236977,0.04532967,0,0
87637,0,0.10323772,0.057771664,0.087038174,0.04532967,0,0
87638,0,0.081970654,0.035928145,0.07619703,0.04532967,0,0
87639,0,0.17095678,0.1554054,0.11991384,0.078028746,0,0
87640,0,0.120184794,0.057771664,0.08352481,0.04532967,0,0
87641,0,0.087265216,0.035928145,0.10509891,0.05050505,0,0
87642,0,0.1259319,0.057771664,0.11840812,0.078028746,0,0
87643,0,0.08317696,0.035928145,0.07108176,0.025263159,0,0
87644,0,0.07403219,0.035928145,0.065934375,0.025263159,0,0
87645,0,0.11478079,0.057771664,0.09244334,0.04532967,0,0
87646,0,0.11074388,0.057771664,0.10351561,0.05050505,0,0
87647,0,0.14097908,0.06153846,0.1209739,0.078028746,0,0
87648,0,0.13806605,0.06153846,0.09333354,0.04532967,0,0
87649,0,0.21982881,0.22222222,0.15353465,0.092920355,0,0
87650,0,0.12466344,0.057771664,0.08636348,0.04532967,0,0
87651,0,0.14418676,0.06153846,0.12608455,0.078028746,0,0
87652,0,0.09479415,0.057771664,0.07916579,0.04532967,0,0
87653,0,0.08939297,0.05263158,0.073202915,0.025263159,0,0
87654,0,0.13996592,0.06153846,0.108021975,0.06716418,0,0
87655,0,0.08497192,0.035928145,0.058009725,0.025263159,0,0
87656,0,0.07592707,0.035928145,0.07787144,0.04532967,0,0
87657,0,0.13992362,0.06153846,0.0864458,0.04532967,0,0
87658,0,0.09114255,0.057771664,0.06393395,0.025263159,0,0
87659,0,0.07214235,0.035928145,0.0315021,0.009259258,0,0
87660,0,0.10891568,0.057771664,0.03121668,0.009259258,0,0
87661,0,0.08567715,0.035928145,0.025846353,0.009259258,0,0
87662,0,0.061372362,0.035928145,0.031544514,0.009259258,0,0
87663,0,0.041600864,0.02248394,0.01559319,0.0013605442,0,0
87664,0,0.036922246,0.02248394,0.024590414,0.009259258,0,0
87665,0,0.034879673,0.02248394,0.025533559,0.009259258,0,0
87666,0,0.03663953,0.02248394,0.015135071,0.0013605442,0,0
87667,0,0.04115116,0.02248394,0.02350739,0.0013605442,0,0
87668,0,0.044997282,0.02248394,0.018224187,0.0013605442,0,0
87669,0,0.073440485,0.035928145,0.025788726,0.009259258,0,0
87670,0,0.07827641,0.035928145,0.044054653,0.017391304,0,0
87671,0,0.11981551,0.057771664,0.05153397,0.017391304,0,0
87672,0,0.102891274,0.057771664,0.06917391,0.025263159,0,0
87673,0,0.14321756,0.06153846,0.07535743,0.04532967,0,0
87674,0,0.19274424,0.17333333,0.13685358,0.08955224,0,0
87675,0,0.09093258,0.057771664,0.052914746,0.025263159,0,0
87676,0,0.10599698,0.057771664,0.07706833,0.04532967,0,0
87677,0,0.13755067,0.06153846,0.06850733,0.025263159,0,0
87678,0,0.1311458,0.057771664,0.077018335,0.04532967,0,0
87679,0,0.10822139,0.057771664,0.05949142,0.025263159,0,0
87680,0,0.108265415,0.057771664,0.07317894,0.025263159,0,0
87681,0,0.09941731,0.057771664,0.062244926,0.025263159,0,0
87682,0,0.09555348,0.057771664,0.044151485,0.017391304,0,0
87683,0,0.1474001,0.0952381,0.054872043,0.025263159,0,0
87684,0,0.11049871,0.057771664,0.06261019,0.025263159,0,0
87685,0,0.088033535,0.035928145,0.06847393,0.025263159,0,0
87686,0,0.1520585,0.1554054,0.04582658,0.017391304,0,0
87687,0,0.10566222,0.057771664,0.0614275,0.025263159,0,0
87688,0,0.14686884,0.0952381,0.027621357,0.009259258,0,0
87689,0,0.09633249,0.057771664,0.033090714,0.009259258,0,0
87690,0,0.070938356,0.035928145,0.031176839,0.009259258,0,0
87691,0,0.05296838,0.027237354,0.018907025,0.0013605442,0,0
87692,0,0.045900278,0.02248394,0.025115304,0.009259258,0,0
87693,0,0.039198175,0.02248394,0.021612847,0.0013605442,0,0
87694,0,0.02655233,0.004761905,0.015399828,0.0013605442,0,0
87695,0,0.04634376,0.02248394,0.026715612,0.009259258,0,0
87696,0,0.06082842,0.035928145,0.024056535,0.009259258,0,0
87697,0,0.07923426,0.035928145,0.036055245,0.009259258,0,0
87698,0,0.034236755,0.02248394,0.0282594,0.009259258,0,0
87699,0,0.0810348,0.035928145,0.0615974,0.025263159,0,0
87700,0,0.09135661,0.057771664,0.08076145,0.04532967,0,0
87701,0,0.05856924,0.035928145,0.04293323,0.017391304,0,0
87702,0,0.07497284,0.035928145,0.047358576,0.017391304,0,0
87703,0,0.055976436,0.027237354,0.05152784,0.017391304,0,0
87704,0,0.0842586,0.035928145,0.06787115,0.025263159,0,0
87705,0,0.17085779,0.1554054,0.21120942,0.09982175,0,0
87706,0,0.123456664,0.057771664,0.120179415,0.078028746,0,0
87707,0,0.12391486,0.057771664,0.14875557,0.092920355,0,0
87708,0,0.09634697,0.057771664,0.09203858,0.04532967,0,0
87709,0,0.07710124,0.035928145,0.08251693,0.04532967,0,0
87710,0,0.1564231,0.1554054,0.111919865,0.06716418,0,0
87711,0,0.09004803,0.05263158,0.075256154,0.04532967,0,0
87712,0,0.11853532,0.057771664,0.08625862,0.04532967,0,0
87713,0,0.060575083,0.035928145,0.057880335,0.025263159,0,0
87714,0,0.09622383,0.057771664,0.06438971,0.025263159,0,0
87715,0,0.072017506,0.035928145,0.06649814,0.025263159,0,0
87716,0,0.09724931,0.057771664,0.06771743,0.025263159,0,0
87717,0,0.07191244,0.035928145,0.052253213,0.017391304,0,0
87718,0,0.06851217,0.035928145,0.04907102,0.017391304,0,0
87719,0,0.05263083,0.027237354,0.027706105,0.009259258,0,0
87720,0,0.07443578,0.035928145,0.044245206,0.017391304,0,0
87721,0,0.05857526,0.035928145,0.029448353,0.009259258,0,0
87722,0,0.059340294,0.035928145,0.03325688,0.009259258,0,0
87723,0,0.05815085,0.035928145,0.041578654,0.017391304,0,0
87724,0,0.07206739,0.035928145,0.031753983,0.009259258,0,0
87725,0,0.052189767,0.027237354,0.035628594,0.009259258,0,0
87726,0,0.055832554,0.027237354,0.042095207,0.017391304,0,0
87727,0,0.03517287,0.02248394,0.024559086,0.009259258,0,0
87728,0,0.048618685,0.02248394,0.03246141,0.009259258,0,0
87729,0,0.032223463,0.02248394,0.02205656,0.0013605442,0,0
87730,0,0.04145243,0.02248394,0.022223271,0.0013605442,0,0
87731,0,0.05968215,0.035928145,0.022755926,0.0013605442,0,0
87732,0,0.067364156,0.035928145,0.025643082,0.009259258,0,0
87733,1,0.043908197,0.02248394,0.03103283,0.009259258,0,0
87734,0,0.070095494,0.035928145,0.01708346,0.0013605442,0,0
87735,0,0.04753698,0.02248394,0.029279286,0.009259258,0,0
87736,0,0.037814353,0.02248394,0.026549583,0.009259258,0,0
87737,0,0.04296105,0.02248394,0.03166022,0.009259258,0,0
87738,0,0.040974315,0.02248394,0.024235306,0.009259258,0,0
87739,1,0.042758048,0.02248394,0.021721415,0.0013605442,0,0
87740,0,0.12939295,0.057771664,0.049714595,0.017391304,0,0
87741,0,0.055006202,0.027237354,0.042429723,0.017391304,0,0
87742,0,0.042463668,0.02248394,0.021973833,0.0013605442,0,0
87743,0,0.04351865,0.02248394,0.028130036,0.009259258,0,0
87744,0,0.049815774,0.02248394,0.037104137,0.009259258,0,0
87745,0,0.03895493,0.02248394,0.038215905,0.009259258,0,0
87746,0,0.021323757,0.0017482517,0.029127965,0.009259258,0,0
87747,0,0.030365422,0.02248394,0.048299342,0.017391304,0,0
87748,0,0.034843743,0.02248394,0.021971403,0.0013605442,0,0
87749,0,0.032918748,0.02248394,0.019417536,0.0013605442,0,0
87750,0,0.029415417,0.02248394,0.02655002,0.009259258,0,0
87751,0,0.03039663,0.02248394,0.028321927,0.009259258,0,0
87752,0,0.0384793,0.02248394,0.033063386,0.009259258,0,0
87753,0,0.02711465,0.004761905,0.027129076,0.009259258,0,0
87754,0,0.026374944,0.004761905,0.026727838,0.009259258,0,0
87755,0,0.017637424,0.0017482517,0.029932642,0.009259258,0,0
87756,0,0.024113514,0.0017482517,0.02007835,0.0013605442,0,0
87757,0,0.02435447,0.004761905,0.026770258,0.009259258,0,0
87758,0,0.01764667,0.0017482517,0.022268176,0.0013605442,0,0
87759,0,0.016538627,0.0017482517,0.02075723,0.0013605442,0,0
87760,0,0.031708486,0.02248394,0.031077795,0.009259258,0,0
87761,0,0.023761267,0.0017482517,0.030286957,0.009259258,0,0
87762,0,0.028187627,0.004761905,0.028801655,0.009259258,0,0
87763,0,0.019183619,0.0017482517,0.024494462,0.009259258,0,0
87764,0,0.017525248,0.0017482517,0.031071676,0.009259258,0,0
87765,0,0.01920276,0.0017482517,0.033355284,0.009259258,0,0
87766,0,0.020519482,0.0017482517,0.024451636,0.009259258,0,0
87767,0,0.021931877,0.0017482517,0.02323674,0.0013605442,0,0
87768,0,0.015338772,0.0017482517,0.016995575,0.0013605442,0,0
87769,0,0.011977118,0.0017482517,0.017260894,0.0013605442,0,0
87770,0,0.010708836,0.0017482517,0.016867924,0.0013605442,0,0
87771,0,0.01064003,0.0017482517,0.014104234,0.0013605442,0,0
87772,0,0.009015686,0.0017482517,0.0120445,0.0013605442,0,0
87773,0,0.013944725,0.0017482517,0.012265722,0.0013605442,0,0
87774,0,0.014063648,0.0017482517,0.017480174,0.0013605442,0,0
87775,0,0.02094343,0.0017482517,0.017759291,0.0013605442,0,0
87776,0,0.015472804,0.0017482517,0.010756518,0.0013605442,0,0
87777,0,0.02076087,0.0017482517,0.016402187,0.0013605442,0,0
87778,0,0.013259081,0.0017482517,0.017478243,0.0013605442,0,0
87779,0,0.0145266885,0.0017482517,0.00816079,0.0,0,0
87780,0,0.019688964,0.0017482517,0.013092424,0.0013605442,0,0
87781,0,0.013699403,0.0017482517,0.015801298,0.0013605442,0,0
87782,0,0.011870514,0.0017482517,0.011367495,0.0013605442,0,0
87783,0,0.010119325,0.0017482517,0.013409449,0.0013605442,0,0
87784,0,0.014782019,0.0017482517,0.014216083,0.0013605442,0,0
87785,0,0.018011164,0.0017482517,0.017528452,0.0013605442,0,0
87786,0,0.012709269,0.0017482517,0.014942264,0.0013605442,0,0
87787,0,0.013998367,0.0017482517,0.018415393,0.0013605442,0,0
87788,0,0.010264996,0.0017482517,0.015627474,0.0013605442,0,0
87789,0,0.013645092,0.0017482517,0.0147567345,0.0013605442,0,0
87790,0,0.010217524,0.0017482517,0.013013708,0.0013605442,0,0
87791,0,0.017591191,0.0017482517,0.014485204,0.0013605442,0,0
87792,0,0.015050183,0.0017482517,0.014726959,0.0013605442,0,0
87793,0,0.042327277,0.02248394,0.030430727,0.009259258,0,0
87794,0,0.05848009,0.035928145,0.031092415,0.009259258,0,0
87795,0,0.033176597,0.02248394,0.032707755,0.009259258,0,0
87796,0,0.044079065,0.02248394,0.038117386,0.009259258,0,0
87797,0,0.04778334,0.02248394,0.0468594,0.017391304,0,0
87798,0,0.060185827,0.035928145,0.05761967,0.025263159,0,0
87799,0,0.035160612,0.02248394,0.02645482,0.009259258,0,0
87800,0,0.039125465,0.02248394,0.034546666,0.009259258,0,0
87801,0,0.06681016,0.035928145,0.05075917,0.017391304,0,0
87802,0,0.029614124,0.02248394,0.031510256,0.009259258,0,0
87803,0,0.06548653,0.035928145,0.050593793,0.017391304,0,0
87804,0,0.05270915,0.027237354,0.0859321,0.04532967,0,0
87805,0,0.063434154,0.035928145,0.042106573,0.017391304,0,0
87806,0,0.04905476,0.02248394,0.045251742,0.017391304,0,0
87807,0,0.07148793,0.035928145,0.038888715,0.009259258,0,0
87808,0,0.019778168,0.0017482517,0.01619595,0.0013605442,0,0
87809,0,0.023624767,0.0017482517,0.019506572,0.0013605442,0,0
87810,0,0.025034731,0.004761905,0.015835995,0.0013605442,0,0
87811,0,0.03881389,0.02248394,0.025465153,0.009259258,0,0
87812,0,0.022355948,0.0017482517,0.014913045,0.0013605442,0,0
87813,0,0.018468099,0.0017482517,0.010796356,0.0013605442,0,0
87814,0,0.030304193,0.02248394,0.017381357,0.0013605442,0,0
87815,0,0.011367628,0.0017482517,0.008533133,0.0,0,0
87816,0,0.01599542,0.0017482517,0.0108080385,0.0013605442,0,0
87817,0,0.039171178,0.02248394,0.015479875,0.0013605442,0,0
87818,0,0.021391556,0.0017482517,0.015003503,0.0013605442,0,0
87819,0,0.020747153,0.0017482517,0.013781534,0.0013605442,0,0
87820,0,0.016643252,0.0017482517,0.007940999,0.0,0,0
87821,0,0.013731687,0.0017482517,0.009914451,0.0013605442,0,0
87822,0,0.015834672,0.0017482517,0.012180241,0.0013605442,0,0
87823,0,0.014565834,0.0017482517,0.010293993,0.0013605442,0,0
87824,0,0.021028863,0.0017482517,0.013797448,0.0013605442,0,0
87825,0,0.023733493,0.0017482517,0.013244498,0.0013605442,0,0
87826,0,0.026622828,0.004761905,0.014639306,0.0013605442,0,0
87827,0,0.031773765,0.02248394,0.018534997,0.0013605442,0,0
87828,0,0.033837307,0.02248394,0.0186622,0.0013605442,0,0
87829,0,0.028069746,0.004761905,0.013667965,0.0013605442,0,0
87830,0,0.03987299,0.02248394,0.027895117,0.009259258,0,0
87831,0,0.03195134,0.02248394,0.020409713,0.0013605442,0,0
87832,0,0.020786988,0.0017482517,0.011016319,0.0013605442,0,0
