interval,split,actual_next_5min_tokens,hgb_prediction,cp_hgb_prediction
288,train,383.0,1812.95764043553,1770.5482408158357
289,train,3643.0,2836.263951703295,2240.832095356394
290,train,10892.0,2504.3109293354273,2872.218215502127
291,train,10519.0,2888.4179678516625,3119.732661179806
292,train,507.0,2474.2075631282733,1623.322747422881
293,train,314.0,4127.99198212868,3701.3474785566586
294,train,4337.0,3012.01006989924,2220.240691035255
295,train,3696.0,1634.3928040841324,1195.1823980650527
296,train,2423.0,722.4809009003746,847.5189378193189
297,train,740.0,1280.8410066941797,1380.5147235683637
298,train,919.0,1150.8652661822682,1670.672828464032
299,train,2838.0,546.6718258735958,626.2608384678264
300,train,5289.0,436.5743899985355,602.3095090862845
301,train,0.0,167.43298852641564,360.3994401976944
302,train,1647.0,1020.1313880939106,1012.8022018961143
303,train,2830.0,216.74489253409087,340.1924129072449
304,train,1471.0,253.47444409976654,556.4730682558429
305,train,858.0,79.10824388871215,141.41492842311112
306,train,0.0,15.156247911320175,40.18315424926293
307,train,0.0,21.899516991869863,73.06271335968813
308,train,0.0,8.547898802889225,12.03020805626422
309,train,0.0,7.537465040165767,3.2769310855539384
310,train,0.0,2.081674592615651,2.398777959069914
311,train,0.0,2.700246485081027,1.3091814703134395
312,train,376.0,6.966258577414796,9.604914539478406
313,train,0.0,1.4387066640175834,4.565365952580422
314,train,0.0,6.987792014549644,9.723680738483163
315,train,0.0,2.9484570987384204,4.932957135621258
316,train,1367.0,14.493553276001444,6.158983586375442
317,train,0.0,2.309263257146756,2.962411353155343
318,train,0.0,17.65688866916306,7.091294948839524
319,train,396.0,6.769967631024046,5.898498785437159
320,train,0.0,2.1245320450564913,2.8973057273730807
321,train,0.0,3.8882338271860233,3.611499436916998
322,train,0.0,0.4236689696350416,1.296329973376348
323,train,0.0,0.07536048002427786,0.7502988227273109
324,train,0.0,0.9256699698372133,4.146365639025456
325,train,0.0,1.684335395665233,4.618831431739114
326,train,810.0,4.901525033202514,3.886015859507845
327,train,0.0,1.943861850456789,5.350392926768361
328,train,0.0,14.005199344053018,10.262554967262373
329,train,0.0,3.660728333865089,6.489112111192527
330,train,0.0,5.895524047216001,4.523080478238324
331,train,0.0,8.341328467998787,6.573494863358587
332,train,0.0,5.805078197586748,3.544332034289142
333,train,295.0,5.606412095701468,3.4653666113030335
334,train,1236.0,5.905538271401529,6.986895160137368
335,train,0.0,5.1254611849435125,15.272043121542833
336,train,1061.0,22.6540155757278,26.694869831485963
337,train,0.0,3.1467820333220295,7.777783101850741
338,train,1401.0,63.053881779109105,34.14228545318361
339,train,5662.0,30.202502159408542,25.53479679818923
340,train,0.0,11.160992403232274,9.20166893657879
341,train,0.0,20.645247336372694,6.863419940174514
342,train,0.0,7.552653531389117,3.848601315752675
343,train,0.0,2.7026770748904627,2.1686302556471047
344,train,0.0,0.7047244894976379,1.8130924048889976
345,train,0.0,0.6773394962564587,0.7689817368123639
346,train,0.0,0.8974666695385509,1.1534137292978093
347,train,0.0,0.7617234169551836,1.3742383880831
348,train,0.0,1.0140755086010245,1.502773966082112
349,train,0.0,0.7646869241810426,0.9944842129022275
350,train,0.0,1.3582280790478531,1.732022411906339
351,train,0.0,1.1347227782632774,1.3062431305178932
352,train,0.0,0.5553914518380836,1.2202311574566425
353,train,0.0,2.7584346309951084,1.9345467470041724
354,train,0.0,2.7584346309951084,3.4253582461705374
355,train,0.0,2.7121389358917973,3.4253582461705374
356,train,135.0,4.156562605756026,5.998268411080047
357,train,0.0,5.1529667207748755,5.277796561410147
358,train,0.0,3.6868689145179907,3.7909038429249193
359,train,0.0,1.5730354405864277,2.6912127965364006
360,train,333.0,4.377561842262364,5.277796561410147
361,train,0.0,3.740315669274981,3.139860918746134
362,train,0.0,2.393174615320151,3.436493321714469
363,train,0.0,2.5170533345548183,3.209644958430456
364,train,0.0,1.566219334991509,2.6779014489570314
365,train,497.0,8.954702385385222,5.099779128283304
366,train,578.0,6.043152808168786,10.651432219144754
367,train,0.0,4.99667536294074,14.753419843331168
368,train,588.0,7.744220998019033,12.186659068994356
369,train,0.0,7.011203815349646,12.186659068994356
370,train,2374.0,35.248097619184556,36.65694502946152
371,train,1814.0,36.41999766841172,47.77229291283471
372,train,2191.0,91.36091953560471,159.00603541325992
373,train,0.0,76.66233841282792,90.01387160873618
374,train,0.0,71.80952215248591,54.90817434646795
375,train,0.0,6.706002857582032,13.263224049686633
376,train,0.0,15.720658040994834,56.43488722610368
377,train,370.0,11.237495055004706,10.565662616982562
378,train,0.0,11.448087865513566,7.948314305450554
379,train,430.0,18.748532188068385,14.536388526196507
380,train,557.0,11.11738737620723,12.043714543331854
381,train,0.0,8.690917243591477,7.585414172620416
382,train,829.0,21.97056337298398,14.02850245071216
383,train,0.0,17.755151077508906,32.058960068845394
384,train,0.0,46.318608930687326,34.62773328476061
385,train,2020.0,274.67153445569505,228.47202848541374
386,train,4848.0,464.7335381983634,530.5601669727782
387,train,2617.0,479.30643857202995,953.5252133918399
388,train,5839.0,1052.3863612473492,1190.0318309496565
389,train,2751.0,1857.502019555129,2084.7540628880465
390,train,185.0,1832.8676584222458,1689.1439561606128
391,train,2066.0,2893.668859618376,2792.1212609482664
392,train,4200.0,2486.069244987126,1778.1666038227415
393,train,6247.0,3752.29649177188,3585.744043387111
394,train,9910.0,4606.176074652515,3875.188537447364
395,train,4785.0,6537.694318444527,3644.121660224
396,train,793.0,4941.580771620945,6629.870476309193
397,train,849.0,5450.978754560871,5369.75770319766
398,train,7279.0,4733.207883312231,6350.3071895278545
399,train,10947.0,4117.9728557307135,3560.805628365535
400,train,5915.0,5477.308279407298,3663.3223460158015
401,train,6944.0,9558.486827827664,7981.208146463072
402,train,12738.0,10802.006934574154,8407.267562923644
403,train,17796.0,9074.17666787532,7822.62585293831
404,train,23514.0,11049.035491046361,8567.82762225191
405,train,26823.0,14127.278541100355,11499.101172858145
406,train,15107.0,14678.26120608469,12098.154628277382
407,train,14433.0,17826.05859368703,16068.841046451433
408,train,6498.0,16417.08582669105,14490.85652361188
409,train,9421.0,14621.602139633871,12906.02548679165
410,train,9330.0,14023.062588942164,12170.761538476056
411,train,9821.0,13080.64646497921,11417.73146174897
412,train,11920.0,12897.85660302362,10674.825258941604
413,train,17206.0,12447.322920139111,9331.466143637352
414,train,9724.0,15130.154040080139,12284.8693216727
415,train,20029.0,16221.249511705402,13318.976593596351
416,train,24660.0,14941.700834989117,12050.280654514376
417,train,15626.0,15353.297487899606,14417.006496485203
418,train,24260.0,15910.009135897462,14608.748403057905
419,train,12152.0,15227.450965205926,13941.698756750531
420,train,20244.0,17863.69405977907,16402.653802330224
421,train,57376.0,13966.61537415815,13041.660872486234
422,train,36673.0,15171.363622067545,14469.608296142216
423,train,40732.0,38870.725450925886,38014.45493313241
424,train,44186.0,27398.975347466545,25674.186032219484
425,train,36338.0,28764.93688115699,28732.102091718287
426,train,17773.0,29134.503724153852,29473.28620122855
427,train,24037.0,26270.526574134532,26256.566296522727
428,train,14152.0,21254.68866880121,22073.132366424605
429,train,7608.0,20935.879259574183,22252.68185366949
430,train,7320.0,14046.384691723924,15115.89699424088
431,train,9672.0,13705.624116093986,14510.61599136099
432,train,4366.0,11136.561253551772,12206.861478663068
433,train,8996.0,10818.241197145619,12436.747021058176
434,train,9552.0,8558.378451457143,8405.611316465021
435,train,4682.0,10172.733877508874,10766.35042720787
436,train,3165.0,10530.896930790257,11032.13679272812
437,train,6936.0,7794.133959088698,7196.068446911416
438,train,2643.0,4998.802964222618,5766.529107915566
439,train,10106.0,6740.682403669716,7126.85431791902
440,train,7198.0,4454.017123342054,4451.39757579433
441,train,1630.0,6924.906167319272,7002.2088376023785
442,train,4342.0,7718.813452860341,7347.918274878653
443,train,1848.0,6656.955868194982,6163.933216854739
444,train,5974.0,6397.237542253275,6139.736341738476
445,train,6638.0,4798.744358656672,4609.134757235039
446,train,6589.0,6368.196436018128,6182.520502372137
447,train,20835.0,6942.256620489452,6580.812171970349
448,train,12341.0,6953.143854256076,7201.970461694205
449,train,10751.0,12333.408975465682,11738.82259330169
450,train,3696.0,10831.495139097262,10189.808178457977
451,train,7953.0,9716.156537998648,9352.367227099205
452,train,12906.0,8651.883077706641,7769.245612218171
453,train,2599.0,9008.105644679435,8244.529238029714
454,train,1570.0,9668.683109492547,9012.424413212013
455,train,7960.0,8180.9771506987,7480.881133544758
456,train,12005.0,7152.035892954742,6249.134377888699
457,train,18804.0,8404.331181253925,7485.26646147074
458,train,18141.0,9845.07813256736,9087.587284329473
459,train,27995.0,13532.784131287379,12921.729822108953
460,train,27969.0,16421.788782242773,14327.822949243127
461,train,15954.0,19768.269192108295,17606.79533756296
462,train,21794.0,19895.852808636246,18372.83071356861
463,train,18877.0,16711.03576414989,15157.571137654175
464,train,27714.0,17469.51677271393,16391.475571206174
465,train,12520.0,15762.717400780051,14647.358625292696
466,train,20261.0,19525.579421625687,17960.548065809933
467,train,25833.0,16675.954851564784,15470.770835532012
468,train,26724.0,18281.78909763981,17353.04932888507
469,train,15139.0,19541.4826824412,18534.773970072572
470,train,19632.0,20867.228908451405,20107.59458800444
471,train,10360.0,17754.13333885037,16758.862127942146
472,train,18833.0,19054.058268751094,18037.446305897025
473,train,18226.0,15378.759989723323,14493.428745382884
474,train,23326.0,16269.486348494533,15357.2140522382
475,train,23317.0,16956.75539365086,15999.21367948543
476,train,30302.0,18281.78909763981,17313.663734208425
477,train,31094.0,19096.423892871142,18085.161314270605
478,train,19025.0,23902.945839377044,22088.962075278927
479,train,24389.0,25059.467518223355,22539.18155615763
480,train,16130.0,19188.572766761466,18656.880000551188
481,train,15018.0,20059.497572778764,19568.06705640787
482,train,19440.0,17241.15789894492,16507.447606191447
483,train,18896.0,15589.198459605379,14926.001746671232
484,train,21621.0,16767.81963514156,16143.898092426165
485,train,23980.0,16039.802748477086,15392.149318836735
486,train,19549.0,18546.775767852047,17583.837025220782
487,train,22533.0,19373.217698235167,18367.37284312651
488,train,14916.0,18826.833606703716,18126.30183133262
489,train,23353.0,19622.125581884207,18841.193804936593
490,train,29333.0,16247.731989558648,15549.975961686494
491,train,34037.0,18785.066040248108,18037.446305897025
492,train,22971.0,21316.668832863492,19809.61664181095
493,train,16558.0,26062.096797512924,23876.162765501518
494,train,16846.0,21544.488825050714,20653.899835033426
495,train,25320.0,18016.402113097032,18716.150840408838
496,train,21391.0,14927.59545553349,15068.649315991295
497,train,29090.0,17203.035050072987,17456.742697999805
498,train,23655.0,17521.384361048444,17745.341309703676
499,train,20143.0,19967.099191198195,20445.754685674045
500,train,6722.0,14062.899066149488,16672.221744985436
501,train,13941.0,14863.425498466822,17515.58657736222
502,train,12149.0,11271.58568441361,12787.592511252897
503,train,9484.0,11373.40136902315,12787.75582247854
504,train,16456.0,10797.927445526775,12020.063984664834
505,train,7424.0,9962.539796668469,11595.263986375603
506,train,4880.0,10325.969211361287,11914.384301997754
507,train,5494.0,11162.885309114996,11451.917124230724
508,train,5133.0,9384.194977637844,9236.519069488917
509,train,4631.0,8605.723124097503,8765.713065078675
510,train,24186.0,9491.631096020885,8130.6914573309205
511,train,7723.0,8887.123661396085,7611.832134967631
512,train,11111.0,14592.499381979233,13382.459763699097
513,train,10224.0,11942.105536228566,12202.414074267796
514,train,14416.0,13386.155711574462,12647.128589163975
515,train,10875.0,10609.106325533814,10963.590410057743
516,train,9636.0,13624.184721741853,12421.823667325607
517,train,8129.0,11757.225727284129,11220.66121326934
518,train,8450.0,10847.805921068784,10741.114614083393
519,train,3435.0,9954.379280079327,9930.52112699795
520,train,13668.0,9312.829890575125,9527.715204918604
521,train,18667.0,8417.654504886674,7743.959902434883
522,train,18418.0,10848.715070785856,10222.404881940558
523,train,15494.0,13439.535607786313,12563.241794320747
524,train,13803.0,13701.600291037554,13042.63243106298
525,train,20387.0,13879.22053386673,13176.369373031166
526,train,4877.0,14206.291368689921,13270.652166728549
527,train,12414.0,15461.67758773882,14219.166392719224
528,train,20658.0,11488.685111021363,10429.518439659769
529,train,24707.0,11791.659590842497,11119.548897870622
530,train,18597.0,14302.210609930993,13829.364199559037
531,train,18251.0,15200.842349846298,14780.355236303914
532,train,19931.0,16026.159451602733,15730.130340567719
533,train,19018.0,16453.43676684145,16497.165813243795
534,train,18206.0,15162.323668382998,14808.765011006253
535,train,19216.0,15399.93087227432,14795.866830119494
536,train,9691.0,14965.599858013404,14568.527890188958
537,train,13404.0,14480.975657556472,14119.183533288884
538,train,16883.0,13222.665818701007,13160.511670206542
539,train,27738.0,13159.946077418253,12771.618067673093
540,train,6122.0,13185.209176399343,12859.644452064333
541,train,10170.0,17252.26423827472,17035.94206236111
542,train,13742.0,13222.665818701007,13130.641179801065
543,train,17864.0,12353.185220356898,12386.347012588349
544,train,13334.0,12778.325432998547,12521.229467596666
545,train,12001.0,13697.404741456661,13583.460841380524
546,train,11049.0,11229.55971433379,11462.363653874678
547,train,9797.0,11696.981962872587,11885.428604841998
548,train,26130.0,11571.811251319383,11952.789523173904
549,train,16940.0,11307.15436221105,11336.387455900907
550,train,27792.0,14840.015195430937,14442.551442599275
551,train,10669.0,12952.546926236288,13194.63468213968
552,train,16482.0,16900.760539247196,16546.037977599437
553,train,21182.0,12189.67625193584,12573.924639247803
554,train,31074.0,13626.345727215676,13601.201677683837
555,train,27518.0,14587.120205457522,14265.486692888746
556,train,10064.0,20343.774907537427,18449.246894907385
557,train,9870.0,19599.079840181883,19176.198871723387
558,train,24971.0,14619.594262108285,14048.25144673536
559,train,7746.0,11405.26691986309,12410.982575808759
560,train,5373.0,14261.57897955104,14653.243859758806
561,train,17649.0,11714.538362288127,12757.358836742189
562,train,8426.0,9874.397621719383,10501.878230201199
563,train,16236.0,12168.35994140837,11680.077453951826
564,train,18299.0,10886.6661807302,10681.653024519826
565,train,4868.0,12005.215690498484,12610.03906548539
566,train,6114.0,10868.62349492946,11085.069826067667
567,train,5589.0,9939.795003034458,10237.614294277686
568,train,6919.0,8812.02008325651,8708.219239791018
569,train,3782.0,5594.753332937873,6165.890505269529
570,train,4067.0,6106.066784933162,6929.289209999273
571,train,11334.0,4515.857985481524,5410.290526454668
572,train,15480.0,4682.224469012534,4371.525569830435
573,train,6929.0,5547.3154456888215,5797.284201070715
574,train,8429.0,8406.26065632423,9063.58207515593
575,train,11659.0,7723.053646847667,7722.178204236919
576,train,9752.0,8795.29930365571,8064.6235811979595
577,train,6489.0,5860.605602495425,5674.869367744309
578,train,7904.0,6157.274499999601,6779.908279863896
579,train,5764.0,5931.808878233405,6322.437144096879
580,train,5136.0,5931.808878233405,6322.437144096879
581,train,7367.0,4834.889594087195,4866.420234016413
582,train,3147.0,4342.679836535994,4668.861106893663
583,train,1372.0,4904.019812181544,5266.577723352927
584,train,1192.0,2957.657748581289,3529.426597089338
585,train,0.0,608.0181860091828,946.6906421670656
586,train,0.0,263.9728180025708,339.81358671149235
587,train,2071.0,235.78944113565035,685.9307948619593
588,train,1334.0,220.62664286059288,171.44706266090526
589,train,3052.0,1570.1758640744613,1292.300384415472
590,train,2388.0,819.7662811466121,752.8463764680229
591,train,3392.0,1742.2840324552835,1497.6865306586878
592,train,3002.0,1275.3630109230712,1042.5060843317542
593,train,6455.0,2476.311272248189,2306.0885051127757
594,train,7625.0,1549.5766405270904,1796.021102133314
595,train,7239.0,2508.833705219838,2272.156073761808
596,train,7627.0,3040.359129061519,3628.2536559694704
597,train,1460.0,2759.066385719716,3531.7755693253307
598,train,5723.0,2025.054678917292,2261.752453533797
599,train,2091.0,1050.3287145417796,889.3964283009549
600,train,2017.0,1041.5589906691073,1429.5299803762778
601,train,4564.0,1015.7439541801325,1235.8168154299408
602,train,3764.0,851.9624259740007,1337.4858951292479
603,train,4618.0,1497.9095117669274,2297.314659083214
604,train,7417.0,2176.51346639402,2303.4711229965337
605,train,1312.0,770.6594319963044,1015.4416567525064
606,train,2073.0,1176.8693568751523,1551.7145722021835
607,train,2159.0,703.4921487256703,924.2222671546907
608,train,0.0,170.41201439231043,234.0037872392517
609,train,4360.0,843.7503304101258,812.7199491864527
610,train,3342.0,133.03463493081486,154.15808017424823
611,train,1222.0,469.0336751320781,418.2334447878244
612,train,5441.0,684.7874049917734,1083.5349473145789
613,train,4021.0,424.8769844170003,403.0566904760067
614,train,3693.0,723.4978522091833,478.17202367990245
615,train,2842.0,490.0736658224634,848.4805907801862
616,train,0.0,71.34568531460349,143.5296679331617
617,train,1081.0,338.6521027118926,276.97501450397465
618,train,0.0,22.550923672062574,21.890562027205274
619,train,0.0,76.74538403249822,46.97602951969203
620,train,0.0,6.443776255915805,16.44250899936792
621,train,0.0,22.662200515117263,16.20133958285095
622,train,2001.0,13.414736526179102,18.377075157819107
623,train,0.0,8.367606206354887,10.166480032171759
624,train,0.0,16.178996318692803,16.2041985436972
625,train,0.0,10.025280935404933,5.546643923444385
626,train,1898.0,28.615368872046695,9.081644116626912
627,train,0.0,10.025762208586091,5.193416985394386
628,train,0.0,5.27321089672493,9.705538669612734
629,train,0.0,1.508914958224433,1.108754083860871
630,train,0.0,2.1622012873958556,1.4799346485072915
631,train,416.0,2.6771858449112997,3.9964240619544755
632,train,0.0,3.0272231799619664,6.320950986727017
633,train,103.0,7.5796149981203325,8.41275776128346
634,train,0.0,0.7048117365007536,2.5062491882325246
635,train,0.0,4.870492949120066,5.958469982650039
636,train,0.0,0.32152909075695285,2.9784817915349833
637,train,0.0,0.38650790927241624,2.402700752913359
638,train,0.0,1.4158227122495624,3.721259865876725
639,train,0.0,0.969184748611039,1.166779706783731
640,train,0.0,0.8307416689543585,1.2727563571836393
641,train,0.0,0.7053349986792472,1.2807517666447206
642,train,0.0,0.8119228255592359,1.2727563571836393
643,train,0.0,0.8898727344896815,1.2727563571836393
644,train,0.0,0.5175278717518863,1.4771762801643584
645,train,0.0,0.7143367285942424,1.8514861630743749
646,train,0.0,0.7756746595457173,1.5970803685078843
647,train,0.0,0.6813290537802257,1.3859430398257264
648,train,0.0,0.7971363030255108,1.5033272944236247
649,train,0.0,0.461402685644912,1.129604059014393
650,train,0.0,0.8073559540055508,1.3384337989342616
651,train,0.0,0.6194198974192757,1.3032913042224537
652,train,0.0,0.8073559540055508,1.2495141915453045
653,train,0.0,0.8358140695710481,1.2495141915453045
654,train,0.0,0.8358140695710481,1.701662214300431
655,train,0.0,0.45069414305078204,1.0535615557658131
656,train,0.0,1.738269463633828,1.160641069512225
657,train,0.0,1.9337591055945977,1.4139401273055419
658,train,0.0,1.9729878358823245,1.5685231634089432
659,train,0.0,1.501800307730702,1.4860551264006325
660,train,0.0,1.5517431779397017,2.033250053183862
661,train,0.0,1.9510076084939736,1.8310827860995293
662,train,0.0,1.6231156385049954,2.058596331877585
663,train,0.0,2.6967686605099646,4.01493669193358
664,train,0.0,2.8165819998749986,4.7654121418615265
665,train,0.0,2.9624869453256446,4.898596257408817
666,train,0.0,5.398702762059978,5.5307549990453255
667,train,0.0,6.22343749564961,9.044365588770866
668,train,0.0,6.94602759476153,7.314873462173987
669,train,2204.0,9.602398503061952,11.257482871205305
670,train,6387.0,7.144146338899914,7.309537388441473
671,train,2563.0,235.61765668841423,135.7094298958348
672,train,4941.0,383.2245543163906,548.399783339131
673,train,0.0,219.89522531043238,662.8825802086615
674,train,2328.0,569.6903376241905,765.3350109683171
675,train,0.0,172.13540565413314,88.49453695668542
676,train,235.0,399.406010173382,544.7002504278515
677,train,536.0,511.42567186672477,666.6458500856714
678,train,423.0,1058.3038349945014,554.2587876436759
679,train,557.0,464.21764493469936,447.2101581328886
680,train,2689.0,1995.5327529702,1676.5579335673303
681,train,9985.0,2294.826468641706,2352.2454260884815
682,train,4724.0,2952.6955248051345,2532.4949276838443
683,train,15580.0,3761.5905259679303,3172.567937557601
684,train,4307.0,4782.0354018641865,3434.495740711776
685,train,2472.0,4385.156447393663,5489.827758122325
686,train,9400.0,4507.535460374516,4457.844832953463
687,train,9615.0,4464.425497535177,4764.869524114129
688,train,3433.0,5524.084494331412,5269.411189240327
689,train,2290.0,7681.557883900193,7148.0779024735
690,train,6819.0,7026.007857796587,6970.230384487878
691,train,16121.0,5663.3525567630795,4622.972889660358
692,train,2221.0,5721.010081274056,5115.869986732932
693,train,7831.0,9436.495161116974,9953.397694335934
694,train,5503.0,8406.317736673787,7021.776293051249
695,train,10169.0,7926.23120122145,8160.978738117636
696,train,7966.0,5876.062332819518,6046.422388842637
697,train,6928.0,7681.27780723147,7748.2122681973215
698,train,15203.0,8128.478527120213,8353.743554669925
699,train,15658.0,7874.760552205617,8128.501249660977
700,train,12538.0,10539.2794932625,10660.102813028974
701,train,5422.0,9994.955094615487,10357.734292900042
702,train,21662.0,10574.854062015895,10705.755517548081
703,train,4245.0,10079.024111920953,9578.225763792283
704,train,16637.0,14422.15691129276,14033.989099360755
705,train,9703.0,8577.725680006823,8277.18930311083
706,train,13233.0,12507.040335890728,12032.511974566478
707,train,13367.0,12128.291198775982,11631.859632816473
708,train,8837.0,11307.05612680866,11379.722724522582
709,train,12138.0,12766.237193940702,12165.208185991141
710,train,13475.0,10981.302499363055,10868.094895019187
711,train,19283.0,12687.791932641578,12309.68138128194
712,train,21108.0,12583.12564393191,12309.68138128194
713,train,14496.0,12618.90474563075,12798.7089876927
714,train,33293.0,13873.39051884595,14368.731087841552
715,train,46798.0,12126.84018338023,12809.744867574096
716,train,25665.0,18183.505616337676,18304.884798598323
717,train,16577.0,24626.770131575264,24883.286245283798
718,train,8764.0,17689.316728696733,20107.013423821154
719,train,7541.0,15799.134239958506,18099.161721389242
720,train,8349.0,11906.392967631225,13204.525233496192
721,train,17569.0,10519.98872873517,11399.27302781542
722,train,5549.0,9101.411211502096,10819.889979433892
723,train,12900.0,12211.168500247708,13577.364557951236
724,train,8685.0,10114.977064105682,10359.894276622837
725,train,19065.0,11104.328906194698,10448.210277561653
726,train,14336.0,8946.708381360719,10114.466843022326
727,train,3807.0,11856.793816829942,11392.666865595227
728,train,1897.0,12757.379277204527,13330.719321494002
729,train,9091.0,9613.75668759939,8880.153882347058
730,train,8887.0,7331.34351174471,6802.589592125409
731,train,7605.0,6792.096452776323,7406.6245182351495
732,train,8600.0,7440.368865395078,7496.2701344574
733,train,6384.0,8349.51000007607,9146.6981341575
734,train,4817.0,7475.356496717538,8387.846433293502
735,train,12379.0,7008.530782959506,7554.126118443588
736,train,14600.0,8081.521295420738,7867.787132786606
737,train,8132.0,8346.146416907075,8719.023832554574
738,train,7950.0,10444.676305555862,10899.286972466867
739,train,6119.0,8198.973212701914,9255.179383106075
740,train,3895.0,9992.122668364731,9649.596027506956
741,train,24880.0,7923.047040327563,8050.430379639332
742,train,7124.0,7282.515581192036,6505.704459963911
743,train,13559.0,12056.181804049173,11282.209298448392
744,train,13592.0,10736.022711486037,10328.094186431628
745,train,11230.0,11758.31055067576,11706.11325880552
746,train,12265.0,13287.38143951712,12484.607211441486
747,train,10916.0,11648.0154059611,11042.461056460937
748,train,26543.0,13458.102288882443,12806.67942046254
749,train,3073.0,13299.011054077453,12711.589677902455
750,train,1940.0,15417.807730698774,14516.541123823617
751,train,15958.0,10006.213728977078,10234.58187041143
752,train,15364.0,10326.307471139067,9608.623056967139
753,train,23347.0,11720.261308836441,11481.354662177939
754,train,9999.0,12958.348024187053,12213.88126995701
755,train,10033.0,15436.83556580163,14347.475288236014
756,train,25128.0,11978.540031297747,11167.13796749872
757,train,17112.0,11751.386804168504,10968.036300902546
758,train,21178.0,14985.790549975598,14482.808822841609
759,train,19906.0,14469.990159827434,14136.191708298244
760,train,21678.0,16599.745943668044,16178.083171817814
761,train,25517.0,17640.08707569745,16733.002495353256
762,train,18284.0,16907.563624937593,16428.763468245652
763,train,15765.0,18825.988861934027,17960.548065809933
764,train,11759.0,17759.907101797682,17512.093257055203
765,train,18190.0,16800.522134344046,16714.646169238746
766,train,22468.0,14680.363069968977,14601.846584145489
767,train,19540.0,14870.532193773895,14329.158162882864
768,train,16600.0,16874.453292201448,16358.605551631323
769,train,24629.0,17626.760565434266,17313.663734208425
770,train,17342.0,16522.763878356054,16507.447606191447
771,train,19940.0,18138.318514345043,17583.837025220782
772,train,34325.0,17002.283822283174,16765.04092060609
773,train,27846.0,18138.318514345043,17583.837025220782
774,train,7664.0,22401.012701775257,20831.130550859572
775,train,18469.0,21120.226316290093,20421.36361412424
776,train,10622.0,15951.543653201936,15956.181680658576
777,train,12473.0,15371.463156211981,15357.2140522382
778,train,11889.0,14345.583034467822,14128.940181040356
779,train,8033.0,14680.363069968977,14601.846584145489
780,train,20966.0,14584.103069432442,14493.807729920965
781,train,14358.0,13491.814940328353,12897.404186710004
782,train,12760.0,14969.187733639239,14410.621104010797
783,train,15114.0,12815.235488919005,13353.784276571803
784,train,13184.0,13256.547342710923,13905.333754815896
785,train,13478.0,13475.374042717147,13983.715659467958
786,train,8029.0,12145.925548131348,12786.151521397358
787,train,10617.0,11991.848894113547,12215.660212345709
788,train,10811.0,9565.85454571728,10722.572726972376
789,train,16697.0,8359.572806947455,9089.693890685876
790,train,16277.0,7686.591665333299,9099.6145050245
791,train,765.0,8927.011921383775,10440.64153318848
792,train,4941.0,8797.769075662476,10648.846817525797
793,train,3578.0,4370.186834784877,4850.26452387227
794,train,10414.0,6270.197375924041,7593.972225891667
795,train,6783.0,5747.959110724961,5826.376244439301
796,train,7859.0,7185.910556609356,7643.759038132072
797,train,15196.0,7442.756151025594,8059.318615652248
798,train,6081.0,5370.560710646459,5175.201826563904
799,train,8638.0,8202.785570374685,8815.806331282489
800,train,1531.0,7468.6525901749665,7375.5134733409
801,train,8747.0,8587.67320607449,8473.511801141456
802,train,3851.0,5620.042681099184,5545.405448733731
803,train,2807.0,7131.855927507653,7253.258147245986
804,train,3232.0,5952.943808953547,6041.557248046961
805,train,6929.0,6066.941894624678,5893.767544360805
806,train,3919.0,5663.4210725008625,5447.206067546304
807,train,5353.0,5584.760688186508,4389.12434121451
808,train,4317.0,5713.586701865613,5586.825188516127
809,train,7630.0,5865.5956876633445,5090.643196473623
810,train,2935.0,5605.888572298513,5565.9983918856215
811,train,6223.0,5284.039536614198,5122.017816202949
812,train,3409.0,4820.865474106295,5645.196734520107
813,train,1014.0,4548.904966080197,5035.641442682105
814,train,2269.0,3971.311124712489,5274.114370657956
815,train,9289.0,3818.7862577105316,3783.322002964568
816,train,3848.0,3335.652147830823,3857.006431440707
817,train,8334.0,4261.490520469661,4783.210115513911
818,train,10865.0,5139.082945945725,5907.921943452809
819,train,4686.0,4756.107502520231,5829.575831288313
820,train,3954.0,5858.787432724624,5674.669258790377
821,train,5986.0,6003.065938265537,5939.768178316567
822,train,7058.0,6351.059375227427,6411.298411626142
823,train,14519.0,4870.549407490072,5081.98997541717
824,train,11318.0,6887.333496832441,6961.829219838501
825,train,13020.0,7394.922545600313,7762.920110397648
826,train,0.0,6640.579054381531,7046.782534635416
827,train,10046.0,7283.543183160494,7485.546559324406
828,train,6647.0,3878.2463307029893,3751.77423101015
829,train,14111.0,5759.099579749549,5748.670712159542
830,train,4744.0,6517.111249637205,6491.636488675524
831,train,4258.0,8989.393848862203,8920.38889489609
832,train,9340.0,6780.697941230866,6402.391750498211
833,train,6724.0,5583.843051066928,5467.797258895272
834,train,15551.0,6960.942788555035,6653.201366411656
835,train,18398.0,6186.668513178529,6576.1895048385795
836,train,9554.0,8731.669217002342,8710.00623328458
837,train,2832.0,8041.800578916083,9093.552467915064
838,train,5304.0,7124.886292770376,7526.735964757587
839,train,10487.0,7099.576872040048,6720.612515195948
840,train,11859.0,6814.426482868214,6328.865971297547
841,train,1499.0,6596.274373344148,6662.938688013201
842,train,1296.0,7266.347530435275,6944.1371414861005
843,train,1425.0,5503.440717053726,5545.852433457344
844,train,5052.0,3742.093519897601,4520.561608742137
845,train,6180.0,1814.628817177869,2879.041812941635
846,train,12827.0,4287.145816131427,4038.1728727020136
847,train,4301.0,5320.693708626635,5221.936217261944
848,train,11333.0,5238.788658253201,5503.14948453385
849,train,5497.0,4732.874056519118,4785.355718906593
850,train,9228.0,5017.979708218159,6628.509625959943
851,train,5912.0,4797.221459985075,5559.443112437415
852,train,11795.0,5570.004077820687,5991.789267664808
853,train,16115.0,5680.918891389318,5788.01913452649
854,train,8586.0,4771.140965173804,4884.655685996462
855,train,10505.0,7567.536933733784,8123.965762156255
856,train,8705.0,5767.462081097716,6774.126352884525
857,train,3530.0,7101.237951282249,7401.65954606194
858,train,2074.0,5201.220785528745,5700.782396304352
859,train,4542.0,4571.484621662944,4954.677345787301
860,train,413.0,2474.0514299066867,3342.979783803954
861,train,4082.0,2533.803353076378,3167.1087749664393
862,train,4837.0,1411.226527550881,2019.1553352699698
863,train,1155.0,2194.787427981323,2568.923201901597
864,train,2028.0,2294.6158646988133,2320.682124163331
865,train,551.0,2134.256108591143,2184.8630682094413
866,train,1086.0,1730.743882118976,1423.2981394799278
867,train,600.0,728.3681577006662,1317.149626372351
868,train,399.0,778.6796962539686,1187.084639162669
869,train,434.0,796.8609497780234,1302.26895366937
870,train,1220.0,292.04885762202167,654.9492372639734
871,train,0.0,181.69398106648103,188.62855817702507
872,train,773.0,246.70332576937972,229.2798589203589
873,train,2345.0,299.46288791061176,250.32243281571448
874,train,0.0,84.81455431363645,77.60885494958882
875,train,5005.0,374.0745320463006,295.51541661749496
876,train,2859.0,138.3485143166322,135.15278669902452
877,train,2968.0,848.81959501897,659.5321025198131
878,train,3249.0,793.165291147934,795.8632556159598
879,train,3303.0,1744.7937201732625,1067.2363250777478
880,train,1980.0,422.2945675778206,461.870014572891
881,train,0.0,325.9507194506551,426.3187500537023
882,train,1764.0,203.09206585000948,298.52931848699905
883,train,1959.0,61.74259539513435,56.645677427916034
884,train,0.0,38.34956789335211,71.83524134965616
885,train,0.0,28.206068746420048,74.65507447842889
886,train,343.0,64.97075401238699,100.55165166939506
887,train,612.0,92.70969675315678,42.053872646375225
888,train,1358.0,33.31657835308374,54.329955820340295
889,train,0.0,13.48286878554189,75.90078277534876
890,train,0.0,35.6705671067317,16.637566008690484
891,train,0.0,13.191623765508805,11.141375096040655
892,train,0.0,14.260239819057883,7.417689254959839
893,train,0.0,1.7256905695375688,2.890411947093662
894,train,0.0,3.2607274541252975,2.7785059459205645
895,train,0.0,1.9817147423845394,2.3018202487623096
896,train,0.0,1.1644243889230803,1.3200058826548626
897,train,0.0,0.7398793939486275,1.7685249658457027
898,train,0.0,0.0,1.4033989125094464
899,train,0.0,2.1630287108229296,3.798137549164789
900,train,0.0,2.032167040729729,2.616102930325487
901,train,0.0,1.5998781948656617,2.3271361512228745
902,train,0.0,0.6272812783974344,1.9431372448884168
903,train,0.0,1.0395264312925478,2.308359761258962
904,train,0.0,1.0743883805745225,3.098586711679106
905,train,0.0,1.23656910235941,1.501524982513132
906,train,0.0,1.9978539725297209,2.6654562719776593
907,train,0.0,1.1681768903119152,1.4398814659839112
908,train,0.0,1.1214765651246497,1.5092136118677617
909,train,0.0,1.8478422731062327,1.8324944311136426
910,train,0.0,1.0860385049159436,1.1979384298009803
911,train,0.0,0.8990475747335642,1.1177764828756516
912,train,0.0,0.8347088794514286,0.8221535237874045
913,train,0.0,0.5455335827754579,0.8221535237874045
914,train,0.0,1.3144268804586305,1.1020907379852072
915,train,0.0,0.9169386873125751,1.1202310338632149
916,train,0.0,1.5278006341012933,1.1020907379852072
917,train,0.0,0.9444143032464136,1.1020907379852072
918,train,0.0,0.9444143032464136,1.1020907379852072
919,train,0.0,1.2672897059896786,1.6497196496393944
920,train,143.0,1.881622975600242,1.3304281649149394
921,train,0.0,2.872538385828662,2.188311359781431
922,train,0.0,3.0452731857186732,2.678131228634895
923,train,0.0,2.8206371707524416,2.188311359781431
924,train,0.0,4.687971005409618,3.0977402067766064
925,train,1395.0,3.596377647026114,2.398063824801042
926,train,936.0,6.181146020585995,13.353109805154892
927,train,463.0,9.552639125564257,6.558856715196558
928,train,0.0,5.272961852160337,5.827626057394069
929,train,0.0,6.596655923159367,8.61424831797644
930,train,0.0,2.381535045323097,2.5760238151136097
931,train,0.0,2.804052208179638,2.440705723215547
932,train,0.0,3.1627934636329433,2.5787165387974014
933,train,550.0,4.491673573172949,2.808201197790563
934,train,0.0,2.2580617221798485,1.757726715208014
935,train,0.0,2.9957430700239307,1.4978047804452221
936,train,0.0,1.8643629526632641,2.0802022354748213
937,train,0.0,2.113102861286001,1.8767714691849604
938,train,0.0,2.3492243651417057,2.971433955637183
939,train,0.0,2.994198623191126,8.5934893923448
940,train,0.0,1.721548362167808,2.214188991683621
941,train,0.0,1.721548362167808,2.214188991683621
942,train,0.0,1.6938201908651962,2.378191643643462
943,train,0.0,2.4055719131113116,2.214188991683621
944,train,0.0,1.8685633388711191,1.9765648807702139
945,train,0.0,2.479801745043881,2.4414802230458004
946,train,0.0,3.0828204840293756,2.635176450394495
947,train,0.0,3.4083724500884243,2.520191601469313
948,train,2121.0,7.501542657668047,3.635323576239826
949,train,0.0,3.787270052307526,7.595438075060102
950,train,785.0,28.39671705720198,19.021328518871126
951,train,0.0,21.165202494946598,16.880854014594803
952,train,0.0,9.78442759905285,11.545033675710641
953,train,2019.0,28.174558808824298,12.54951742279375
954,train,2431.0,24.408142062300435,16.613117591928013
955,train,0.0,25.08089027768839,15.880578679608423
956,train,50.0,38.99798932668545,33.059689630746945
957,train,0.0,11.932684106149667,11.757886073306116
958,train,0.0,9.739107052041128,14.0093402299105
959,train,55.0,36.96825116144641,52.17973971010266
960,train,82.0,43.491977501487426,45.459835690966976
961,train,203.0,104.42821884048054,48.12853175673271
962,train,3433.0,145.61264275198099,57.565933381924246
963,train,637.0,211.03026321067463,103.27900144166674
964,train,0.0,82.62485582109767,103.35795603432643
965,train,0.0,38.26243629964135,76.58706638677788
966,train,0.0,26.15018032312586,65.93495829610133
967,train,1823.0,32.57965070582344,110.13509267997445
968,train,4408.0,55.75327913410914,56.39195386931076
969,train,2789.0,495.4796055099931,772.2860256925499
970,train,352.0,768.3537433322684,1401.4144957606397
971,train,532.0,865.9397879917783,1825.3410242801322
972,train,1269.0,571.601624037009,1357.9930891069096
973,train,1499.0,405.1772836907832,2828.3022117388923
974,train,3662.0,1639.7383060994655,3127.310051581271
975,train,4234.0,1364.1258965971222,2624.1025114474382
976,train,2784.0,1799.1255353838226,2407.7524412240805
977,train,823.0,2890.9991557191884,2768.2870851865173
978,train,1993.0,2008.6062389481203,2877.5334239224717
979,train,2970.0,1391.4866971068354,2489.561891980224
980,train,3041.0,1400.617031933042,2355.518978681524
981,train,2004.0,1735.0722160700243,1970.009747102635
982,train,6350.0,2160.4948244100297,2402.8847676778237
983,train,3923.0,2054.5462367768873,2376.7711142109392
984,train,5895.0,3331.8403843141086,3588.711256058866
985,train,7430.0,3912.0779283307515,3871.508205702152
986,train,9316.0,4204.355774207624,3578.424482811382
987,train,12909.0,5255.072239513132,5724.661510651805
988,train,12110.0,6005.411575539592,5852.332746915979
989,train,6669.0,7610.460968602415,7605.519554735845
990,train,4976.0,7855.436112412887,6705.673630725627
991,train,16397.0,8947.703253633885,8811.809353388351
992,train,812.0,5405.287432833966,5522.526934415517
993,train,8046.0,8559.061472118216,9026.585187057299
994,train,9181.0,4749.641402056388,5663.298517285251
995,train,7120.0,6863.4061719202,7422.8841322992175
996,train,16230.0,7301.268389629546,7255.597235374395
997,train,19921.0,6811.483230894907,7174.185077022005
998,train,6318.0,9630.300248171663,9822.658307975991
999,train,12074.0,8084.523612877948,9237.310137305567
1000,train,15580.0,9744.626225976632,9935.028280633722
1001,train,11372.0,9323.841058281816,9869.656990164875
1002,train,8329.0,10241.000684862194,10554.293178164178
1003,train,16168.0,10264.449086133682,10518.96769542315
1004,train,14138.0,10264.449086133682,10518.96769542315
1005,train,15019.0,10982.154349948705,11246.47826467482
1006,train,9155.0,9546.646333912744,10344.022352183663
1007,train,7135.0,9408.433594839233,10209.353910442238
1008,train,2245.0,9047.754441026644,9824.80570118189
1009,train,3541.0,8840.819829490982,9494.709340627567
1010,train,595.0,5327.704999925341,6670.071498816889
1011,train,5516.0,4275.083495453886,4849.640953781965
1012,train,6034.0,1763.0071871563641,2351.865357883407
1013,train,286.0,3913.4932033233717,4157.875721551874
1014,train,5059.0,5023.073227803835,5517.9484723430305
1015,train,1583.0,3524.3353817524226,3898.5159715518885
1016,train,1219.0,3031.5060931496805,3163.2895979726727
1017,train,2438.0,2138.1798750891576,3523.9455868608998
1018,train,10708.0,3215.9372901686556,3606.295430875533
1019,train,6024.0,2302.229493431815,3597.5722904721247
1020,train,15110.0,4303.606224405551,4170.112282477501
1021,train,2917.0,5154.797169089855,5832.210903615928
1022,train,1368.0,6869.4720113821895,7179.0848731986025
1023,train,1089.0,4752.905201080431,5082.054829196432
1024,train,5562.0,4907.970006087616,4344.40999585866
1025,train,975.0,2382.9175932429143,3326.00534777247
1026,train,1892.0,3519.0043626861057,4264.7111338201175
1027,train,2441.0,3793.127759309051,3882.183686495929
1028,train,3624.0,3400.1475462287376,3650.2286900516765
1029,train,8918.0,2669.5754521479635,3343.666110828669
1030,train,7929.0,3031.6479125834635,3840.3903643283024
1031,train,24376.0,5842.797322033173,5785.824961766902
1032,train,14255.0,4841.431743108391,4963.780350162031
1033,train,8880.0,9937.780123760103,9149.653987555577
1034,train,19789.0,9053.624935709111,8687.275964087397
1035,train,5598.0,8378.29599786518,8136.151607054652
1036,train,6516.0,10745.95396837333,10064.329691057932
1037,train,13636.0,9881.243601324053,9232.837366629034
1038,train,6745.0,9466.318401769393,7947.228390245384
1039,train,2340.0,7580.953057940388,7911.104768847063
1040,train,7147.0,9509.729379944785,9407.640712312745
1041,train,4064.0,8142.4272333421895,7883.444087974863
1042,train,6943.0,8652.365678017131,8673.422807832516
1043,train,8666.0,7381.8689073862315,7021.74023539126
1044,train,4153.0,7896.677169348948,8189.3759661163385
1045,train,15633.0,8143.268460700901,8101.934419775309
1046,train,18971.0,6447.460759025611,6115.117743624124
1047,train,8867.0,9242.547098662828,9579.429770570048
1048,train,15835.0,9382.270962597697,9093.209255299565
1049,train,8615.0,9755.893114713466,9338.684979986905
1050,train,5697.0,10986.349600654383,10900.790714984138
1051,train,15027.0,8839.018241167654,7987.894632492538
1052,train,21378.0,9100.23051104402,8564.57249969132
1053,train,22000.0,9256.055312791466,10093.109935114588
1054,train,4238.0,12695.46072235112,11544.511674237836
1055,train,5059.0,14416.681277433925,13024.41966216032
1056,train,9613.0,10329.455649351486,9674.358060272805
1057,train,11859.0,9900.888622829278,9274.506688846277
1058,train,8704.0,9158.572596695578,9090.805943301159
1059,train,3793.0,9571.854280624277,9499.578909113605
1060,train,6391.0,10944.492825578329,10523.162777300273
1061,train,12649.0,7841.981895512917,7253.5357426985975
1062,train,11790.0,8421.345673009648,7709.429730279443
1063,train,7357.0,9433.276628645575,9354.621987379725
1064,train,6082.0,10745.954039809758,10462.728331938903
1065,train,6862.0,10710.872476254955,10226.574061987161
1066,train,12970.0,7632.838312461315,7252.544954996512
1067,train,5324.0,7535.205585084332,7518.516487528904
1068,train,3334.0,7988.030444567918,7963.3715841635685
1069,train,13386.0,8255.136164704849,7839.057205827377
1070,train,7206.0,7702.084456708337,7005.559302416184
1071,train,17406.0,6580.858985240771,7641.6352348957835
1072,train,10327.0,6471.852212524329,7536.053508185676
1073,train,6392.0,8679.798515517294,10108.994464974634
1074,train,11905.0,7831.956367676898,8971.811120907332
1075,train,19847.0,7085.619854109175,7940.453960063458
1076,train,1953.0,5959.25262824318,7756.9099775116965
1077,train,2462.0,8987.071492649207,11034.560135875405
1078,train,3825.0,6310.166597743185,7377.872847097729
1079,train,1173.0,5215.758241455457,6254.782407793915
1080,train,651.0,2420.4839792076564,4235.688728398287
1081,train,2624.0,2398.268036533418,3294.8381074342346
1082,train,1732.0,1671.5791420720743,2518.0104502529302
1083,train,6365.0,2972.6947656120883,4306.075312933502
1084,train,1473.0,2960.58296945091,3883.909917834988
1085,train,1020.0,5153.3969669528715,4482.573177610721
1086,train,1263.0,4150.098554813822,4062.5887506934737
1087,train,3800.0,3656.728581366296,2915.58359348844
1088,train,5363.0,2743.329328863743,2454.149091969274
1089,train,3669.0,2542.2523573641456,2644.617689256367
1090,train,4356.0,4275.82763555325,4999.67485071911
1091,train,6688.0,4009.1110735662837,4646.009332665958
1092,train,6053.0,2663.529949923275,4351.493452728149
1093,train,8010.0,3676.357744488954,4402.394589600806
1094,train,10187.0,5660.562001209556,5210.153451456523
1095,train,7133.0,4524.736740940742,5340.273583574237
1096,train,9561.0,5196.498297999659,4736.508756290359
1097,train,5328.0,4728.566286651099,5574.3786024073825
1098,train,1420.0,6631.702197300501,7152.131595067982
1099,train,7776.0,5283.1873484869875,6121.662962332459
1100,train,9374.0,4730.293474342136,5180.445058368684
1101,train,3145.0,4716.985597967224,5525.831010162954
1102,train,11477.0,5723.256813016311,6749.48184138771
1103,train,7785.0,5387.083158940335,5962.19524137362
1104,train,2787.0,6548.841818292931,6444.660151056384
1105,train,3299.0,5675.389046758103,5788.968110530951
1106,train,6867.0,6698.3611766759095,6407.833588899702
1107,train,10333.0,6284.331038042877,5784.152708227986
1108,train,1387.0,4687.2905744268755,4201.9814352227895
1109,train,484.0,6228.4561360130465,6392.395889902503
1110,train,4316.0,5467.483931447784,5904.387777796547
1111,train,10455.0,4241.447684059225,5116.869491902077
1112,train,16805.0,3315.9282711372744,3346.1702676433993
1113,train,18436.0,6642.547807822676,6187.138725312723
1114,train,2872.0,8824.286714276366,8963.12342591077
1115,train,16683.0,8218.689843975164,8169.928360887276
1116,train,4698.0,6341.1615288018775,6457.524546602054
1117,train,8200.0,7836.553600513536,8416.71938158988
1118,train,6146.0,6595.969815786798,6293.312485195784
1119,train,10149.0,6613.680035990306,6782.550600940507
1120,train,10267.0,6179.597631067059,6053.818140677818
1121,train,5691.0,5629.979269227576,6061.343572557937
1122,train,5164.0,6335.955798436026,6476.150154776476
1123,train,6358.0,6430.330503319253,6419.443453664896
1124,train,1379.0,7198.644466519121,7023.7738808747245
1125,train,2051.0,6839.340023290168,6576.1895048385795
1126,train,6241.0,5519.804206686755,4401.2342660114
1127,train,12622.0,4578.464071539785,4842.772632536299
1128,train,6150.0,5238.983148226952,5163.672647705559
1129,train,3960.0,5369.832284601237,6179.2728672983585
1130,train,8648.0,6006.687505245609,6096.607882952139
1131,train,10088.0,5054.784974373628,5159.90517221347
1132,train,9109.0,4300.926581937156,3599.0292405682217
1133,train,11334.0,5630.78445464138,5670.979265661279
1134,train,7148.0,5582.102257728965,5983.381372912109
1135,train,1499.0,6940.952072909957,7462.495477310387
1136,train,701.0,4389.767527627435,4889.86068686574
1137,train,3177.0,4770.929075165632,4850.931225761298
1138,train,2626.0,3772.156828341017,4124.860605362748
1139,train,5797.0,2834.1292381723088,2422.340446413784
1140,train,1199.0,3049.224478991466,2850.8083230249977
1141,train,1826.0,3701.663706047491,4472.167310984478
1142,train,1604.0,3377.20056871995,4100.120440207676
1143,train,3617.0,3196.554818843219,2858.867662774285
1144,train,1836.0,1818.8357878450263,1628.32823838299
1145,train,876.0,1982.8435710880635,2235.6902618974204
1146,train,808.0,1632.1051277122665,2096.450448376047
1147,train,5597.0,1846.4757766364826,1637.6673185762777
1148,train,1394.0,1023.27646946751,754.313269111715
1149,train,3826.0,1203.4958272501212,1858.9958467221168
1150,train,5012.0,1805.6698461223657,2706.004988811525
1151,train,6133.0,2658.551088679626,2011.0507350074433
1152,train,6969.0,2800.0176667749724,1459.4850817263439
1153,train,0.0,1393.3051956076224,1916.1756695071565
1154,train,2149.0,3168.807152462312,3986.3072655300844
1155,train,7835.0,4084.709029000748,2950.5040709714353
1156,train,3887.0,2968.517756305217,2690.2687347683604
1157,train,1919.0,2015.219149444976,3111.6458406227775
1158,train,4632.0,2744.1683143644086,2853.7600076407925
1159,train,4928.0,2952.05527987804,2258.8468097203054
1160,train,3597.0,1519.1538110379327,1468.326592030794
1161,train,7689.0,1804.6722394023675,1960.96907408667
1162,train,7567.0,2035.0633611808341,1988.2349436894422
1163,train,5689.0,1909.3514178579583,2695.8742856848476
1164,train,889.0,3183.708490021712,2985.2842773202974
1165,train,2108.0,3086.7315714887563,3073.058928001344
1166,train,5051.0,2060.818062768982,2255.304672255201
1167,train,6279.0,1114.2542487552098,1691.166299415647
1168,train,6828.0,1365.9726848278626,1578.4941197873588
1169,train,5153.0,3042.5650463604425,2339.576819194743
1170,train,17424.0,4768.101666463087,3630.0516240103316
1171,train,1913.0,1692.534320889109,1458.551156288896
1172,train,2225.0,2640.1505033798176,3715.3209034335214
1173,train,4564.0,1395.914945414871,1937.4237834022347
1174,train,5104.0,1302.6173397816374,1423.35714126254
1175,train,4104.0,1336.135480899099,1610.5611355779085
1176,train,4746.0,404.7596042163776,545.5155685647989
1177,train,0.0,264.5808645876232,329.7176477699799
1178,train,3537.0,374.49093581978497,467.2529439291432
1179,train,4085.0,538.7765931698142,908.8976895370901
1180,train,4368.0,909.9547286213013,1235.0709401932281
1181,train,2705.0,573.7457148537876,1046.8255157287194
1182,train,0.0,103.83453691066799,173.0304333600647
1183,train,0.0,115.26137704482069,78.81095861752875
1184,train,0.0,32.59238603933413,43.36854796596978
1185,train,0.0,12.576161321198782,6.643732755689683
1186,train,0.0,3.535551043694708,3.792561654744669
1187,train,0.0,6.071783492327277,3.6854083943160507
1188,train,0.0,2.5683097895035174,2.3146671403214416
1189,train,1310.0,22.47376407343802,18.35371154825662
1190,train,1336.0,23.923566292777053,28.320928252786903
1191,train,1128.0,269.9058530462316,104.7174400852102
1192,train,0.0,69.4080446651428,49.85090246589341
1193,train,778.0,223.2616731667762,65.4104452146707
1194,train,1867.0,61.9962935929826,35.17176677863201
1195,train,1069.0,96.25270310813714,62.58327267367398
1196,train,0.0,7.689334483743648,6.6417111828912345
1197,train,0.0,4.876127295934808,3.5320783278711687
1198,train,0.0,3.5543640235780893,3.2697470083469335
1199,train,0.0,4.79642403188601,4.466161718237524
1200,train,0.0,0.6747479655408506,1.7966581237946553
1201,train,563.0,2.334984968843535,2.427737044389746
1202,train,0.0,2.95861838651197,2.7613315107271657
1203,train,0.0,2.121578041715251,3.520004848627547
1204,train,0.0,1.544698498571671,1.7331440357011383
1205,train,0.0,1.7531784127377823,3.0588284063142313
1206,train,0.0,1.1566284493732875,2.1091069249977967
1207,train,613.0,8.940388380102345,3.6947154355877965
1208,train,0.0,6.7017250602470035,11.97924548187325
1209,train,0.0,9.01824168500273,17.98046450962655
1210,train,1861.0,12.118766963867518,17.98046450962655
1211,train,2189.0,17.358663743544565,20.611250848178937
1212,train,448.0,5.09047668140961,5.738620638023407
1213,train,0.0,4.34245097326366,4.41714096117317
1214,train,0.0,2.721981545687652,4.218300508806099
1215,train,0.0,4.135419776463451,3.968156508643215
1216,train,0.0,1.278878751118306,2.0821167853520324
1217,train,0.0,1.9490321592754505,2.4282673189427637
1218,train,0.0,1.2121954995443467,2.3571462842492625
1219,train,0.0,1.6184484041275082,2.6481044443747086
1220,train,0.0,1.6474537894142958,2.577142950194434
1221,train,1055.0,3.581619521590297,2.075509486995424
1222,train,0.0,2.230211322589579,1.6109121619897757
1223,train,0.0,2.4194008952158508,1.038305387757112
1224,train,0.0,2.2500058000674255,1.4886270284032501
1225,train,0.0,2.6736616155078585,1.2125785571068688
1226,train,0.0,0.8224454162651296,1.0383574583440067
1227,train,0.0,0.9639278180082267,0.8423824520918166
1228,train,0.0,1.2582028725326295,0.8566261578119496
1229,train,0.0,0.9955766819478891,0.8757632279540797
1230,train,0.0,0.9955766819478891,0.8757632279540797
1231,train,0.0,1.058811400833914,0.8757632279540797
1232,train,0.0,0.6415177547630162,0.8757632279540797
1233,train,0.0,1.0700169863746791,0.8757632279540797
1234,train,0.0,1.5944230961910946,0.9588727118208571
1235,train,0.0,0.8430741650386002,0.9438727887427101
1236,train,0.0,1.192903500006652,0.8314961245317265
1237,train,0.0,1.1061732112327864,0.7655930680490455
1238,train,0.0,1.2400301873759703,0.9724053674741406
1239,train,0.0,1.3875310625729553,1.6710573295272755
1240,train,0.0,1.5785859977998422,1.4162506812498958
1241,train,0.0,1.6394057373076265,1.8503400371822476
1242,train,0.0,1.6096556103721005,1.6723766605392347
1243,train,0.0,1.261335515365153,1.2912011008288733
1244,train,0.0,1.6902259871410261,1.71865645738432
1245,train,0.0,1.6902259871410261,1.71865645738432
1246,train,0.0,1.6863647599032565,1.6622566372311565
1247,train,0.0,7.5543131196960065,7.387601040468677
1248,train,753.0,10.33962220092383,6.6184378241453015
1249,train,0.0,15.585364495490829,13.592602278766043
1250,train,1541.0,43.274441594771886,26.69743881483639
1251,train,0.0,36.13375561689176,39.85842698304472
1252,train,0.0,46.38267535719408,110.08427641977454
1253,train,1476.0,136.43688749168936,153.98703934062908
1254,train,949.0,96.75502731078149,153.76413488889887
1255,train,205.0,148.0485825246665,106.63597729251374
1256,train,359.0,285.68685885558205,693.3044663448846
1257,train,541.0,630.2659253115384,427.88469784745445
1258,train,743.0,762.3461315315241,689.311840214487
1259,train,729.0,226.28685743280556,440.0726453924845
1260,train,1343.0,294.0644285873922,1015.7194170541978
1261,train,2021.0,669.00109418378,1484.9204672043875
1262,train,1047.0,747.8428288405291,1886.1742778276944
1263,train,5506.0,1140.2861489395361,1872.0905231651632
1264,train,2343.0,827.735958866414,2252.578082671457
1265,train,3924.0,1673.334982256189,2796.490076677192
1266,train,6466.0,1847.2794750390221,3142.526298717221
1267,train,9154.0,3567.9183413867286,3325.199932730056
1268,train,1573.0,4029.8275339445463,3889.344673408565
1269,train,3840.0,3286.820300835845,5174.694140708657
1270,train,10582.0,5035.442908993315,5231.100072161234
1271,train,6542.0,4386.3702399908,4172.450976295813
1272,train,4669.0,4697.158709030166,4428.26246030326
1273,train,5182.0,7467.271967831273,7581.386615426016
1274,train,5333.0,6946.957841817304,6718.352761296822
1275,train,3115.0,4614.300957611543,5426.307271212588
1276,train,8220.0,5252.876224700257,5837.101097785543
1277,train,11627.0,5052.248096444628,5086.23370122113
1278,train,17757.0,6958.562473208238,6900.977512645393
1279,train,18556.0,6554.343897421027,6658.247200495967
1280,train,5092.0,10159.539600953041,10656.978158011343
1281,train,9163.0,8934.86063950736,9283.820240798217
1282,train,6336.0,7528.2959293725,8373.340574933363
1283,train,4786.0,9957.17129887042,9861.113609832748
1284,train,5764.0,8234.252351496347,8660.509037517635
1285,train,8516.0,6800.063452298747,7124.953713227916
1286,train,8175.0,7879.1096337822155,7743.076076784456
1287,train,8662.0,6656.094488595774,7656.011611499211
1288,train,6680.0,8198.53255866079,8389.449198217182
1289,train,6257.0,7751.766250661593,8245.894843206113
1290,train,16918.0,7287.614948691094,7967.365558665035
1291,train,17283.0,7651.688665945453,8138.539204916407
1292,train,14218.0,9388.73428798539,9964.867980809997
1293,train,23983.0,10683.005375627488,11090.851955340939
1294,train,7292.0,9678.906580731675,11165.355032148864
1295,train,6179.0,12181.600861923926,12986.847709912252
1296,train,4425.0,10355.977783947306,11180.835659975479
1297,train,9193.0,9241.415754138965,9527.552178243057
1298,train,23230.0,5873.143420931208,6840.290768769897
1299,train,5894.0,6549.029369763694,7056.675928104615
1300,train,12289.0,11670.8195871079,12091.674721988447
1301,train,6194.0,10289.84793429185,10392.528267120279
1302,train,4906.0,9663.670620120525,9629.634770843708
1303,train,6744.0,7415.533478913002,7260.098099607885
1304,train,2864.0,6695.781384342378,7211.662753793493
1305,train,3624.0,7008.395467755431,7560.4971188696645
1306,train,11603.0,5575.236821254726,6356.791827670939
1307,train,8886.0,6479.4980843237645,6910.023074149228
1308,train,8456.0,7214.474230091176,7808.765113182078
1309,train,11647.0,7076.341518064476,7948.737638073276
1310,train,13400.0,7308.331999752678,7791.178239260045
1311,train,4599.0,6289.505392308364,7118.664490410026
1312,train,15859.0,7465.3096477301315,7402.555933789149
1313,train,11245.0,7500.44201544328,7815.196288812988
1314,train,14544.0,9202.367259150338,9545.809133878387
1315,train,14200.0,8361.041025565195,8397.757533592921
1316,train,8738.0,10312.700434969185,9733.479805234372
1317,train,13984.0,11333.58482852693,11517.372789000174
1318,train,8808.0,12550.550596458603,10305.357518673673
1319,train,9185.0,13046.624703557223,12473.966033166942
1320,train,7195.0,12800.660375033569,11975.570900485827
1321,train,18765.0,12439.632968247279,11791.562963955836
1322,train,19338.0,10325.83648419269,10221.12359921079
1323,train,17693.0,14016.242173612865,13206.555002649837
1324,train,13339.0,13748.42472290353,12982.028603029205
1325,train,7879.0,13281.07841447679,13248.787324614646
1326,train,5512.0,13255.631642233855,12732.88379671002
1327,train,14352.0,12045.121284177767,11613.994521257997
1328,train,7684.0,8322.55945192934,8728.197165276935
1329,train,3623.0,10737.45939527447,10587.200925687512
1330,train,8238.0,9573.297354626076,9645.30633849971
1331,train,10480.0,8980.733168953182,8725.828934042142
1332,train,7672.0,9554.470969063972,9466.69548458413
1333,train,10672.0,9458.173959965106,9663.35759060646
1334,train,9543.0,10477.524717289672,10355.947276085115
1335,train,16306.0,11513.17028216621,11133.848555590574
1336,train,16758.0,8890.940503673773,9125.366725432435
1337,train,22902.0,12065.16760319075,12334.559520775829
1338,train,16588.0,12223.736553718772,12557.54542878651
1339,train,17017.0,14168.489459263172,13446.80844204177
1340,train,19193.0,14037.103098448817,13469.187536276184
1341,train,15099.0,14444.489118980664,13679.37266912628
1342,train,17091.0,14444.489118980664,14136.191708298244
1343,train,4576.0,12826.490280240147,10994.264858286966
1344,train,17586.0,13197.243875886335,11311.896864387501
1345,train,13226.0,11148.880703221781,10465.758237928194
1346,train,20855.0,13587.88194196198,13418.25196595379
1347,train,11730.0,13425.34537060866,13164.073872199247
1348,train,14472.0,14910.847505531012,12456.904301235538
1349,train,10168.0,12888.862021368886,12695.499036360477
1350,train,13095.0,13880.673543924595,11900.462786722455
1351,train,11363.0,12730.794471216994,12608.973742284043
1352,train,30719.0,12676.413975780779,12537.915153727268
1353,train,31703.0,12045.121284177767,12001.84584413629
1354,train,24543.0,16093.56994706617,15729.301687514873
1355,train,24932.0,22432.48128218733,21119.033636672757
1356,train,3917.0,17933.84377192357,18303.85019492079
1357,train,9157.0,16643.347674381566,17955.72930225971
1358,train,19655.0,11427.0016886628,10760.247737056574
1359,train,32233.0,10294.736685398957,12705.622857024116
1360,train,11233.0,12134.75807558122,13848.00824756564
1361,train,6621.0,15783.344764786805,18724.118301754635
1362,train,7947.0,11228.12670545104,14244.091620750762
1363,train,12362.0,10613.633413447817,12919.585939281473
1364,train,17727.0,7790.682253522647,10561.001255508774
1365,train,244.0,5237.076653897187,7731.770229244233
1366,train,0.0,6234.446664265987,10418.847883079246
1367,train,2479.0,2958.9937976238775,3764.496780054319
1368,train,3593.0,3388.64517736217,3915.8413750241484
1369,train,1741.0,1405.8271442262567,2771.6823887178175
1370,train,566.0,3144.233018800936,3388.4393582207467
1371,train,2684.0,3084.4138242744316,4136.401193609681
1372,train,2281.0,3345.8598938857212,2763.740711498577
1373,train,2526.0,2190.4679631800477,3961.3877249359266
1374,train,9272.0,4246.5054121845105,3098.9340683926785
1375,train,9987.0,4479.726960091672,4154.49052259022
1376,train,9495.0,6021.130734095097,4557.138479435275
1377,train,5935.0,4941.590224089683,5285.3842071444415
1378,train,9065.0,5315.177081941313,6490.268068427687
1379,train,2946.0,4257.238781135445,5478.221574467657
1380,train,1687.0,7207.943109707751,7342.538417747161
1381,train,10509.0,6273.99343546652,6415.128071605442
1382,train,10255.0,5978.020772820701,5896.860243829393
1383,train,15381.0,6188.433326939178,6849.5610488676075
1384,train,8704.0,7975.227801350891,7873.103077617354
1385,train,18234.0,10889.923452017778,10669.130699454437
1386,train,17997.0,8466.664573885475,9386.503708603917
1387,train,5996.0,9658.328347825447,9266.415877290388
1388,train,17258.0,11879.567907051283,12132.259458311908
1389,train,15151.0,10800.524883606638,10352.304675630923
1390,train,11290.0,12368.182084291837,11209.59020750335
1391,train,20583.0,13716.569301158175,12458.683778800325
1392,train,31556.0,12193.232459010887,11634.805935037719
1393,train,16488.0,13027.850924484745,12376.009602961782
1394,train,10596.0,17294.68260158824,17013.623507465352
1395,train,28362.0,15348.30558453993,15396.390101595163
1396,train,17610.0,14304.953409614503,14055.139055604604
1397,train,16196.0,14150.507693174784,12256.449005672997
1398,train,22435.0,13198.481208617171,10773.555157889366
1399,train,4582.0,14260.707676027298,12334.047545297357
1400,train,9212.0,14884.958896988943,14615.975869649987
1401,train,16586.0,11490.06475045187,10306.348519805717
1402,train,15678.0,13181.768156634078,12687.059875443323
1403,train,26907.0,11829.759854275058,11205.071643820593
1404,train,10828.0,13491.833018693378,13130.80887178233
1405,train,16494.0,15139.19237071669,15370.666192253148
1406,train,10334.0,11704.51589753154,12025.74067267823
1407,train,21269.0,12928.707765880188,13186.536252809019
1408,train,14900.0,12031.293650171496,12386.347012588349
1409,train,16414.0,14320.276951673228,14341.03601435227
1410,train,10846.0,11512.767022567747,11784.735683384677
1411,train,17809.0,12547.847618692622,13186.536252809019
1412,train,10868.0,10906.16126107201,11377.254692060875
1413,train,10712.0,12107.505768801104,11695.91798981341
1414,train,8201.0,11147.344872670006,10974.448246323935
1415,train,14585.0,10906.16126107201,11377.254692060875
1416,train,20126.0,9809.887858861832,10273.783647782493
1417,train,14879.0,11174.468140674995,11176.999381395435
1418,train,8732.0,12225.172439458858,12217.207123176771
1419,train,6527.0,12275.995238650847,12426.595322953246
1420,train,10510.0,11284.393569040183,11582.253380932134
1421,train,8256.0,10831.510031817877,10629.965815934387
1422,train,3190.0,8645.834831170756,8911.208333286524
1423,train,5308.0,8288.770087406561,8776.820633684882
1424,train,9968.0,6812.534076771191,6836.45191192314
1425,train,7728.0,7122.063438692533,6941.6141713095585
1426,train,5125.0,6740.111641760246,6795.100613405934
1427,train,8237.0,6619.769814391858,7325.922420631317
1428,train,14459.0,6815.996089102958,6922.93945011874
1429,train,4015.0,5045.908769751278,5207.370199286162
1430,train,5223.0,6299.6418300547675,6634.873831164128
1431,train,15755.0,5640.401991990287,5612.127182392664
1432,train,3052.0,5291.800540396678,4735.117115254253
1433,train,7594.0,5540.03625534297,6525.592933321787
1434,train,7019.0,4167.524260070547,4836.440946481552
1435,train,7891.0,4917.418572031037,5294.423357790059
1436,train,10044.0,4878.500352229565,5354.968279799878
1437,train,11410.0,5140.674031296153,5788.853197212519
1438,train,11994.0,5766.2502280021345,6014.296134618168
1439,train,7913.0,5699.716268822674,6083.061614377043
1440,train,9853.0,8021.498481078594,7940.925492292644
1441,train,10549.0,7973.320296111459,7666.253078801741
1442,train,5724.0,6748.743780758196,6266.321738386493
1443,train,9908.0,6748.743780758196,6266.321738386493
1444,train,6093.0,6230.981076813853,5778.428600879606
1445,train,9745.0,5936.559813427731,6240.179275663779
1446,train,12960.0,5852.877214668167,5794.147710200101
1447,train,4828.0,5685.592325317665,6009.265342444616
1448,train,8002.0,6946.672125254338,7157.932388566721
1449,train,7845.0,3670.794489982531,4857.658045215288
1450,train,3611.0,5252.305617073558,5735.798259041503
1451,train,4955.0,4584.332405780252,5995.439080177866
1452,train,1921.0,3091.0126839967625,3673.536085742074
1453,train,5152.0,2814.0984123183534,3456.267472719613
1454,train,7000.0,2502.4721951883616,3116.401195296458
1455,train,0.0,1886.2963062667748,2479.608777735731
1456,train,2899.0,3402.106932595418,3565.303235689122
1457,train,1943.0,1118.8889104853856,2595.423454914063
1458,train,990.0,2563.0481646194294,2235.108605246323
1459,train,1308.0,544.099821426478,980.7479035078015
1460,train,1721.0,881.9486795085729,894.6513575689711
1461,train,2398.0,954.7110352040992,611.7424140750333
1462,train,1528.0,736.1376291035457,864.5970981045507
1463,train,2162.0,1264.5606384561152,875.954636110549
1464,train,2930.0,877.8805777803157,699.6969178238292
1465,train,5426.0,1372.258408763782,1085.4989404363607
1466,train,10673.0,876.9487177820156,733.7345141155754
1467,train,6526.0,1104.2252813616283,805.012220972883
1468,train,485.0,1035.484816217692,1458.5395814344013
1469,train,3650.0,1606.0978469509596,2436.3045180388754
1470,train,3552.0,1161.636794856563,981.9685398923758
1471,train,3571.0,380.80248635197603,517.7462608074707
1472,train,3101.0,295.5494991021948,394.04175049113206
1473,train,0.0,67.47437470240126,67.18358347062903
1474,train,0.0,46.274231143207714,12.103505697060253
1475,train,418.0,36.22415668500551,58.8655758734975
1476,train,421.0,55.59116423390871,110.95810515749056
1477,train,4544.0,93.28555473649244,123.30379630405072
1478,train,0.0,15.07317352302766,17.691711023857277
1479,train,0.0,18.627412156498302,15.244971378503998
1480,train,0.0,2.5333023913477546,0.8399429311283664
1481,train,0.0,4.7180821381400255,4.957392704169666
1482,train,0.0,2.1847649522516783,1.7280808213296313
1483,train,0.0,2.1197839804801974,2.4653592515611344
1484,train,0.0,0.6904997511099866,1.4701824686791727
1485,train,0.0,1.6434028618713086,2.171765227940226
1486,train,0.0,3.0646922126781693,2.8265083284832433
1487,train,504.0,2.959790418045349,7.0137023194613715
1488,train,0.0,1.8553380384434388,2.3896189187624812
1489,train,0.0,1.627565494789864,1.7483477686775903
1490,train,0.0,2.0002264426442466,0.4518990660502913
1491,train,0.0,2.7155425534480666,1.5487753552445502
1492,train,0.0,2.882416528399496,1.4576031737431325
1493,train,0.0,1.8461887168297983,1.0027486934685408
1494,train,0.0,2.572184759065141,1.9698029042740366
1495,train,0.0,4.245067881802221,1.5371889797797236
1496,train,1141.0,5.929699348288184,7.92011619240024
1497,train,0.0,2.4917048652156804,18.90418697427043
1498,train,4109.0,56.21043450025568,27.873566537389937
1499,train,4342.0,55.366906527811075,32.269506632565246
1500,train,0.0,8.546557986667782,9.55273751878422
1501,train,848.0,8.341215389340872,15.024850386754352
1502,train,3382.0,32.54647532097721,35.495292566955115
1503,train,0.0,4.792945785366167,8.041334429851679
1504,train,5304.0,6.134510919456933,8.078498014993745
1505,train,0.0,14.745155301971018,7.2194842676557265
1506,train,0.0,4.567366611271932,3.804896895172492
1507,train,0.0,8.478935252828144,5.86828767138838
1508,train,1792.0,8.942913812640171,10.215528936723066
1509,train,1812.0,7.010071489848206,9.206043177286466
1510,train,0.0,0.5049083023070011,1.9808284088787196
1511,train,0.0,0.9381033948894255,2.4415991253748324
1512,train,0.0,2.416731167014099,2.837083533639024
1513,train,741.0,0.515186945947294,1.635783767975913
1514,train,0.0,1.017098197508059,1.3577754020113568
1515,train,0.0,0.3247139815809391,0.6561487555936594
1516,train,0.0,0.6573034643201054,1.262447122123655
1517,train,862.0,0.0,0.13975290813744998
1518,train,0.0,1.0066340685333763,1.448825266439397
1519,train,0.0,0.840494239866717,1.4226058892620879
1520,train,0.0,1.09144641812868,1.1728180998373712
1521,train,0.0,0.7684847380444957,1.4921015815965277
1522,train,0.0,2.3757666054259268,1.89513966710143
1523,train,0.0,3.355298672375379,4.4819270922560905
1524,train,0.0,3.593864017874802,4.1764281231568825
1525,train,241.0,6.062467120049327,4.2586967803551286
1526,train,446.0,3.175135362169776,2.5422658581249014
1527,train,0.0,2.17603864411768,6.340962961733047
1528,train,0.0,14.740322128713247,11.190328840234038
1529,train,0.0,8.506547242213905,10.74935196103376
1530,train,2022.0,31.0745180364825,12.424244093584859
1531,train,400.0,11.020127843910148,22.788701116155405
1532,train,506.0,50.39664693075156,29.377298740033144
1533,train,959.0,27.696973177889475,25.195476630687285
1534,train,0.0,16.320741284170435,19.659155269445296
1535,train,1653.0,75.95647984090459,97.12909382556755
1536,train,2536.0,233.03182251592406,162.53608148244533
1537,train,3185.0,443.8991329099877,311.4817562537752
1538,train,4826.0,220.24863915419922,309.2671689514298
1539,train,4791.0,547.8658674294222,708.6564447836643
1540,train,4169.0,2003.3530591747506,3161.692840080492
1541,train,6504.0,2225.6610935765916,3655.001509158701
1542,train,6650.0,2817.205686480006,1529.5863414465143
1543,train,1549.0,2413.181384947349,1165.5937937872568
1544,train,10167.0,2169.746059525346,2833.3050684256823
1545,train,4300.0,1736.923902925195,2041.8285612827503
1546,train,2509.0,6966.796357813579,5882.268889450015
1547,train,8425.0,6966.743967661497,4644.9153772709715
1548,train,9611.0,7533.832843515058,5535.2555194417355
1549,train,6860.0,5788.649163824002,4549.895761311624
1550,train,9719.0,10046.129894327585,7351.153979727276
1551,train,10341.0,6983.999038348634,6437.3188618767745
1552,train,16072.0,8831.537165927528,7444.156926900565
1553,train,4671.0,8279.480427081444,6831.9864320037095
1554,train,11116.0,12653.658448728953,10710.022840995083
1555,train,4984.0,9719.69130102058,6982.218500631575
1556,train,6354.0,11382.043097707312,9254.354582616445
1557,train,12500.0,8077.399281824777,6868.2150444237095
1558,train,12846.0,8709.334609668253,7883.116732278047
1559,train,16512.0,9944.515544637521,8733.307190628388
1560,train,11881.0,11482.180650273816,8941.590592784414
1561,train,10620.0,14631.697429518801,11634.96674922898
1562,train,15628.0,13821.600534673129,11176.602505105086
1563,train,8091.0,13675.509103800949,11121.501601483375
1564,train,13520.0,14233.682763091681,10617.38283838382
1565,train,23047.0,14335.221284009416,11531.986755470005
1566,train,32159.0,14696.431080948722,11941.262570732133
1567,train,24091.0,16269.20654715893,13468.903907373233
1568,train,11637.0,21005.17388948708,19090.743956873608
1569,train,18814.0,18316.475168821973,16847.534091386355
1570,train,17607.0,15583.745932900554,14237.543083037603
1571,train,22525.0,14842.757488902535,13512.67523404018
1572,train,32593.0,14749.06586013799,13424.070468280024
1573,train,23528.0,16678.605131239798,15234.153104055531
1574,train,20717.0,23152.890135312853,21277.632782534307
1575,train,17874.0,19582.496485409065,18301.929056702164
1576,train,36950.0,19582.496485409065,18564.02092400096
1577,train,22360.0,15302.416483467252,14635.008027055423
1578,train,11297.0,20019.8365298335,20029.32792402946
1579,train,6738.0,17889.571359986152,18528.929834509618
1580,train,11223.0,14376.774138821778,14829.09658220005
1581,train,9974.0,12978.455165481986,12916.272358645427
1582,train,11794.0,10941.360386673012,11954.7465097185
1583,train,11096.0,9634.745503133285,10819.889979433892
1584,train,8008.0,11300.923172292962,12008.58775828415
1585,train,7156.0,11055.275268356516,11063.220527692554
1586,train,10202.0,11383.863083386354,11723.677383673983
1587,train,2350.0,9774.88583900683,10235.384259165085
1588,train,2821.0,8991.005682193236,9352.96244463542
1589,train,8635.0,6488.140917003878,6491.098187735398
1590,train,378.0,4460.434760376119,4989.247184384308
1591,train,3624.0,4789.5264932098635,5698.736215057071
1592,train,10178.0,4570.83496122937,3498.351958046453
1593,train,19618.0,4923.129788996065,4776.9490503705865
1594,train,17180.0,5477.556735891352,6573.277462235636
1595,train,12650.0,11367.938985308647,10925.457578598158
1596,train,9335.0,11523.7878494932,11861.825593036092
1597,train,4609.0,10034.111019464593,9221.144419554908
1598,train,7825.0,10520.290134186715,9648.340743727962
1599,train,9154.0,8155.97697047955,7870.287400913526
1600,train,5465.0,7649.602085226684,7781.303111730312
1601,train,3444.0,8655.431887320108,8654.282610188353
1602,train,12316.0,8699.411909607721,8451.878843456028
1603,train,3308.0,8081.377866086932,7564.971569130329
1604,train,6526.0,9983.965499030595,9511.80080743935
1605,train,8791.0,8600.693387325318,7796.542721573518
1606,train,5001.0,9661.54366773409,8868.530344263463
1607,train,8494.0,9203.121382101866,8315.502604729076
1608,train,19138.0,8141.818863175087,6935.925555407053
1609,train,23847.0,8899.284006891898,8149.100271981107
1610,train,13601.0,12124.253925993056,10388.97780115187
1611,train,16132.0,13761.35141643741,13138.090965778922
1612,train,16400.0,12798.40723944446,12152.800020444336
1613,train,20059.0,14888.225313147388,13030.281339017594
1614,train,14255.0,14233.066214764915,12834.343753778594
1615,train,14715.0,14628.032837862396,13720.145868725918
1616,train,9075.0,14465.28589183499,13090.985317959621
1617,train,15974.0,14255.870405818383,13352.038191399282
1618,train,28422.0,12690.717924052242,11743.741611206577
1619,train,16467.0,14233.066214764915,13262.945338169311
1620,train,28922.0,16655.03591317459,15545.441005857454
1621,train,26015.0,16698.032824105438,15504.18955342246
1622,train,14253.0,21244.639387792584,19467.502925599278
1623,train,26937.0,19301.403985173933,18341.873012506996
1624,train,17492.0,17754.13333885037,16758.862127942146
1625,train,17437.0,19584.932010384462,18583.804501593662
1626,train,22914.0,17995.5757275692,16765.04092060609
1627,train,50636.0,17488.04335476632,16507.447606191447
1628,train,23566.0,18281.78909763981,17353.04932888507
1629,train,28840.0,31693.896808246947,29087.64512590756
1630,train,16771.0,23309.6839217851,22497.17959891945
1631,train,26505.0,25489.79732990409,24226.052652837
1632,train,16271.0,18418.187812604192,18093.291598944958
1633,train,22165.0,21003.318960714016,20583.125807074855
1634,train,23629.0,18754.576438563203,18241.900955774316
1635,train,15193.0,21073.776318969292,20297.23848307918
1636,train,16584.0,19605.804184487377,19132.821854166094
1637,train,4299.0,18227.71108674781,17729.695346800996
1638,train,12089.0,17195.182879263426,16749.884464817165
1639,train,14567.0,13503.504235695926,11565.44394539835
1640,train,35371.0,16895.656929285684,15239.539088602796
1641,train,30072.0,15133.294862084129,14508.130616223467
1642,train,24443.0,22210.074998518103,20456.950826043634
1643,train,10212.0,23446.18439941954,21533.47012008448
1644,train,14953.0,19551.91932581557,19694.49640192226
1645,train,14642.0,14700.38857784823,14598.814555072844
1646,train,13556.0,14917.528705506485,14345.972243778293
1647,train,4561.0,13760.536934722453,13562.168688429192
1648,train,6737.0,13401.50421068067,13424.706477020063
1649,train,10092.0,10308.065883003006,9960.074805789207
1650,train,10939.0,9121.961706622764,9827.112539666849
1651,train,4767.0,9524.25017241437,10500.402176574442
1652,train,2217.0,8594.721706982853,10057.649606161578
1653,train,3880.0,8171.068754047904,8948.983000380766
1654,train,3895.0,6085.647585642795,6290.590237828088
1655,train,7767.0,4301.617645137182,5362.5963320728915
1656,train,5305.0,4906.778982530444,5576.263399092485
1657,train,5100.0,5173.011448974463,6174.240514139376
1658,train,14593.0,5318.12137411536,5849.724824143532
1659,train,16250.0,6296.491373622422,5952.53452777637
1660,train,14566.0,6244.065060006202,7084.760125368955
1661,train,7827.0,9190.194919365129,8779.733061797817
1662,train,11846.0,10138.534488719713,9452.958717259204
1663,train,13291.0,9751.485832438224,9205.42420017414
1664,train,11070.0,9329.873037510937,9274.287943067946
1665,train,12008.0,10305.719066016003,9715.190940994928
1666,train,12238.0,10414.314633966327,10358.778393206985
1667,train,15130.0,12373.430876870554,11721.841371473234
1668,train,14779.0,11451.267369389654,10385.682365620209
1669,train,8719.0,11804.44765267829,10677.776028107215
1670,train,7212.0,12734.793775447304,12051.510417893847
1671,train,13520.0,12246.609733787309,11634.805935037719
1672,train,3991.0,11927.794900561961,11392.216430318824
1673,train,5918.0,11122.088089646086,10531.802812232343
1674,train,15226.0,8752.749717437071,8767.322790664588
1675,train,9682.0,10434.676661577021,9650.856011578204
1676,train,13203.0,10402.780816282808,9864.54317319488
1677,train,3256.0,11927.794900561961,11418.132533067113
1678,train,15683.0,12555.195694989487,11876.458615314668
1679,train,11372.0,7769.797699279907,7758.170539756804
1680,train,26778.0,13256.494403988647,11966.863474326361
1681,train,26532.0,12431.669911153356,11647.756244144864
1682,train,15761.0,14689.91476932615,14024.915194629773
1683,train,9227.0,16255.006169689059,15542.128202623513
1684,train,10866.0,13976.218702276314,13408.660873249315
1685,train,23010.0,12806.190097983419,12238.096898505984
1686,train,21314.0,12426.511708900729,12181.946189526707
1687,train,21778.0,14302.210609930993,13829.364199559037
1688,train,23063.0,13929.90323217573,13792.594414372763
1689,train,10054.0,16785.940187836524,16410.768716877254
1690,train,21002.0,16865.24474083412,16479.6322959541
1691,train,13514.0,13229.126200841802,13130.641179801065
1692,train,10252.0,16318.853380337048,16068.39759892649
1693,train,16414.0,13525.775135680167,13246.313272213103
1694,train,10997.0,12836.909565899587,12676.788635736119
1695,train,20858.0,13124.78994467177,13200.627748200272
1696,train,17430.0,12617.332221133807,12745.566834838892
1697,train,16004.0,14594.247187682817,14530.198863984439
1698,train,18159.0,13724.493435985565,13853.588156239623
1699,train,12031.0,13525.801739982446,13673.23322471295
1700,train,15035.0,13785.612012959022,13885.103131171269
1701,train,12189.0,12394.105028761172,12479.003950967865
1702,train,7317.0,12044.472845535705,12219.698041690353
1703,train,7466.0,11702.696976756968,11885.428604841998
1704,train,9586.0,11500.286463926894,11952.789523173904
1705,train,12106.0,9710.834229533973,9647.937466134568
1706,train,5286.0,9226.764432424041,9326.618928927199
1707,train,12213.0,9959.410984435517,10029.765017630665
1708,train,18721.0,8189.509129658077,7700.672515486853
1709,train,13278.0,10186.278904243132,9705.63809539164
1710,train,6963.0,11432.112679993648,11793.900192859579
1711,train,6110.0,9776.393810412897,9375.94013510621
1712,train,5441.0,9585.538186758346,10532.473249476385
1713,train,4361.0,7782.842014968569,8392.684377919017
1714,train,11527.0,7948.78884769601,6443.624621473451
1715,train,13027.0,6143.76394586802,5712.149942409199
1716,train,16025.0,7818.988332150481,7044.741461777854
1717,train,5302.0,8975.12489268973,8798.163286393506
1718,train,31662.0,11485.114233910066,10295.633635526372
1719,train,20416.0,8463.407387544838,9012.412694070888
1720,train,11523.0,13943.920576910137,14480.924072019774
1721,train,3398.0,10616.012067275775,11077.476110676782
1722,train,22124.0,11074.054643681762,11294.13947224228
1723,train,8059.0,7617.065033717762,8053.066043632166
1724,train,9624.0,10639.33443604556,11501.855921953187
1725,train,5222.0,9536.330688581118,9620.836268571004
1726,train,9660.0,10599.518303034987,10277.771595483067
1727,train,4706.0,6231.319116217996,6360.446466791519
1728,train,6924.0,6447.662584076772,7669.456881803563
1729,train,1455.0,5030.625689349649,5609.3746888910555
1730,train,4924.0,7008.198348559865,7609.625099968744
1731,train,14395.0,3637.572183757686,3676.729421589889
1732,train,763.0,3494.639421439862,3362.904781174185
1733,train,7106.0,6436.623318990659,6796.663500726749
1734,train,3646.0,3657.771606355245,3112.530460007067
1735,train,0.0,4668.711500700082,4235.072449261858
1736,train,3534.0,2463.951189888684,2298.2729368099126
1737,train,4447.0,1439.354043728109,1355.8140368214429
1738,train,4578.0,2306.84471123902,1561.129701896326
1739,train,6577.0,1857.2170522602385,1505.8720798623667
1740,train,2284.0,2251.6106937166987,1803.6028026476013
1741,train,2722.0,2592.220118681358,2057.1452235486104
1742,train,9356.0,2165.3594754027117,2541.649204259213
1743,train,3618.0,2031.6422976165939,2024.0091267881062
1744,train,3535.0,2369.55229616788,1673.2714903998997
1745,train,205.0,1674.1205882157938,1312.1004004100078
1746,train,1147.0,2475.098559577684,1643.6567999930762
1747,train,452.0,614.8410349369769,338.0536480204531
1748,train,1815.0,987.2359980105421,768.2694930359809
1749,train,2212.0,1126.8810041321708,906.4287995495026
1750,train,6814.0,1338.3671551690172,455.63377504639794
1751,train,1813.0,910.3011473071068,810.305380836112
1752,train,37.0,372.1048928953783,428.00339723395547
1753,train,312.0,861.5114142233838,653.7367335040047
1754,train,33.0,433.31245182738627,304.83322374513085
1755,train,263.0,437.7734325079378,296.6665218413483
1756,train,797.0,397.9222897018819,261.1155437591774
1757,train,1928.0,261.84916098964567,187.11625523262737
1758,train,5539.0,1742.5212343305664,461.7741729590494
1759,train,613.0,798.2301141154783,836.6498649140196
1760,train,2697.0,560.6472125604203,467.8554160965248
1761,train,2335.0,219.5654702986131,251.90177013689902
1762,train,11604.0,265.4503261918753,472.8351400250635
1763,train,6831.0,289.6802920399505,364.79884265788866
1764,train,3787.0,459.717465091283,825.9424471180106
1765,train,1515.0,894.4011156259081,534.8921518633437
1766,train,414.0,285.41092129413954,763.2342655244317
1767,train,130.0,120.37861235067388,181.52013583067816
1768,train,1638.0,668.1327970640299,744.1082944238113
1769,train,4281.0,226.42282194361334,566.2063988588968
1770,train,0.0,63.93755547855881,86.14336843155584
1771,train,0.0,12.10974313426999,24.21971850423296
1772,train,0.0,42.183857164980026,49.36436878427689
1773,train,2652.0,100.61990152346742,78.50394817244604
1774,train,2578.0,58.88160842624607,80.40978345258482
1775,train,0.0,5.326876884228479,9.096347752037753
1776,train,0.0,7.982123731234111,7.94884727827859
1777,train,537.0,73.82733758822445,38.17857008062845
1778,train,7081.0,59.4120507260931,37.58730486062008
1779,train,0.0,11.050098371566216,16.692853877795883
1780,train,0.0,4.424796377636366,4.823116144036851
1781,train,0.0,15.776461125800918,7.667548295233434
1782,train,368.0,65.58795639191908,31.106603698733295
1783,train,3489.0,29.15617666650374,30.524902512787612
1784,train,0.0,18.569328273104635,24.799085772330052
1785,train,0.0,15.929436457749954,16.799827649000974
1786,train,9872.0,145.88108595713177,181.0798180082528
1787,train,0.0,15.255920949432365,11.095223826272466
1788,train,0.0,3.6104272113735263,3.4448983292401616
1789,train,0.0,10.01666508209091,9.339893299101755
1790,train,2489.0,74.83984942622777,70.59263921287474
1791,train,5790.0,28.212496156920277,17.322005803415852
1792,train,0.0,2.351788149749981,4.021169961744926
1793,train,0.0,2.6108591183036993,1.709984057952949
1794,train,0.0,4.817965475595761,7.724538982233241
1795,train,0.0,3.3824106309359996,6.33616382377402
1796,train,0.0,3.3522586085116464,3.9709399031369355
1797,train,0.0,4.912777943206373,4.364170084510081
1798,train,0.0,2.718473417851443,2.0914963265462365
1799,train,0.0,1.471605306167505,1.4298703127841748
1800,train,0.0,1.170283584396362,1.3338642498922995
1801,train,0.0,1.5420973619742484,2.0740955706940074
1802,train,0.0,3.122539650034441,2.206785029224908
1803,train,0.0,1.4905953127139688,2.0577896234173654
1804,train,0.0,0.10171046362577543,0.8383043147165901
1805,train,0.0,2.507697467961441,2.2809042986604937
1806,train,62.0,1.4824452439822315,2.8687360869759773
1807,train,0.0,1.9685811437536263,3.2845221983794497
1808,train,405.0,3.1201879990874284,3.2845221983794497
1809,train,0.0,1.4835763232493013,2.29423754493261
1810,train,111.0,3.8901392528188845,3.5258543042032207
1811,train,2038.0,6.1395674116402805,7.307500477782712
1812,train,0.0,4.497707653084843,10.081921876836528
1813,train,0.0,10.143560764058735,24.633278446833003
1814,train,0.0,5.457529770299233,10.796085259937836
1815,train,0.0,3.5948985751098794,6.873326031888667
1816,train,0.0,5.566342426683354,9.247655184892677
1817,train,958.0,10.368620479522578,15.903226788769281
1818,train,636.0,13.664899144236498,22.638431498277214
1819,train,0.0,8.587157191421195,8.927388144467841
1820,train,40.0,7.416229311075524,11.81320862058694
1821,train,0.0,8.113937562031223,16.413742509902004
1822,train,0.0,8.46777688369976,17.465222227786356
1823,train,0.0,29.47584209583155,46.85739780731424
1824,train,481.0,65.90832195721714,58.59066171560213
1825,train,1500.0,147.08067294476604,167.84708989089486
1826,train,457.0,142.09226123663,301.6809528833999
1827,train,0.0,122.8963976422402,210.11669052591523
1828,train,0.0,293.8684094702382,323.9493713595598
1829,train,1425.0,635.4498476698772,674.0906803426502
1830,train,726.0,311.5908823237341,388.37403981285047
1831,train,926.0,991.5116677868886,975.2187505133294
1832,train,2277.0,1232.116487665779,2071.296960604421
1833,train,6975.0,2524.1852068783114,2071.296960604421
1834,train,3725.0,3541.4092827674554,3228.521554304602
1835,train,4904.0,4765.468136434986,3721.5181739800396
1836,train,5722.0,6535.49061106537,6921.050392597887
1837,train,18635.0,5193.701039879645,5820.97991955333
1838,train,17008.0,6717.955919985648,6233.823993661962
1839,train,8787.0,11062.449587314664,8722.690180171245
1840,train,16781.0,10489.0729275211,10459.292058258658
1841,train,24769.0,10087.566603037621,9197.03641738993
1842,train,17284.0,11690.546656933635,9850.05473013194
1843,train,22011.0,12075.384910032455,12753.44870022387
1844,train,10593.0,14000.315520802646,12954.363134504723
1845,train,43331.0,15715.752409372299,15081.060123997338
1846,train,41817.0,13437.319020078528,12486.427691342002
1847,train,98347.0,25435.83951896694,24916.753523196297
1848,train,13973.0,27873.772664355165,26479.057995852472
1849,train,23230.0,51019.27075544564,49875.20188888233
1850,train,24364.0,20412.279894094787,20086.90096834924
1851,train,23833.0,23622.069056791133,24011.928691892685
1852,train,24039.0,19338.04088321203,19292.831340484463
1853,train,20642.0,20463.913564452898,20418.328397028334
1854,train,30034.0,21403.755446853127,20880.4386317625
1855,train,20531.0,21354.0838248578,21146.458593229418
1856,train,17783.0,25515.658200911523,24659.380532694922
1857,train,23295.0,20488.59852159423,20292.035430011485
1858,train,31246.0,20574.722425270367,20040.286587185572
1859,train,14324.0,19820.359869182812,19858.28304859736
1860,train,30868.0,27105.48681670165,25793.086268122108
1861,train,30815.0,17834.874901252802,17202.914353400352
1862,train,26240.0,23402.942427026264,22208.00866912538
1863,train,20493.0,22491.98659208466,20697.83166653481
1864,train,17951.0,20738.518349516184,20153.392889997194
1865,train,8060.0,18993.31999987045,19259.70037241939
1866,train,16918.0,16829.434774969868,16544.494351829642
1867,train,12756.0,13215.653605357513,12916.272358645427
1868,train,23989.0,13378.141704941276,13328.874058843501
1869,train,7958.0,13352.508971784055,13237.635970257494
1870,train,9929.0,14362.189868134354,15014.807381845952
1871,train,2893.0,12647.971167843853,13097.309365158571
1872,train,4774.0,12460.080395155033,12926.79944728675
1873,train,15300.0,6112.731386911919,7967.010802182733
1874,train,14141.0,6711.21693906484,7220.001222546421
1875,train,17018.0,9437.002998328937,9842.99073598473
1876,train,11340.0,11646.885146393553,9928.280489185117
1877,train,4779.0,11978.946301956887,10215.118261768446
1878,train,12373.0,12153.530709953071,10612.451489665596
1879,train,14739.0,9755.699593516101,7660.624148762644
1880,train,21170.0,12297.054135270762,9358.400028188293
1881,train,22631.0,15942.74337865532,11841.896595041017
1882,train,14707.0,15465.80508633558,14447.581101544563
1883,train,24599.0,16155.314858822805,15325.860319294059
1884,train,20591.0,15311.733380862233,13407.792407010347
1885,train,14718.0,16225.696946535063,15770.289480163856
1886,train,15721.0,16393.486956418452,15027.661782364472
1887,train,3550.0,15976.411391311847,15343.565010315298
1888,train,5630.0,14863.178025825126,14274.4255026694
1889,train,4644.0,11101.567149840908,10277.234233564517
1890,train,5964.0,9285.377251372101,8785.094926586175
1891,train,8692.0,8726.82310387554,7886.967453364141
1892,train,13164.0,9393.780861980362,8023.10794115315
1893,train,8480.0,10273.033168135622,9764.154247091143
1894,train,10729.0,11216.51327048947,9937.39905128467
1895,train,16065.0,12195.716544184072,11055.066861902653
1896,train,13227.0,13396.158221054517,11230.983327570377
1897,train,12168.0,15310.756844398711,13647.857462015065
1898,train,6250.0,13165.895314805566,12286.059924552628
1899,train,15202.0,12794.567695444446,12097.281637217848
1900,train,6421.0,11582.699181496224,10450.677152403177
1901,train,11462.0,13160.159090227226,12349.796239547999
1902,train,3541.0,11777.40309320515,10869.00945523217
1903,train,10331.0,13898.073844091143,12185.586463170408
1904,train,7702.0,10023.049227773376,9179.553494162978
1905,train,19003.0,11508.478820286311,10547.238595179277
1906,train,7693.0,11445.233187095426,10702.002719619923
1907,train,8206.0,15507.472760904344,13999.936267551764
1908,train,12629.0,13906.595996530335,12609.22493974653
1909,train,22620.0,13336.025788161218,11233.87921098802
1910,train,3673.0,11375.461959185754,10957.369791734869
1911,train,11922.0,15097.653501076522,13638.736101376357
1912,train,25550.0,12320.430256888716,10903.286642232308
1913,train,27901.0,13914.938323669718,12302.738569107169
1914,train,19437.0,15483.873906518225,14046.671106518861
1915,train,20064.0,18436.372496078486,17106.258904363578
1916,train,25300.0,19399.589771225874,18476.9306528776
1917,train,38435.0,17774.163551128542,15887.130443440386
1918,train,28571.0,19624.94750883821,18423.874787932997
1919,train,32588.0,24352.72203866032,22192.874392644597
1920,train,28325.0,22756.188883093808,21793.975147260975
1921,train,18846.0,25170.845743563652,23419.57557147693
1922,train,12996.0,22467.527237472907,21245.901170641733
1923,train,15075.0,19745.454535639565,19219.356039170514
1924,train,11886.0,16281.323500587661,15605.06731830489
1925,train,17111.0,15589.198459605379,14926.001746671232
1926,train,10379.0,13818.391042963704,12799.81589139646
1927,train,10787.0,15564.261579763275,14826.40724565076
1928,train,10889.0,14547.133912017624,13911.84789664533
1929,train,11836.0,15161.650398394431,14493.428745382884
1930,train,15913.0,15089.79076977558,14281.241276798026
1931,train,26664.0,14295.36987080339,13090.742800103522
1932,train,24609.0,14763.706259605207,13822.276544447643
1933,train,11291.0,16551.865168347256,15633.952171882966
1934,train,14845.0,17710.92031217878,16759.470031429617
1935,train,8255.0,13450.678825657928,13671.046098403915
1936,train,15297.0,11298.491730633797,11707.681859241236
1937,train,15061.0,10863.24168797256,11595.378234314236
1938,train,13018.0,11766.484727187239,12453.971400637234
1939,train,10522.0,11362.533708038123,12205.24825103397
1940,train,3635.0,9148.37282317834,10185.596251632749
1941,train,435.0,9007.827707571843,9492.289273793036
1942,train,4388.0,6688.569306583398,7434.302877346458
1943,train,4316.0,4603.356562983112,5494.170595003357
1944,train,3310.0,4114.283457924235,4973.107184236009
1945,train,6293.0,5226.903301133499,6334.637579430892
1946,train,12682.0,4766.737957671546,5953.589331955911
1947,train,7727.0,6446.304100060321,6803.365031125141
1948,train,9992.0,6818.681979437018,6723.939999230258
1949,train,13977.0,7753.240709438355,7445.612199336844
1950,train,14148.0,9379.504518664655,9438.05085351177
1951,train,17526.0,10469.379904690499,9567.247741915213
1952,train,13337.0,11098.270017661358,10809.863321171231
1953,train,17184.0,11253.754593808993,10977.370206469883
1954,train,6806.0,10241.866376489015,10185.557426352767
1955,train,7745.0,13701.600291037554,13013.02947152858
1956,train,17339.0,12426.511708900729,11788.275233694896
1957,train,9335.0,12418.89650716137,11392.216430318824
1958,train,9685.0,12803.22600095353,11983.085220649255
1959,train,12847.0,12246.609733787309,11634.805935037719
1960,train,10833.0,11743.07348110661,11788.275233694896
1961,train,10431.0,11265.36151525722,10281.10181092277
1962,train,22706.0,11488.328622264653,10843.671311522328
1963,train,13812.0,12426.511708900729,11788.275233694896
1964,train,28416.0,13697.621559192148,13005.291221007808
1965,train,19611.0,13316.678753340668,12647.63479516538
1966,train,11774.0,15067.509530034322,14740.363331126975
1967,train,11510.0,15869.517593182716,15667.384508567471
1968,train,11253.0,14335.37845153956,14121.241538349357
1969,train,14228.0,13349.520546525444,13115.29762500119
1970,train,15369.0,12930.884456630849,12691.214186824178
1971,train,17696.0,12921.866559822487,12618.245000276365
1972,train,5612.0,12734.793775447304,12453.971400637234
1973,train,5572.0,14301.016999326568,13935.371159685888
1974,train,7583.0,11883.975378285817,11538.861745017051
1975,train,12243.0,10797.95397324286,10174.59503451075
1976,train,9140.0,9983.798149839582,9558.733040448229
1977,train,6194.0,10632.896343383098,10382.50501312928
1978,train,3961.0,10498.135312662223,10168.123521028507
1979,train,6548.0,9745.488940019955,9417.087436320797
1980,train,7491.0,7972.5788083303705,7160.449445618736
1981,train,18782.0,8033.904923801719,7836.370542025258
1982,train,25321.0,8171.757467703126,7489.036745789098
1983,train,12959.0,10842.388742242454,10945.291829427753
1984,train,11790.0,14847.265728742528,13975.832915441857
1985,train,20291.0,10618.263957724157,11267.734892931836
1986,train,4212.0,12237.426541059423,12070.25167977193
1987,train,9879.0,13371.562538336342,12958.377959981988
1988,train,8167.0,10485.144400405614,10112.471144908854
1989,train,16143.0,11812.454201658718,11549.62095025242
1990,train,10826.0,9288.686757292196,9192.692769854897
1991,train,17699.0,12392.62375200104,12166.431972975959
1992,train,8709.0,11333.792623512823,11415.940772463691
1993,train,5897.0,11825.209792030284,10962.065851867175
1994,train,6503.0,11500.286463926894,11735.029542932834
1995,train,9746.0,10318.817749005164,9880.49415486453
1996,train,8729.0,9436.944888283753,9025.21296338642
1997,train,19047.0,9710.834229533973,9166.055528921117
1998,train,13804.0,7949.283695873692,8911.208333286524
1999,train,8008.0,9603.35987282573,11433.615338130583
2000,train,19521.0,9154.983866795974,10909.70070992111
2001,train,13518.0,8417.10720167158,10532.473249476385
2002,train,11957.0,9786.74551541231,11079.45740324246
2003,train,20217.0,9401.571019497263,11148.05273100201
2004,train,9770.0,9311.036738529354,10865.341941255143
2005,train,6250.0,11453.148255207978,12055.019809236264
2006,train,16895.0,8982.816804833132,10265.371943833054
2007,train,8714.0,10195.61379302518,11361.089420840379
2008,train,17345.0,10683.273053777275,11194.770452677669
2009,train,19413.0,9558.62809211945,9856.681637808422
2010,train,17394.0,9241.415875962193,9958.560587578542
2011,train,13660.0,11704.236137477692,12793.39181082676
2012,train,20721.0,10791.079343443567,12105.033372421902
2013,train,8350.0,10300.8008976214,11443.296657961044
2014,train,8825.0,10741.374800951404,12244.326697783963
2015,train,6953.0,9594.396107790564,10599.881636781762
2016,train,8847.0,8939.637734389087,8781.396490730458
2017,train,8410.0,7018.5137077097725,7760.802530024326
2018,train,2532.0,6084.460666509034,6732.097962161189
2019,train,3063.0,6423.64297822313,7494.743915946035
2020,train,7718.0,3188.9080112119545,5613.886119360121
2021,train,7639.0,2885.5898600814817,3618.223048417909
2022,train,5293.0,5408.615026618866,4886.5439456355425
2023,train,2251.0,4869.106953913347,5540.473849939821
2024,train,14182.0,5086.607925063579,5198.345358034235
2025,train,4221.0,1961.2391304873884,2278.7714718435345
2026,train,2571.0,3642.8662768965023,4548.691310146259
2027,train,1155.0,2388.9646311594906,3833.039240632443
2028,train,210.0,1703.6549348261779,3372.200720237584
2029,train,0.0,425.27811525576027,512.1367215169561
2030,train,345.0,186.68807606933095,330.6983821781937
2031,train,0.0,16.761159681458913,64.36818709244045
2032,train,5700.0,66.65373527047122,169.95359573631893
2033,train,0.0,4.883662109179413,17.54017740917786
2034,train,0.0,61.40617948187828,207.39784941106745
2035,train,0.0,5.1044475921880945,5.302820881777149
2036,train,0.0,4.689574568153449,9.652374559877233
2037,train,0.0,2.685511906002578,2.5368462183782916
2038,train,0.0,1.1666788574432463,2.850316302264991
2039,train,0.0,2.2707808319895486,2.576219133902436
2040,train,3871.0,3.08713616299477,8.172402419703424
2041,train,0.0,2.352335574646868,3.365457432151727
2042,train,0.0,14.329819439985647,30.434606954608054
2043,train,0.0,3.049714180201131,3.836455112044047
2044,train,0.0,5.035318327115839,3.160571517584989
2045,train,0.0,2.250737945865919,2.4130380013313286
2046,train,0.0,3.12878662988759,1.9264938822271294
2047,train,332.0,2.9275434956640276,1.4089282538125767
2048,train,0.0,1.0428351021927953,1.4764207449882125
2049,train,0.0,5.656000436367494,4.23548184582576
2050,train,0.0,1.1331346998875893,2.3021600988830837
2051,train,0.0,0.27416166360371996,1.0332619551334532
2052,train,0.0,2.315288877200178,2.587829640294536
2053,train,0.0,2.22753717954419,1.8506172003999093
2054,train,0.0,1.2576781865220452,1.7211917876715122
2055,train,0.0,0.68895166745054,2.5447015158110906
2056,train,0.0,0.7953004331662343,1.8164416948385202
2057,train,224.0,1.9922024242889593,4.016997137098992
2058,train,0.0,1.8430960282240254,1.923666207377035
2059,train,0.0,6.079026152354485,6.9429218638311925
2060,train,0.0,0.8130919011527187,1.8476853904576869
2061,train,0.0,1.1384640455526478,1.4202726478891061
2062,train,0.0,0.681422802095117,0.9468618404150153
2063,train,0.0,0.9770924746392753,0.9831288761010388
2064,train,0.0,0.4398358942349344,0.7716148213736169
2065,train,0.0,0.9976103511502175,1.417595279170199
2066,train,0.0,0.44716886340531925,1.2588642920607955
2067,train,0.0,0.2680280514369388,1.0722228125991475
2068,train,0.0,0.8164272928001279,1.0774987313801576
2069,train,0.0,0.3779155094777442,1.2468230559822353
2070,train,0.0,0.44675432324764464,0.9425513685077327
2071,train,0.0,0.6098588845923143,1.3658525856083092
2072,train,0.0,1.109478189591027,1.2004023361270364
2073,train,0.0,1.1681103096317313,1.2508584185394072
2074,train,0.0,1.1294944623480005,1.3658525856083092
2075,train,0.0,0.7736872160436081,0.8402382870317959
2076,train,0.0,0.7785371405158501,1.2248845970005728
2077,train,0.0,0.9071152576513244,1.338551786793226
2078,train,0.0,1.460862023314967,1.4638733428665351
2079,train,0.0,1.7313821941078946,0.9745297903530654
2080,train,0.0,2.4712996226684525,1.244560403990584
2081,train,2060.0,5.328008664271135,4.275336308395243
2082,train,575.0,7.224507022042758,4.691222710193788
2083,train,409.0,5.882460505002863,3.94971152366434
2084,train,0.0,5.621274141409992,6.635996235360802
2085,train,0.0,6.126506924615781,10.178119891017328
2086,train,1407.0,4.284888352097201,7.570286995250582
2087,train,0.0,2.4467346517091433,4.321550762200266
2088,train,0.0,1.728211077516928,3.0124520485040325
2089,train,0.0,2.2057233389334874,3.895120224649115
2090,train,0.0,1.9772579736973155,2.8042234017088306
2091,train,0.0,1.3920404574892036,2.093899378105243
2092,train,0.0,1.526090223059691,2.093899378105243
2093,train,0.0,1.4484654420353742,1.6705571999322824
2094,train,0.0,1.4256798337380063,2.813410452804948
2095,train,0.0,1.3218662324756694,2.054831836788324
2096,train,0.0,1.1687866344987987,1.3376665166364066
2097,train,0.0,1.5778931342585665,1.9718674106699274
2098,train,0.0,1.5439291465154454,1.6058553550654877
2099,train,0.0,2.675099007879555,2.151986180047021
2100,train,0.0,2.0271854294037444,2.1083136049813356
2101,train,0.0,2.058994091841031,1.8987104109125386
2102,train,0.0,2.3331926381983443,2.31868003668637
2103,train,0.0,4.2224952678261225,4.077666143540685
2104,train,615.0,5.319396547089448,4.418965778147531
2105,train,0.0,6.806594032271337,4.972378985129814
2106,train,0.0,5.816541655216053,3.2259667668484573
2107,train,0.0,3.812546613485086,3.2288957376483154
2108,train,0.0,5.174367982802258,3.1621227270352907
2109,train,0.0,5.379587137462801,4.016372505125494
2110,train,0.0,4.356441314994287,4.016372505125494
2111,train,0.0,26.918562997344047,11.877023815864764
2112,train,459.0,42.476389190020505,17.54488457386473
2113,train,898.0,78.12517105610813,60.33905700336087
2114,train,0.0,95.06907182058481,221.33622486718326
2115,train,595.0,336.8776643706776,446.6222837733835
2116,train,1043.0,639.8096403019433,751.9833807193052
2117,train,1160.0,366.3148753972883,608.3308227842493
2118,train,2551.0,627.0924356499671,511.57117826858723
2119,train,2544.0,1024.1403943514056,839.7054294959162
2120,train,1285.0,850.2572410580308,1578.3463045724332
2121,train,4506.0,2957.0679141365554,2208.702854310401
2122,train,2081.0,1812.551662529046,1996.276444610167
2123,train,3679.0,2441.584894266851,2981.2579753589457
2124,train,1839.0,2899.5242234986495,2970.8004726881154
2125,train,1241.0,3727.13005362811,4083.955655946755
2126,train,3495.0,2609.7454168716417,2721.4312272528605
2127,train,1895.0,2425.3633514837056,3280.321061919266
2128,train,1088.0,3006.701817774723,3371.8719857394544
2129,train,1534.0,3073.385902491733,2722.2858910711075
2130,train,3584.0,2849.0369636045402,2854.830470465823
2131,train,7436.0,3134.5809233162145,3232.438310097204
2132,train,8317.0,3558.665354278053,2814.925530876798
2133,train,11862.0,5440.2534762385785,4731.373897392051
2134,train,8029.0,6989.3672412461765,7066.303963857004
2135,train,11330.0,8286.249812358685,7284.004562940877
2136,train,21334.0,9406.142521850872,8090.5192451116645
2137,train,33092.0,10525.190276098396,8702.18562914532
2138,train,25692.0,13371.846546831137,12424.226186343923
2139,train,16016.0,20607.799252672008,18620.57346165779
2140,train,12987.0,19413.402375862617,18146.66510267946
2141,train,16937.0,18107.320674575498,16738.30077475956
2142,train,22526.0,14293.32757971637,13167.070750987792
2143,train,19327.0,14875.929408573153,13793.951920008194
2144,train,31183.0,16875.658289990228,15338.318802498521
2145,train,47755.0,17628.019281993442,16270.742880958956
2146,train,20591.0,24636.764096748215,22208.00866912538
2147,train,26831.0,28595.70739652198,27423.306966682587
2148,train,14757.0,20439.587161344945,19776.024353000346
2149,train,12301.0,21847.954144041472,21781.26255534914
2150,train,13949.0,16446.871798758442,16469.050596430945
2151,train,10290.0,14872.393620911238,14537.66954993389
2152,train,25170.0,14664.510088530478,14067.02113759433
2153,train,9666.0,12978.455165481986,13130.916511267633
2154,train,11279.0,15120.270381137017,15215.538129094211
2155,train,16759.0,12978.455165481986,13130.916511267633
2156,train,12767.0,13286.410129527118,12916.272358645427
2157,train,10911.0,14627.95478455638,14663.71671353615
2158,train,5889.0,12289.887780141062,13137.451950789322
2159,train,761.0,10907.526908179776,11554.222814398297
2160,train,3784.0,8838.121658412632,8159.203820307924
2161,train,3985.0,4623.642895410115,4633.393180870141
2162,train,3755.0,5162.579185466191,4715.185899793871
2163,train,0.0,3118.0287484140576,3395.450346996509
2164,train,1727.0,4371.081341336472,4880.28892613598
2165,train,8202.0,2322.800419196052,2382.616258519444
2166,train,4448.0,2978.876816897773,3894.681001800269
2167,train,5261.0,4788.1230111004,4834.300422933902
2168,train,9108.0,4916.544779650327,5224.116179222258
2169,train,0.0,4164.5827621497965,3279.5588896416534
2170,train,3223.0,6069.004156030934,6146.075867191198
2171,train,2534.0,5364.23060074207,4444.47225416591
2172,train,4834.0,5281.1158927277365,5150.3862234706
2173,train,6490.0,2376.996107198094,4053.9253893769314
2174,train,10923.0,5149.84921402914,6381.331130562146
2175,train,13739.0,6181.610441128531,6078.876842475319
2176,train,6419.0,4898.085122262393,6329.736501985099
2177,train,8136.0,9750.79846167417,9489.657205316378
2178,train,7070.0,8991.780870963976,8074.858018887434
2179,train,13809.0,8719.323692894692,8407.443802027292
2180,train,17170.0,8701.077112065494,8149.100271981107
2181,train,22203.0,10836.349224222682,10052.870763523359
2182,train,17077.0,10853.354773794172,11238.736482949455
2183,train,17290.0,13179.624194087683,13225.701172025461
2184,train,12949.0,14883.405679328069,13742.979835890439
2185,train,6167.0,14883.405679328069,13469.187536276184
2186,train,15653.0,14054.82235154185,12732.88379671002
2187,train,12540.0,12771.335036911256,11613.994521257997
2188,train,12979.0,14356.152272366666,12895.41133134959
2189,train,16385.0,12903.589588160938,11700.874289019483
2190,train,31691.0,13638.127358585809,12703.295921102377
2191,train,17232.0,13578.054920662733,12037.226056577929
2192,train,16867.0,20638.608127341533,18442.69399806609
2193,train,12016.0,17442.099449420424,16195.061545076402
2194,train,26007.0,18211.951137964355,17003.47426546363
2195,train,26386.0,14234.767459849327,13164.073872199247
2196,train,16504.0,16655.03591317459,15545.441005857454
2197,train,23620.0,18974.8984845072,17684.58698947715
2198,train,25502.0,18211.951137964355,16664.73001754826
2199,train,28736.0,17953.88009823373,16516.016219897396
2200,train,31571.0,19584.932010384462,18583.804501593662
2201,train,24674.0,21748.70764540029,20948.16825015386
2202,train,24939.0,25577.36165884847,23120.616318807766
2203,train,19925.0,21358.691801905057,19873.417442059632
2204,train,21587.0,21358.691801905057,19873.417442059632
2205,train,19402.0,19903.10342307545,18841.193804936593
2206,train,28710.0,19750.63595976917,18841.193804936593
2207,train,23081.0,18908.094577966527,18037.446305897025
2208,train,8127.0,20124.0810388876,19360.681130731864
2209,train,15701.0,19622.125581884207,18841.193804936593
2210,train,17019.0,16582.12247351739,15730.90600978103
2211,train,13172.0,15589.198459605379,14926.001746671232
2212,train,17196.0,15564.261579763275,14826.40724565076
2213,train,16897.0,14697.776446565438,14015.91553025025
2214,train,7774.0,16039.802748477086,15392.149318836735
2215,train,16920.0,15807.594389760434,15157.285363451017
2216,train,9208.0,13889.96937998355,13066.330678901337
2217,train,18320.0,14861.15162051253,13925.310057366065
2218,train,19342.0,14094.010240365073,13238.68092999771
2219,train,14328.0,15079.457925912624,14108.989731066247
2220,train,29446.0,15882.43435049639,15096.55741429472
2221,train,46276.0,14766.043783178095,13989.419323121841
2222,train,60269.0,19367.413750366974,17752.246572311826
2223,train,44642.0,25470.547152137664,25239.029303753632
2224,train,26865.0,35601.89558223331,37626.84007716396
2225,train,31094.0,29077.58290376626,28931.06860431926
2226,train,30545.0,22743.256115797405,23351.815876272998
2227,train,12428.0,25319.121049734204,25258.812608974902
2228,train,10394.0,20338.113299125715,22198.49889239702
2229,train,13186.0,13594.301164463952,15252.496810045126
2230,train,10007.0,8953.098494178836,10447.820098986555
2231,train,33179.0,11149.31064517893,12552.260115589308
2232,train,12019.0,12905.05986494395,12040.465605999843
2233,train,4285.0,14297.71983410722,15904.173578351347
2234,train,12292.0,11111.143546670219,13401.927522476115
2235,train,7437.0,11819.109038969877,11086.309916660573
2236,train,10075.0,10703.890582861088,11545.486036773054
2237,train,7192.0,10286.747282674745,10500.402176574442
2238,train,3551.0,11566.260816269163,11491.823260227533
2239,train,2525.0,10337.986426302603,10339.347362757551
2240,train,11554.0,8998.284774964972,8057.222225783124
2241,train,8865.0,7920.612879571444,7318.598466420249
2242,train,6779.0,9758.686220622809,9357.284570775939
2243,train,23132.0,9781.178366786342,9523.451075072522
2244,train,27217.0,9277.52027544696,9403.673208221193
2245,train,11079.0,12312.061458297558,11286.307011960793
2246,train,11796.0,14606.164962874696,13359.797129124563
2247,train,20504.0,13566.084615472757,12954.002142449825
2248,train,22359.0,12938.805565263534,12301.660120440856
2249,train,10067.0,13697.621559192148,13005.291221007808
2250,train,14614.0,14116.134185699868,13470.90383919461
2251,train,19024.0,13177.854999688612,12814.988596780378
2252,train,12485.0,13316.678753340668,13070.001738940571
2253,train,11613.0,14675.695653847559,14201.013065266263
2254,train,24320.0,13682.87322160537,13087.09286250269
2255,train,18733.0,13296.965994006732,12886.00751171632
2256,train,12479.0,15169.731664529105,14808.765011006253
2257,train,12990.0,14511.09563199124,14119.183533288884
2258,train,18194.0,13703.238015707164,13347.349888737019
2259,train,12819.0,13296.965994006732,12886.00751171632
2260,train,8992.0,14080.874088497796,13662.17426260425
2261,train,8237.0,12580.801533068941,12265.541367701539
2262,train,13425.0,11757.225727284129,11595.378234314236
2263,train,14610.0,11755.112402761777,11403.311538155927
2264,train,10739.0,12051.31479038352,11640.156537573648
2265,train,7470.0,12734.793775447304,12453.971400637234
2266,train,6192.0,11467.979648368611,11492.444852927425
2267,train,8385.0,10875.59047517417,10257.566730430222
2268,train,4480.0,9200.843881321465,8838.640403592171
2269,train,6222.0,9802.143150682356,9164.87467015061
2270,train,3975.0,8406.090818845965,7647.687174364333
2271,train,11884.0,8342.883547235844,8446.780946380395
2272,train,14184.0,7004.623884502349,6372.296060538852
2273,train,24719.0,8070.3397897554505,7655.156069890107
2274,train,14499.0,10414.85426036145,10199.657862284539
2275,train,12894.0,11828.092534236059,11220.70079598143
2276,train,15119.0,12412.479396875886,12248.15963418959
2277,train,22738.0,11273.23574215925,10840.167870284651
2278,train,34068.0,12221.40568412125,11980.78250101014
2279,train,16838.0,13580.61673268067,13217.502360998038
2280,train,20800.0,18676.29784928571,18126.0753480031
2281,train,23992.0,15176.583087304982,15962.693516938614
2282,train,17328.0,15503.827004961726,15464.351189357323
2283,train,19030.0,14842.440859734086,14595.630059500198
2284,train,29266.0,15054.110743076468,15163.30846379559
2285,train,16054.0,15054.110743076468,15163.30846379559
2286,train,9909.0,18178.095797779246,17878.23955107988
2287,train,13917.0,14706.300045491578,15812.11210465358
2288,train,15603.0,11777.695443302047,13042.065507853538
2289,train,22044.0,12711.026480841116,13420.4718565052
2290,train,25831.0,12250.626112634836,13214.26447360475
2291,train,18972.0,14021.425898205407,14770.592475340849
2292,train,13391.0,16683.14840649692,16868.66492255726
2293,train,20901.0,14379.867164553732,15210.502389965828
2294,train,20962.0,12480.533637085695,13275.625204460157
2295,train,13918.0,13973.54591050409,14428.77241178199
2296,train,8408.0,13710.194001832187,13990.784629703505
2297,train,11506.0,12379.630984396834,13370.604507819382
2298,train,25465.0,12331.370126997632,11615.91404621603
2299,train,31588.0,11983.577459793163,11836.552867079765
2300,train,26559.0,13290.540900878115,13398.844653631106
2301,train,14053.0,19002.39418236381,18618.064733672858
2302,train,31523.0,17171.529630335997,17643.805669572655
2303,train,7813.0,13486.521346935613,14574.835127908236
2304,train,10248.0,20462.675178823785,16444.28649343289
2305,train,14979.0,11370.058967382192,11181.188588811743
2306,train,7055.0,11493.34353496159,11181.188588811743
2307,train,11868.0,10036.62094186833,9561.223305063331
2308,train,6652.0,10098.958208992588,9213.065784746112
2309,train,3189.0,10864.15552025145,11506.81995834738
2310,train,11143.0,7916.639824140873,9060.074767729451
2311,train,10879.0,4839.896292335808,5576.706083739938
2312,train,16702.0,6421.927821702806,6173.510015150729
2313,train,1843.0,6311.457065968325,7570.021835682784
2314,train,10701.0,9791.148245795881,9406.807278187513
2315,train,4992.0,2779.705649743762,4415.757684567088
2316,train,3208.0,4754.9893759845345,4600.660720290222
2317,train,5392.0,2966.495427725941,3679.613993728847
2318,train,5661.0,2534.9355260340326,3971.627464068428
2319,train,10854.0,2904.438248426084,3095.7578216552324
2320,train,15388.0,2821.871380298147,3451.027846748741
2321,train,4287.0,4552.0956216705035,5875.503032448682
2322,train,8519.0,6783.682979249228,6797.938664188823
2323,train,4022.0,5127.884209220267,4600.570908018239
2324,train,16003.0,4988.833759510267,3967.740059739177
2325,train,2048.0,2477.1732269279296,2572.4635583344943
2326,train,3254.0,4626.051069660672,4020.1304410993143
2327,train,2377.0,2882.674253788555,3443.0140345666646
2328,train,6820.0,2463.2202223459394,2994.1615015130265
2329,train,5225.0,2672.2676098100933,2236.547438785336
2330,train,3407.0,1507.6280123995525,1138.9217731189067
2331,train,2574.0,1915.2048799142258,1900.4046499935082
2332,train,3088.0,1982.760388590915,1631.6898504280775
2333,train,3544.0,828.2870312135392,1063.5158916862824
2334,train,2570.0,787.9201362679198,1118.5906184574164
2335,train,3460.0,1236.4720514506207,990.0510306200016
2336,train,1669.0,572.7147813720444,667.4049977062547
2337,train,2196.0,291.5873481736482,166.67048445190218
2338,train,0.0,77.50658181032517,66.06251239636119
2339,train,0.0,61.4641613852529,87.71303308578717
2340,train,0.0,62.61894959325624,49.797173750574856
2341,train,0.0,19.141470916808075,19.47740655127163
2342,train,0.0,5.487965775076609,7.092657352566956
2343,train,369.0,7.435128937630395,14.29198552308491
2344,train,0.0,8.160737394149756,9.366077701216204
2345,train,2864.0,44.19209040498336,57.15117149795806
2346,train,0.0,8.332766170712283,13.062043227423361
2347,train,2259.0,212.9619510740524,86.1639658849325
2348,train,0.0,15.126519131801285,19.511344952845384
2349,train,724.0,40.60279190537367,49.51401278109868
2350,train,138.0,15.929374262769066,24.64075675669992
2351,train,18433.0,31.963976132809158,35.493804796200635
2352,train,835.0,1.8910910962177554,6.927524221127016
2353,train,0.0,8.600065287871699,8.67102762161183
2354,train,0.0,8.664518362133778,11.875592024134484
2355,train,0.0,8.007748157582329,7.901782978486057
2356,train,2542.0,83.43827445960761,30.98869411120129
2357,train,158.0,83.98426964701068,30.14047209512178
2358,train,2398.0,320.5030996074081,199.0446641439164
2359,train,1840.0,217.03992018723446,135.45928613383535
2360,train,3798.0,243.59513989427302,215.4469634921131
2361,train,4408.0,251.7781156426425,167.7294119176249
2362,train,2449.0,289.73640011640026,141.63268334127784
2363,train,523.0,127.39817909826613,145.7897460007825
2364,train,4060.0,122.95611730716743,100.18298563710712
2365,train,0.0,54.84500584716375,26.916061365229925
2366,train,1964.0,418.83142288017723,348.33401537003596
2367,train,831.0,59.96396985370738,141.24930934982982
2368,train,2087.0,484.8321980257111,300.7430323396633
2369,train,3792.0,77.12250217588581,73.3322275364116
2370,train,1952.0,305.0659386704232,281.0941997795577
2371,train,3843.0,1086.0772728565812,800.4554771426739
2372,train,3362.0,761.6938502448727,359.81457915251985
2373,train,0.0,110.43013528361804,97.4069647789754
2374,train,0.0,59.36521325562298,56.48538463578525
2375,train,1071.0,191.38194379297366,57.27637573156638
2376,train,0.0,16.50292010572581,31.356738865229936
2377,train,0.0,4.209461969623947,4.867014859114252
2378,train,0.0,4.20221511502409,5.3938709200951
2379,train,0.0,2.337604609293116,3.794973342159711
2380,train,0.0,3.0801688430362963,5.898375469166892
2381,train,0.0,4.8075085047757575,6.58355834950197
2382,train,681.0,3.3690969838158136,6.217460737380682
2383,train,804.0,7.948256875822571,14.348372115965873
2384,train,910.0,7.196495908583453,16.275878246967526
2385,train,0.0,1.5898651935858141,4.809127197619357
2386,train,0.0,11.964733980693259,15.11095967827347
2387,train,0.0,14.334517802739363,11.691606440102644
2388,train,0.0,6.767297625965771,7.509398630865096
2389,train,962.0,11.29186481057118,15.131814549550835
2390,train,0.0,14.71965801293972,19.34103380886046
2391,train,1012.0,28.246218588611097,25.332133904599978
2392,train,0.0,8.885143908111807,14.054712932224703
2393,train,857.0,13.606837503058367,16.75570412715592
2394,train,964.0,36.59718750223937,41.180310189995126
2395,train,0.0,22.674337650538067,23.126482909245148
2396,train,0.0,11.518818657415006,20.85277792767382
2397,train,0.0,15.441231495934545,14.07172204791982
2398,train,520.0,39.37759730020525,44.99365851283904
2399,train,689.0,76.29020936809053,70.86447797412211
2400,train,0.0,41.08576093011735,53.15462981775917
2401,train,0.0,113.87241155114542,91.10650091756982
2402,train,1636.0,351.6621637276493,237.55632789993274
2403,train,519.0,170.62127272036366,139.8216722998945
2404,train,1646.0,333.7969488677032,516.8048400226755
2405,train,1199.0,428.5708004024049,649.365290762055
2406,train,1223.0,1059.6042454374185,1309.1275507760085
2407,train,10199.0,2682.256442403137,1264.9206359836605
2408,train,2758.0,2122.78443606265,1301.5828906958002
2409,train,3499.0,2393.9031642972823,3036.163675212959
2410,train,12368.0,6281.076135285943,5254.38828403488
2411,train,13200.0,5499.951575196593,4454.902640458089
2412,train,7637.0,5431.689327972771,6322.114886579911
2413,train,23918.0,5992.297656489251,7435.134908232541
2414,train,33554.0,7517.17748176618,8256.373654332723
2415,train,30373.0,13605.241034786502,12682.643988075528
2416,train,25489.0,18355.735626255926,18344.27853998829
2417,train,28058.0,17707.357213742016,20541.088217707802
2418,train,16678.0,16975.301661667243,19254.253790354214
2419,train,35834.0,18669.071611133524,19677.016118559874
2420,train,28640.0,17880.589170934192,16951.705257444653
2421,train,25338.0,24880.88983300569,23450.36751869854
2422,train,14305.0,21822.432951727213,20884.271071929503
2423,train,40326.0,22023.786076603443,21751.7374926008
2424,train,20643.0,17915.09100877444,17406.196815188963
2425,train,11046.0,28143.48930676935,26285.377273068058
2426,train,21511.0,21739.34466066342,20757.73199416846
2427,train,40116.0,17190.116134059306,16612.878365809345
2428,train,32300.0,17162.12050126098,16729.423717427027
2429,train,25680.0,26920.943879547234,25358.546348499014
2430,train,49684.0,25762.73478491941,23789.591973129976
2431,train,54120.0,22995.850634284758,22153.717155427734
2432,train,37584.0,33823.74104893096,32400.422731059567
2433,train,44015.0,44253.68090883213,42953.56053359267
2434,train,17999.0,30571.787269223198,29039.22745944357
2435,train,26145.0,33179.146113741364,31777.109628896338
2436,train,45824.0,25011.042978681795,24891.310337491854
2437,train,21745.0,25219.458020859754,25247.607933242558
2438,train,20613.0,31920.534906472993,30838.18007801445
2439,train,36170.0,24999.20946871217,23630.47740499982
2440,train,32574.0,24475.774303130667,24120.877321600805
2441,train,30766.0,26768.024246376433,26385.433750084536
2442,train,23739.0,26863.050461395043,25998.708774906318
2443,train,36927.0,27433.73875077063,26027.35785359348
2444,train,23422.0,23519.40617800176,24020.879638968276
2445,train,6442.0,24971.14656461097,23578.803915955672
2446,train,5369.0,19147.66001846026,19723.08911251973
2447,train,15120.0,14189.587963946919,14930.100645507735
2448,train,34718.0,12047.70344033081,11312.596889097738
2449,train,18818.0,10604.067177389048,12289.04310871586
2450,train,11342.0,17346.793432473976,17778.530459678823
2451,train,12673.0,16696.19468272899,16992.235397103854
2452,train,8812.0,12205.418951765778,14333.105567187118
2453,train,16722.0,15065.575790657955,13543.074827620358
2454,train,7398.0,13493.452285807143,13101.32371385364
2455,train,20332.0,13655.83952459809,13084.329361564765
2456,train,15327.0,13103.227187837747,12472.871540774018
2457,train,4304.0,14551.652669206498,14022.508125195427
2458,train,6732.0,12839.523456228892,11863.73955235742
2459,train,3658.0,10971.901808314591,9644.284954526747
2460,train,6922.0,10040.145313790788,9706.89145585246
2461,train,8849.0,8356.519748361876,7763.709839154232
2462,train,1339.0,9693.447611617716,9433.98484359252
2463,train,6662.0,10121.496640050915,9796.506870270148
2464,train,5981.0,7287.979666214895,6820.895974534165
2465,train,6621.0,8586.241342306135,8407.78741979016
2466,train,11309.0,9309.879767853676,8289.78470035429
2467,train,50249.0,8732.61900036754,8402.03258745609
2468,train,33559.0,9891.966451672857,9105.65748293898
2469,train,29970.0,28996.073437880117,29528.546872940227
2470,train,19475.0,28192.04891053655,26346.097096577952
2471,train,35068.0,25339.366477743923,24630.94393020839
2472,train,21805.0,22273.085426577498,21779.883836416586
2473,train,25564.0,27889.78623095555,25510.74851777465
2474,train,10222.0,22581.473479739263,22499.1693663823
2475,train,27076.0,23273.197572022025,24636.81470464145
2476,train,41281.0,18093.283904708267,17424.089045066175
2477,train,35562.0,22973.284874109766,22448.342025354756
2478,train,31875.0,31294.71312865564,30092.144398856813
2479,train,50839.0,31213.40702235424,29056.175954108927
2480,train,65571.0,29844.41311950872,28046.792278367346
2481,train,36243.0,32443.463833901682,30807.086191093662
2482,train,56032.0,43737.24880942128,41844.8553978483
2483,train,22679.0,31974.321871577642,29472.265066438926
2484,train,16767.0,48919.86309721844,45085.693247804746
2485,train,22521.0,26645.746891457282,24943.808896740953
2486,train,15694.0,26228.597451703197,24153.4215434674
2487,train,17490.0,22895.435462335245,21788.37371616443
2488,train,18849.0,20335.787200376762,18783.65701170189
2489,train,24014.0,20786.400168409997,19705.40588818836
2490,train,27679.0,20786.400168409997,19705.40588818836
2491,train,28249.0,22895.435462335245,21788.37371616443
2492,train,32924.0,24704.854332313134,23245.8398689349
2493,train,30168.0,26322.35409477642,25151.87574515971
2494,train,27450.0,31958.91274023296,28881.091814666932
2495,train,16393.0,31097.613943427885,28304.198485254594
2496,train,10221.0,24243.29307896937,22852.94148584792
2497,train,13561.0,20405.446414709604,19527.204961366835
2498,train,34569.0,16176.517708289617,15281.070683556763
2499,train,16368.0,15859.47186388107,14897.065824906527
2500,train,15985.0,22994.172189241155,20823.17144210116
2501,train,26034.0,19432.85130564223,18327.039276127332
2502,train,20988.0,19432.85130564223,18589.4907134314
2503,train,20067.0,19657.00969815726,18620.9727839414
2504,train,14752.0,20314.862770110693,19222.118038942113
2505,train,17339.0,20020.76818994961,18928.817594441934
2506,train,23257.0,16889.843439772314,16045.395282737123
2507,train,20263.0,17882.380418899942,16728.506843812294
2508,train,22275.0,18047.67438468366,17148.111144493178
2509,train,24763.0,20218.884065008566,19203.022272739574
2510,train,21692.0,20642.10722200756,19679.127836632186
2511,train,44145.0,20148.405441934552,20221.41836026023
2512,train,14189.0,19372.382488960546,19303.576423470677
2513,train,28089.0,28723.824548055843,27663.66525439678
2514,train,15102.0,19189.926954145212,19354.66245418262
2515,train,14783.0,21695.298384996575,22196.26664038193
2516,train,8987.0,13240.230623167025,14619.012578802305
2517,train,18887.0,13593.269960931193,15031.025049341506
2518,train,12828.0,12150.195580288117,13091.962253953552
2519,train,21578.0,12519.73039990821,13770.982337189083
2520,train,21529.0,13106.52133922041,14207.284682273656
2521,train,22821.0,12767.886783993441,14424.157545488306
2522,train,23517.0,11319.52542311131,13768.219557505405
2523,train,22567.0,17146.69421437987,17166.870364840546
2524,train,11916.0,17636.38372933442,17608.962590777657
2525,train,16749.0,18033.11068923872,17922.55020559092
2526,train,18587.0,16175.002090905436,15779.895675023978
2527,train,7415.0,14385.150849502801,14018.538141354467
2528,train,14851.0,14310.839627682348,13162.086856263095
2529,train,15841.0,14207.657729192748,13563.579314991723
2530,train,22510.0,14777.927708781865,14024.689102928362
2531,train,17695.0,14440.907940900848,13916.237038583788
2532,train,11677.0,17653.767770735114,16951.318704390756
2533,train,8966.0,16393.737465288392,15776.694575997355
2534,train,19677.0,14638.57787861642,14129.420338493805
2535,train,22209.0,14715.025679846522,13563.579314991723
2536,train,17773.0,16418.774141169975,15573.535035332243
2537,train,22852.0,16920.42189987263,16131.08829256903
2538,train,18341.0,16662.618439337955,16065.946972043428
2539,train,25252.0,18462.36639011639,17833.632398356676
2540,train,12003.0,17475.544434863426,16531.871259910808
2541,train,17962.0,18934.655449038168,18325.3408261055
2542,train,19543.0,14853.614855825475,14315.792104333395
2543,train,12257.0,16185.779798787296,15379.935976837518
2544,train,28095.0,16920.42189987263,16131.08829256903
2545,train,17791.0,14853.614855825475,14315.792104333395
2546,train,7803.0,18709.6940911643,18435.64693307331
2547,train,19292.0,17442.431623355063,17144.465555671395
2548,train,32050.0,15166.614219452007,14932.025882997685
2549,train,23823.0,15717.040082555775,15134.618283902711
2550,train,25886.0,21246.567343586423,20082.65289266738
2551,train,14748.0,20293.67075943314,20277.059910481155
2552,train,16998.0,21326.309570664285,20836.134677690705
2553,train,16422.0,17529.187308609424,17139.99722152907
2554,train,15668.0,16501.080577331086,16062.469046651126
2555,train,30597.0,15421.458390417372,15012.947294309814
2556,train,24746.0,15518.185139388197,15129.945630510761
2557,train,27228.0,19866.287830572634,19555.79122024443
2558,train,7293.0,18020.804453363246,17679.74541774413
2559,train,19354.0,19339.526358879677,20043.292216349837
2560,train,17959.0,15339.36138916927,15748.49439038009
2561,train,38412.0,16857.33405234265,16376.895704694381
2562,train,54145.0,15675.47398586425,15704.791996481772
2563,train,47474.0,23800.525831157523,22766.473442859373
2564,train,45128.0,41175.53363595603,40479.27910364927
2565,train,40382.0,31267.91932072132,30719.13057763628
2566,train,56566.0,32175.34395772998,31198.479117457562
2567,train,25106.0,32588.725587007928,32003.28460184423
2568,train,23610.0,41175.53363595603,41058.94326047268
2569,train,27441.0,25166.217063724747,25181.97952455563
2570,train,23748.0,24035.299119900512,24059.857711433564
2571,train,32894.0,23043.736363981225,23120.75215474446
2572,train,21096.0,23256.274051795368,22799.620428696657
2573,train,27936.0,29005.124931554536,26524.919510346193
2574,train,36850.0,21810.084447930436,23036.469775869205
2575,train,20721.0,22842.68354246487,23648.534355060183
2576,train,20933.0,26020.505455940525,26071.92710799182
2577,train,27243.0,21556.60671486112,22988.3550763819
2578,train,25945.0,21240.514099928765,22974.1646486912
2579,train,17072.0,21396.82627189497,21869.579261892526
2580,train,9118.0,19811.924011145282,19751.427214602372
2581,train,1796.0,15928.928004365995,16529.30566247125
2582,train,11781.0,13440.867833532046,13873.966566364788
2583,train,7146.0,8095.683384992121,7880.016648735547
2584,train,26691.0,10153.531542330988,10015.78656305563
2585,train,7997.0,9335.79867127049,9997.38410386585
2586,train,5025.0,15418.64097823523,14916.353940157574
2587,train,8815.0,13195.217920469,13135.393537222264
2588,train,15161.0,9866.796424134662,10247.643006875407
2589,train,10836.0,9051.271646255143,9878.579146392296
2590,train,14849.0,10383.260221736642,10639.262151830344
2591,train,12123.0,12052.656487694892,12027.836578027018
2592,train,20637.0,12030.612613327361,11866.393839079647
2593,train,17120.0,12074.249715854012,13036.665489177516
2594,train,66618.0,13691.253684873886,13236.762606695449
2595,train,26212.0,12485.691297348489,12236.074186100097
2596,train,4681.0,35239.90298961031,35223.411103379825
2597,train,15438.0,20643.012277452755,21374.688737357796
2598,train,14432.0,9093.711732476504,10557.804721953642
2599,train,14559.0,13584.837254635731,12869.36393641649
2600,train,13867.0,14260.089616041372,13857.604505320714
2601,train,3608.0,14554.799663274975,14040.391183413578
2602,train,13049.0,12277.964527811435,12583.122554580355
2603,train,11224.0,9462.526611959931,8447.685858928471
2604,train,14425.0,11469.128121053986,11552.50015363931
2605,train,10464.0,8690.660357848872,9742.909870241494
2606,train,10541.0,12842.137563971615,13048.572026384456
2607,train,6006.0,13638.641760227776,12677.096500057673
2608,train,7420.0,9004.390539397204,10500.687921616034
2609,train,9541.0,8603.833569982586,8488.396547890368
2610,train,10106.0,7855.617247102997,8136.139828078013
2611,train,6223.0,8675.228026554021,8707.85994285128
2612,train,3408.0,5679.114569814166,8048.3530765224605
2613,train,13108.0,4968.0712915676495,6032.2918679568065
2614,train,6963.0,2836.7286476714858,3030.589802727922
2615,train,4106.0,4544.342278293425,4696.309809900276
2616,train,9559.0,5043.590361235641,4749.297044737872
2617,train,7716.0,4533.420301880769,3771.0608729881014
2618,train,7277.0,4379.989380183674,4414.316574556144
2619,train,7159.0,4242.9490109969665,4544.4818677780195
2620,train,2189.0,4135.250788480034,4741.006027543592
2621,train,5690.0,4527.132654978035,4308.812136625235
2622,train,3660.0,2187.194829590215,2421.3459012569533
2623,train,1214.0,1783.7316227608658,956.8016447920738
2624,train,1405.0,1363.7251197222374,693.2157240490249
2625,train,2356.0,373.9988382617666,293.9296066277693
2626,train,0.0,569.2214330115949,1228.1592177938626
2627,train,0.0,164.28205095361278,128.6936172180831
2628,train,3836.0,351.35988083186186,323.77711192114094
2629,train,668.0,236.68809013173592,209.18616452627458
2630,train,1270.0,498.2825882449152,514.318068618453
2631,train,1663.0,323.29046169409094,370.94181810170386
2632,train,1804.0,199.2014252665913,124.73668043836534
2633,train,2273.0,473.316199107949,654.379335435261
2634,train,2633.0,970.9040541894112,803.9252276568003
2635,train,1718.0,731.7683190581503,1187.6126843556244
2636,train,6082.0,1258.2953606888393,1559.4584070679664
2637,train,8476.0,744.5089820713906,1127.9466803991897
2638,train,8510.0,506.54289667829397,462.1333224338554
2639,train,5931.0,226.48037896064477,451.22363647546604
2640,train,6232.0,319.341086586607,876.1243412592311
2641,train,5703.0,191.27844559784842,407.49724450709516
2642,train,2901.0,115.14500682096374,435.03190092572686
2643,train,0.0,50.81638226218627,81.20986826478075
2644,train,0.0,36.019950744004284,41.59784327639781
2645,train,0.0,85.6752409467441,50.522220888666595
2646,train,1299.0,241.72691731928577,214.99888702914487
2647,train,1067.0,72.61875284586554,69.688024228293
2648,train,1579.0,125.09444371646164,79.28003896860751
2649,train,901.0,244.53324354420292,133.36555044303128
2650,train,0.0,141.0946720652539,46.828481024879075
2651,train,412.0,65.38677040980177,24.45660392366524
2652,train,0.0,21.565598939728098,13.868861046685103
2653,train,4577.0,72.94210043165512,64.89053771002746
2654,train,4000.0,27.627116273175513,18.178607177811053
2655,train,0.0,30.041243315333457,55.45942720614979
2656,train,913.0,735.4292164436035,255.50923509079064
2657,train,0.0,54.54909448086335,24.47009895663063
2658,train,1355.0,113.8254477438621,60.855802963387994
2659,train,601.0,69.41951447009596,49.18156825092924
2660,train,641.0,230.21091820021087,175.68309626286603
2661,train,703.0,17.02967285142169,32.016916057345455
2662,train,0.0,17.447414888010783,7.639000638672618
2663,train,0.0,4.519471097455145,4.653733218657316
2664,train,0.0,3.857472987926829,3.9239289935121535
2665,train,0.0,2.8060980199411736,2.5082705898099507
2666,train,0.0,1.4662650871656528,3.5023792416637844
2667,train,0.0,2.7485169502516307,3.740018459821144
2668,train,0.0,0.6049205530607893,1.3971289440095247
2669,train,0.0,2.176504043897334,4.880227029718197
2670,train,0.0,0.877934794626682,1.6448834718262768
2671,train,0.0,0.8249267826499169,1.0151907545140153
2672,train,0.0,1.7344901726932038,1.176309206571605
2673,train,0.0,1.3444682471766023,1.176309206571605
2674,train,0.0,0.993019860590663,1.2492934732272376
2675,train,0.0,1.682442012738476,1.1901631288865966
2676,train,0.0,1.808908254698395,1.1901631288865966
2677,train,0.0,2.738153455048372,7.3956360446759355
2678,train,0.0,2.2258965400287605,4.236279871772251
2679,train,329.0,4.0125417443244515,8.572403408811972
2680,train,0.0,5.009345446613417,7.559606643385827
2681,train,0.0,3.83943367260372,8.926029164132617
2682,train,0.0,5.111270112944551,8.110919677687383
2683,train,550.0,4.2288968621301954,8.110919677687383
2684,train,0.0,3.660092886846315,7.93383637706607
2685,train,0.0,4.451146691040379,3.4760493284688367
2686,train,0.0,4.2381804013894495,5.004276842754253
2687,train,0.0,18.352665933057665,11.827296886820218
2688,train,0.0,21.3565755345386,16.08742411448296
2689,train,0.0,25.430212573644344,21.313945435728783
2690,train,850.0,37.86455695883196,27.43674237579669
2691,train,1061.0,26.92312858720898,43.34879350938648
2692,train,2215.0,241.312655068906,192.4966785897571
2693,train,1276.0,392.7201338143927,599.8834090052346
2694,train,1771.0,1118.6500794009846,976.4571286420921
2695,train,846.0,1728.4432446977344,986.6376617940741
2696,train,982.0,1825.7942431224938,980.3562979549667
2697,train,7884.0,2508.099667186014,972.4165194431056
2698,train,2522.0,2098.252711036883,787.5671371060074
2699,train,3518.0,3655.0089620021567,3431.8170230868923
2700,train,7060.0,3776.5459978134886,4872.244319135626
2701,train,4280.0,4396.664926317633,3445.5995121902743
2702,train,7048.0,4632.666871062791,4409.490132938722
2703,train,4760.0,5154.807115543204,5288.410684201979
2704,train,14946.0,8374.025733799685,8298.059569658242
2705,train,22108.0,5927.990678323985,5799.8648055884705
2706,train,16750.0,9013.875269740936,8646.212364364399
2707,train,20101.0,13502.809593128373,13117.1336302026
2708,train,15597.0,12139.73925592022,12155.130282439108
2709,train,17329.0,15601.159044044787,15428.530617245668
2710,train,21470.0,14382.611003339765,13298.916788322342
2711,train,13853.0,15187.058490352014,14632.476058720697
2712,train,22426.0,16886.223655403974,15674.724772966265
2713,train,17651.0,15188.78511645142,14930.209092077575
2714,train,10660.0,16475.414888413954,16151.325067437772
2715,train,17877.0,16291.588656576962,16128.705814815026
2716,train,18188.0,15422.572070568807,15166.276472828291
2717,train,9514.0,16011.694791370634,15361.980393586724
2718,train,24960.0,16011.694791370634,15654.713293704543
2719,train,15096.0,14965.329150548716,14368.270483815795
2720,train,20326.0,18053.75992421089,17476.03606501702
2721,train,36079.0,16037.348497472163,15759.871459779964
2722,train,31947.0,18921.90385801964,17939.07779399307
2723,train,21401.0,23142.440296688255,21485.21319539166
2724,train,13565.0,27274.75154066497,25139.360201198815
2725,train,24152.0,23068.755505958994,22483.505473927282
2726,train,10103.0,16748.490819801988,16563.619878676385
2727,train,9547.0,18920.911656259912,17927.41674698565
2728,train,14635.0,15619.905411434067,15256.684047816672
2729,train,15909.0,14782.510979332272,14477.326355073239
2730,train,17264.0,15371.774868097906,15043.958206165169
2731,train,24327.0,15615.464343293152,15089.316125353902
2732,train,10275.0,16299.329993080628,16032.73193554222
2733,train,25993.0,17714.18486826019,16914.576417195072
2734,train,124670.0,13151.938254817398,13965.537759849434
2735,train,136474.0,16119.219306227254,17269.979532212943
2736,train,4196.0,50876.112530622006,52668.53983034259
2737,train,59964.0,54206.87150416794,56172.92676466061
2738,train,223324.0,13828.600625952202,14184.939630903551
2739,train,183977.0,41315.18291123693,41768.5514290831
2740,train,177729.0,113275.34706749913,125918.46464166166
2741,train,432174.0,115136.22743557859,129368.15113160474
2742,train,368308.0,113784.3928757985,108891.89131721247
2743,train,298558.0,291665.8092775328,252934.97471553244
2744,train,318290.0,296194.6363956571,275658.7333778345
2745,train,405592.0,220943.03417426097,205394.0281660177
2746,train,423232.0,220943.03417426097,203023.49441452682
2747,train,443471.0,308984.47745365574,280764.7391174405
2748,train,458727.0,374112.36438676825,342700.0407735375
2749,train,467937.0,328570.19879817823,336107.4275228126
2750,train,450825.0,368780.9481333609,342700.0407735375
2751,train,433196.0,380247.5661791587,342700.0407735375
2752,train,368353.0,368846.12450424384,346961.39545190893
2753,train,287416.0,370854.0355008435,346961.39545190893
2754,train,254227.0,285574.2384761183,273999.86152342247
2755,train,273217.0,227725.58589216246,210018.40971668542
2756,train,253679.0,186439.6559183622,173733.0811803145
2757,train,270634.0,208459.29170200697,197060.28447462118
2758,train,213693.0,168395.82737028637,158418.31600532497
2759,train,8555.0,208459.29170200697,197060.28447462118
2760,train,8181.0,156336.48416945152,145239.80590849766
2761,train,8076.0,26196.97609031105,24481.41136649035
2762,train,114821.0,27620.96972665471,24481.41136649035
2763,train,316850.0,19222.72740460446,17482.549731368425
2764,train,318994.0,89622.1508301494,78234.09382339609
2765,train,310030.0,207702.66514856083,183793.37284359208
2766,train,307609.0,207883.83327206943,183971.07820585655
2767,train,285587.0,230827.15376634337,201756.08856647948
2768,train,292427.0,223645.64399993612,201756.08856647948
2769,train,284294.0,227319.6647463709,204357.0808281437
2770,train,542116.0,234619.15086780232,204357.0808281437
2771,train,522171.0,234619.15086780232,204357.0808281437
2772,train,547492.0,434916.41858300095,381601.6307540678
2773,train,586363.0,453843.7659115913,389010.6356814803
2774,train,760424.0,447376.1130773465,389895.51885580254
2775,train,589637.0,486728.0105479773,402382.81289968634
2776,train,516947.0,531818.0963559542,456874.9342584186
2777,train,474963.0,493764.56689509534,403298.11371075537
2778,train,492960.0,465947.27345799503,403298.11371075537
2779,train,697894.0,411810.4782494615,361334.23391905776
2780,train,844739.0,456789.04723852803,403298.11371075537
2781,train,762410.0,536384.2467910927,450601.8307336386
2782,train,768755.0,542015.397697837,456874.9342584186
2783,train,638868.0,536384.2467910927,450601.8307336386
2784,train,690478.0,536384.2467910927,449579.17255657073
2785,train,771232.0,505220.8654585826,402875.761904931
2786,train,752442.0,549229.8869131608,456396.47455118963
2787,train,682635.0,549229.8869131608,457434.6400171815
2788,train,506157.0,554995.8956267777,462750.248675614
2789,train,534889.0,515283.9129937149,408484.44312658027
2790,train,538228.0,486254.28316636366,409413.62329093466
2791,train,317337.0,486254.28316636366,409413.62329093466
2792,train,267194.0,479324.7544011249,409413.62329093466
2793,train,259758.0,265316.7763551331,224146.0518607232
2794,train,265251.0,248294.12731821902,210242.04848321967
2795,train,319254.0,215782.55353595442,185354.44894149207
2796,train,340850.0,197716.5372065877,169015.2531132566
2797,train,281020.0,261535.78470973633,224655.91824150132
2798,train,565541.0,291572.37509778707,245647.61432704065
2799,train,667121.0,254309.73409044504,224655.91824150132
2800,train,636944.0,476996.61657157703,406183.3462150566
2801,train,693228.0,476996.61657157703,405261.4972724357
2802,train,661456.0,496643.1493920673,406183.3462150566
2803,train,687475.0,531971.150090098,449931.0131834372
2804,train,645334.0,493784.23611361755,375471.0649119589
2805,train,706206.0,581406.797790141,425351.1632274641
2806,train,711084.0,477982.36099623365,385742.3959331521
2807,train,658087.0,514947.2359127293,425351.1632274641
2808,train,485298.0,522391.75267529,440774.7172720569
2809,train,348333.0,477982.36099623365,385742.3959331521
2810,train,282591.0,388748.86046923004,326577.9355204731
2811,train,296262.0,290303.5872668432,217569.43139790275
2812,train,306598.0,264162.24032844836,213501.56285874324
2813,train,289854.0,264162.24032844836,217936.68159775063
2814,train,435560.0,252764.65054268204,222377.53397674713
2815,train,471115.0,257179.3380721309,222883.3775171383
2816,train,457511.0,436410.7115061225,384822.75554182706
2817,train,452344.0,432380.10718123073,384822.75554182706
2818,train,444175.0,413845.80932291533,376730.9410594911
2819,train,487305.0,425887.8990340443,394256.0067434238
2820,train,449521.0,429857.9837807178,394256.0067434238
2821,train,474810.0,429857.9837807178,393361.2272961753
2822,train,778143.0,429857.9837807178,393361.2272961753
2823,train,1124974.0,449558.16759578604,401157.841984503
2824,train,1136170.0,577600.4668325672,500263.83111397334
2825,train,918620.0,708689.9436119787,525071.7983382182
2826,train,1024284.0,708689.9436119787,525071.7983382182
2827,train,1004733.0,686790.919992736,525071.7983382182
2828,train,532553.0,686790.919992736,525071.7983382182
2829,train,567905.0,686790.919992736,525071.7983382182
2830,train,586479.0,405231.5351857272,441598.89152505575
2831,train,554259.0,532222.898985612,441598.89152505575
2832,train,414212.0,509237.2683558469,441598.89152505575
2833,train,408368.0,480548.28862538096,441598.89152505575
2834,train,438995.0,362535.70159298973,328657.64229371963
2835,train,541796.0,373499.98390408576,328657.64229371963
2836,train,489597.0,446275.2130383466,401157.841984503
2837,train,542808.0,498871.06536355306,441598.89152505575
2838,train,513768.0,456057.3660113271,401157.841984503
2839,train,506453.0,498723.6440035658,441598.89152505575
2840,train,533718.0,498723.6440035658,441598.89152505575
2841,train,526978.0,498723.6440035658,441598.89152505575
2842,train,516726.0,504250.7346002251,441598.89152505575
2843,train,442876.0,489664.636776792,441598.89152505575
2844,train,475031.0,478385.1894594379,435734.1358100656
2845,train,508806.0,445293.0533808963,395830.1717194075
2846,train,458074.0,437458.8819417805,395830.1717194075
2847,train,496550.0,480775.564404569,424776.78958587593
2848,train,484015.0,425754.8804667925,385876.28267441934
2849,train,443472.0,480775.564404569,424776.78958587593
2850,train,469780.0,438947.2550755296,395830.1717194075
2851,train,320112.0,438947.2550755296,395830.1717194075
2852,train,464603.0,438947.2550755296,395830.1717194075
2853,train,512106.0,274668.04980502743,242316.8486599919
2854,train,517789.0,445293.0533808963,395830.1717194075
2855,train,481651.0,493992.0809040273,435734.1358100656
2856,train,325879.0,486952.2822993462,435734.1358100656
2857,train,427777.0,433379.45290525997,385876.28267441934
2858,train,451444.0,260653.4776499888,242316.8486599919
2859,train,511902.0,459062.58915532863,401157.841984503
2860,train,506958.0,464552.9120235623,401157.841984503
2861,train,514835.0,515358.26991200924,441598.89152505575
2862,train,543126.0,513362.3830449957,449434.1125999531
2863,train,524535.0,513362.3830449957,449434.1125999531
2864,train,521923.0,515959.6244639877,449434.1125999531
2865,train,480070.0,515959.6244639877,449434.1125999531
2866,train,672107.0,515959.6244639877,449434.1125999531
2867,train,663988.0,465094.983595657,408275.52537487587
2868,train,697210.0,554667.1417469122,449434.1125999531
2869,train,710674.0,520293.91062210954,449434.1125999531
2870,train,687244.0,580744.7776195378,529797.2404430013
2871,train,630699.0,586081.5329070698,509139.9328137215
2872,train,744286.0,586081.5329070698,509139.9328137215
2873,train,719835.0,551875.0545153777,449434.1125999531
2874,train,714393.0,594554.4257848116,509139.9328137215
2875,train,671927.0,594554.4257848116,509139.9328137215
2876,train,675091.0,586081.5329070698,509139.9328137215
2877,train,686779.0,544010.3769951494,449434.1125999531
2878,train,719400.0,544010.3769951494,449434.1125999531
2879,train,707678.0,563121.777767998,489744.95369897777
2880,train,564129.0,563121.777767998,489744.95369897777
2881,train,643240.0,553214.6156381413,489744.95369897777
2882,train,628324.0,532938.0438760286,432313.5393745083
2883,train,688017.0,558225.3891817995,443465.2996638017
2884,train,560678.0,558225.3891817995,443465.2996638017
2885,train,548765.0,585305.8176385476,489744.95369897777
2886,train,576853.0,575495.7553817648,432313.5393745083
2887,train,556330.0,418249.6262409142,449434.1125999531
2888,train,525810.0,436903.10517137405,449434.1125999531
2889,train,286788.0,412289.2185169246,449434.1125999531
2890,train,261379.0,538756.1958753866,449434.1125999531
2891,train,293653.0,298213.43953825865,246616.24716774
2892,train,306049.0,246043.8213841749,203473.039096148
2893,train,290451.0,293963.64399149665,246616.24716774
2894,train,284033.0,293963.64399149665,246616.24716774
2895,train,282179.0,293963.64399149665,246616.24716774
2896,train,292364.0,273958.28107934515,246616.24716774
2897,train,156229.0,209649.53037930658,246616.24716774
2898,train,297927.0,261477.96982257496,197597.22377325644
2899,train,272391.0,144022.40167205234,108830.03643158774
2900,train,308984.0,242489.37260488476,198096.3973173959
2901,train,285539.0,244640.64318488594,168618.5773678968
2902,train,271166.0,267159.28438862483,181928.8102239476
2903,train,267983.0,267159.28438862483,181928.8102239476
2904,train,256574.0,250018.42100500278,170256.2892517782
2905,train,259639.0,251283.33552215228,170256.2892517782
2906,train,290198.0,221537.45826864778,150102.0189226142
2907,train,293181.0,201967.81110760267,136870.34629258493
2908,train,168742.0,202717.90178017507,181928.8102239476
2909,train,2682.0,162484.1066650087,181928.8102239476
2910,train,176790.0,138389.6971066929,109913.94488436152
2911,train,274266.0,8851.757844703634,7931.9387971644765
2912,train,233661.0,278823.2595334904,135817.14298627555
2913,train,287274.0,183490.2579349847,185574.20065960143
2914,train,276987.0,216869.9720012398,107024.20189196501
2915,train,276268.0,268437.3425904411,149574.4768958706
2916,train,279410.0,200186.39459812216,117649.23785730396
2917,train,292958.0,283244.7702366347,134954.75694628237
2918,train,292729.0,306368.8791919777,167474.2777986947
2919,train,284958.0,306368.8791919777,167474.2777986947
2920,train,283567.0,306368.8791919777,167474.2777986947
2921,train,277343.0,286043.1886306015,167474.2777986947
2922,train,239521.0,196083.51951360883,225641.24019033823
2923,train,186937.0,182572.75621990635,188774.17696243257
2924,train,441902.0,171494.39894923105,138429.29994505347
2925,train,582113.0,106263.17920841537,102111.82085308609
2926,train,551985.0,295921.7567917586,294558.58831292455
2927,train,587045.0,481011.88492832327,460016.4366843138
2928,train,623827.0,503967.51376360777,460016.4366843138
2929,train,572885.0,516651.11285230215,456743.2147779045
2930,train,571502.0,572469.7371018438,456743.2147779045
2931,train,587762.0,541731.2661895226,460016.4366843138
2932,train,588549.0,548817.6569433437,460016.4366843138
2933,train,566769.0,587058.2497370342,456743.2147779045
2934,train,604109.0,536963.9373766436,456743.2147779045
2935,train,255860.0,564843.5204323638,456743.2147779045
2936,train,319035.0,378081.4891499285,460016.4366843138
2937,train,209568.0,154168.88903167995,190116.95913709488
2938,train,285447.0,201708.67121766723,232079.5909120764
2939,train,251503.0,146816.8479397869,160075.65860241876
2940,train,257122.0,162921.85213366302,232079.5909120764
2941,train,308455.0,108001.49049086604,174600.3085343903
2942,train,163574.0,151457.39016877516,174600.3085343903
2943,train,336169.0,226219.23010700566,232079.5909120764
2944,train,325003.0,128431.81364211782,127821.86582494591
2945,train,246995.0,251649.28999323366,253764.94683128138
2946,train,295090.0,217686.21744761593,232079.5909120764
2947,train,258484.0,202093.52543227156,190116.95913709488
2948,train,287504.0,142590.08383224037,173812.15158789523
2949,train,305473.0,75962.43835930465,121271.400855547
2950,train,210684.0,119622.14607974293,194395.9962232501
2951,train,152586.0,102643.58340110136,142141.00168799402
2952,train,244291.0,77251.85194096975,70670.27054086086
2953,train,221796.0,29514.24007976746,39577.62035430801
2954,train,303896.0,20945.532043498155,42252.906912099555
2955,train,134822.0,33277.920535989215,56790.62450237429
2956,train,0.0,11785.054953913568,19110.44065338995
2957,train,0.0,4335.43647357521,9316.81325611678
2958,train,0.0,6.218882240860329,12.219091096423286
2959,train,0.0,16.46707278877133,22.314132181141634
2960,train,0.0,3.3433257976186876,3.1734552577471247
2961,train,586.0,5.528681118004498,6.270225431048996
2962,train,0.0,2.210202648136521,2.94625267471992
2963,train,0.0,3.2846954115421685,4.996597800591912
2964,train,0.0,1.9217687618326056,4.627476214614174
2965,train,0.0,1.8444114747201912,6.705576702936048
2966,train,0.0,3.6467182844370853,7.489936954697011
2967,train,0.0,2.833447657947624,9.774716364480872
2968,train,2808.0,27.805464328121133,22.758624223718385
2969,train,2161.0,15.85255093391379,26.993945449342984
2970,train,0.0,11.017966181689195,12.660291731648027
2971,train,0.0,25.926535426401596,12.580217321405227
2972,train,2220.0,18.453175861781812,12.759613163219528
2973,train,0.0,10.724145953113657,8.686229676709774
2974,train,0.0,17.361941685164023,11.31646675264007
2975,train,3999.0,47.49696022057092,21.915775315633617
2976,train,0.0,10.315542355233363,8.052602656895404
2977,train,1939.0,32.94173114970567,89.02393105326284
2978,train,0.0,12.323001646210432,27.643632443111645
2979,train,4304.0,140.3216633555637,92.52826727489631
2980,train,0.0,45.59703800746484,64.78068183833858
2981,train,87.0,218.82349843729386,311.25402054920295
2982,train,0.0,203.33341550559086,217.40110281352506
2983,train,2085.0,126.35645694642771,151.757134272258
2984,train,4563.0,156.7096981911147,98.2523746912638
2985,train,1718.0,420.61021993631766,377.7096443999974
2986,train,187.0,847.1145574526129,500.7347747690165
2987,train,391.0,388.28490080392237,779.9617177570449
2988,train,0.0,146.88314212297405,177.3800059667483
2989,train,0.0,315.5677930017455,256.96200618666126
2990,train,136039.0,1181.8091473465956,660.1487600872401
2991,train,264313.0,1290.3424017211225,950.6670180042677
2992,train,245990.0,76378.84425586995,49842.1593885189
2993,train,258598.0,64807.63107234907,50126.476009460035
2994,train,35270.0,29215.055383049446,39710.476905033174
2995,train,1829.0,22207.805770145304,36201.02699931079
2996,train,173444.0,10441.65698141381,15043.722849870439
2997,train,247474.0,9960.42045735874,11325.762027284034
2998,train,262109.0,53599.74025367946,38254.092528797766
2999,train,266090.0,71689.83537866239,43288.467307904226
3000,train,110516.0,40946.99314643772,59342.2144397218
3001,train,0.0,23189.117175739768,41507.783648592886
3002,train,8337.0,17145.45354956786,19954.393909608676
3003,train,1545.0,3441.7727005934366,1398.1679915594755
3004,train,3598.0,15664.663038104924,16024.374400839404
3005,train,8779.0,9812.524364206853,3984.532163622484
3006,train,252534.0,16052.59828206941,10440.71712469163
3007,train,177564.0,13868.783676839388,12123.047110165162
3008,train,10814.0,25113.478335153224,35040.38594160786
3009,train,5521.0,34345.302852617795,31966.856560862543
3010,train,11770.0,7572.149305055318,7877.907261837642
3011,train,9173.0,7263.253639459089,8077.604866057713
3012,train,3482.0,8156.0954345624505,8389.726489256835
3013,train,3391.0,8039.071780055582,8560.668775760327
3014,train,10246.0,4070.1142676252493,8326.762052844872
3015,train,2892.0,4759.894085759092,6848.1646102552095
3016,train,4198.0,8054.379599111538,10267.500132118457
3017,train,6418.0,5261.395519074157,7554.455531717295
3018,train,1515.0,4920.066019802496,7736.642200508491
3019,train,2661.0,6051.6579422826035,6174.852820597529
3020,train,5317.0,2828.4729259127002,2670.319650572422
3021,train,3938.0,4200.289980519768,5285.7879859595205
3022,train,2682.0,4120.2080607972985,4498.406421975725
3023,train,3227.0,3231.821013900336,4524.836712025954
3024,train,6459.0,3373.208749818594,5098.658743694554
3025,train,1767.0,2840.9733351733166,3860.9442304613435
3026,train,8005.0,2977.7454871392083,3749.644197074607
3027,train,1906.0,2673.6858429971103,2699.278287680849
3028,train,0.0,2830.48429107505,2763.162560567306
3029,train,5183.0,2444.366549490284,2987.4348383683046
3030,train,2450.0,3057.257968323596,2327.169243112754
3031,train,5291.0,2997.043415273488,3242.7145625938188
3032,train,726.0,2518.485728295302,2643.392197998503
3033,train,530.0,4040.8470117966485,4884.583500456409
3034,train,1920.0,3230.539518679906,2531.6921672260223
3035,train,0.0,2377.7031136140436,1731.937582569416
3036,train,1323.0,2141.848454245863,2014.005669097125
3037,train,5861.0,2287.4073581462067,1663.7600107005385
3038,train,1354.0,2472.3930129684254,1723.1486562128991
3039,train,1375.0,3633.8056568461902,3405.6402196448985
3040,train,9193.0,3958.8049833042405,2563.7573249665998
3041,train,14987.0,3594.0714168483737,3457.56787098621
3042,train,13791.0,5315.663266705831,5630.13358673685
3043,train,8678.0,7266.161257868363,6999.455737332959
3044,train,12395.0,10632.091018820214,10625.341105168533
3045,train,1859.0,7952.667898590813,6216.0941822788645
3046,train,8443.0,9194.645045673318,7012.601504069748
3047,train,4557.0,8271.801018755912,6002.997941742588
3048,train,13580.0,8657.372134395111,6763.890493749521
3049,train,13595.0,7720.858626014817,6071.653934817466
3050,train,7430.0,9139.73746611187,7034.1849150668895
3051,train,3572.0,11387.449676364782,8439.500168058881
3052,train,4076.0,8831.004497904649,6798.879675571615
3053,train,7188.0,8683.640629355294,7249.335952982601
3054,train,8249.0,5390.337783807403,4880.25960897075
3055,train,13449.0,8024.6735124054785,6937.494448712969
3056,train,6052.0,8730.521108732682,7140.524265480645
3057,train,4370.0,9406.765470610262,7842.189679944551
3058,train,4447.0,7242.648693595792,5867.6936795177035
3059,train,2503.0,6315.243926650938,5647.375019612563
3060,train,2962.0,6997.146062057371,6563.347736194229
3061,train,9676.0,6049.02966748051,6165.770645246231
3062,train,13865.0,6808.267514554073,6165.770645246231
3063,train,10640.0,8314.683420916663,6670.9149110789085
3064,train,17062.0,8386.966959081945,6057.317388864752
3065,train,10513.0,9594.944573733776,6687.012709975141
3066,train,13245.0,10932.47260555287,7509.946813254956
3067,train,29030.0,9832.785546428922,6477.848248705611
3068,train,21215.0,10630.78024970546,8831.304371780683
3069,train,19917.0,18178.718483049794,9398.865686765284
3070,train,14671.0,18055.684142453636,15804.341064872257
3071,train,15947.0,18055.684142453636,15804.341064872257
3072,train,6304.0,14650.346043685271,14024.872622744551
3073,train,15902.0,15073.814634039265,14430.053045034716
3074,train,15190.0,13671.035335991368,13071.942291407157
3075,train,8577.0,15491.069904632026,15084.53271297659
3076,train,9884.0,15055.880141875903,14660.97647657158
3077,train,8957.0,14906.159465578197,14154.05210036464
3078,train,17284.0,13752.733762150281,12632.758899900533
3079,train,20840.0,12033.725864207681,11469.865788903795
3080,train,45542.0,14527.854642674956,13931.290548531259
3081,train,22805.0,15849.8450377137,14545.926114855749
3082,train,12108.0,25849.25184956681,26097.031745000582
3083,train,11248.0,19097.616090088944,17900.895261227877
3084,train,10077.0,14938.63470902945,14259.713831060188
3085,train,16512.0,13465.159455882344,14049.326244237918
3086,train,9525.0,12949.177133059737,13320.374105633713
3087,train,4004.0,13587.915943196465,14689.580690662924
3088,train,9017.0,12312.098373062625,13783.460848510118
3089,train,6145.0,9989.668045204282,10290.485384803715
3090,train,12843.0,10518.784580297739,12076.514988413524
3091,train,44004.0,10898.139840132508,10360.263467423129
3092,train,8692.0,9632.051477489418,11912.49515628961
3093,train,7170.0,22234.59411546928,29736.36665573836
3094,train,9158.0,10572.015491550535,10717.97352072539
3095,train,14859.0,11123.246661061743,12032.852194399533
3096,train,33456.0,10259.506617919402,10715.70176399382
3097,train,11083.0,11511.51533005667,11632.990948097482
3098,train,28104.0,20248.605739505394,20029.867137012177
3099,train,36291.0,16256.595266121434,14173.00807509681
3100,train,30739.0,20093.226814174337,20184.068290740877
3101,train,25223.0,22922.73490254381,23716.96692644078
3102,train,24192.0,24051.268499792277,23573.57285573571
3103,train,26704.0,19926.548370269098,22066.764197399567
3104,train,34714.0,19831.34354868785,20045.792200275635
3105,train,28984.0,17661.394532160342,20286.409998257863
3106,train,20285.0,22620.171326993775,23008.658370084042
3107,train,30664.0,20951.528572293977,22356.763237361818
3108,train,28442.0,16710.343272901537,18980.03111683854
3109,train,4838.0,20220.990748310283,21981.999533939572
3110,train,832.0,18618.903552214448,20286.409998257863
3111,train,1242.0,10930.912308617226,12294.23637923248
3112,train,1498.0,4900.5939493971255,4775.989738376911
3113,train,1844.0,3579.0504003862357,3598.3751521486834
3114,train,3029.0,3092.2501822974314,3707.2610474630296
3115,train,201.0,3870.492969580529,3952.0192491613075
3116,train,2253.0,4143.282405536546,5490.609719617263
3117,train,2403.0,2343.518168883011,1959.909857034627
3118,train,7728.0,2886.235595254156,4635.411687345038
3119,train,11898.0,3425.161330459591,4261.0548231000685
3120,train,7200.0,5547.608278047226,6005.986546022753
3121,train,11260.0,7975.049931809318,7292.3159600361205
3122,train,9080.0,5998.452729960054,5514.53517370311
3123,train,2666.0,8238.051427173652,7679.576466469774
3124,train,1452.0,5865.589926079123,6094.494321041918
3125,train,3185.0,6162.896076287424,6550.131294542528
3126,train,10610.0,6545.185794734731,5930.94132679304
3127,train,16350.0,5476.504359769088,4909.925698923
3128,train,11507.0,8347.89896189059,7357.754329219448
3129,train,8254.0,10938.069241037187,11022.898948041744
3130,train,4864.0,8245.409648350496,8122.638006583119
3131,train,8060.0,8734.209805520091,8401.681545403437
3132,train,15418.0,7583.923190090606,5646.822510525046
3133,train,17337.0,8315.923461010718,8114.766207468776
3134,train,23462.0,10019.671551389041,10039.400787156565
3135,train,9388.0,12129.941304996568,11624.510916479456
3136,train,7553.0,15151.711181036619,14437.792523569771
3137,train,16030.0,11555.908023357124,10930.80760702723
3138,train,23991.0,12729.8389567292,12208.961125364376
3139,train,18084.0,13380.868531938217,12340.582314999758
3140,train,14278.0,14717.11989568901,14919.936942216058
3141,train,13506.0,13972.45467423835,14970.651137738645
3142,train,10033.0,14551.873779428353,13536.424475924729
3143,train,12405.0,13787.932284325856,12711.05956805724
3144,train,13645.0,11466.616187727208,12616.679748571458
3145,train,8755.0,12845.47840212768,12711.05956805724
3146,train,8473.0,12522.007634043588,12479.486322184292
3147,train,13215.0,12524.041454434586,12386.82580247257
3148,train,21391.0,11718.689798031697,11368.392372666725
3149,train,24184.0,11938.852004033051,11835.924918107958
3150,train,11824.0,13981.302233816235,14392.75894496929
3151,train,12928.0,16081.170901026457,16603.1982010597
3152,train,16010.0,14308.924854959165,14064.42474080693
3153,train,15494.0,13734.957362002682,13630.627621070451
3154,train,14214.0,13083.62614075343,13920.466073561098
3155,train,15355.0,12507.01130577266,13529.593315697839
3156,train,10087.0,12108.56286612558,12789.605711105978
3157,train,14752.0,11724.488045085845,12789.605711105978
3158,train,7121.0,11259.976707777996,12347.38226109759
3159,train,5634.0,10158.93109781889,11508.682933169737
3160,train,2658.0,8648.528072207782,10062.274588004237
3161,train,2155.0,6944.411452076427,8271.920751593301
3162,train,1357.0,4065.210661117037,4779.035221670353
3163,train,2912.0,4378.1654832273725,4219.302378260681
3164,train,0.0,1205.2534531193317,1127.1832416588622
3165,train,6370.0,2538.162379922416,2176.763298578283
3166,train,5639.0,947.9524141869068,884.2735959982556
3167,train,3408.0,2845.0619128135245,2721.8746010202854
3168,train,4413.0,4733.7709548384455,2452.489458992297
3169,train,2217.0,3005.571301101172,2584.382978742126
3170,train,698.0,2247.984681217667,2159.7858996427162
3171,train,3540.0,1747.4432054212373,1747.2280290270926
3172,train,7712.0,1992.897259516983,1248.185665397149
3173,train,5033.0,1341.037755085761,1452.1611439243939
3174,train,5653.0,3533.221608009833,2048.1293803329577
3175,train,18820.0,3127.4315352026906,3188.3674428242725
3176,train,12291.0,3888.5060054529913,4140.634833999527
3177,train,10903.0,4347.174188339621,5711.183303118127
3178,train,4630.0,7927.239750347441,5938.57203848515
3179,train,5918.0,7950.48564321147,7375.835548830733
3180,train,4357.0,4162.928237217457,4262.318573605352
3181,train,8748.0,5586.685014501164,5767.484859620035
3182,train,2290.0,2814.962498351585,3625.4904961211496
3183,train,6307.0,4888.214705493373,5201.85089815512
3184,train,5581.0,3243.763646487785,3272.4334409894777
3185,train,4738.0,4293.396081925172,3619.6727843787635
3186,train,1215.0,4018.3187325629765,2805.12294882008
3187,train,10099.0,2227.6530360597485,3502.486392369283
3188,train,6057.0,850.2367076908206,1195.0273310460782
3189,train,921.0,1475.2131218289137,730.576017664179
3190,train,7656.0,3500.063677934729,2809.891208237206
3191,train,1526.0,939.3379386789369,987.1235642034369
3192,train,1697.0,738.2902974272895,753.1455276236244
3193,train,4367.0,835.7372991654918,699.9581745407239
3194,train,2062.0,438.6617937660546,665.1765899645644
3195,train,8273.0,1119.0340232317799,1600.790523930153
3196,train,2623.0,377.80759568771356,489.8551195658601
3197,train,2837.0,715.6443093664456,1251.81800943709
3198,train,1605.0,489.7535610138737,488.7934020078907
3199,train,4299.0,422.99463239718676,438.22035213160376
3200,train,0.0,32.983158364580966,55.97523157781411
3201,train,0.0,24.47013666190487,43.99665978845415
3202,train,0.0,3.0801717035866654,13.468345456947418
3203,train,0.0,1.8458643637137389,7.975293040176428
3204,train,0.0,3.8169975438041464,8.069261761880032
3205,train,0.0,1.5215531561007984,4.003890119405159
3206,train,0.0,0.9957269907074053,4.379519162223659
3207,train,0.0,1.9076770971262422,3.9954194518765442
3208,train,0.0,3.2615726973856445,2.540324823286825
3209,train,2568.0,14.18841018350453,11.745858705704821
3210,train,0.0,1.8896484204753525,4.0352753774869585
3211,train,0.0,8.133185679334593,12.546697974045657
3212,train,0.0,1.5702398079523125,2.8113137791125364
3213,train,0.0,0.7946711920535212,1.4008968089562597
3214,train,0.0,0.25056388579238853,0.7979904567951996
3215,train,0.0,0.9967822580644399,0.7181997178431647
3216,train,0.0,0.6009141893023675,0.6432724702001578
3217,train,0.0,0.815585175034439,1.9624197147512996
3218,train,0.0,1.4227611077943605,0.707222250531161
3219,train,0.0,1.222735049573349,0.707222250531161
3220,train,1931.0,1.1666450993408688,2.074572309028662
3221,train,0.0,0.5110635112521227,3.9707786087977555
3222,train,0.0,0.08420569384672956,1.0561611592123192
3223,train,0.0,0.0,0.8810272812097653
3224,train,0.0,0.2466667208212149,0.32184942515886
3225,train,0.0,0.9096414248371862,0.42414994550930196
3226,train,0.0,0.614727521631482,0.2824800786680014
3227,train,0.0,0.35151457437269606,0.20046126834524722
3228,train,0.0,0.4158882989011108,0.2524888787313762
3229,train,0.0,0.4430780014471588,0.2634814463330936
3230,train,0.0,0.30712089332494824,0.2524888787313762
3231,train,0.0,0.9764850503891362,0.8120501888638123
3232,train,0.0,0.7517842209312147,0.5716641491729102
3233,train,0.0,0.5455318997201262,0.21210832992828768
3234,train,0.0,0.05633977564180801,0.582368790243819
3235,train,0.0,0.5563207708920064,0.4976663725582534
3236,train,0.0,0.2468339659314584,0.45207097200753465
3237,train,0.0,0.4298456855345309,0.5886079796085621
3238,train,0.0,0.4773578584495311,0.44049163395202
3239,train,0.0,0.3384803225546864,0.48105495829030714
3240,train,0.0,0.3124035221425763,0.603299204210693
3241,train,0.0,0.09124824307974182,0.39115164701249205
3242,train,0.0,0.3068664916548595,0.44049163395202
3243,train,0.0,0.4438520387748361,0.39115164701249205
3244,train,0.0,0.3402301718938165,0.5207705238220599
3245,train,0.0,1.1285774181773034,1.5268386828246472
3246,train,0.0,0.9812923592814886,0.8771932172346042
3247,train,0.0,1.0375347822853085,0.8771932172346042
3248,train,0.0,0.7740024248114448,0.4959889429127468
3249,train,0.0,1.0983636064234665,0.6825926566606191
3250,train,0.0,1.6709066128354815,0.734536425216612
3251,train,0.0,3.065229380305352,1.1653164587204654
3252,train,479.0,3.3566955711559823,1.1653164587204654
3253,train,847.0,3.015154644838738,9.150954383994037
3254,train,3079.0,11.816211556448856,53.69942479394913
3255,train,2528.0,25.52348054428734,113.05355765214311
3256,train,309.0,28.08395828079112,39.53532306818989
3257,train,0.0,32.62671267894976,54.057795897189735
3258,train,0.0,10.915990022566914,44.92873970815866
3259,train,398.0,22.968081048194023,71.28862784915293
3260,train,1027.0,17.59383237926013,23.9691832319864
3261,train,0.0,6.33673777042705,15.601357797631238
3262,train,0.0,9.700527579327082,16.42179688337687
3263,train,3492.0,19.768721902428076,54.43463774652566
3264,train,0.0,19.609560011524835,37.67984932579754
3265,train,0.0,13.192796940808535,40.70680650016899
3266,train,0.0,5.67669104251633,12.551507516341701
3267,train,0.0,2.1052530040565465,7.912836090812021
3268,train,0.0,3.020434920458242,6.217248117734627
3269,train,0.0,2.8133013510641347,4.706247801184627
3270,train,0.0,1.8933038125609039,2.516041242487312
3271,train,0.0,4.079419144496656,6.292373554409499
3272,train,0.0,2.526601649637478,4.4853093355976315
3273,train,0.0,4.827780863694611,6.143884978775422
3274,train,0.0,4.100762471872715,4.834148274603281
3275,train,0.0,3.604199944773071,3.075346717250521
3276,train,0.0,3.9817944970714105,3.027208343771183
3277,train,891.0,22.5773484324328,15.946465372251449
3278,train,0.0,19.846853209387362,15.946465372251449
3279,train,0.0,154.62815937156472,200.5202714980612
3280,train,97.0,274.14380346748203,186.10171652962512
3281,train,385.0,231.25271481916172,288.4153151061996
3282,train,2447.0,228.77914050420452,207.7058332894989
3283,train,6485.0,330.5695970978333,500.7863290776778
3284,train,3444.0,1363.0756106178142,939.072453118271
3285,train,1444.0,4517.560557198258,3249.4905511634365
3286,train,3798.0,3868.003557084807,4071.779169771217
3287,train,3466.0,2533.343368215614,2060.64142578416
3288,train,3857.0,2764.8364765023016,3181.168438619545
3289,train,13010.0,3455.394712793651,3383.211591582296
3290,train,6000.0,3800.8435625142693,4111.366213740761
3291,train,946.0,5172.2208743516985,6115.033642524222
3292,train,2852.0,5436.038309488235,5482.665791767803
3293,train,8224.0,4452.307808576979,6257.78376494547
3294,train,3101.0,3946.9777934233643,4752.847176091024
3295,train,8040.0,5166.615391148247,4513.962274621082
3296,train,3996.0,5054.599469850949,6269.004705694395
3297,train,6341.0,7092.263906506754,6924.243295305822
3298,train,0.0,2484.523809883278,4386.647813205687
3299,train,7473.0,6487.0310637987905,6068.185868810151
3300,train,9307.0,3650.318528806722,4190.85300750089
3301,train,11467.0,3866.017387466043,3934.0703930020627
3302,train,17903.0,7030.174834902168,6509.547660516314
3303,train,9323.0,7762.553841933341,7795.3307913193385
3304,train,8446.0,11200.848258289654,9434.495545071817
3305,train,8085.0,4672.590109093323,7181.691312473817
3306,train,7703.0,8814.750252480213,9193.33706880651
3307,train,6729.0,6873.898181886379,6630.6271492995875
3308,train,7779.0,6873.898181886379,6630.6271492995875
3309,train,8973.0,7066.557777504104,7504.281278653196
3310,train,11552.0,6602.512164223891,7443.932852853824
3311,train,2512.0,5966.699875971374,6859.725319927753
3312,train,8173.0,7558.519839716547,7987.390581297593
3313,train,5173.0,6275.933367387858,6982.5146447212055
3314,train,670.0,5929.377883453623,6679.867183019769
3315,train,3432.0,5323.614826954331,5406.80962524261
3316,train,5662.0,4078.8772589141463,4713.565937764848
3317,train,248.0,3250.5692974126077,3141.5721456724136
3318,train,2490.0,4106.865215610042,3739.4831882436893
3319,train,2110.0,3951.772446281998,4236.379220899667
3320,train,2983.0,2896.1352314010683,2733.544254330644
3321,train,2549.0,1643.4625333232066,2509.0364658704098
3322,train,5506.0,2569.587032994686,4105.934004923529
3323,train,6254.0,3981.756219077976,4306.006142070628
3324,train,4199.0,2401.681554520593,3934.2223895254906
3325,train,1972.0,5106.164089895572,4564.372280552691
3326,train,1081.0,4647.859456979802,5440.168515208181
3327,train,3137.0,4774.018191036087,4312.458285259598
3328,train,4841.0,3370.687280889908,3233.521863556897
3329,train,4464.0,3610.0148768508957,3997.0301365254873
3330,train,10282.0,5764.520607072896,5241.234481431058
3331,train,6201.0,5461.296703520715,5275.836705785324
3332,train,13621.0,6815.031782724424,6458.55771841182
3333,train,60959.0,7808.296634487453,7112.170210379857
3334,train,20546.0,9234.220997269947,7924.6622657877715
3335,train,15949.0,35210.381075708814,34771.82488609254
3336,train,10384.0,19214.502752377753,17533.326091629267
3337,train,11516.0,19151.049884157594,18970.940282468935
3338,train,4929.0,13859.356427764516,13470.292385564653
3339,train,14776.0,13253.760411901707,13533.655646730513
3340,train,18936.0,9055.47595219029,9644.878161354816
3341,train,126434.0,13231.49670324694,12915.23210649214
3342,train,99672.0,15276.808272176604,15609.866677298354
3343,train,76364.0,53737.555075287484,51315.84711398428
3344,train,200188.0,49599.275458510485,47848.29696494685
3345,train,116196.0,39432.05411692898,36449.04582463508
3346,train,228758.0,122342.63155738964,126012.79304463016
3347,train,56631.0,54595.37951396499,64798.954504858724
3348,train,176848.0,126214.62836097833,126833.00713412426
3349,train,116772.0,38653.24173297977,46412.89485010295
3350,train,6818.0,101336.80274834749,107117.10196542177
3351,train,2271.0,52512.49111257981,66723.71171963785
3352,train,4562.0,19306.383467639265,21223.57169265468
3353,train,6704.0,12074.531788093775,12720.329794983943
3354,train,9997.0,10801.664077656982,9933.66489912375
3355,train,15640.0,12422.534288366922,12393.759124964925
3356,train,7801.0,15019.32757932517,15939.390298224256
3357,train,12341.0,19240.056128817192,18635.324973869272
3358,train,14699.0,14696.403695490211,15344.145358382837
3359,train,34861.0,17143.416823406325,15727.674568436769
3360,train,16541.0,16500.628349830244,16681.42044625579
3361,train,14744.0,21855.726713548036,22025.60792957554
3362,train,3996.0,19631.105076356926,19960.839221644455
3363,train,9041.0,15921.863110086124,15407.2063037878
3364,train,9350.0,11588.362606816647,10815.482782028315
3365,train,8385.0,10706.833356101835,10547.238595179277
3366,train,5679.0,10732.877409291961,10562.67419531749
3367,train,10638.0,10873.249058087944,10726.348796067548
3368,train,14322.0,10415.06252124793,10475.570373719707
3369,train,8620.0,10203.049959434318,10563.084672228508
3370,train,10745.0,13591.202714833194,12818.981733957404
3371,train,9476.0,12929.990955416642,12185.586463170408
3372,train,10778.0,12793.64690959098,12332.69009422146
3373,train,22397.0,12912.487827325489,11098.877802230209
3374,train,9433.0,10648.227256972046,10955.042255853848
3375,train,4355.0,12976.16654100687,13546.760566167204
3376,train,6831.0,10354.420368174997,11346.24055139545
3377,train,14548.0,10103.422969154653,10650.746726015133
3378,train,7587.0,8759.080409177077,9827.308320957234
3379,train,10630.0,9933.962243312288,10495.97806024214
3380,train,12676.0,9451.262685550442,10922.971862602893
3381,train,12652.0,9478.889780226618,10765.407044940435
3382,train,4731.0,9758.673726097457,11214.044896117734
3383,train,6631.0,9435.823436756502,10587.878651386965
3384,train,7677.0,8741.661809351037,9693.439662583232
3385,train,3414.0,8894.477841658148,10214.72302774049
3386,train,0.0,5714.383667577623,7878.506153083227
3387,train,6158.0,7288.341733868368,7866.662438299052
3388,train,2089.0,4450.194904102292,5073.669766497658
3389,train,9388.0,5817.009910254621,4750.119565620417
3390,train,11122.0,6193.547536120352,5120.1753840614965
3391,train,5383.0,6335.294462560161,7797.434467425218
3392,train,2202.0,7490.360169597457,7186.238681133539
3393,train,6505.0,7011.911910515226,6087.976574261936
3394,train,12798.0,7364.648999847183,7113.466744259442
3395,train,8150.0,5410.987333238508,7879.75556976478
3396,train,775.0,7134.848548560642,8372.619425317818
3397,train,9984.0,6673.308981802971,8310.450058853394
3398,train,6617.0,5790.2547034924555,5266.165679848499
3399,train,1247.0,3119.279998002822,4937.59446564021
3400,train,4571.0,5741.761914164362,6723.678395532728
3401,train,11863.0,5838.6082178590905,5777.258957698021
3402,train,6835.0,5897.482380317961,5643.766729944861
3403,train,12274.0,4033.1703903290045,4727.810793271269
3404,train,4882.0,6688.001180775393,6975.619830443528
3405,train,7805.0,8382.641888559101,8321.861384008813
3406,train,9246.0,6141.869847541226,6203.701536881138
3407,train,12336.0,6459.423168791327,7388.822588774377
3408,train,13915.0,7533.225675877403,7976.9577726529105
3409,train,11164.0,7972.044553767345,8569.944198629066
3410,train,8903.0,10608.64432739367,11181.211916024642
3411,train,11364.0,8431.404453986059,10541.637323246905
3412,train,14023.0,8968.36074600698,8840.874446541155
3413,train,13383.0,9106.571813490498,9025.95190129041
3414,train,12090.0,11288.284836507268,10677.776028107215
3415,train,4679.0,11832.39073355417,11721.841371473234
3416,train,13365.0,11688.583231294851,11876.458615314668
3417,train,8131.0,10330.071920797185,9774.845859214738
3418,train,9411.0,12121.050506065923,11002.556133337464
3419,train,18585.0,8298.90298680474,8648.556432226476
3420,train,16339.0,11405.795531548292,10936.843315726746
3421,train,12790.0,14818.472957045606,12704.828734662931
3422,train,7144.0,11630.324826738206,11265.31395495343
3423,train,16749.0,12649.348615629777,12258.608199022088
3424,train,8572.0,11585.559481625149,11415.940772463691
3425,train,9136.0,12732.046642843985,12166.431972975959
3426,train,4797.0,11363.672741765959,10970.039276489515
3427,train,10692.0,11967.174146192889,11747.01985103973
3428,train,8833.0,8753.088683102857,8259.11661107364
3429,train,11782.0,9519.945194231703,9179.258981310759
3430,train,12093.0,9330.557891239454,9192.692769854897
3431,train,7623.0,11486.592241856657,10908.216263855147
3432,train,12405.0,11577.632838967013,11052.10228071212
3433,train,7095.0,10264.947966618152,9564.675558905372
3434,train,10937.0,11410.019324239733,10709.485082127605
3435,train,7836.0,8228.52238119294,8135.445911135335
3436,train,9574.0,10058.996183735864,10146.388495743013
3437,train,8688.0,8065.6224375767715,7587.383794205017
3438,train,12441.0,7990.595823081743,8102.012747549943
3439,train,13075.0,7285.161135265295,7361.016145676599
3440,train,7773.0,9203.762637573152,10072.084346637472
3441,train,21177.0,10810.73072865706,11272.639877961456
3442,train,15779.0,10299.140764370752,10611.925679959455
3443,train,31980.0,13379.29634148436,12506.909876725267
3444,train,19167.0,11572.768677065586,11622.10912446037
3445,train,11934.0,17053.12423025237,16828.960135553443
3446,train,14101.0,12921.997498442088,13967.857679361852
3447,train,13227.0,11921.68965923887,12476.430422181003
3448,train,11264.0,11222.34725128298,10954.164864387725
3449,train,9034.0,9893.820476924486,9788.433693242869
3450,train,9318.0,9646.238159614322,9697.277877370025
3451,train,13715.0,9425.616913456899,9197.182194657049
3452,train,2819.0,8031.686332187142,8335.076752302923
3453,train,11675.0,9667.537307793069,9283.637523438412
3454,train,24294.0,4923.868200558061,6691.518259384418
3455,train,13002.0,8218.560557049603,8820.868480105873
3456,train,15982.0,10316.519325411691,10394.0939264363
3457,train,16026.0,10181.779329065634,9780.280389301644
3458,train,23938.0,10852.479371823929,9713.76968181563
3459,train,15958.0,9485.386206337385,8770.651502814086
3460,train,13675.0,15211.780508549784,12149.229666501598
3461,train,8111.0,12489.17975775477,12274.996032720286
3462,train,18732.0,11433.09316507058,10950.255249252337
3463,train,14348.0,10619.169318084538,9978.555590007454
3464,train,7977.0,12394.495060295312,11371.796033783141
3465,train,4425.0,11162.400177860934,10879.496872147136
3466,train,9519.0,10815.589900844567,10020.710254950425
3467,train,10008.0,4760.591116292403,6143.800936829719
3468,train,4064.0,7042.3686622402765,7937.4138473698995
3469,train,11906.0,7420.780162455939,7914.976949517928
3470,train,8812.0,5607.503022578434,7030.028178463231
3471,train,1865.0,7196.5178704739,7033.214662075032
3472,train,1713.0,5395.060444775754,5591.526806106483
3473,train,7933.0,4688.308809349622,4702.575781574219
3474,train,10120.0,2142.278773648446,2468.992206264649
3475,train,5832.0,1558.1235750560577,1575.8396491892936
3476,train,4735.0,4258.784114788805,5600.904904994282
3477,train,6161.0,4260.298696322505,4104.983872507594
3478,train,1090.0,2701.6426621886408,3282.333510520846
3479,train,9395.0,3198.92490908537,3112.296862497295
3480,train,6743.0,1544.618664098166,959.515613301901
3481,train,1953.0,2498.587641365563,2949.0334691638905
3482,train,1689.0,3356.3439950564,3652.81424209541
3483,train,6424.0,2188.5376484871717,2099.90010588422
3484,train,8643.0,1019.8426041619191,1447.3757988428454
3485,train,1408.0,752.4518943862325,1051.3889024537257
3486,train,2586.0,2856.293097005649,3662.785055342112
3487,train,2991.0,1062.3514497103085,1197.4117659522506
3488,train,2492.0,264.75346559346417,313.3034615841442
3489,train,0.0,43.79217688065548,144.1122749491695
3490,train,2550.0,115.1530503551789,131.75148703239225
3491,train,4246.0,181.74705792379086,93.52366732579772
3492,train,2318.0,95.25288957764086,93.83148837615212
3493,train,0.0,12.773974801508082,44.60681850294335
3494,train,654.0,300.23987143233285,214.9995580606677
3495,train,0.0,6.001786210169468,37.0534879295948
3496,train,0.0,16.01165724073074,38.15145098345088
3497,train,0.0,4.0423251549130415,2.407755461677788
3498,train,0.0,11.484609095375507,10.15815688166697
3499,train,0.0,8.136150028497877,7.613136529733916
3500,train,2524.0,17.846579688802926,12.742247556940137
3501,train,6132.0,9.632349312886923,11.23031268720163
3502,train,0.0,11.665831011840694,12.262736854862531
3503,train,1514.0,26.335566692816876,25.16139989994218
3504,train,927.0,187.77831653150972,123.43233039064302
3505,train,0.0,13.682362953616398,15.086117960066389
3506,train,1362.0,102.1295769594139,114.7697575174785
3507,train,2234.0,87.68259816682296,35.877019694344234
3508,train,1662.0,122.40668792985038,60.3511148214164
3509,train,872.0,23.784665586700843,14.638021004708822
3510,train,0.0,31.279693997991004,19.645442191923145
3511,train,1604.0,30.983309624599563,23.55492632287535
3512,train,1718.0,52.410777628585336,188.0640417746356
3513,train,0.0,33.73531495367263,246.25857184881048
3514,train,0.0,5.644069842654206,3.8920030266754555
3515,train,0.0,4.695776036757783,2.671519723051453
3516,train,0.0,2.1240168808412925,2.5362136776570194
3517,train,0.0,1.7164705542914231,1.1072452310970915
3518,train,0.0,1.14035283142805,1.7862045224905727
3519,train,0.0,0.9155812940845891,1.0701894981812905
3520,train,211.0,3.18749524991902,2.227305811948131
3521,train,0.0,3.18749524991902,2.227305811948131
3522,train,0.0,5.47874362909648,4.358231958665447
3523,train,0.0,4.49208282522168,2.101710694606845
3524,train,0.0,2.7938378572641582,1.3205753080139742
3525,train,0.0,2.542965201959202,1.3013951537004638
3526,train,0.0,0.38862137447249057,0.7372111614842669
3527,train,0.0,0.3737173750347621,0.5461945170855977
3528,train,0.0,0.8643718387702073,0.6251880908947127
3529,train,0.0,0.6043527937805062,0.5954669995429192
3530,train,0.0,0.5003745851943797,0.5954669995429192
3531,train,0.0,0.6177677026366872,0.5007445510489654
3532,train,0.0,0.5535955413652571,0.5485686823257074
3533,train,0.0,0.6669351421851,0.5774161303049605
3534,train,0.0,0.4824926455215071,1.221221585665123
3535,train,0.0,0.434441669701273,0.5007445510489654
3536,train,0.0,0.48005872762984525,0.5774161303049605
3537,train,0.0,0.7397103922716544,1.3652038183203885
3538,train,0.0,0.9839216824700909,0.8113587203127111
3539,train,0.0,1.0832754043197892,0.6149302750085126
3540,train,0.0,0.6164140834886018,0.626112966146184
3541,train,0.0,0.529718930017691,4.941635970436918
3542,train,0.0,0.4749453740882002,5.57934398015743
3543,train,0.0,0.83834310766987,5.085555858832586
3544,train,0.0,1.1747590059302793,4.811817584549845
3545,train,0.0,0.9570852195732344,6.932875359832516
3546,train,3512.0,4.388872477449735,10.343169845197691
3547,train,0.0,2.616203457964138,6.7845703690236965
3548,train,826.0,100.4668902894026,40.061648033252574
3549,train,338.0,56.944550895666225,33.16285928951674
3550,train,0.0,34.66580114468052,22.989577215674093
3551,train,895.0,90.97813806980083,62.579685534784076
3552,train,126.0,139.32270927815455,66.57551366710153
3553,train,1886.0,164.87669817894624,110.50237708396664
3554,train,0.0,79.1991943752981,140.3159601263266
3555,train,0.0,107.69108961474953,69.00819787609183
3556,train,1466.0,242.93408451512678,300.9379187112839
3557,train,505.0,181.6653655829805,154.23859341837547
3558,train,0.0,84.57682059583041,53.3748197556109
3559,train,2410.0,409.41893798636033,362.2994006541039
3560,train,0.0,139.73857651618368,51.58311816727809
3561,train,146.0,755.6936085510691,676.8900269453387
3562,train,2053.0,272.9392204077808,165.41358049615133
3563,train,0.0,260.1872847781807,63.03768990722136
3564,train,0.0,477.6238360680994,232.90048862579977
3565,train,1872.0,315.1470416230738,342.66771871629265
3566,train,24700.0,258.2457060942082,131.3291310457391
3567,train,8811.0,991.1201102504286,634.9922617664823
3568,train,11130.0,5427.10390809587,4543.380644699735
3569,train,9878.0,10344.858449084737,3805.7671484704683
3570,train,6251.0,7361.26217252174,7692.591443093772
3571,train,3381.0,5347.421730729007,6312.002828737207
3572,train,10843.0,8527.688255581348,7711.358624354413
3573,train,20847.0,6924.328780712374,7325.964889066112
3574,train,7024.0,9186.889900684351,7202.44164459932
3575,train,7783.0,12733.734863372532,11951.00942320984
3576,train,10050.0,10194.604081359463,9806.930583943446
3577,train,8822.0,10031.534031891559,10168.981777564672
3578,train,27400.0,11002.98478178866,9737.555275539751
3579,train,16180.0,10671.461525554043,10181.995097730452
3580,train,14800.0,15219.245588588106,13540.968711597421
3581,train,16355.0,14298.808284688537,11989.754129235986
3582,train,24936.0,15644.26276904569,14424.762891128943
3583,train,14470.0,14298.808284688537,12233.4757655021
3584,train,11317.0,15654.54504072741,14667.158036255632
3585,train,11184.0,13982.048233807891,13086.551723409213
3586,train,13305.0,13531.469838356836,12870.422586712983
3587,train,17402.0,13059.366282720179,11188.107858678959
3588,train,13603.0,13818.452381606028,13022.219538661315
3589,train,15602.0,15497.626585393471,14463.20132978038
3590,train,25045.0,14571.368969589728,13576.92698067612
3591,train,27355.0,14996.916903258623,13652.086578872368
3592,train,11259.0,16802.048486419884,15436.977122907037
3593,train,12991.0,17865.67472871547,17036.014605584893
3594,train,17795.0,14910.330945087115,14153.710066395355
3595,train,21242.0,14015.022448425963,13308.552545219392
3596,train,12208.0,13825.772026906141,13107.753541088841
3597,train,18263.0,15514.880220802941,14765.720024522032
3598,train,28741.0,13064.809060483714,13308.552545219392
3599,train,13320.0,14038.265519871431,14263.838280528413
3600,train,1381.0,15618.107852477462,16341.218891879837
3601,train,3686.0,14043.355911035296,14305.354248434627
3602,train,9559.0,6767.322208446296,7213.460269417375
3603,train,10736.0,6646.976991219104,6740.084099720221
3604,train,6983.0,6897.648129213982,6219.75192141199
3605,train,2621.0,9512.359065585377,9800.98242053593
3606,train,4371.0,9138.7411693313,8713.28940413991
3607,train,8889.0,7099.2885095961565,6673.4918056126235
3608,train,5567.0,5288.380127767199,4179.675199165758
3609,train,7392.0,6541.1555488962595,6911.804832036623
3610,train,8817.0,7875.765851713868,7636.891859177211
3611,train,10150.0,8451.203751704026,8594.582255865878
3612,train,13264.0,7883.491930503712,7488.318040116478
3613,train,13170.0,7816.088740231138,7327.27084239251
3614,train,8407.0,10231.572396954378,8756.982942882638
3615,train,10012.0,10846.621290236368,9648.355570025531
3616,train,13948.0,10502.736678698342,9141.7132832685
3617,train,8187.0,10315.819511412972,9409.448028768604
3618,train,7105.0,11554.9248269084,10907.085171194338
3619,train,8785.0,11208.886401316302,10450.819449980592
3620,train,121121.0,10472.580885732961,10215.780282288297
3621,train,217373.0,10601.537925807575,10138.48143735591
3622,train,197486.0,62085.03717847967,58773.8706212285
3623,train,218377.0,123596.05213762072,118348.19279595895
3624,train,227210.0,134293.0699516548,129686.72208398822
3625,train,196652.0,141784.26842793843,132555.24694415537
3626,train,217426.0,143866.91560453858,134303.58430597826
3627,train,397665.0,146230.3479244868,136034.99898373705
3628,train,408199.0,146230.3479244868,136034.99898373705
3629,train,409547.0,294036.895030227,280105.4388479476
3630,train,339423.0,292860.3907292474,280105.4388479476
3631,train,217858.0,292860.3907292474,280105.4388479476
3632,train,193752.0,236136.6187866148,225816.69052150386
3633,train,100534.0,164980.9240020545,159280.57374163304
3634,train,390577.0,151168.16541026116,145239.80590849766
3635,train,396693.0,84090.49311143764,78954.82101373981
3636,train,217782.0,273754.7101591011,260423.73178307072
3637,train,219818.0,300495.5239278613,285599.5986759899
3638,train,228043.0,165934.56607260843,159280.57374163304
3639,train,228433.0,165934.56607260843,158919.0788891087
3640,train,219868.0,156769.471142883,144910.17704761276
3641,train,203625.0,152041.96583887027,144910.17704761276
3642,train,211837.0,152041.96583887027,144910.17704761276
3643,train,222904.0,152041.96583887027,144910.17704761276
3644,train,226063.0,152041.96583887027,144910.17704761276
3645,train,220412.0,152041.96583887027,144910.17704761276
3646,train,220376.0,150877.3012055394,144910.17704761276
3647,train,213904.0,150877.3012055394,144910.17704761276
3648,train,223680.0,147096.4191211309,143310.90632575558
3649,train,69201.0,142782.12766102192,133419.5461778508
3650,train,19078.0,143559.4031041877,133419.5461778508
3651,train,33456.0,55890.53335119336,51995.13330186421
3652,train,34447.0,29987.937462976388,28187.038376528235
3653,train,32940.0,39885.55665856677,36214.82871349077
3654,train,32580.0,39885.55665856677,35703.551391900415
3655,train,38176.0,38732.74779675814,35553.75115551442
3656,train,38806.0,37539.82471805566,34803.90157579754
3657,train,33613.0,38474.54013732234,35262.9573442154
3658,train,67692.0,37917.56414515309,34803.90157579754
3659,train,59647.0,38672.82898926329,35288.44081049183
3660,train,45287.0,56478.56015196502,52944.479984134814
3661,train,26226.0,53300.35990666182,49856.70711622592
3662,train,21212.0,35889.91519511419,33012.73971242692
3663,train,24847.0,25060.938514322104,24916.640890145583
3664,train,36244.0,23057.83578480147,23144.210826504514
3665,train,21975.0,25521.2045969969,22848.88647165188
3666,train,20436.0,28261.723474171376,26195.565520318796
3667,train,15351.0,22482.107976459756,22341.41843157503
3668,train,28474.0,22096.82913989242,22264.857457236256
3669,train,23868.0,17508.215820839243,17504.02821068188
3670,train,7221.0,19523.6528528389,20148.408363089147
3671,train,19956.0,18215.196110275378,19349.78972041968
3672,train,10975.0,15792.260239241712,16116.465972274349
3673,train,18295.0,20361.128582151705,15725.783161912279
3674,train,15760.0,11962.446456997046,12125.568957120096
3675,train,6766.0,11029.161145558568,13144.51478697823
3676,train,12670.0,13756.104014895394,13168.358633252406
3677,train,18139.0,13312.96597237888,13090.331301716005
3678,train,4667.0,14848.191526406374,13641.048235454844
3679,train,10605.0,15373.36225773461,14429.86422368481
3680,train,9893.0,11218.693985299204,10540.40043845245
3681,train,9492.0,12066.472994407748,11025.761330142594
3682,train,19522.0,12200.543026094465,10555.581647720037
3683,train,13963.0,12941.993430987017,12218.810867422762
3684,train,18442.0,15011.848484768649,13948.916582326254
3685,train,19413.0,11912.944756511602,10379.097532455777
3686,train,28055.0,14798.818224429744,13775.512322726108
3687,train,26329.0,14852.309493699286,14399.34886931057
3688,train,20063.0,16064.715908191029,16110.911616659767
3689,train,23577.0,18730.569635853117,18799.408987485516
3690,train,16726.0,19888.8710615103,19295.914987396878
3691,train,11601.0,17661.33959260146,16974.954727526663
3692,train,14149.0,17094.503049614108,16277.860362239857
3693,train,17595.0,13977.683636057234,13333.446796104252
3694,train,8427.0,15463.42188144972,14737.820381429836
3695,train,24136.0,15910.390843567671,15163.596490113623
3696,train,24538.0,14619.087023587084,13718.358328134329
3697,train,15233.0,19159.75107932914,16690.863419642497
3698,train,13656.0,17946.01364173797,17222.045936929233
3699,train,10310.0,17892.744090552755,17139.99722152907
3700,train,22198.0,15033.620683947805,14315.792104333395
3701,train,7768.0,14438.391971253099,13718.358328134329
3702,train,17343.0,16149.070949220915,15334.248007511174
3703,train,25068.0,14619.087023587084,13718.358328134329
3704,train,30951.0,16305.734052957903,14104.476530453976
3705,train,44366.0,17281.820359752255,16321.170160653808
3706,train,20360.0,23258.441047636545,21599.323148318083
3707,train,21207.0,28183.020872537654,26507.01365502285
3708,train,23818.0,22442.400622417583,21424.959579858536
3709,train,16182.0,21225.641429506963,20567.4349958388
3710,train,16675.0,19606.674923629405,18574.072808310804
3711,train,14952.0,16902.177203572544,16565.28609759243
3712,train,11427.0,15955.427621831403,15614.297951553075
3713,train,22992.0,15282.695274458598,14978.299532796409
3714,train,22005.0,14048.245194665358,13960.592524403757
3715,train,23400.0,15579.877160397236,15550.541632262188
3716,train,8802.0,16720.926612213218,16163.693101696701
3717,train,12423.0,18774.182671681432,18148.527435095915
3718,train,19319.0,15307.28668257544,15226.68001455415
3719,train,16097.0,15451.129720259849,13560.992411376212
3720,train,19604.0,15565.420471789083,14849.922958554449
3721,train,15637.0,15204.587850931255,14858.758695073431
3722,train,16454.0,15839.947205431787,15101.350133490569
3723,train,14800.0,14317.220475501827,13993.860581360372
3724,train,22694.0,14731.06072083217,14398.145125557096
3725,train,20885.0,14317.220475501827,13993.860581360372
3726,train,26720.0,15130.170268790647,15096.021481982742
3727,train,15305.0,16418.880101544964,16406.387674917336
3728,train,26591.0,17957.49404373391,17609.973969869967
3729,train,28734.0,15162.275680476454,15673.914560138433
3730,train,27253.0,19032.019221575436,18794.166593502225
3731,train,19216.0,18577.61990162371,18505.397808985825
3732,train,34579.0,21299.587653342373,20512.900025994146
3733,train,29984.0,18091.283384134782,18554.30218659079
3734,train,102724.0,22718.01461547664,21731.744471935734
3735,train,174135.0,22264.67943321307,20762.059751418903
3736,train,175399.0,55041.144406973195,52722.08316012856
3737,train,202854.0,89041.99926778098,84287.49531010196
3738,train,187191.0,103704.13080355275,103329.77986897118
3739,train,214571.0,127056.6074640174,126436.65203454938
3740,train,186368.0,128922.92383372542,128104.2888007464
3741,train,178482.0,131374.885571053,127803.81326178086
3742,train,188694.0,131040.85935202909,127803.81326178086
3743,train,192745.0,108816.5928712323,106314.41216411919
3744,train,136310.0,133320.30139638795,132038.2674158663
3745,train,213414.0,148101.82949199528,137224.79382367776
3746,train,200108.0,69749.82281549231,69043.875767491
3747,train,200928.0,130827.94120469887,132336.05436726514
3748,train,186442.0,130827.94120469887,131997.37792822844
3749,train,200111.0,133036.42346124278,131997.37792822844
3750,train,202762.0,130827.94120469887,131997.37792822844
3751,train,118935.0,130827.94120469887,134216.6577266678
3752,train,190568.0,130827.94120469887,133873.1684553367
3753,train,202313.0,72679.91953731375,72775.68845752656
3754,train,202166.0,130827.94120469887,133873.1684553367
3755,train,200055.0,130827.94120469887,133873.1684553367
3756,train,205257.0,134207.83601873997,133873.1684553367
3757,train,202172.0,134104.49525518788,133873.1684553367
3758,train,222412.0,134104.49525518788,133873.1684553367
3759,train,204642.0,133650.4710113331,131859.25864298255
3760,train,191069.0,112653.48019473598,131859.25864298255
3761,train,208377.0,131760.64944008403,133873.1684553367
3762,train,40592.0,132504.11417887185,131859.25864298255
3763,train,19270.0,132504.11417887185,133873.1684553367
3764,train,15172.0,38472.77703217395,39128.52113089883
3765,train,25474.0,22154.08722848318,19184.00254728116
3766,train,1057.0,13879.476316340004,14856.996692460687
3767,train,23231.0,15378.09018238031,12932.61634287265
3768,train,13394.0,1384.3342881721856,1006.1371924232739
3769,train,16346.0,14863.984939890719,10522.787762834167
3770,train,19275.0,11092.373070175605,9124.244483365364
3771,train,26525.0,15394.287680874293,10305.235391390093
3772,train,30518.0,14367.966048613647,11439.917866776303
3773,train,20207.0,12173.678332809535,11959.064440014488
3774,train,2349.0,12900.599535379559,12880.127460754917
3775,train,2971.0,8275.476559368677,10251.283570252826
3776,train,0.0,303.53379365943556,722.4031024643084
3777,train,0.0,89.01129566225653,301.9293319507206
3778,train,0.0,26.850007394582256,60.67093907261554
3779,train,3363.0,133.42151252242985,109.98045184619185
3780,train,0.0,1.7822147589319277,6.18206285609956
3781,train,2523.0,233.7611550213727,98.48814884930982
3782,train,0.0,4.937456061692884,6.341533203366493
3783,train,995.0,112.21108316227651,93.68599837105752
3784,train,0.0,4.241968472330497,6.421985716122437
3785,train,0.0,29.45905229146903,25.393938665571454
3786,train,0.0,3.795057347525807,3.7299340114764057
3787,train,1289.0,61.10536954906981,48.706602485617424
3788,train,0.0,3.7597704511288974,4.233745113860407
3789,train,0.0,5.01663813174957,4.581485882634759
3790,train,0.0,2.9517675043506806,3.3027546849178675
3791,train,0.0,6.733525369888558,6.4576590879273
3792,train,0.0,1.4121561690371647,1.4828541025140058
3793,train,0.0,1.1577498518679201,2.506988961327667
3794,train,0.0,1.9953222698170943,1.6252862805838788
3795,train,0.0,3.4953337161614586,2.2400305953819846
3796,train,0.0,3.2155248682189477,1.4246995008472831
3797,train,999.0,5.367469012445705,2.2400305953819846
3798,train,1481.0,8.677522525565752,2.8162835619172775
3799,train,258.0,10.42116220016092,4.003131237168709
3800,train,0.0,7.45872118245242,3.180252307768739
3801,train,0.0,7.552598343905563,2.9811262821068496
3802,train,0.0,4.966894623409228,2.3747045111267227
3803,train,0.0,3.2005958517403714,2.2117473794843354
3804,train,565.0,8.218888051409186,3.1366702750586883
3805,train,732.0,7.95550857404551,7.39213981201927
3806,train,0.0,4.465540573836211,11.471032444776052
3807,train,0.0,3.110840418607906,8.89758263372513
3808,train,993.0,7.396849635162587,12.824795645487772
3809,train,0.0,5.525403993831178,8.281310166205763
3810,train,0.0,2.241470065111938,7.071597523469354
3811,train,0.0,1.8723930717350088,5.17442967929153
3812,train,0.0,3.6909905215243146,2.8631603806751906
3813,train,0.0,4.115032400553751,1.5149141328685598
3814,train,0.0,3.183449293976122,1.5149141328685598
3815,train,0.0,5.714791280672634,2.38321510352196
3816,train,0.0,3.8938673917969853,1.5149141328685598
3817,train,0.0,3.4539567640091864,1.290357764270039
3818,train,1460.0,4.657787377783565,1.7445142149050623
3819,train,0.0,2.1734298828478957,1.259447920109912
3820,train,0.0,2.983464399184559,2.21980305617896
3821,train,0.0,1.2811467114723905,1.1895955261224893
3822,train,0.0,2.1238822473903953,2.8334945118427814
3823,train,2742.0,8.131449160379637,7.343263581324669
3824,train,5688.0,6.208181663059724,1.643343944468227
3825,train,0.0,2.0962311990893814,2.634931663470011
3826,train,0.0,6.680714738208523,4.623016281295129
3827,train,0.0,8.098243454170115,6.144781921040353
3828,train,142.0,13.390319836548569,7.807298829458118
3829,train,346.0,29.02707918451793,13.62244368469929
3830,train,1678.0,30.390208297908263,16.99960761025568
3831,train,0.0,6.0579510485988095,6.967057619949187
3832,train,420.0,30.541022854014376,63.81248155964748
3833,train,473.0,23.120268329692433,44.14262887592775
3834,train,0.0,15.380982497828185,33.82885494478657
3835,train,0.0,8.551754817358226,12.755895374118666
3836,train,0.0,4.041884273717411,5.462642032157027
3837,train,0.0,3.4572500022553045,3.5212683496452026
3838,train,901.0,22.292225576596117,22.01493529821271
3839,train,1028.0,51.11025506498483,143.71190514872055
3840,train,1065.0,117.8092701525742,130.253818837405
3841,train,459.0,260.50378810013615,446.2403867775539
3842,train,4024.0,283.62410381462723,241.69411679718718
3843,train,0.0,205.0270536967388,296.25525537122246
3844,train,2115.0,199.06088358117518,440.84140345675615
3845,train,960.0,897.6144488291662,898.3290173016976
3846,train,0.0,196.52037449909653,149.8212361347235
3847,train,327.0,489.3118724527557,965.8827167689618
3848,train,6176.0,1970.6582128398684,2282.7693670075387
3849,train,4333.0,2051.874167449443,2826.364062570801
3850,train,4881.0,2802.653227157886,3087.3450632550293
3851,train,6329.0,6270.4387979407475,4662.205676610986
3852,train,11460.0,5981.908469879599,4599.61736520294
3853,train,6880.0,7075.697831373622,5544.516933334738
3854,train,6624.0,7583.725585536251,7249.816033149001
3855,train,18272.0,9757.175020374221,8807.448652148923
3856,train,17580.0,8593.073407306854,8047.007255965812
3857,train,21491.0,12807.654497244474,11485.900356048809
3858,train,22821.0,13274.492450612608,12715.207223100559
3859,train,11643.0,14495.06794050105,14218.164727136753
3860,train,15787.0,17740.98067656309,14565.452470477427
3861,train,11391.0,15378.494621728849,14063.623581461357
3862,train,15951.0,17003.895559330573,15312.762242285737
3863,train,29238.0,14455.990646745771,13196.330239366209
3864,train,13061.0,15802.29432104797,14546.612515859992
3865,train,28300.0,19271.31896537705,17575.402071633995
3866,train,48686.0,17111.73622023014,16401.95859876783
3867,train,39948.0,21612.122102912334,19834.916284237093
3868,train,20474.0,30942.828597200027,29003.769023330104
3869,train,29303.0,31677.01239009235,28753.14441222588
3870,train,24903.0,24158.4458618086,23819.98515928766
3871,train,46882.0,27533.881060631324,25769.54553304827
3872,train,37064.0,22762.935261734357,22397.76552979392
3873,train,36320.0,31677.01239009235,29074.462904658656
3874,train,27818.0,28563.11037891687,25901.269171469867
3875,train,30657.0,28563.11037891687,26272.181066139572
3876,train,32509.0,24202.18641892614,23151.97667077258
3877,train,23952.0,26804.76867316335,24350.299962737907
3878,train,15802.0,27931.977243188492,25127.72905565351
3879,train,24143.0,25987.83662383771,22965.488141129597
3880,train,28503.0,22832.43198425821,21101.56408031614
3881,train,32163.0,20548.688952965236,18654.312964663615
3882,train,30102.0,21061.249866416612,19168.64790592443
3883,train,13013.0,26406.990595869374,22950.027440122318
3884,train,18835.0,27690.054554099923,23568.04833555301
3885,train,20946.0,19315.873890445706,17561.37190267956
3886,train,23549.0,18001.623896891313,17213.129955366
3887,train,13404.0,18255.138472205705,17122.38662709482
3888,train,23132.0,19653.816831307824,18448.149538914444
3889,train,9696.0,15838.099934024875,13571.26805264309
3890,train,838.0,17689.67417148904,15852.02638849166
3891,train,9952.0,15489.689884385702,13961.518866656284
3892,train,7256.0,5534.291604013505,5563.097317451363
3893,train,8601.0,11670.084676685941,11212.140146541562
3894,train,5745.0,9683.4080483172,8556.317185389948
3895,train,7733.0,10615.748061547718,9580.146173384292
3896,train,8094.0,10760.364131116901,10362.3070560649
3897,train,20632.0,9542.828265539465,9589.630454823868
3898,train,23704.0,11662.052918875828,10877.07524160208
3899,train,16304.0,15848.926472702464,14325.043343773114
3900,train,16083.0,16315.106230471583,14837.901808665685
3901,train,19048.0,17022.093730593293,15407.135615094596
3902,train,38608.0,15836.001975141016,14333.566796806865
3903,train,28080.0,15606.743857994166,14146.963645277003
3904,train,15765.0,20271.60072912424,21680.711725444096
3905,train,18213.0,21944.23273726473,20362.579978281166
3906,train,19580.0,19704.5219594338,18627.803554540842
3907,train,17752.0,17718.11230663534,16913.4928200961
3908,train,17816.0,18369.04516662928,17348.743812484136
3909,train,15160.0,19063.157110571814,18005.76662180935
3910,train,23643.0,19063.157110571814,18005.76662180935
3911,train,20642.0,18527.623378722685,17500.190952373676
3912,train,25246.0,19928.38988751863,18885.15552682643
3913,train,16919.0,21420.975736398614,19951.258190106313
3914,train,23490.0,22947.870550356707,21414.88329525818
3915,train,24027.0,21835.8344376265,20259.613417817905
3916,train,21352.0,22375.484740701715,20840.28030146449
3917,train,20258.0,22375.484740701715,20840.28030146449
3918,train,23584.0,22375.484740701715,20840.28030146449
3919,train,25192.0,22375.484740701715,20840.28030146449
3920,train,25131.0,22375.484740701715,20840.28030146449
3921,train,19461.0,22947.870550356707,21414.88329525818
3922,train,23580.0,23834.241663871173,22468.060902368405
3923,train,16070.0,22375.484740701715,20840.28030146449
3924,train,19019.0,22375.484740701715,20840.28030146449
3925,train,20494.0,20490.94247102005,19022.228750658294
3926,train,11258.0,20490.94247102005,19022.228750658294
3927,train,20521.0,19928.38988751863,18561.07557603717
3928,train,23784.0,17817.39059646306,16605.17200431532
3929,train,23526.0,19928.38988751863,18561.07557603717
3930,train,28781.0,19928.38988751863,18561.07557603717
3931,train,36411.0,22375.484740701715,20840.28030146449
3932,train,31803.0,24450.340052714822,23170.796878005105
3933,train,34780.0,29915.209901897564,26606.294200550532
3934,train,33433.0,29686.048681292545,26606.294200550532
3935,train,27624.0,29686.048681292545,26987.30181955986
3936,train,32251.0,29492.895372265742,26606.294200550532
3937,train,41870.0,25582.965223645984,24451.54984808286
3938,train,40007.0,28749.74013494947,26168.821892871543
3939,train,34448.0,31479.545056059385,28231.800902478575
3940,train,36286.0,31883.987494359008,29374.79254661618
3941,train,32740.0,28749.74013494947,26168.821892871543
3942,train,41426.0,28749.74013494947,26168.821892871543
3943,train,31190.0,28749.74013494947,26168.821892871543
3944,train,36551.0,33402.44838713417,29950.985296737632
3945,train,38822.0,29523.317475885637,26168.821892871543
3946,train,20919.0,30118.938556024146,26682.13099330564
3947,train,31833.0,29523.317475885637,25799.369172357103
3948,train,19929.0,24156.85771653676,22903.07203377103
3949,train,19552.0,29329.73798312839,25975.2050143901
3950,train,28876.0,22934.363588229007,22129.14615492469
3951,train,20571.0,19980.262797941934,19937.835047357356
3952,train,24194.0,21935.196589060408,21492.739633040524
3953,train,23606.0,20059.092217431302,20290.791561368238
3954,train,14365.0,20468.51243308196,20593.473227277853
3955,train,18342.0,19124.758980225277,19385.485112822837
3956,train,14376.0,15439.668737174516,15403.07407423085
3957,train,24831.0,16050.438188437469,16504.860580354452
3958,train,27961.0,15478.92886220471,15503.61951311808
3959,train,19734.0,15604.452113573643,15612.935847297904
3960,train,27998.0,18398.924666607756,18573.360945923177
3961,train,12783.0,18091.993421236944,18382.526799462725
3962,train,28561.0,19050.69281479789,19832.532947623073
3963,train,20010.0,15622.993632904298,14981.730616729687
3964,train,18302.0,17566.16057038859,17287.76895982843
3965,train,23102.0,17819.367174843777,17582.681384645064
3966,train,18619.0,18438.232070706443,17908.424093260903
3967,train,23764.0,16944.704762702757,16384.343004710146
3968,train,25530.0,17396.131653457946,16882.86529610613
3969,train,28271.0,18996.059528451944,18496.457703973614
3970,train,26575.0,19482.00034646964,19006.44050831834
3971,train,18350.0,21673.737835214488,21161.2716446892
3972,train,16762.0,21062.4753767383,20836.134677690705
3973,train,15286.0,19645.454176576466,19376.83894176238
3974,train,19685.0,18163.95455202433,17372.479342148912
3975,train,14742.0,16634.595400710477,16113.392234875198
3976,train,17130.0,17892.248730636467,17388.611872491445
3977,train,15644.0,16423.58259201423,15708.166765550439
3978,train,19252.0,16898.303127359908,16161.974310727395
3979,train,23113.0,15960.382953293416,15466.811256936768
3980,train,4636.0,16421.715606223595,15913.646506732715
3981,train,10259.0,18452.845779901076,17940.978916012962
3982,train,10327.0,13138.590212301599,11346.492225691525
3983,train,16599.0,14509.331633883186,13519.97806652335
3984,train,14937.0,11538.619107725659,11262.608606069574
3985,train,16811.0,15000.341052455946,14142.077704331787
3986,train,10770.0,14167.758767546758,13533.789594858268
3987,train,11680.0,13344.279186717544,12790.405409321234
3988,train,10781.0,13427.400501836773,12895.736454632453
3989,train,10093.0,14165.248180204893,13368.992624808601
3990,train,15712.0,13120.30841977143,12230.710941484575
3991,train,3411.0,13313.043929156353,12420.23026665697
3992,train,12946.0,14766.250361507204,13643.931386273543
3993,train,9278.0,11033.411366073164,10040.114120942026
3994,train,6551.0,14163.186476088285,12456.385493854339
3995,train,11451.0,10971.712965705874,10114.95700616234
3996,train,9858.0,11716.169179415394,10939.179684758241
3997,train,10886.0,11221.638051032745,10114.95700616234
3998,train,17385.0,9318.535539952669,8516.89221559698
3999,train,13893.0,12403.429524052975,11766.004146520625
4000,train,19424.0,13787.089560336259,13221.321141223585
4001,train,14183.0,13399.76653238963,12850.078263317286
4002,train,12660.0,15547.234519875974,14587.656989296838
4003,train,14319.0,14209.950924999337,13517.8377192861
4004,train,28466.0,13397.392026945683,12693.606029683866
4005,train,12028.0,13205.775617419577,12682.786726817829
4006,train,18204.0,15819.669341111996,15252.441582536001
4007,train,11383.0,13806.73220865283,13587.137930673262
4008,train,8544.0,15170.716514069447,15211.967584681775
4009,train,8740.0,12975.070331926756,13020.110589892169
4010,train,3928.0,12609.124283916577,12586.49557038934
4011,train,14608.0,10802.839593040753,10818.480584164658
4012,train,17676.0,8943.878632678006,8367.66333184815
4013,train,8836.0,11212.079033411925,10507.947211366632
4014,train,9977.0,13319.777079506492,13618.448876935752
4015,train,10197.0,12358.261248308716,12936.10064772802
4016,train,7435.0,11857.361366232166,12015.740185523231
4017,train,9934.0,10503.732773426627,9924.635635675708
4018,train,8762.0,10034.904609543462,9948.960090674407
4019,train,5429.0,10034.904609543462,9948.960090674407
4020,train,13338.0,8787.555494102093,8905.291077978522
4021,train,12399.0,8106.2769397682705,8578.73468999038
4022,train,4217.0,8547.362384480643,9203.370335550018
4023,train,10060.0,11391.691053284092,11657.990239489387
4024,train,11257.0,9650.845863991624,9027.36829117276
4025,train,8068.0,7104.901897346816,8674.277217202323
4026,train,13285.0,6441.2030763090315,7765.583656164603
4027,train,9717.0,8571.926569333704,8557.745876555933
4028,train,4003.0,10492.559264753403,10516.529959861107
4029,train,14093.0,8505.577923959796,9006.459019208585
4030,train,8386.0,5910.21744495621,6524.39951808375
4031,train,15764.0,7706.536176177125,8966.826716148546
4032,train,6206.0,7694.58728843516,8182.157848186064
4033,train,11880.0,10729.70084696836,12079.023323181555
4034,train,10272.0,8689.738199096864,10071.79132889901
4035,train,3925.0,8785.772826059978,9426.822717443127
4036,train,1900.0,8911.887669094609,10004.234709910463
4037,train,2173.0,5296.452536320208,6989.058367820202
4038,train,493.0,3030.1764985897503,3581.9334307571626
4039,train,6025.0,1946.5369872622807,2349.2722591507604
4040,train,3277.0,771.4133196316761,1556.283230737346
4041,train,2796.0,1675.1381919397302,2109.1036997932497
4042,train,0.0,1011.9293321681906,1044.8507108740912
4043,train,0.0,834.0272015096713,1186.6556153115803
4044,train,4750.0,382.4939565454539,143.7765741699145
4045,train,4274.0,248.43886509143317,152.72660922320915
4046,train,5332.0,1082.2590313796993,844.2332905372159
4047,train,5481.0,1215.4595957525469,777.6656259118213
4048,train,5055.0,2409.026510058456,2542.9591347383885
4049,train,7380.0,2809.034981471608,2021.092529750391
4050,train,3139.0,2806.735130063179,1367.4385572882065
4051,train,5063.0,3299.030866664522,2937.2651126866517
4052,train,1049.0,1452.7184168748179,1144.4275155459509
4053,train,5295.0,801.3501603913977,842.4380484802158
4054,train,1866.0,974.2025301726541,562.2131702610118
4055,train,5905.0,475.13541853216674,554.9527629524193
4056,train,1793.0,966.5213737915859,1448.195009015654
4057,train,4819.0,570.1321418666464,1093.3530897072726
4058,train,3675.0,577.7138990321847,847.3159723060284
4059,train,0.0,329.59757085483386,344.9170413177716
4060,train,1490.0,361.4013882354839,760.7471658035702
4061,train,3149.0,291.68633311280007,676.0894551338856
4062,train,2883.0,659.4764842475985,733.5243651935047
4063,train,0.0,111.20841072692564,173.48242444990697
4064,train,4393.0,1019.2181511142971,331.8568789674612
4065,train,4909.0,519.835679789128,188.34708919602514
4066,train,1010.0,228.02455259781468,62.91496738999439
4067,train,0.0,73.66537308477874,54.723859163123066
4068,train,549.0,477.2673278476589,218.8918195537121
4069,train,1510.0,250.7688334091238,91.60475066233504
4070,train,1167.0,198.32554381121759,119.38441312490497
4071,train,0.0,45.328735410846896,36.7220076618115
4072,train,502.0,230.27564990990118,138.5633958772606
4073,train,728.0,103.1361924073052,63.695630096713685
4074,train,2290.0,186.80965069259796,162.64276833019915
4075,train,0.0,103.23187937636587,90.89181906087593
4076,train,1443.0,134.23858886703619,50.73311012900432
4077,train,0.0,18.560783129171735,17.733355753065467
4078,train,1211.0,52.93168514649285,19.219918093599464
4079,train,0.0,2.259691996619871,4.754344540598105
4080,train,0.0,11.369051223849743,9.88324658600576
4081,train,132.0,9.026804845155116,9.030724302267476
4082,train,283.0,14.864789096626888,19.737179395998567
4083,train,1406.0,8.169438471979822,9.766479054593102
4084,train,0.0,3.262652311558039,4.723865253195066
4085,train,0.0,3.7971376887749377,2.2742593015459915
4086,train,406.0,25.11621705533213,22.402109243422718
4087,train,0.0,8.114431128867354,7.4820518563596
4088,train,668.0,9.074059374008254,7.074565968363071
4089,train,2182.0,17.054978283289493,13.206323842080163
4090,train,0.0,8.686791944710317,4.6847794566641525
4091,train,0.0,9.208993087649482,9.908438417689622
4092,train,1110.0,15.10549675102888,31.3949928361847
4093,train,3802.0,20.031378422926064,29.08035209014584
4094,train,0.0,5.7179459219153035,6.572205508699147
4095,train,0.0,15.313216242364245,7.198593340360384
4096,train,0.0,16.099792983269438,7.929683746844129
4097,train,143.0,16.274935213769293,15.672354290401405
4098,train,0.0,4.402797923816564,5.069084269195493
4099,train,0.0,4.417538974785612,3.2100982081281737
4100,train,0.0,3.54067111641156,2.364484604442874
4101,train,0.0,4.3671379089126665,3.839714796632668
4102,train,204.0,3.628898561818078,4.609065383214736
4103,train,0.0,4.544917589657755,11.154840775433062
4104,train,241.0,4.5220437010632875,7.636095716843968
4105,train,0.0,3.969276135489044,7.172556693036247
4106,train,362.0,5.3652774361882445,9.695460652254472
4107,train,0.0,1.106893093868348,4.988911661965244
4108,train,0.0,1.1363973889251366,5.094620508658382
4109,train,0.0,0.9165747874520296,4.4010356241098005
4110,train,0.0,1.1042775112414773,2.226287358879843
4111,train,0.0,1.936033524618451,2.935059644043827
4112,train,0.0,1.075225651401678,2.069488425552024
4113,train,0.0,1.3096260279045846,2.058728018761047
4114,train,0.0,1.7662400535023544,4.200874224794629
4115,train,0.0,2.1853794946089633,1.9695918025347607
4116,train,0.0,2.1853794946089633,1.9695918025347607
4117,train,1318.0,3.024433543629601,2.9954505839877865
4118,train,0.0,3.7470119593097566,2.661996073433726
4119,train,576.0,18.996682686403798,5.608701138890454
4120,train,764.0,36.87450581015584,8.455979455687444
4121,train,0.0,15.695914071690705,11.703526261282937
4122,train,0.0,13.621917586189653,9.788756192025767
4123,train,0.0,17.087329396508736,10.387137946879397
4124,train,0.0,16.30678112116216,10.092012475574245
4125,train,321.0,24.331131519614644,32.98294774328712
4126,train,0.0,19.306601297397183,17.74608350016974
4127,train,475.0,71.24872919678393,74.03906185962929
4128,train,1425.0,85.46006594419735,65.31961611929943
4129,train,1526.0,432.58572273531496,300.01910783683655
4130,train,145.0,152.4484673489043,133.19661497736533
4131,train,4500.0,516.0286201868452,424.8337945522071
4132,train,2971.0,497.58704974326037,388.7223198067366
4133,train,579.0,642.7117702954857,664.4849626841525
4134,train,0.0,432.6294173644936,377.08041551924424
4135,train,347.0,665.959771686813,321.66697475862685
4136,train,0.0,171.60756936423243,90.70149259496222
4137,train,1081.0,2310.799035890752,798.7385418290912
4138,train,0.0,42.03486466737083,57.93652575528117
4139,train,3902.0,1824.5216039228042,662.9943054298344
4140,train,3486.0,921.9088226611999,767.49536876105
4141,train,11632.0,3207.7468650979986,1678.987098106455
4142,train,2431.0,3758.36274065098,2285.257440271771
4143,train,5659.0,6168.28090782358,4914.400373604572
4144,train,6454.0,6841.150378017171,5127.089644309086
4145,train,6404.0,7331.150282938312,5295.602072650543
4146,train,11328.0,6276.776353672542,6177.261274026001
4147,train,15122.0,7221.748863598007,7454.374346543894
4148,train,15837.0,8850.495818460173,8920.688815225176
4149,train,3652.0,10799.328902444666,10897.920474795212
4150,train,15454.0,12885.977586854106,12365.213912546602
4151,train,10692.0,10422.868927683483,9136.595064381381
4152,train,17215.0,13353.747255736589,12229.028626848623
4153,train,18644.0,10504.771089405682,9865.88087428367
4154,train,15305.0,15777.147204070734,13998.723249128527
4155,train,18785.0,15777.147204070734,14265.480055592656
4156,train,31385.0,14834.02521275633,12473.528731075585
4157,train,14980.0,15911.254506154231,14135.248480991524
4158,train,7560.0,21859.920305054166,20928.95252242578
4159,train,19684.0,18494.843146985102,17495.477197235377
4160,train,21322.0,14722.508806753558,14281.913187976572
4161,train,11212.0,17192.229119273983,16234.034477197793
4162,train,22868.0,17562.373693566846,16685.20291580304
4163,train,21958.0,15952.116890376492,14879.20582078137
4164,train,29285.0,17562.373693566846,16685.20291580304
4165,train,32920.0,17887.09461611871,17250.599758996814
4166,train,27650.0,22669.809546521596,21640.22119662577
4167,train,12526.0,24624.74101215171,22614.66330520513
4168,train,23504.0,22867.27775494202,21655.980582430082
4169,train,15086.0,17426.785446320417,17875.589370110287
4170,train,18161.0,18662.757154123414,18571.58503799104
4171,train,27125.0,15453.336601480387,15327.460499992654
4172,train,10887.0,15255.572955490672,15133.061761019306
4173,train,24881.0,18091.233462262608,17810.10375726172
4174,train,10734.0,13677.648929195171,14379.206908529619
4175,train,8496.0,17176.762345063213,18104.543875104006
4176,train,7693.0,12897.811750605948,13664.931682951139
4177,train,2336.0,13272.135514423398,13882.201743656895
4178,train,7458.0,10271.28452476977,11212.858986399637
4179,train,436.0,6148.439331851875,6273.641031464169
4180,train,6390.0,8611.389769646768,8868.624406480718
4181,train,6811.0,4244.616829874788,4012.734406280723
4182,train,5832.0,7044.31410144641,6295.765801952521
4183,train,5061.0,7409.325418314386,7406.306630541886
4184,train,9682.0,8168.561359181255,7874.796833219564
4185,train,11184.0,7452.010864239265,7122.162698316979
4186,train,13450.0,8566.395638354283,7927.792220501237
4187,train,8059.0,8690.218599550255,8443.954646119078
4188,train,6279.0,10987.935550173592,10263.585069616523
4189,train,1514.0,10626.585061784428,9845.099494278222
4190,train,10644.0,8609.296599400406,8150.1839281318635
4191,train,9868.0,6297.725101786261,5979.462732838147
4192,train,10233.0,8625.177521269145,8336.762296015171
4193,train,4702.0,8950.426590531106,8646.444465551533
4194,train,87722.0,10475.225138549038,9998.658406431623
4195,train,182100.0,8722.832056778092,8051.164846505796
4196,train,183719.0,56030.45844163016,50456.01148030951
4197,train,187331.0,112746.50299371424,113839.85340584315
4198,train,183734.0,131545.1736453413,129686.72208398822
4199,train,166336.0,137551.77088652996,133090.4427493389
4200,train,189413.0,126599.86384827415,114856.07633670796
4201,train,171665.0,113481.93599288743,108872.24218863584
4202,train,231484.0,124682.35650169743,136344.43951343212
4203,train,222020.0,113481.93599288743,108872.24218863584
4204,train,202055.0,143802.84046952007,136344.43951343212
4205,train,464698.0,146230.3479244868,136344.43951343212
4206,train,521104.0,146230.3479244868,136344.43951343212
4207,train,547738.0,362143.4991109311,348601.4424471075
4208,train,614582.0,401748.9795696341,383744.2516526087
4209,train,370356.0,401748.9795696341,383744.2516526087
4210,train,607465.0,428194.47601936065,383744.2516526087
4211,train,719252.0,300495.5239278613,285599.5986759899
4212,train,1577200.0,428194.47601936065,382873.32898469165
4213,train,1742192.0,441485.7336802617,434723.4127388766
4214,train,1671478.0,567043.339085698,456281.25233113876
4215,train,1069304.0,580623.2195106861,462148.93214181403
4216,train,899077.0,605891.6401360907,473267.56292253296
4217,train,446859.0,575267.1677572813,480118.7218453569
4218,train,424403.0,417255.36296258727,457434.6400171815
4219,train,450223.0,306448.53073997155,341859.2874336359
4220,train,320703.0,355950.1479789492,341859.2874336359
4221,train,318017.0,379230.60704216606,366813.41552289616
4222,train,344890.0,227792.31026968482,221571.28191025203
4223,train,335192.0,227792.31026968482,221571.28191025203
4224,train,300471.0,248705.76105358195,242274.75295955906
4225,train,294987.0,253474.5589504697,242274.75295955906
4226,train,319404.0,230649.59228593297,221571.28191025203
4227,train,333795.0,230649.59228593297,221571.28191025203
4228,train,272877.0,239511.2080786444,221571.28191025203
4229,train,253309.0,239511.2080786444,221571.28191025203
4230,train,252876.0,228608.77248536248,210242.04848321967
4231,train,263925.0,201547.0051166532,185354.44894149207
4232,train,307069.0,181224.16844413275,166770.59894690488
4233,train,172467.0,181224.16844413275,166770.59894690488
4234,train,140876.0,239720.01075604354,221672.3170892937
4235,train,191249.0,133218.25449958583,121812.41350367358
4236,train,269140.0,96847.20564994935,87415.75702087021
4237,train,254469.0,162870.13649934423,148318.06308552256
4238,train,262144.0,202518.8000994111,183497.59558215702
4239,train,254943.0,176543.06102333128,161775.8806609493
4240,train,245021.0,169545.2727617609,154385.4324072143
4241,train,235322.0,169545.2727617609,154385.4324072143
4242,train,243210.0,169545.2727617609,154385.4324072143
4243,train,256412.0,162673.82398204663,150958.97989535597
4244,train,243828.0,166722.7415647056,147886.88409821969
4245,train,240826.0,166722.7415647056,142712.0146951452
4246,train,242008.0,163460.74617621713,150398.0971342665
4247,train,134661.0,159491.04676824072,150398.0971342665
4248,train,122113.0,157467.9833345242,146616.04045884608
4249,train,117779.0,87192.98198642327,81267.72811881354
4250,train,129947.0,78355.31954102259,76451.8478905158
4251,train,24345.0,86476.75687603245,81972.14723603592
4252,train,14984.0,82211.03588006312,83075.46079562415
4253,train,11736.0,32432.305872004643,31768.271182324228
4254,train,23058.0,29485.75020337017,27808.6043352216
4255,train,19478.0,23101.6286669975,21294.43266585499
4256,train,6937.0,25987.638746785826,24353.22658706008
4257,train,8189.0,26680.220841003927,24876.330316595304
4258,train,14788.0,22114.566747171302,20867.298295250166
4259,train,27499.0,21947.72697476819,20146.05331589649
4260,train,25409.0,20237.963826115552,21314.408275541962
4261,train,25066.0,25004.889465699995,25474.58503567247
4262,train,30763.0,25749.8655430455,28001.228414602778
4263,train,24934.0,29469.128073019947,30769.92850988781
4264,train,16405.0,27492.998023288215,27317.25647621785
4265,train,7475.0,22951.98092978893,23306.610284366223
4266,train,16052.0,20606.312232939854,20490.768203755124
4267,train,34482.0,18085.134336767263,17391.286623463377
4268,train,72119.0,20798.020687165048,17893.944773557465
4269,train,301458.0,25783.84408328755,23115.753416309908
4270,train,304087.0,51544.492836566715,50937.986866055006
4271,train,285079.0,189726.1572371462,183693.38583373238
4272,train,306128.0,186330.38139933077,175251.15102027435
4273,train,307304.0,218030.2291514258,197949.11622140036
4274,train,269088.0,218030.2291514258,197949.11622140036
4275,train,273484.0,221612.0010257815,200501.03013007942
4276,train,177673.0,207393.42739568412,187636.92529330193
4277,train,286395.0,207393.42739568412,187636.92529330193
4278,train,292642.0,121080.94322381803,113020.54711969414
4279,train,296104.0,197105.6727882243,182826.6539357857
4280,train,340923.0,211771.87667776068,190008.15739134196
4281,train,336051.0,224152.51509865138,208376.78629293514
4282,train,200344.0,247000.77803023945,228975.43880491605
4283,train,388706.0,242760.81288595241,228975.43880491605
4284,train,324664.0,156889.50461489175,158401.6167906229
4285,train,455650.0,310746.8725377621,295271.55680619593
4286,train,355268.0,215152.80258097485,217701.50809248205
4287,train,423898.0,376662.6594635299,357606.48251083354
4288,train,407145.0,293241.88412649004,292312.2618556207
4289,train,231058.0,355444.515828274,357606.48251083354
4290,train,41613.0,288814.94515989843,292312.2618556207
4291,train,11531.0,153175.47828549775,163024.2758214109
4292,train,10897.0,44469.38929878817,48819.904974385565
4293,train,25719.0,25762.600047589796,25401.724998233294
4294,train,30557.0,23599.424658900523,22742.056927862483
4295,train,23903.0,27444.360370628314,27283.32383612483
4296,train,29767.0,37965.141319842456,35771.34224873898
4297,train,10461.0,30403.031698471343,29989.57981360333
4298,train,26181.0,38519.036221770766,35604.70326542572
4299,train,18339.0,22088.56861555751,19868.14359870753
4300,train,29087.0,30036.278165926076,30174.972431199014
4301,train,16982.0,23463.677341256385,22672.761722919906
4302,train,25052.0,34744.84896762308,33288.44781134439
4303,train,28603.0,20881.278186937107,18884.124744680576
4304,train,23157.0,22461.72565031415,20661.20612730822
4305,train,23715.0,22283.64756022677,20661.20612730822
4306,train,41720.0,22949.569046690813,20605.298620983438
4307,train,24085.0,21461.89060927016,20172.00326640263
4308,train,22646.0,31031.191305721648,28586.69658110351
4309,train,31755.0,21745.662772109812,20919.812454001363
4310,train,15986.0,21745.662772109812,21219.39154238063
4311,train,9087.0,23477.81760778612,22591.322106340842
4312,train,5140.0,17703.788487441936,16692.581846913676
4313,train,6778.0,14730.452459129288,13662.373151048609
4314,train,12460.0,10962.692433382192,10500.555817683218
4315,train,12467.0,13181.48379799043,12207.355265777222
4316,train,12278.0,14083.894477445232,12161.685219274455
4317,train,25805.0,12450.311767344227,11456.771952950416
4318,train,20624.0,13077.15192511498,12807.141050781762
4319,train,18962.0,15953.792249598579,15828.50282685492
4320,train,18436.0,16382.221125624741,14081.409306938865
4321,train,4552.0,13160.760581430117,13348.700478811304
4322,train,1409.0,13183.873316560883,13425.695417320576
4323,train,4391.0,7569.614785591991,8094.375982263492
4324,train,4196.0,6793.487848107407,5473.909798359977
4325,train,4909.0,5327.108652361463,3895.6613076642634
4326,train,7872.0,4718.377415075036,3798.626018453619
4327,train,618.0,4129.1286469707065,4287.230179936856
4328,train,7354.0,7345.616156041314,6373.17768574518
4329,train,3938.0,1774.623143961137,1726.3292417307778
4330,train,1987.0,2676.7169339519683,2549.9501919788454
4331,train,0.0,1122.0030680211883,1630.6788384780975
4332,train,10442.0,1993.8937970214727,1909.1992262759488
4333,train,17817.0,999.8768234884492,490.5720366359984
4334,train,10341.0,2567.4117671091267,2486.2358976782625
4335,train,6491.0,6234.266243606175,5771.724712072214
4336,train,17341.0,6113.436063143663,7262.612885379247
4337,train,8370.0,4988.090154962273,5527.152169764087
4338,train,12873.0,6335.0470362032165,7217.4959001391235
4339,train,9640.0,7249.475118357776,5847.023878916859
4340,train,0.0,1654.7636031495913,3216.2759710022533
4341,train,0.0,1646.9087320453132,3002.338014567969
4342,train,14185.0,2053.260719794761,1486.2252547078547
4343,train,10793.0,1102.709874877135,796.108781785133
4344,train,10899.0,1777.1294594265617,1221.5501780184488
4345,train,5657.0,3063.9574316236635,2078.931314678717
4346,train,14949.0,5969.065419140548,9818.049271984193
4347,train,15608.0,3352.461770187856,3278.2781460224273
4348,train,15356.0,5201.848643814287,6013.970811959156
4349,train,14162.0,4785.771359280414,7513.419839315884
4350,train,763.0,5399.546255005609,9043.498592268754
4351,train,13692.0,6685.957013339966,9813.773415525126
4352,train,24154.0,1040.1313352493673,1689.866409221825
4353,train,7122.0,1437.2653811850328,2640.650556965518
4354,train,0.0,472.6555282476826,1967.281419622918
4355,train,0.0,1622.9943426749928,2915.1033251886224
4356,train,0.0,148.8168534058338,364.32097509603466
4357,train,129.0,107.80387590396653,157.85808975954083
4358,train,0.0,21.418180048997236,23.703781149656812
4359,train,0.0,52.79233688665204,54.71956527149156
4360,train,753.0,51.408243487075865,37.471193211894914
4361,train,267.0,80.29011013278567,66.64932273024775
4362,train,331.0,140.0120223195542,138.58873741212543
4363,train,427.0,186.24094413735486,114.02489550221188
4364,train,1327.0,110.29539251388191,54.13938646412712
4365,train,0.0,7.968663280865231,8.123877884869882
4366,train,311.0,26.89219813686307,13.128883069304214
4367,train,0.0,3.526310153153422,3.6171872058419865
4368,train,0.0,4.2049479172025865,3.5417558456618776
4369,train,0.0,1.1078156135885604,2.725757529942376
4370,train,0.0,1.6040214840187068,1.6186329459134448
4371,train,0.0,1.6087289206869766,1.539811567364998
4372,train,0.0,1.1167931523454073,1.4975299870824466
4373,train,0.0,1.2857889058205605,1.6273441071235868
4374,train,0.0,3.0622070631532257,2.3677769948513268
4375,train,1352.0,3.6150586533548443,3.94164728884798
4376,train,0.0,2.100987234667093,3.2550574304393773
4377,train,0.0,1.6363007509543168,1.4760112259185072
4378,train,0.0,1.3713772433790745,1.3618431085423839
4379,train,0.0,2.1337444047117704,1.959474390261779
4380,train,0.0,1.7612058901228318,2.293835484567054
4381,train,0.0,1.2839333059614755,2.215076275502181
4382,train,0.0,1.415339769713349,1.4925059650528891
4383,train,0.0,1.7487268115322618,2.293835484567054
4384,train,0.0,3.460640281331105,2.50583223707527
4385,train,1046.0,5.363969936070488,4.875045602225601
4386,train,2004.0,5.363969936070488,4.875045602225601
4387,train,0.0,4.634453916153308,3.32254194476384
4388,train,1404.0,31.946159316475203,15.717771784859686
4389,train,0.0,4.306143046163277,3.3273198960164123
4390,train,0.0,2.8668004969572207,2.7639987701350845
4391,train,0.0,0.9519032115818669,1.8871296499989576
4392,train,0.0,0.37276206873375106,0.7155200998000246
4393,train,0.0,0.6407258390756243,0.6901943584709935
4394,train,0.0,1.0969274176870054,1.6497738982792884
4395,train,0.0,1.9325584172433792,1.1751179119075266
4396,train,0.0,2.3420041417250603,1.9656097066744573
4397,train,0.0,3.0396388139913215,4.173621107346348
4398,train,0.0,3.0857767688472375,2.4169021276586538
4399,train,0.0,1.078961341801112,1.0873257791259876
4400,train,0.0,3.2322506657415486,3.112019552979562
4401,train,332.0,6.408276387031127,3.899519982263546
4402,train,1902.0,24.322715493346777,10.414511365288831
4403,train,1498.0,21.1617533712701,7.935739933901466
4404,train,0.0,12.468818400378366,11.853632710645526
4405,train,0.0,3.5430940841869107,3.899755425212706
4406,train,0.0,3.4654436762143304,3.740987264586919
4407,train,0.0,7.338410274268538,5.347830570802407
4408,train,0.0,12.166181703268945,7.304475195397913
4409,train,0.0,10.507039699257852,9.04295341222039
4410,train,3656.0,30.341577153409347,16.798137568182607
4411,train,0.0,9.555331203788223,9.527267067079528
4412,train,0.0,76.46734850678928,133.64735034486202
4413,train,2729.0,75.58175614156322,56.43218543063881
4414,train,1811.0,64.90581414326206,63.991709811848935
4415,train,0.0,69.90798419907928,93.3406935090477
4416,train,963.0,143.8071910454344,101.58131335828591
4417,train,8624.0,685.7760529931528,500.0617683808337
4418,train,2227.0,254.866708207713,181.53254528917603
4419,train,3299.0,1893.1688343240169,1987.119930109379
4420,train,5851.0,1963.164893273289,2560.846875542544
4421,train,3782.0,2633.049913538353,2288.2806524465336
4422,train,2042.0,2335.6345654710694,3099.3219697998925
4423,train,1170.0,2311.384694190435,3529.370645801456
4424,train,3437.0,2156.878963146609,2872.5816365437518
4425,train,1644.0,2681.8254536551085,2571.9489338294175
4426,train,2875.0,4865.903548875204,4050.8972639751555
4427,train,13299.0,4225.090936525519,3095.463790089242
4428,train,10740.0,5231.615202151366,4485.02297572191
4429,train,7467.0,6138.33943660262,7286.7322075354705
4430,train,12019.0,9561.993882858274,8967.004184412895
4431,train,20903.0,11201.424717702883,9774.546865196045
4432,train,24118.0,13968.791804653312,10737.811586929984
4433,train,25544.0,16986.279508398093,13352.76806711438
4434,train,29713.0,14756.543054331745,14353.31738315477
4435,train,34378.0,19967.06743721652,18507.984683905557
4436,train,30425.0,22920.322404254384,22634.845701036913
4437,train,43296.0,28716.034936113483,27478.67359084564
4438,train,21421.0,24174.47983989598,23651.45935478229
4439,train,28616.0,32870.43870012509,31620.1390577526
4440,train,26656.0,23344.997322563784,22485.76316472116
4441,train,42131.0,24293.87829180805,24922.885998095135
4442,train,30356.0,23554.857839908167,23454.784827243442
4443,train,25229.0,32108.595524944263,30580.69573510746
4444,train,30277.0,28621.850183871047,26441.3413221414
4445,train,47132.0,25320.09947832747,25389.73012010969
4446,train,41970.0,26735.49341684349,25017.422600356425
4447,train,37294.0,31643.773620902663,30182.592263674363
4448,train,34322.0,33706.99134149631,31676.28659080093
4449,train,49518.0,29792.49396225987,28072.591326355196
4450,train,40329.0,29536.37033376164,28175.27682687655
4451,train,27819.0,36774.41285891446,35350.71982141731
4452,train,25395.0,37763.9048148675,35350.71982141731
4453,train,24911.0,28939.917489713036,28482.866186317886
4454,train,50322.0,29556.44652019566,29041.56420836926
4455,train,41547.0,25920.061269773527,24287.05423853416
4456,train,40837.0,36766.406921295864,33466.647765022324
4457,train,23601.0,36899.12912440026,33417.028382825105
4458,train,22977.0,36581.91238656594,34019.5477902391
4459,train,36050.0,26988.119431216583,24710.558131384845
4460,train,30225.0,28128.145976447577,25685.115444312665
4461,train,11021.0,31247.099396706544,28345.366569059624
4462,train,12022.0,31857.905146709483,29747.534753737455
4463,train,20091.0,20340.173360192868,19962.01388253728
4464,train,27400.0,18316.474155435935,16773.67043466573
4465,train,25500.0,19675.486253934003,18520.082675747704
4466,train,31007.0,21214.028021982762,21058.92296766084
4467,train,35065.0,25379.49560320632,25761.091774962017
4468,train,22798.0,20673.250841665013,23539.473807094684
4469,train,21585.0,27026.897312991347,25522.267528845558
4470,train,31995.0,21675.32756167884,19997.457659549415
4471,train,2190.0,20423.24814495584,19496.626924662523
4472,train,10486.0,25304.955638151176,24599.454071633874
4473,train,27804.0,8975.806853660906,8275.398598740983
4474,train,28595.0,15616.05097681608,14955.456260942206
4475,train,31284.0,17956.630800068757,18150.07766571834
4476,train,19621.0,20454.181015803188,20833.59850691338
4477,train,13411.0,26463.13131531029,26113.470890276192
4478,train,4202.0,21675.120890256017,20359.546844867687
4479,train,3885.0,17247.443088956796,16581.521153469843
4480,train,8066.0,13200.311829314507,11196.744407468732
4481,train,10144.0,10256.624896764872,9489.264115512948
4482,train,6902.0,10859.564503245145,8907.227935043884
4483,train,9878.0,13061.040052303664,12770.070069626052
4484,train,13288.0,12736.944795902065,12166.944291896323
4485,train,21026.0,13217.425962091147,12106.437180175371
4486,train,24779.0,15477.262991249374,13887.811436961783
4487,train,27336.0,17309.689562390402,16023.755617028664
4488,train,46835.0,19174.62652222979,17840.543981557323
4489,train,34857.0,21886.32592121415,21860.006149440444
4490,train,41374.0,33285.141793067334,33246.24102633829
4491,train,50197.0,30013.163027564915,28789.46775805351
4492,train,76886.0,35243.26508824995,34445.96084874466
4493,train,36201.0,40721.96914582671,38642.34025447612
4494,train,16079.0,53625.116450974674,51648.954880042555
4495,train,14797.0,36718.96119309647,34424.94204736664
4496,train,16606.0,28738.120831921828,26692.946842059446
4497,train,17871.0,24700.19973160234,23046.899100274724
4498,train,26193.0,22634.737245918957,20821.207587088153
4499,train,18123.0,23006.59244913129,21089.641282229113
4500,train,38786.0,26084.911305117872,25448.647359509403
4501,train,10324.0,24820.863240481536,22819.665894314614
4502,train,56028.0,36006.40490131221,33261.6935466268
4503,train,57314.0,21984.59876437519,20772.603854210207
4504,train,32403.0,53427.4325680676,51875.406521153614
4505,train,57454.0,53427.4325680676,51143.04083680886
4506,train,32385.0,35388.92920209207,31891.132365848687
4507,train,36805.0,50660.68290381699,46926.957219993645
4508,train,16432.0,34689.0941802454,31277.616591416292
4509,train,33995.0,34689.0941802454,31277.616591416292
4510,train,30826.0,26669.368411921023,25273.7643406436
4511,train,57309.0,34293.4427132827,31277.616591416292
4512,train,50403.0,33629.63688064362,29639.334230342993
4513,train,112437.0,52126.63794986589,47847.42766126808
4514,train,106902.0,38801.25091180143,34613.77520074021
4515,train,53554.0,68952.33567919127,64632.84391364118
4516,train,50069.0,75750.15075566887,69809.81854697723
4517,train,48123.0,59743.4947889267,54882.256977310135
4518,train,76138.0,46283.45947273666,42868.173915048086
4519,train,91480.0,44057.585013582895,39867.424389912514
4520,train,69261.0,61620.27939876111,55381.285532152826
4521,train,48615.0,74228.45134743596,66217.09843058791
4522,train,51413.0,59425.47423021456,53624.559917065846
4523,train,41396.0,46469.08734426042,41322.021408995555
4524,train,34846.0,45735.232949938785,40604.747520417615
4525,train,37145.0,46486.57831205339,41128.224716832934
4526,train,16368.0,41400.14225993907,36639.52582490724
4527,train,12839.0,39605.61282739325,36173.179088102464
4528,train,22928.0,29390.393038983697,27280.00956522563
4529,train,21634.0,23497.038816449804,21277.192638681383
4530,train,21197.0,23703.953918602616,22318.386060899924
4531,train,15259.0,22851.5329000749,21467.261676611346
4532,train,19126.0,24184.361369558905,22832.558571337067
4533,train,10759.0,20961.281808999865,20255.54177079214
4534,train,7934.0,19422.26200133908,19221.938229679163
4535,train,16986.0,16692.84638943334,16892.81768008731
4536,train,10066.0,14616.71328720551,15286.62912852391
4537,train,7455.0,15638.705572505281,16291.559553084253
4538,train,25132.0,13010.740778313346,14546.943982525609
4539,train,10462.0,13148.659401552095,13039.042079031138
4540,train,12799.0,15771.212572731361,15329.282245377086
4541,train,1549.0,13737.784046321382,13444.385638503361
4542,train,4415.0,13986.334575506926,13634.855234270728
4543,train,3649.0,8156.205529207347,8881.30131874088
4544,train,12776.0,9621.318832757772,8725.656249573285
4545,train,22248.0,8482.852169227404,7449.556432852094
4546,train,21382.0,11231.304805742631,10655.111932823549
4547,train,23715.0,15024.08447227493,14132.907611926457
4548,train,14367.0,15916.893983101556,15016.924460228962
4549,train,21035.0,17871.424285303983,17106.324640046667
4550,train,19671.0,15906.439405499224,15443.072608906099
4551,train,20171.0,17533.8966127668,16940.56605574716
4552,train,27472.0,16312.144760003786,15760.154777915846
4553,train,12927.0,16642.785752548196,16260.795190766825
4554,train,5592.0,18609.07872557506,18086.773940713232
4555,train,17815.0,15922.100091059208,15388.029710044933
4556,train,23991.0,13779.870418562567,12988.751874615231
4557,train,101885.0,16746.82187164312,16005.875341588946
4558,train,78846.0,18456.421419807764,17932.484441009463
4559,train,45307.0,59960.234565536295,57431.443706795624
4560,train,34910.0,46850.446427542614,43930.69113670079
4561,train,23207.0,36989.632784641915,34134.80017358264
4562,train,24768.0,33034.37993718757,30589.33064089925
4563,train,23933.0,27119.8323796735,26187.200229072118
4564,train,33583.0,27208.8268138818,25495.412251862635
4565,train,23122.0,25032.951551137874,23230.6739907002
4566,train,19255.0,31649.67523433283,28144.19196303034
4567,train,12965.0,26240.83648324821,24815.5389735894
4568,train,28878.0,24965.63727576906,23998.833762317743
4569,train,27185.0,19707.138495960586,17861.06885834921
4570,train,19489.0,26720.586633977004,23956.264842351902
4571,train,35252.0,25491.051830501216,24275.69590049621
4572,train,31832.0,22871.382963049517,22641.214761277315
4573,train,9810.0,27585.726464852964,25678.224713910062
4574,train,22729.0,27542.15566955208,25705.257611564142
4575,train,31146.0,17755.806138707532,18735.87665059438
4576,train,16750.0,19984.306984212595,19755.764225589228
4577,train,30703.0,24015.68768292695,22405.747463428117
4578,train,20565.0,18793.351085705483,18835.83749755063
4579,train,21738.0,23495.238256283064,22659.875519299305
4580,train,26885.0,18244.923171494174,18387.90881202624
4581,train,27915.0,19158.0667042875,19812.499977837513
4582,train,33398.0,19910.37576697335,19684.77978344301
4583,train,18227.0,21213.979566307382,21489.597961725995
4584,train,20909.0,26821.742570021463,25000.229329677026
4585,train,12017.0,19010.507320455217,19939.180113291815
4586,train,30625.0,19766.281907567998,19730.115317546446
4587,train,24101.0,15414.056615339881,15097.651857183011
4588,train,17958.0,21251.92666180738,19605.410760745133
4589,train,25615.0,19100.314745419466,18807.606259087832
4590,train,20961.0,16227.206651502838,18595.28185246729
4591,train,19655.0,17995.799929030465,19042.20206395067
4592,train,23414.0,17557.14011898715,18531.259752279268
4593,train,20143.0,16969.072037031583,18065.232641463823
4594,train,20664.0,16893.840598512426,17865.579254849476
4595,train,13590.0,17187.092954412627,18326.456211076802
4596,train,7799.0,16893.840598512426,17412.529578515263
4597,train,3595.0,13272.728877739188,13977.750848895264
4598,train,14708.0,12566.48637005365,13739.964746142721
4599,train,27588.0,9159.903267448077,7804.671310069112
4600,train,14964.0,8872.81330028861,9819.345204730102
4601,train,12220.0,12081.060199708172,13754.039896260101
4602,train,10315.0,12284.44347055747,13221.064380947833
4603,train,7901.0,12226.20811159101,13093.21467329873
4604,train,15360.0,12471.24763364141,12694.48131156658
4605,train,17069.0,10609.891949316105,11312.189409661163
4606,train,11663.0,12314.299137380332,12233.995130727826
4607,train,2918.0,12589.256164767387,12938.091047545568
4608,train,5622.0,11610.656791976078,11879.96605454952
4609,train,4779.0,7073.834603725558,8208.969243900601
4610,train,1754.0,6019.917926696464,6856.100422349266
4611,train,15609.0,5975.1631657572525,4658.97315195083
4612,train,28342.0,5253.490889704028,4402.990790057322
4613,train,35273.0,6902.917556175674,8355.802971016823
4614,train,39052.0,12711.704738630002,13346.357637546114
4615,train,26129.0,21042.489945102945,17797.881618813964
4616,train,24963.0,18900.12296781042,18947.083114517787
4617,train,28919.0,19803.60333038843,18413.59557008329
4618,train,91791.0,17238.299062449598,18589.649895433107
4619,train,89904.0,16784.476242911358,18939.940430582665
4620,train,87523.0,36248.49041146653,37585.17019102574
4621,train,33874.0,43095.21750038012,45912.89399766524
4622,train,36882.0,48963.113035387796,48722.446024718745
4623,train,27222.0,23850.28884199677,25428.260645548555
4624,train,15601.0,25942.36030932079,26244.987308592066
4625,train,72620.0,22332.297269543997,24196.098763818867
4626,train,77891.0,19664.509426383658,21741.322076305893
4627,train,84398.0,38558.93657342628,40948.04195494837
4628,train,1720.0,32326.801814001014,31517.84288838608
4629,train,3828.0,38636.970736433075,38452.701907493305
4630,train,24606.0,4075.456633104493,4729.258837201592
4631,train,12278.0,11986.386486770829,9533.257002681668
4632,train,15368.0,13999.885676956208,14048.361094655871
4633,train,24686.0,13816.095797490974,14355.548146811125
4634,train,2952.0,12589.216190200288,12004.446095722296
4635,train,16464.0,12848.40959973254,17199.319143905457
4636,train,18065.0,4525.240963476092,5981.419739971785
4637,train,11101.0,10371.670307796687,11757.893169001363
4638,train,15702.0,12115.717288245727,15453.930868897369
4639,train,14132.0,9109.225038637953,12775.730560488544
4640,train,7940.0,5522.454286220277,9637.329843629386
4641,train,9428.0,3332.924640577061,7530.019064568807
4642,train,2571.0,1678.0294699867839,3700.8327237807694
4643,train,14965.0,1210.8559184552287,1802.0438428340594
4644,train,0.0,142.045156297947,146.89299833422933
4645,train,0.0,270.7702411954065,371.77995447672083
4646,train,2137.0,233.43657682971005,325.60267307730834
4647,train,0.0,32.9564872633681,30.553735785075723
4648,train,0.0,308.4491772583738,291.7211744403078
4649,train,0.0,18.88963006117436,13.630991913837194
4650,train,1646.0,126.44186567487749,68.54301608516084
4651,train,0.0,8.331467300099524,9.466935834662696
4652,train,0.0,100.90359822577082,46.08590581142837
4653,train,0.0,29.762766682331822,7.033678897023439
4654,train,882.0,27.511104561009265,10.252586108943525
4655,train,0.0,5.702054805186553,4.643493514174671
4656,train,0.0,11.308587180858087,0.806506988582089
4657,train,0.0,1.2520950780975753,2.55451206039015
4658,train,0.0,1.462651751117145,2.925449593957704
4659,train,0.0,0.8683753559860097,2.1030729367611865
4660,train,0.0,1.347748352176136,1.6636504496059792
4661,train,0.0,0.938934702400479,1.6636504496059792
4662,train,0.0,1.347748352176136,1.4645377055964324
4663,train,0.0,0.8102838909296974,1.4750315321743224
4664,train,0.0,0.8635730231606795,1.4778998353189126
4665,train,0.0,0.4549363761325264,1.4024610887103073
4666,train,0.0,0.7538127814706184,1.4673848115392456
4667,train,0.0,0.737256245132019,1.416566425821156
4668,train,0.0,1.407667254895748,2.2727032177709927
4669,train,0.0,5.092625908724114,2.1749979815369964
4670,train,1382.0,6.003933592523845,2.1749979815369964
4671,train,0.0,0.7556645404483426,2.205298452335249
4672,train,0.0,2.980753849099899,2.4777479842059744
4673,train,0.0,1.5432052586119829,2.435858648391179
4674,train,0.0,2.055550681956504,2.191503575196391
4675,train,0.0,2.9656570668825823,1.42254111470728
4676,train,3343.0,6.080923998651783,2.9344827016649133
4677,train,0.0,1.1651335332977233,1.264190730768008
4678,train,0.0,26.50106100883039,27.01256152140767
4679,train,2458.0,111.97201884911138,21.01313917573797
4680,train,0.0,22.502813538262963,9.674243691236564
4681,train,3793.0,223.2559600508875,56.04151997225247
4682,train,973.0,90.254317841292,53.96241743054706
4683,train,2064.0,379.849019609927,280.8051413075658
4684,train,1552.0,62.82012368256749,45.33086662194501
4685,train,1064.0,192.97392262986736,109.4850700614546
4686,train,0.0,11.359039931541165,23.00624494847931
4687,train,0.0,9.106842068879232,17.305051648111576
4688,train,1539.0,21.501045032500883,32.39504274658939
4689,train,0.0,2.2992475998173294,7.223594404280622
4690,train,0.0,1.5364738062804406,4.44131278429873
4691,train,0.0,2.2009947696233167,4.991431277805879
4692,train,0.0,1.9522823041678663,2.9397486071156735
4693,train,0.0,3.381993845258452,6.811264200641144
4694,train,0.0,1.7561791115146135,2.90549281555651
4695,train,0.0,4.54112316994044,8.291374138543134
4696,train,8150.0,8.285738425521103,6.0701314946656195
4697,train,7923.0,24.195760271546938,16.65998530509229
4698,train,5745.0,137.3501034169223,165.539906884796
4699,train,0.0,93.03607778399734,45.6077879357262
4700,train,0.0,35.58868604506203,35.035786786977354
4701,train,0.0,4.267154448247477,4.145412881602838
4702,train,0.0,12.381324972328171,9.899323656499943
4703,train,753.0,102.36000531634554,31.703348312853727
4704,train,2851.0,130.81433512742728,36.383545565668136
4705,train,481.0,230.0354585816618,114.50881415012381
4706,train,0.0,64.95552793001434,97.21769260143873
4707,train,162.0,293.67607654915514,163.52938980757799
4708,train,3843.0,442.1427946309611,135.22216387186842
4709,train,1049.0,179.42466585244367,106.56142694522613
4710,train,1775.0,521.9691140776436,583.6110046531558
4711,train,2275.0,1365.8705203476384,1638.727412924343
4712,train,984.0,3457.3738154058815,1446.9598593908495
4713,train,2932.0,3685.1035669119874,2785.7312532290503
4714,train,23583.0,3118.919742892272,1849.5785343335872
4715,train,29343.0,3713.8571572823066,2969.9859174273756
4716,train,22957.0,7838.408322863797,7549.633099228023
4717,train,5339.0,10945.433460953,9081.358480566338
4718,train,7300.0,9907.439378699373,9964.109716486091
4719,train,20246.0,8717.449724904378,7630.238666468402
4720,train,36145.0,9764.101201445212,9952.513828319965
4721,train,30210.0,12019.610132393238,13990.143361258546
4722,train,37927.0,19435.612830772137,21411.413354139404
4723,train,40878.0,23097.68022982489,23026.973094795874
4724,train,30697.0,24570.80466138483,23570.44281783641
4725,train,20101.0,29146.54520449508,29642.193775434993
4726,train,24437.0,27089.67701798806,25590.031660262284
4727,train,36794.0,23546.8183251817,23491.3303085804
4728,train,78777.0,22471.68981727941,22380.210486369964
4729,train,28337.0,27103.65052637076,24907.59268190459
4730,train,40767.0,41308.282200577116,41900.91625392107
4731,train,53594.0,25902.562249670555,25665.887827611372
4732,train,95971.0,35937.015978972435,32750.331410543553
4733,train,39439.0,45687.08520924334,42722.80319785261
4734,train,32157.0,54078.452946672835,53433.94598307304
4735,train,82766.0,36447.71723151578,34524.69610191649
4736,train,79489.0,33058.10490859086,29748.259184953135
4737,train,49786.0,43843.80645231803,44681.62680006888
4738,train,41939.0,44759.69004180335,44050.819372391525
4739,train,86277.0,41475.70566580637,38568.959971620425
4740,train,52602.0,41628.571238869554,38824.95941675418
4741,train,45819.0,64163.1784029995,63344.91464905621
4742,train,50877.0,51947.22922332135,50051.86711698939
4743,train,80587.0,42526.545545124965,38363.106546560986
4744,train,32379.0,39593.195187351754,36773.48159246877
4745,train,45885.0,48167.06891580406,48310.11839205267
4746,train,42875.0,34942.61906437947,31794.46722432631
4747,train,46336.0,39491.681635012545,35592.485478703624
4748,train,42554.0,38615.47075049192,36144.29752125182
4749,train,36717.0,37700.62528045762,36144.29752125182
4750,train,26524.0,32698.95304964485,31766.014224094735
4751,train,26683.0,29008.041253753057,27938.88142369217
4752,train,34344.0,25892.628944932898,25716.19172014577
4753,train,26461.0,25688.657387351253,26379.578979320093
4754,train,26117.0,28652.845855724387,27303.291786270296
4755,train,24779.0,25723.462143270022,24737.85020384963
4756,train,27345.0,25723.462143270022,25092.10232517214
4757,train,29021.0,20544.13175143861,20137.607218111283
4758,train,21714.0,21494.74988480616,21098.73737781603
4759,train,34124.0,23680.57476980609,22309.937743371058
4760,train,35885.0,19050.00514053094,18282.60565965249
4761,train,27957.0,24356.005801631305,23024.45850124895
4762,train,22804.0,26797.41936867623,25918.922898152454
4763,train,21649.0,22785.135990709256,23361.59741213946
4764,train,18352.0,22641.370321314134,22483.505473927282
4765,train,35463.0,21487.815111978394,21177.44849235371
4766,train,22692.0,18007.805953591578,18020.97099640033
4767,train,29532.0,22752.902125620636,21562.565059649463
4768,train,25426.0,19244.187728814133,18676.512202138434
4769,train,23772.0,23180.475662528705,22562.12385038758
4770,train,21060.0,21865.79212036258,21016.883068187122
4771,train,22488.0,20468.445382377256,19724.955919367523
4772,train,24581.0,19819.91726719564,19144.816809618405
4773,train,26691.0,20516.800627332563,19777.828195784692
4774,train,36616.0,20694.7140125153,19700.025031702073
4775,train,32445.0,22904.26001836942,22468.060902368405
4776,train,39112.0,28023.58127406395,25799.369172357103
4777,train,17643.0,28023.58127406395,25799.369172357103
4778,train,25568.0,31705.66535894786,29950.985296737632
4779,train,33166.0,22217.627906410613,21999.36766337725
4780,train,33358.0,23365.316072005764,22789.810394491127
4781,train,30228.0,26404.810692391733,24798.123240831832
4782,train,22589.0,28023.58127406395,25799.369172357103
4783,train,22730.0,25831.280094750018,23997.963242927708
4784,train,28085.0,22779.596229727897,22147.92732474252
4785,train,36912.0,21463.73146625452,20987.83135800536
4786,train,39324.0,22012.794817433685,21615.56190677302
4787,train,46864.0,28528.52861040012,26305.431626467183
4788,train,33833.0,29756.042895384453,27861.266727379727
4789,train,25836.0,31638.660707613435,29950.985296737632
4790,train,19562.0,26442.54693032096,24791.770653522446
4791,train,12124.0,24257.062004480063,23709.972206747305
4792,train,22068.0,22285.76430728793,22178.317153558193
4793,train,13299.0,17014.68937956509,16738.26161603418
4794,train,17774.0,18628.783711195065,17998.139591467476
4795,train,13649.0,16489.90202481348,16221.999675185429
4796,train,8630.0,17462.032017365465,17160.05247341387
4797,train,32079.0,15622.636193141156,15032.863156368192
4798,train,38369.0,16440.834386087718,15849.948743046347
4799,train,63804.0,22865.040807689576,21453.483185378438
4800,train,40486.0,27353.588223993655,26062.914162486744
4801,train,53136.0,44010.38952047884,42525.74281798495
4802,train,34394.0,35565.84349070787,33281.540669898495
4803,train,56840.0,46835.262945275725,44483.81193843794
4804,train,94646.0,30135.370526172286,28749.99335675239
4805,train,55512.0,44010.38952047884,43134.711655747014
4806,train,216674.0,57615.877900075786,54230.74900986584
4807,train,265410.0,45194.575162878056,43134.711655747014
4808,train,270898.0,119588.89173777492,132821.37020857172
4809,train,267321.0,146754.93676407755,142553.70994166008
4810,train,294447.0,189577.8153567003,166537.01130210704
4811,train,212817.0,214541.67950607958,188619.67590613096
4812,train,281578.0,224066.28106217468,197513.67653326827
4813,train,320555.0,157057.09020859635,137990.25799511213
4814,train,323808.0,206106.81043214627,182424.47980155746
4815,train,337570.0,218724.54606775183,199605.93181302998
4816,train,314160.0,216802.1036230687,198031.0352183771
4817,train,300534.0,238256.7357743274,217027.48482693886
4818,train,322613.0,217982.32520252874,198481.49787776402
4819,train,241108.0,204185.50619485375,187107.93344459074
4820,train,258257.0,196054.51677332845,173954.24919210584
4821,train,268642.0,157828.261829593,148726.78630035807
4822,train,254620.0,150406.51442457517,142289.18772272134
4823,train,246550.0,156318.32577836263,147167.32666920248
4824,train,215792.0,139448.58768420568,134450.94197165492
4825,train,8887.0,137813.9670912536,129746.2209261434
4826,train,9511.0,118485.88266766422,118952.87132631942
4827,train,13522.0,21261.235659455822,18842.214371605663
4828,train,18187.0,21784.724484767048,17944.20623815618
4829,train,17214.0,17330.449184773293,15893.431908162285
4830,train,18142.0,19109.823579895925,16469.95274816427
4831,train,24761.0,19099.781970739434,17494.507103490836
4832,train,21396.0,21438.318364525043,16911.89511985859
4833,train,20813.0,24941.544648997256,21016.704881205937
4834,train,18268.0,23746.31926490642,22295.767958713128
4835,train,14846.0,23967.688899573637,22295.767958713128
4836,train,12324.0,20453.51115861251,18765.242075477756
4837,train,14082.0,16042.682005728906,16232.749536981379
4838,train,5019.0,14040.320704404035,12410.737759875352
4839,train,25153.0,14450.36076200969,12759.779909475523
4840,train,16929.0,12040.063571070374,9835.4023008468
4841,train,10423.0,17286.541958827955,14824.510056992774
4842,train,9703.0,14337.867798314504,13389.49294482004
4843,train,8631.0,13426.13072848217,11958.621421275537
4844,train,7081.0,12231.893973967157,11901.254207204156
4845,train,9798.0,9607.699475925294,9674.442897363626
4846,train,15239.0,10468.617753296876,10560.277893625049
4847,train,21278.0,10291.914093321462,10004.108914650284
4848,train,9336.0,12230.999035138106,11413.036395961059
4849,train,20671.0,13739.647460747,13016.873910258319
4850,train,16112.0,11884.730896337243,11114.73503369054
4851,train,10767.0,14159.444039100903,13933.159582667095
4852,train,4829.0,12715.717593267318,12241.005880101937
4853,train,6255.0,12405.22278899242,11809.66813419919
4854,train,15263.0,10634.935693487123,9449.504559540557
4855,train,21657.0,10161.354491444623,9571.143131838711
4856,train,11229.0,10268.40295631342,9761.610084803271
4857,train,16514.0,13739.647460747,13016.873910258319
4858,train,14925.0,12100.036328118342,12095.717259306506
4859,train,10787.0,11410.10748431745,11395.520075094124
4860,train,14964.0,12888.322315189787,12095.871735236531
4861,train,19185.0,11689.113802048685,11677.633500559317
4862,train,16472.0,11667.734778989783,11459.336558060102
4863,train,13755.0,12317.601978969826,12010.738323033744
4864,train,13769.0,12081.454033953523,12761.687723143094
4865,train,12486.0,11989.376477734028,11905.632358281307
4866,train,5748.0,11393.91321936148,11974.63388018135
4867,train,14611.0,10930.159471511599,11354.155939000737
4868,train,21654.0,11014.986753977833,9968.837084025728
4869,train,19215.0,11777.04247276939,11357.105399665797
4870,train,15712.0,13266.494590404573,13198.532768366278
4871,train,8409.0,12857.049869454682,12761.687723143094
4872,train,4411.0,11962.488484343508,11932.71632613802
4873,train,9051.0,11766.449308412026,11269.850357987823
4874,train,5545.0,8329.023470163691,8097.830045078225
4875,train,3128.0,9486.978191006681,9011.025958887452
4876,train,5198.0,8130.008032165717,7864.459996582507
4877,train,14974.0,8158.332615128555,6733.5141054129745
4878,train,13093.0,7967.161286780776,7217.692579974162
4879,train,15016.0,10103.937684575998,7682.777648712743
4880,train,5145.0,11634.221247767078,10491.32740433612
4881,train,4874.0,12506.689202168085,11356.505524791195
4882,train,3663.0,9048.125780199627,7647.542906430925
4883,train,19119.0,7958.687019665359,6045.040389227058
4884,train,9779.0,6357.36437759093,6014.981735078278
4885,train,3991.0,9136.242553923837,8518.209337456028
4886,train,9911.0,8203.88372873078,7435.568008937592
4887,train,21227.0,9007.425723939443,6986.507418801248
4888,train,22199.0,7787.887543348714,5664.675533223886
4889,train,52101.0,13570.74854980352,10397.858976748494
4890,train,26613.0,12941.712221537777,12000.08897285473
4891,train,43633.0,26065.836217880413,22137.452380776158
4892,train,69558.0,19520.13702503812,15110.148256536078
4893,train,376421.0,28029.855158710518,23775.861471033997
4894,train,355233.0,35339.08723918812,32605.69761264756
4895,train,349218.0,187697.7149619254,234173.74082415676
4896,train,346942.0,247619.45018972585,257927.49948651137
4897,train,215124.0,218261.0265605139,214164.60133877306
4898,train,62159.0,191980.11016844035,220178.9502851164
4899,train,182720.0,151242.24791970802,152316.3321762872
4900,train,204074.0,51017.62701081079,49262.723363455094
4901,train,294952.0,142260.65569183757,142901.2137307739
4902,train,334274.0,135258.13928391773,144195.9539231285
4903,train,318998.0,196072.2419250689,191601.4560490681
4904,train,345838.0,224321.72642870527,218377.86545225405
4905,train,190017.0,208101.7284653017,215598.42195361407
4906,train,164245.0,243007.36391245556,238782.94716957177
4907,train,166950.0,167817.96610400017,165186.3104353737
4908,train,210397.0,117682.67947078854,120275.37601234183
4909,train,196174.0,117382.1210684619,120275.37601234183
4910,train,189283.0,148745.09533367574,150624.94831218602
4911,train,188034.0,148745.09533367574,150624.94831218602
4912,train,193505.0,153871.55115190102,150624.94831218602
4913,train,202899.0,152949.3361792645,150239.46701184422
4914,train,180062.0,152949.3361792645,150624.94831218602
4915,train,168756.0,152949.3361792645,150624.94831218602
4916,train,180135.0,121660.01925504146,123097.59015215297
4917,train,178030.0,111220.36349766732,115397.53819756415
4918,train,191525.0,120820.03018888924,113856.66638876355
4919,train,176377.0,120820.03018888924,114148.79807715856
4920,train,146355.0,148919.22455739256,139317.5653159982
4921,train,176407.0,120820.03018888924,113856.66638876355
4922,train,172404.0,96309.14496949068,97350.42976717112
4923,train,161345.0,113823.67236478922,113046.52012447728
4924,train,136111.0,114465.92776055049,113046.52012447728
4925,train,106997.0,92771.40109756903,110738.14453532184
4926,train,106143.0,91303.8907044361,73045.87339409004
4927,train,121563.0,89518.60759186753,55942.45316674483
4928,train,101916.0,90058.36660468204,55942.45316674483
4929,train,94013.0,91235.81135316369,56695.57140075201
4930,train,87295.0,77612.1050230631,84983.24960238722
4931,train,135005.0,86417.7328732928,69678.53063853885
4932,train,117182.0,80823.1539255833,68104.84098232767
4933,train,107532.0,96505.06070911675,70992.8974398464
4934,train,112003.0,92070.99329572132,70992.8974398464
4935,train,102654.0,91721.72726162657,79650.64450885287
4936,train,117423.0,96552.11833803986,77588.11755720526
4937,train,108928.0,81198.72826680225,75701.67184127506
4938,train,116236.0,83992.79543088296,75139.11127749842
4939,train,117996.0,78329.02432144214,83821.98659576195
4940,train,132349.0,85329.87927895992,64004.25472054398
4941,train,43119.0,82999.30822298501,58612.56594196059
4942,train,128289.0,82842.75025203303,61732.753059276525
4943,train,103735.0,41966.308735210485,29008.09542831799
4944,train,145046.0,78592.13900686652,78273.0004078641
4945,train,101590.0,60040.3820869034,75996.97390306226
4946,train,140080.0,90515.21092752814,102160.16143617884
4947,train,159019.0,69580.70485042727,78273.0004078641
4948,train,171680.0,68544.49057075912,70979.34294748216
4949,train,170369.0,91999.00441858503,119207.00830892898
4950,train,179065.0,115476.90317066458,98346.70534858751
4951,train,198056.0,121263.29312639749,129717.18318999851
4952,train,176958.0,125420.62732378076,119021.69075024636
4953,train,187387.0,148909.29616536867,158731.1526294194
4954,train,210603.0,142069.8294679523,138719.63954570665
4955,train,261961.0,158334.99589833993,169740.40691796987
4956,train,227236.0,163773.5767920764,168794.01449678373
4957,train,231899.0,198175.88255884315,179895.9032713648
4958,train,257958.0,158745.66922801847,164930.72594368365
4959,train,239155.0,135902.19275046943,161782.4314442172
4960,train,255965.0,168943.11005819213,184109.7295874959
4961,train,237361.0,164840.270406913,184109.7295874959
4962,train,252590.0,137006.25881700858,145605.44440681496
4963,train,109814.0,133679.01163571374,145605.44440681496
4964,train,99891.0,148712.07872498254,145605.44440681496
4965,train,114790.0,70676.64953963546,69528.63352743383
4966,train,102902.0,40454.09033256755,52989.532838615705
4967,train,118981.0,93501.962601462,77989.30410104715
4968,train,110210.0,98574.38814808003,76500.58842789107
4969,train,129934.0,50546.6126270363,43830.68441191663
4970,train,126960.0,60200.01607276419,46490.13946562481
4971,train,118898.0,65103.44419404317,39134.18855014363
4972,train,102718.0,42030.49342583814,41761.47873263584
4973,train,110101.0,23781.624321568797,24932.17857048802
4974,train,127473.0,15421.658454201503,16147.392885072295
4975,train,96569.0,14337.112638082439,14334.36123657658
4976,train,45059.0,6972.1776694526525,9044.376853163627
4977,train,0.0,2938.0411966030897,6631.352800389083
4978,train,459.0,3272.1357023601718,3393.4947332671
4979,train,0.0,1.9033182364976722,3.5820107961654273
4980,train,0.0,3.324581677182647,4.629808862407853
4981,train,0.0,0.7567171035343809,1.514414910825566
4982,train,0.0,0.9320567106932194,3.3388498085565725
4983,train,0.0,2.552947493066655,2.9021362548051433
4984,train,0.0,2.354380601327072,1.7570815366659893
4985,train,0.0,1.9422250533165397,0.6539898678122411
4986,train,0.0,1.6156934921919373,0.7079024297425158
4987,train,0.0,1.148700158791864,0.6269901054616636
4988,train,0.0,0.7647056135798254,2.5860684131174585
4989,train,0.0,1.0409972765519595,2.9703947455362187
4990,train,278.0,3.8101951852802234,9.796533168090365
4991,train,0.0,7.489755629768217,8.979370977036655
4992,train,558.0,18.193568303534306,19.26267353938972
4993,train,765.0,20.249329387351995,26.356033574796754
4994,train,0.0,27.25020498326896,25.299440581670748
4995,train,265.0,128.04425612471107,83.87244075101
4996,train,176.0,142.64492249188663,137.67754904285334
4997,train,957.0,389.70755702073404,322.7328434539297
4998,train,742.0,153.9236761917431,187.01232666470872
4999,train,576.0,623.8470226503513,494.9660516147524
5000,train,4350.0,664.7406464762704,469.6000567466254
5001,train,2970.0,782.3397166409266,401.7886296819914
5002,train,0.0,285.59409042623514,333.50810627875865
5003,train,337.0,506.2470420243575,806.3065756027715
5004,train,667.0,284.0354084121298,564.2693445539213
5005,train,691.0,341.68790907920976,339.03105669299515
5006,train,219.0,563.1827880639692,408.593591749293
5007,train,0.0,836.2184475847765,358.5733532753789
5008,train,0.0,711.6558929318587,419.9497515965025
5009,train,11939.0,874.7386480510988,634.3134248965307
5010,train,9952.0,165.70623844676152,217.85454317728326
5011,train,5477.0,4979.388781903458,4169.177821691721
5012,train,1938.0,6597.699229241705,4659.457876847242
5013,train,7288.0,4934.673285004956,5714.220186235505
5014,train,4331.0,3777.382597493782,5559.067428901061
5015,train,1150.0,2560.0312402729596,3705.281388049864
5016,train,4830.0,4071.7949203208764,5662.823589864277
5017,train,3265.0,3871.7693823259438,2122.4459952591033
5018,train,3751.0,3319.4932930739583,2663.5762226894303
5019,train,15110.0,3369.9212645867588,4141.592840001336
5020,train,7151.0,3266.5743394541005,5677.608112019671
5021,train,7824.0,6758.5604435060795,6023.13046967288
5022,train,12488.0,6780.747491026238,6202.725909628146
5023,train,9553.0,8860.876745426445,8327.456308952407
5024,train,22843.0,7407.544789566751,6951.16008047559
5025,train,10192.0,7982.344411833122,7757.045058773152
5026,train,7980.0,12306.977219020007,11991.045208320811
5027,train,15537.0,11176.941144068513,10169.189647000128
5028,train,10611.0,10795.251078965512,10169.189647000128
5029,train,12764.0,11218.826026464032,12348.539628795523
5030,train,13358.0,12678.75996754419,11857.373892797656
5031,train,19813.0,12264.331352582332,11691.113297519943
5032,train,8008.0,12264.331352582332,11691.113297519943
5033,train,11597.0,14114.276466646297,12253.17926980558
5034,train,8275.0,11838.856831948635,11369.256529242064
5035,train,8958.0,11961.455788806921,12179.361765554193
5036,train,2543.0,9938.271462562756,9770.832258874781
5037,train,7927.0,10404.564743854951,10343.375249243381
5038,train,7381.0,6306.2343457129,6194.906598496572
5039,train,164311.0,9132.75462319225,8526.62309909603
5040,train,192488.0,9749.447395817331,9021.0696009458
5041,train,192072.0,43640.356102126,43248.08311636473
5042,train,198202.0,53486.52781362587,45792.94190400517
5043,train,108516.0,58873.10997110338,47617.367117385416
5044,train,199822.0,64036.79937775081,53639.475761577894
5045,train,174596.0,31920.774416977813,26096.37944245127
5046,train,199379.0,62015.33832747058,49350.22071283388
5047,train,30349.0,39954.933121523834,40331.13241218208
5048,train,24762.0,55224.85950837986,50209.2813402743
5049,train,878.0,11616.32530716292,11336.527921977546
5050,train,50432.0,14223.4143429628,10711.943363701817
5051,train,1811.0,4729.504685574394,5604.841799800139
5052,train,3459.0,16702.27394644087,19115.8505327958
5053,train,1524.0,6053.267474840972,6498.299915231916
5054,train,323.0,7555.209681203405,6864.894553467666
5055,train,3365.0,3061.8312064225993,3805.6878614018337
5056,train,3695.0,1923.2838837795396,3001.4111974543
5057,train,8105.0,3175.402846614919,4702.057735177543
5058,train,11010.0,5733.064659571265,6725.538014832098
5059,train,7490.0,6968.480157014083,7685.220730132012
5060,train,543.0,9399.127755508303,9315.528739608637
5061,train,4863.0,6531.647593769057,8378.075808980702
5062,train,6057.0,5583.369128587614,5014.363025186899
5063,train,2972.0,5711.8777554126755,5580.889622670557
5064,train,8462.0,6339.016424263834,6099.738058284902
5065,train,7489.0,6257.003502843211,6457.715683039063
5066,train,10309.0,7181.949250970078,6996.536330689095
5067,train,9939.0,5670.645396048658,6247.770533478692
5068,train,7863.0,7621.611248761462,6892.946390356167
5069,train,8359.0,9003.335164570519,8255.68090990926
5070,train,7550.0,8142.856161157557,7324.924621490081
5071,train,12477.0,8973.736295058174,8048.051770192676
5072,train,9126.0,8215.134731816137,8048.051770192676
5073,train,19350.0,9816.59479127588,9156.6687309984
5074,train,16922.0,9715.977752306844,9088.678243924689
5075,train,11164.0,13523.854385099929,11609.282218295928
5076,train,11111.0,12648.249526265246,12305.706344408594
5077,train,3090.0,12619.606667945503,12223.646873932263
5078,train,2678.0,13376.18401131334,11801.141643393075
5079,train,8921.0,8489.71959384231,8533.50794539756
5080,train,12902.0,8170.521580052503,7263.118574675011
5081,train,13075.0,8295.922780797593,8271.282986132506
5082,train,6531.0,10111.040398948575,10013.632790118501
5083,train,1556.0,11825.88432055553,11438.286603758028
5084,train,2013.0,10231.437776412828,9318.897501600119
5085,train,50380.0,6570.450949000979,7865.506510615829
5086,train,113504.0,6810.488113140779,6475.347861419061
5087,train,5501.0,22084.74592149752,22085.112611274442
5088,train,12302.0,36191.4718179101,33263.6513338289
5089,train,7645.0,15216.745596310899,13130.463251185896
5090,train,13639.0,15113.27091084974,13273.263535584081
5091,train,17892.0,10285.351307973968,10768.569409462285
5092,train,16596.0,14250.873897374835,13962.95224912162
5093,train,2429.0,15077.575186637681,15957.503968095585
5094,train,10838.0,13899.020841333524,13813.787257284155
5095,train,6830.0,9592.097667361235,9372.514289736346
5096,train,12123.0,11549.90713244451,13717.402815313131
5097,train,21908.0,10141.608728390254,12357.022559668649
5098,train,28115.0,11546.220151080395,14111.730388335314
5099,train,9318.0,15184.726479402647,16698.873655525415
5100,train,17437.0,14591.977867262207,12035.60712131964
5101,train,9116.0,14285.543817250162,13477.513492734874
5102,train,52423.0,14071.207749554143,13109.795174763747
5103,train,23297.0,12011.528385560841,11875.934287419741
5104,train,6558.0,25436.572919379694,24171.963791319355
5105,train,3997.0,16040.473047785046,17038.32345633722
5106,train,58669.0,13108.794191409053,13698.52628276222
5107,train,228053.0,11338.375447178747,10504.48602164611
5108,train,226783.0,36240.2171497935,30087.88331480298
5109,train,225131.0,82112.49722310665,61974.532847286326
5110,train,195329.0,79264.35362316936,68733.18939145547
5111,train,218749.0,94298.66312978337,64649.634582493134
5112,train,240428.0,107353.49620173659,103297.8466122941
5113,train,214980.0,112892.03219640927,111148.07974274468
5114,train,216433.0,115858.32513231885,118499.27367973178
5115,train,239978.0,137375.76843408876,119681.46280353825
5116,train,233212.0,137305.48314187152,126098.51346813669
5117,train,239126.0,160425.14990432165,145819.2739142268
5118,train,243092.0,133490.9477452571,145819.2739142268
5119,train,238582.0,127022.04151653459,145774.11676965712
5120,train,240751.0,161081.4775467774,149534.4556208811
5121,train,255293.0,149990.23866226993,145774.11676965712
5122,train,221304.0,150707.73844109054,145774.11676965712
5123,train,214441.0,153723.46638982222,145774.11676965712
5124,train,193411.0,140898.17859543546,133344.12664247424
5125,train,188043.0,140898.17859543546,133344.12664247424
5126,train,232682.0,140898.17859543546,133344.12664247424
5127,train,194975.0,138791.49483543145,133344.12664247424
5128,train,207136.0,152643.950458374,149534.4556208811
5129,train,210026.0,140898.17859543546,133647.44625587628
5130,train,181262.0,139386.9401108195,133344.12664247424
5131,train,191116.0,139386.9401108195,133344.12664247424
5132,train,112919.0,136783.3623195982,133344.12664247424
5133,train,125792.0,138791.49483543145,133344.12664247424
5134,train,154418.0,59438.92473149831,69913.90733111366
5135,train,117943.0,59438.92473149831,69913.90733111366
5136,train,138459.0,90652.3403537205,77209.5273031685
5137,train,75301.0,46959.35091060638,53543.81529735001
5138,train,26.0,46959.35091060638,47969.00181282251
5139,train,0.0,31567.664727904248,31548.427012912507
5140,train,87725.0,4987.681699412153,3927.853030525371
5141,train,114258.0,4986.678356858748,4552.114368564681
5142,train,224809.0,86973.48374773005,49528.360023113135
5143,train,358292.0,82089.67613331894,47745.67647401305
5144,train,377619.0,124926.14268217926,138940.20835890714
5145,train,341437.0,142752.21318917003,211710.69162858825
5146,train,354938.0,195012.0900131787,211905.76937793865
5147,train,387286.0,202347.5007227399,229593.5901984661
5148,train,405587.0,250954.62341208308,284790.34159386024
5149,train,126568.0,250954.62341208308,284790.34159386024
5150,train,68457.0,253675.47426711116,285438.15529209987
5151,train,76107.0,38141.78471988173,70565.8940014092
5152,train,25607.0,24365.88492106071,42415.284346856846
5153,train,38097.0,40949.0042895394,33922.142798778434
5154,train,3419.0,21127.654443305546,23399.249264028407
5155,train,7728.0,27232.666889503427,24478.322516192064
5156,train,0.0,10059.71020627874,10823.729616585473
5157,train,295620.0,19363.379286539897,16170.596781037546
5158,train,344204.0,7766.591085527241,6606.231049615277
5159,train,344116.0,180283.02595727937,137185.04579611987
5160,train,319843.0,205651.93171003324,157708.23615738982
5161,train,193713.0,174304.68259279022,175750.9815820973
5162,train,395058.0,199508.77049541989,209964.95442975
5163,train,388321.0,73668.59142738867,112059.75198855219
5164,train,440638.0,245681.5517799352,292254.1571224182
5165,train,389415.0,237107.3530651766,281208.2083397707
5166,train,410067.0,346498.1988728567,373902.7629210538
5167,train,442668.0,307512.81812443753,294134.80062344286
5168,train,421730.0,315375.54246911017,300452.53499065543
5169,train,410350.0,284651.2724059898,364975.96514418186
5170,train,271425.0,404186.6942193636,381136.1445040651
5171,train,420432.0,334806.25521451276,312254.4044197044
5172,train,474528.0,231813.76947990188,215941.89806860714
5173,train,509062.0,409225.0465539834,381136.1445040651
5174,train,484598.0,383138.8238202102,373121.8495931082
5175,train,470307.0,424738.44153045304,410736.57489857724
5176,train,161318.0,408801.63550347503,373970.59061079455
5177,train,499605.0,406351.5304750453,373970.59061079455
5178,train,467118.0,133979.17865644468,136442.94379920934
5179,train,209403.0,401232.7007484603,411670.8779778488
5180,train,322662.0,364959.82230953744,377596.87145943014
5181,train,358369.0,178829.21383598165,172529.01093552134
5182,train,349344.0,239493.45234108414,232984.02265665826
5183,train,317544.0,347981.62383786537,315999.4169917813
5184,train,332904.0,272809.94784129626,235096.02406387232
5185,train,335921.0,248243.86811360533,215006.00526493342
5186,train,335554.0,250573.41785517245,232097.11114324586
5187,train,297092.0,281519.4370255482,259235.147056239
5188,train,289124.0,261958.5305931878,259235.147056239
5189,train,260935.0,248243.86811360533,237082.3397697062
5190,train,299170.0,248243.86811360533,237082.3397697062
5191,train,284588.0,204815.92412051716,177392.69122657808
5192,train,188143.0,253291.7007627913,212150.56171277195
5193,train,167499.0,253291.7007627913,212150.56171277195
5194,train,185307.0,177198.12761868272,161354.52778001578
5195,train,171453.0,127090.40919271695,130577.22633773854
5196,train,155420.0,169752.23490623667,156522.0178668654
5197,train,171865.0,133959.92502503895,124984.24698097141
5198,train,167292.0,133959.92502503895,124984.24698097141
5199,train,173817.0,138552.54104053162,127916.9519974685
5200,train,166172.0,133959.92502503895,124984.24698097141
5201,train,176065.0,121346.16467912385,115800.94197447575
5202,train,170956.0,133066.75519199914,121706.78734590916
5203,train,139672.0,137628.75044192895,124562.58870741267
5204,train,178842.0,117302.58398688705,111661.94786938687
5205,train,195084.0,83165.2482210579,75929.41359738112
5206,train,185236.0,137628.75044192895,123366.33578781552
5207,train,174123.0,168620.42375719576,150953.79095917652
5208,train,160278.0,168620.42375719576,150953.79095917652
5209,train,211528.0,137628.75044192895,123366.33578781552
5210,train,210213.0,131870.217850733,120537.96026360475
5211,train,227756.0,168541.2363864482,150953.79095917652
5212,train,244814.0,162765.14471091112,150953.79095917652
5213,train,244431.0,139699.69392219305,150953.79095917652
5214,train,232135.0,166812.05490679012,176138.595559792
5215,train,220421.0,169395.61868680382,179121.09465414382
5216,train,207093.0,143923.27615247873,151870.92030169992
5217,train,222721.0,129362.31735882426,152820.25869544322
5218,train,373196.0,111164.82392895267,124102.9590468632
5219,train,336385.0,103538.88627721506,124102.9590468632
5220,train,335763.0,225590.4977204555,291801.7432907009
5221,train,344393.0,246279.82312771367,238412.37564306665
5222,train,318697.0,286301.27287447953,235408.62153713952
5223,train,375162.0,291138.1018929543,235408.62153713952
5224,train,349213.0,264921.60858304764,215291.88998358604
5225,train,350768.0,406699.72003247426,295556.61053815443
5226,train,354976.0,334960.38708478515,252614.00128938665
5227,train,233268.0,332635.07194408844,235365.53429923876
5228,train,183011.0,410869.6464631106,292933.05189557635
5229,train,188496.0,138933.40819736832,138487.62343673638
5230,train,178333.0,219133.83908543,168861.55331274914
5231,train,185651.0,112247.00614677105,113775.2527472642
5232,train,197730.0,97636.57573818207,78962.93758580723
5233,train,208574.0,121765.01164848571,123026.95842584802
5234,train,194852.0,127294.03987307091,104477.68622553251
5235,train,201250.0,97422.40046509396,113775.2527472642
5236,train,167578.0,99636.51590609184,113775.2527472642
5237,train,151447.0,102591.43454473745,105133.0964092517
5238,train,126352.0,68682.99064928755,71292.18417451557
5239,train,0.0,10364.385186957657,31310.278187156848
5240,train,0.0,7746.539356434155,14067.270603476507
5241,train,0.0,15.635240771375724,61.526800434943745
5242,train,2756.0,165.24418803342746,170.3733872373746
5243,train,2092.0,36.191950412968055,61.522426527755464
5244,train,2288.0,1243.9012531103708,1004.693640572262
5245,train,3806.0,1944.025644993836,184.5928612164284
5246,train,4217.0,146.7510838034117,99.63294928298257
5247,train,0.0,63.73485150967295,50.86552232212487
5248,train,0.0,42.57783405595896,32.275068801567514
5249,train,0.0,8.729525770495158,2.38156744671237
5250,train,0.0,0.7111609171209299,0.9231514670815932
5251,train,0.0,0.7401025966230939,0.0
5252,train,0.0,0.3489862307436384,0.4812235485592442
5253,train,0.0,0.1541481560907249,0.3498065016815952
5254,train,0.0,0.0,0.3549622114095178
5255,train,0.0,0.0,0.20984399428436412
5256,train,0.0,0.2623501077671686,0.2594165816433841
5257,train,0.0,0.2143803093876198,0.16480896453240243
5258,train,0.0,0.5036790999775067,0.16480896453240243
5259,train,0.0,0.5036790999775067,0.29598813998182905
5260,train,0.0,0.26827219194739194,0.1780209710773089
5261,train,0.0,0.036866328881601206,0.1780209710773089
5262,train,0.0,0.0,0.1780209710773089
5263,train,0.0,0.1800257148963123,0.1780209710773089
5264,train,0.0,0.0,0.12997233557030416
5265,train,0.0,0.0,0.11897720645339199
5266,train,0.0,0.09790222322388341,0.311469691292438
5267,train,0.0,0.3784542950259278,0.33126018799379914
5268,train,0.0,0.3784542950259278,0.33126018799379914
5269,train,0.0,0.3784542950259278,0.33126018799379914
5270,train,0.0,0.42028735964169206,0.33126018799379914
5271,train,0.0,0.40279560513299645,0.6893743998096598
5272,train,0.0,0.48061792721754165,0.6851115129247642
5273,train,0.0,0.48061792721754165,0.5847655646590495
5274,train,0.0,0.4059706830546691,0.5847655646590495
5275,train,0.0,0.4059706830546691,0.5847655646590495
5276,train,0.0,0.4059706830546691,0.5847655646590495
5277,train,0.0,0.3547377798022368,0.5847655646590495
5278,train,0.0,0.4387465191918236,0.5847655646590495
5279,train,0.0,0.705076698442372,1.1728736790466021
5280,train,0.0,0.8115517556704559,1.1728736790466021
5281,train,0.0,1.0540202057259198,2.06839790976061
5282,train,0.0,1.0735254362669648,2.333757279072205
5283,train,36.0,1.3370606668004599,2.933732925666164
5284,train,0.0,1.195045908676347,2.501964374125179
5285,train,0.0,6.8729351652840736,6.951083811795896
5286,train,0.0,3.3594691577512217,3.954485038461902
5287,train,0.0,4.965408012708562,8.942818227281398
5288,train,0.0,2.2820074875091216,3.8465071258945898
5289,train,0.0,2.60520337182286,3.9340116546991473
5290,train,0.0,2.2820074875091216,3.643617706670902
5291,train,829.0,1.624383406335602,3.2764968324955177
5292,train,0.0,3.476424988815279,4.311279039581675
5293,train,7961.0,402.8958631838808,412.75611243072495
5294,train,7076.0,254.93452301239643,227.91215668119085
5295,train,748.0,1942.1415303961128,2260.211338819321
5296,train,6605.0,3113.7842826886945,2743.563977892347
5297,train,0.0,471.1310278921433,1202.5821346901969
5298,train,1236.0,2735.6732187180914,3022.0093327298864
5299,train,5943.0,1289.2027072124006,1225.3927454158393
5300,train,3750.0,2203.6773920124674,1695.5281632108804
5301,train,4031.0,2431.4124535189044,3194.48974703126
5302,train,2652.0,3874.1748810307668,3565.311437794268
5303,train,633.0,5118.118583455015,3565.855250239191
5304,train,644.0,1957.5742501175146,3159.443783422084
5305,train,3692.0,2756.8746659168587,2237.828617172158
5306,train,4231.0,2224.8654908699964,2394.7596371549566
5307,train,6149.0,2422.3785519792887,1661.874790493729
5308,train,5447.0,3056.9198318902227,2724.1361645626666
5309,train,2326.0,4096.203198735515,4345.212859305904
5310,train,6857.0,4359.407553895515,5616.122179629427
5311,train,4819.0,2628.521663815578,4659.5634042769425
5312,train,6796.0,4533.402765990495,5222.118248983972
5313,train,8942.0,4330.783175133794,5372.792362445396
5314,train,11369.0,6744.078457159226,7961.0630110915
5315,train,7779.0,7223.048845505528,6782.101438719389
5316,train,9140.0,7677.87169204003,7292.034594354431
5317,train,5915.0,9623.959357384212,9892.169757108339
5318,train,11839.0,9174.246501600124,8944.313481590636
5319,train,11809.0,8643.271022227176,7670.523857405937
5320,train,18857.0,9405.45891948421,9119.136835076091
5321,train,9961.0,9332.892233130902,8590.678952799088
5322,train,6165.0,13020.664619786576,12629.597870576894
5323,train,6842.0,11993.565775025954,11519.926194899645
5324,train,11236.0,10839.884725147524,9785.02497900216
5325,train,10921.0,7986.945664359875,7487.163335883418
5326,train,6394.0,9148.39527153297,9221.520898146771
5327,train,5538.0,9983.901496209563,10251.115100577155
5328,train,7249.0,10235.679222428,10928.49931133898
5329,train,4510.0,9411.176591693355,9949.873759817116
5330,train,876.0,8526.563739298057,8860.479998417066
5331,train,1236.0,7411.6936015536285,6860.836585463559
5332,train,1111.0,4600.823586020532,4449.106134783714
5333,train,887.0,3464.713033994085,3204.6164758473683
5334,train,2207.0,2841.9963565582957,4422.346899066711
5335,train,23832.0,3148.1821049103983,4081.0576787175573
5336,train,32250.0,2647.697197913634,3412.457473800713
5337,train,55882.0,8084.010892646651,8592.665755703529
5338,train,32706.0,15579.96446118722,13076.97938889679
5339,train,42144.0,33058.18669174939,29031.4969131119
5340,train,30364.0,13673.772049024765,15987.891724802552
5341,train,10468.0,25352.31475135649,20148.666624741767
5342,train,106239.0,25125.437509067106,20799.62765944105
5343,train,33631.0,14175.29797928975,14010.71086980177
5344,train,10448.0,42171.884439245936,47974.48955566813
5345,train,11297.0,21202.755362146778,22046.430460497668
5346,train,41554.0,15288.848432271929,19282.90109925052
5347,train,4099.0,13681.741278718386,16579.806634985176
5348,train,5720.0,27734.924452024723,25161.081291128834
5349,train,5462.0,10756.17232398776,10939.984225771634
5350,train,15723.0,14331.130825517444,14511.119046168931
5351,train,12162.0,10157.6335269513,10490.823379758802
5352,train,11640.0,12512.801037472933,13294.025123382504
5353,train,3794.0,13742.421423730502,15549.380492276374
5354,train,1343.0,15259.038199387562,14797.32144321159
5355,train,3529.0,10148.77934811675,10576.669607344036
5356,train,6438.0,7115.574274938551,7018.6598312192555
5357,train,271.0,4867.93365081929,5863.8674859823195
5358,train,568.0,7879.617924570432,8707.349633304673
5359,train,8049.0,4955.419765363067,7040.25131830701
5360,train,748.0,3852.7318382562203,3878.670791699878
5361,train,4244.0,5565.221155847202,4903.048664835701
5362,train,3204.0,5246.02162319456,5563.650471124291
5363,train,7812.0,7482.707405231491,6662.468387388686
5364,train,36910.0,4095.709331622944,5294.165990942468
5365,train,79366.0,6775.73737847551,5713.566398601906
5366,train,7144.0,15669.72883515445,14098.182849512745
5367,train,9210.0,21802.024638019928,26107.18676156498
5368,train,6583.0,17495.50925358841,13817.420790328199
5369,train,11072.0,17502.790779006496,16016.456260449087
5370,train,8999.0,10520.584350658055,12631.246448011507
5371,train,4396.0,9095.089356630115,12023.046193862803
5372,train,6447.0,9644.193916819831,11141.189497946723
5373,train,10086.0,8939.910204608741,9202.735506209097
5374,train,8042.0,11281.580814600295,12188.020556601236
5375,train,15314.0,12427.621977369741,14248.636454232534
5376,train,33255.0,11434.828895119228,12623.49378149633
5377,train,20013.0,15582.465873125171,16013.16449845933
5378,train,6419.0,19441.37021702284,16935.704328400767
5379,train,23420.0,17509.199093767267,17110.09083932202
5380,train,8303.0,14979.497264484293,14897.754585897896
5381,train,9766.0,15594.281778688344,15238.820047217252
5382,train,23536.0,12852.907769186868,11676.753179820205
5383,train,7305.0,13542.900829542667,13409.110442640607
5384,train,7798.0,15234.673211319736,14640.190615930962
5385,train,10459.0,14107.041890219996,14039.68225530878
5386,train,9178.0,14516.4575358273,13974.701949141288
5387,train,5552.0,11991.971019881337,12166.944291896323
5388,train,7553.0,10997.878212112073,11441.38207029347
5389,train,6215.0,10371.215144149975,10836.218814831345
5390,train,10665.0,11652.900163370381,10862.120617327442
5391,train,11119.0,10660.533911028842,10634.759597322154
5392,train,6436.0,11344.618902099619,11088.944100166887
5393,train,7695.0,10023.977597446681,10476.744838552906
5394,train,102528.0,12174.448349258237,9753.67457568212
5395,train,275893.0,10724.778643341615,9560.664765093152
5396,train,297646.0,57494.062996246066,47427.942091672456
5397,train,272380.0,127552.90066584432,133309.01282655334
5398,train,268183.0,153357.29412245247,155371.8498254515
5399,train,266625.0,195022.72604815813,159459.77390674799
5400,train,275490.0,177263.39087316656,159459.77390674799
5401,train,266471.0,188201.5032596452,169732.17550239025
5402,train,256151.0,177379.69784216362,169732.17550239025
5403,train,897310.0,170391.42255838492,150937.0015207432
5404,train,970458.0,170391.42255838492,150937.0015207432
5405,train,930070.0,330683.0996946126,403696.08700521954
5406,train,890459.0,485733.6423445322,432349.23471176747
5407,train,809729.0,590735.5318529126,456145.58486802503
5408,train,923302.0,494315.28953625634,434594.1551183389
5409,train,813378.0,494315.28953625634,445175.99939167866
5410,train,941100.0,607382.5187091975,499252.4702036908
5411,train,857887.0,508245.14884078706,475664.38153369696
5412,train,880156.0,607382.5187091975,499252.4702036908
5413,train,863176.0,547814.637390725,482756.08232534153
5414,train,782968.0,547814.637390725,482756.08232534153
5415,train,673033.0,548376.7569195569,489744.5995251858
5416,train,618334.0,516345.63185717986,489744.5995251858
5417,train,684404.0,474853.83566705545,432313.22673388605
5418,train,878594.0,474853.83566705545,432313.22673388605
5419,train,785847.0,474853.83566705545,432313.22673388605
5420,train,843967.0,530417.2523038996,500263.83111397334
5421,train,562744.0,524728.1596930337,500263.83111397334
5422,train,830634.0,524728.1596930337,471904.5915576852
5423,train,830607.0,482562.7730985866,416565.27666169807
5424,train,857466.0,524728.1596930337,471904.5915576852
5425,train,844324.0,524728.1596930337,471904.5915576852
5426,train,851486.0,530417.2523038996,471904.5915576852
5427,train,801174.0,550905.8043914605,480725.64097951073
5428,train,780008.0,546909.6634278004,491051.15461815504
5429,train,765611.0,524728.1596930337,471904.5915576852
5430,train,675112.0,543465.3805815867,471904.5915576852
5431,train,636584.0,543465.3805815867,471904.5915576852
5432,train,617188.0,487061.17415863107,416565.27666169807
5433,train,637513.0,504453.3685413637,416565.27666169807
5434,train,672806.0,492341.8828153774,416565.27666169807
5435,train,638140.0,466530.79110285983,416565.27666169807
5436,train,629989.0,461526.9237699221,416565.27666169807
5437,train,686971.0,461526.9237699221,416565.27666169807
5438,train,643760.0,466641.78359935986,416565.27666169807
5439,train,343834.0,502729.63421090366,471904.5915576852
5440,train,4327.0,410737.9251464272,325632.7336421607
5441,train,7523.0,190845.95865560308,182087.54078069964
5442,train,53693.0,14053.953893233978,15222.946226564614
5443,train,158683.0,23602.96679363142,22641.61443799382
5444,train,262121.0,61570.43154137146,61944.66962700967
5445,train,123875.0,96835.01516393914,118536.39858544078
5446,train,1386.0,135277.10927600955,130519.5790691386
5447,train,522.0,49616.44886729061,50661.40368910246
5448,train,78105.0,10670.905557038985,9407.491698104976
5449,train,372986.0,7557.340470602982,3256.0520762232
5450,train,718350.0,69338.93274354596,66775.43573977417
5451,train,673587.0,206698.9545596831,205713.34106431805
5452,train,319401.0,312349.8982219197,368891.990899354
5453,train,11177.0,223500.2582806676,267488.0011158127
5454,train,2942.0,88930.77859507961,123057.32523489675
5455,train,5361.0,14309.54750527967,20278.58825277977
5456,train,2055.0,10174.356737019027,13714.065488469203
5457,train,2596.0,16013.32275224599,15013.849145360404
5458,train,73637.0,15543.052854336884,9967.98771543325
5459,train,234197.0,17014.673538402072,9953.421068894075
5460,train,725187.0,75734.27434411163,63320.62744710167
5461,train,696257.0,135484.4163068112,130686.40507651464
5462,train,665130.0,231430.74591921453,273543.5446340073
5463,train,657565.0,239897.1647268847,281735.79768834653
5464,train,628356.0,322597.9224188664,273518.7834685893
5465,train,618723.0,380177.11928812676,318216.78697395336
5466,train,688706.0,338752.91807391116,306189.56592762156
5467,train,702208.0,268580.02190175594,306189.56592762156
5468,train,809927.0,294196.46391798736,346865.8690643972
5469,train,880966.0,273899.57169710903,346865.8690643972
5470,train,476304.0,273899.57169710903,346865.8690643972
5471,train,2351.0,275865.2959699212,360490.8626864172
5472,train,10324.0,227951.6296160696,269795.5341018758
5473,train,17182.0,7422.442260550463,10889.609297601926
5474,train,1651.0,15511.872116255308,20259.067096002815
5475,train,10486.0,20545.165825023174,20637.799952070505
5476,train,114149.0,7751.276290843497,10825.436122745281
5477,train,79420.0,23673.58066853708,17124.673609268655
5478,train,5355.0,35762.33097102417,77666.09191828109
5479,train,5209.0,31916.569732607342,62898.263077386735
5480,train,3858.0,13551.726455814707,19188.55143797443
5481,train,2900.0,9034.478217248845,13860.799042113562
5482,train,5498.0,7023.942602134187,6573.558254820303
5483,train,40132.0,7026.958735974378,6274.140967537137
5484,train,177211.0,14383.19078475955,9253.364829275328
5485,train,283001.0,34957.11385389145,26652.132193430843
5486,train,264092.0,88756.97293262118,73850.97433251656
5487,train,196921.0,119906.20254333656,112031.1753089767
5488,train,231481.0,137232.75651134958,95200.51183494914
5489,train,159635.0,125679.75749453585,86363.32361409663
5490,train,2156.0,108261.05425013893,101474.99400604062
5491,train,2650.0,76809.12311984159,78971.19726149748
5492,train,2628.0,6702.736545524283,11576.642364664916
5493,train,1886.0,10909.315841096633,8665.038572210111
5494,train,5290.0,3486.400485114284,3038.473794344665
5495,train,1712.0,3267.7546568361545,3514.3859731062576
5496,train,515.0,3137.5701143512156,2665.4518753649836
5497,train,554.0,718.7647003222082,2055.2823049320186
5498,train,394.0,629.9420416896216,379.4009536789853
5499,train,891.0,178.90120841601941,939.7091497804182
5500,train,0.0,110.80785757568091,221.10102158984876
5501,train,0.0,117.48534154179198,166.7039816665354
5502,train,2883.0,197.0622681138333,178.31299257519277
5503,train,6940.0,409.8634997353131,716.5437182581819
5504,train,3448.0,601.7673973476844,1419.4415721457567
5505,train,4809.0,715.4884773885767,319.221662292524
5506,train,0.0,41.994913925075,113.5241152522517
5507,train,0.0,25.12546308755882,37.476987750182786
5508,train,1138.0,190.04634615901233,224.04865082093062
5509,train,875.0,333.4397345436427,271.7930581939178
5510,train,2934.0,1431.853715353646,709.5200368019747
5511,train,6667.0,510.2122267347705,436.0976526588334
5512,train,0.0,36.47903587946643,50.640665520186054
5513,train,0.0,15.816143746759096,36.73189741089859
5514,train,725.0,230.452668157258,276.2439228412622
5515,train,4032.0,306.5198475033427,218.85912800807165
5516,train,6135.0,194.00199447516314,253.49786318901124
5517,train,0.0,15.96403386547902,27.988479049428534
5518,train,0.0,14.602419355619023,11.716628337563979
5519,train,9557.0,226.64679317651635,215.87869569138675
5520,train,3030.0,181.90413641197634,210.92839482163012
5521,train,4557.0,114.62888738848015,48.02003706569449
5522,train,2657.0,71.6451485589867,75.6096636999512
5523,train,2781.0,53.995680430442206,59.302770678576614
5524,train,1343.0,43.032682088388164,73.2071249886561
5525,train,0.0,20.931132535050843,24.985173522926583
5526,train,380.0,161.2446352459377,94.85725426015712
5527,train,463.0,185.8738855554067,173.4618338127392
5528,train,0.0,28.225122881139384,18.649749601501362
5529,train,1513.0,75.41805260571988,93.56764562919344
5530,train,0.0,55.27761012177374,31.428985465589363
5531,train,2376.0,81.65914850171607,202.13269706174103
5532,train,0.0,32.60908145993621,46.18766182425889
5533,train,0.0,7.122266409034575,13.921431092410359
5534,train,1434.0,113.20007180896206,83.42390382511105
5535,train,329.0,36.03353988979282,65.14861136888929
5536,train,0.0,5.7148952493758625,9.379142824133254
5537,train,2176.0,30.50194406756383,22.098666201731863
5538,train,2959.0,30.77784677218237,38.541431320455644
5539,train,0.0,7.5616650567319645,19.332241589875053
5540,train,451.0,33.066660180984066,20.78017319744332
5541,train,0.0,5.212429586721578,7.83882019157142
5542,train,0.0,2.8501634382123364,4.991966636467375
5543,train,0.0,0.6231257490245217,1.8367467967510684
5544,train,0.0,1.1986786510329979,2.488521705942063
5545,train,0.0,0.5162862598805111,1.6928144156897709
5546,train,0.0,0.48911220620981705,1.4422661707397286
5547,train,0.0,1.2903866692871033,2.307603796737453
5548,train,0.0,0.22770401355179784,1.4493497665531527
5549,train,0.0,0.46960711474803274,2.0424516916722437
5550,train,0.0,0.3176906326189153,1.7660191904151756
5551,train,0.0,0.16143744061581058,0.6117798822845
5552,train,0.0,0.4731745791839495,1.2941834206763043
5553,train,0.0,0.42228981215292055,1.0365190669829238
5554,train,0.0,0.5905332344166896,1.1147509364413337
5555,train,0.0,0.5339746593834092,1.0833130764277228
5556,train,0.0,0.3521929238989089,0.4029581658908742
5557,train,0.0,0.3755313824781024,0.45790298022403275
5558,train,0.0,0.2738056482322949,0.2184685973401092
5559,train,0.0,0.3575810805263247,0.8495368601610465
5560,train,0.0,0.7065744332216519,1.3992365673292766
5561,train,0.0,0.6506411469553357,1.131159717141942
5562,train,0.0,1.9277096678791468,1.6727561408691418
5563,train,0.0,3.885871186095093,2.9584929605676584
5564,train,0.0,4.146620514253584,2.9584929605676584
5565,train,0.0,3.885871186095093,2.9584929605676584
5566,train,0.0,8.154080015358979,3.7837693508897026
5567,train,2251.0,19.24925501527555,19.53874755523167
5568,train,1725.0,29.732197407594636,32.07879447763489
5569,train,1934.0,385.3427644018723,520.995191088887
5570,train,107.0,278.74301449214266,312.4603554251091
5571,train,466.0,1163.806522005857,816.1123940137162
5572,train,794.0,993.3105239498027,834.1574141559988
5573,train,3849.0,1661.656750814284,1304.1137975633249
5574,train,75959.0,2515.1674894079792,1889.0177413646431
5575,train,181572.0,5243.140418492172,3830.1957637886358
5576,train,265849.0,49602.6771254254,36473.29626265146
5577,train,157108.0,122430.93157462504,80769.1534663376
5578,train,180369.0,129431.49651202095,71903.77875699922
5579,train,115020.0,100759.84035906031,96765.4323107279
5580,train,86876.0,138782.43017682232,101658.69326056707
5581,train,148609.0,114504.6925142364,100103.63141228887
5582,train,209984.0,105332.47141297466,90953.02673900679
5583,train,285562.0,131474.23406326046,124062.15605404651
5584,train,17609.0,140600.33697319592,157955.22864619992
5585,train,7647.0,169540.57325917843,165950.23496600267
5586,train,66765.0,27579.96339772676,25998.61247787721
5587,train,244462.0,31882.350064613413,24345.887029408572
5588,train,275651.0,74622.1711019465,62936.55753425393
5589,train,126368.0,188789.2684677226,159295.8160576008
5590,train,122715.0,199498.46819495838,153744.6518036071
5591,train,30856.0,96125.58023481218,73505.65388454529
5592,train,13862.0,95526.46522420233,84089.38155311311
5593,train,117196.0,49721.5376425966,43027.12219723156
5594,train,119203.0,33585.48491181697,27484.070033749085
5595,train,17478.0,99354.70211560292,86075.64461456574
5596,train,25096.0,98957.1601224056,86075.64461456574
5597,train,44675.0,34564.85339191287,29429.00105473547
5598,train,94424.0,38091.85562188737,32633.37197075494
5599,train,106652.0,51439.33631077426,45882.96571551625
5600,train,160691.0,90800.46160982683,79214.52179644608
5601,train,158584.0,94380.82778019746,88523.71609972962
5602,train,169467.0,122176.00303851628,114637.46433625728
5603,train,126601.0,123649.09677017597,116149.47689637088
5604,train,108962.0,123703.87224018245,97671.75877225428
5605,train,81213.0,100116.62013364556,88193.12800034542
5606,train,86706.0,98732.7730899142,86835.27557139036
5607,train,81466.0,74588.62155410099,64672.52429713909
5608,train,114776.0,95064.57543738383,79467.40410822417
5609,train,74803.0,70994.8421710863,64271.91936457566
5610,train,109695.0,98643.2666163679,86835.27557139036
5611,train,118318.0,73095.32907666192,63491.984819599806
5612,train,86628.0,98643.2666163679,86835.27557139036
5613,train,66641.0,94246.40857348732,85484.0241832882
5614,train,129974.0,91619.37879548437,79913.60298027992
5615,train,77304.0,76773.78543921576,63491.984819599806
5616,train,119322.0,92503.76197943688,86835.27557139036
5617,train,76708.0,65485.63584730401,62791.96811383143
5618,train,95265.0,89261.78790156929,86835.27557139036
5619,train,98950.0,67269.43547818225,63974.78941831516
5620,train,116986.0,82922.64774589647,82198.14466197013
5621,train,318202.0,88084.86822489116,84355.96557108099
5622,train,305102.0,91460.80453994441,91662.4061299696
5623,train,85281.0,224441.6997171279,169205.29262306413
5624,train,97992.0,219038.67744456517,169205.29262306413
5625,train,93993.0,90232.50243295672,70345.54663169156
5626,train,86845.0,89670.11640366672,70345.54663169156
5627,train,42438.0,89670.11640366672,83855.77768731254
5628,train,14961.0,89338.66616092304,83855.77768731254
5629,train,10757.0,52707.10830317406,50773.22043588072
5630,train,20017.0,32264.91797082992,29066.513939009597
5631,train,25556.0,26360.065321959606,25170.888909821962
5632,train,21066.0,26818.6795278886,24901.87230241556
5633,train,22269.0,29164.545359014195,27596.45751751485
5634,train,34616.0,32997.61290453252,28216.742536529076
5635,train,38564.0,29912.693363423212,28592.00410645906
5636,train,18144.0,37221.7813398726,33647.23670279063
5637,train,2504.0,38463.37390726669,33961.031755395874
5638,train,24832.0,29508.756149183155,26238.583431237712
5639,train,30482.0,15213.79395382984,14020.218751172964
5640,train,32984.0,22880.343198953487,19408.28104639576
5641,train,47359.0,27117.283744825883,23185.157027598874
5642,train,49005.0,30892.55626767127,28240.96309996283
5643,train,29087.0,34892.12408041411,33581.46958990618
5644,train,41363.0,35304.4657140915,33861.08322326697
5645,train,27484.0,33744.33232079184,31553.483645082113
5646,train,21253.0,32840.55231128859,38743.99337965575
5647,train,78472.0,31921.069459645296,30590.753811447154
5648,train,183646.0,32539.626150872973,28535.72159515408
5649,train,258892.0,53434.09451911358,50512.98553813941
5650,train,397885.0,125416.74882177895,134001.98367723153
5651,train,392101.0,180389.59368714297,161905.14169239084
5652,train,330746.0,313445.13986448786,304947.36946423294
5653,train,316173.0,318049.2692316849,308969.45548471226
5654,train,437517.0,241972.6402533954,235263.46520601635
5655,train,438885.0,245290.48863284744,235263.46520601635
5656,train,470988.0,397220.0705652909,381988.3708439531
5657,train,353606.0,399752.3129554769,389480.9178366671
5658,train,368159.0,391847.2005460139,381988.3708439531
5659,train,395861.0,323274.1331807577,312952.6105228254
5660,train,409100.0,334317.9045023032,319091.0526166492
5661,train,287680.0,334317.9045023032,319091.0526166492
5662,train,292155.0,327269.5807486174,319091.0526166492
5663,train,616793.0,232646.10888226551,227185.1394612945
5664,train,819071.0,241200.60506682604,235263.46520601635
5665,train,899983.0,469664.998582917,428744.81005567656
5666,train,889805.0,532796.8511586026,484462.5016428877
5667,train,973692.0,532796.8511586026,484462.5016428877
5668,train,1000692.0,536188.8953415155,491475.72141300485
5669,train,1011421.0,652450.2667908694,515847.8891889071
5670,train,505026.0,652450.2667908694,515847.8891889071
5671,train,805137.0,652450.2667908694,515847.8891889071
5672,train,540304.0,385221.84966423013,433841.3438237387
5673,train,620362.0,550014.4887518522,491475.72141300485
5674,train,714819.0,477439.2306097221,433841.3438237387
5675,train,649445.0,516020.02143156534,439881.1148828963
5676,train,634993.0,563409.5070035876,498317.854092073
5677,train,497405.0,516020.02143156534,439881.1148828963
5678,train,447639.0,516020.02143156534,439881.1148828963
5679,train,545104.0,467944.59406111925,439881.1148828963
5680,train,461427.0,421708.82847676467,372412.9786902426
5681,train,218631.0,467828.5967239233,439881.1148828963
5682,train,258162.0,427491.1495161366,399597.37672674004
5683,train,87375.0,193780.6568889255,182581.36477873888
5684,train,155891.0,209557.518649728,199148.08322049078
5685,train,176658.0,95978.84897428036,91503.4332455956
5686,train,84565.0,130575.54526050696,131798.67312976904
5687,train,17956.0,135052.13373508654,134891.2746319223
5688,train,21876.0,92907.34849926824,90717.10901306132
5689,train,14651.0,36562.380557841934,34388.514907790406
5690,train,23745.0,37095.602578131264,37996.68058221932
5691,train,40696.0,29450.537065562243,26296.837917406974
5692,train,79475.0,34237.642481044655,31200.050634059226
5693,train,67612.0,55581.12227182222,52569.494839749284
5694,train,93735.0,77806.45616235603,69078.93499223968
5695,train,64966.0,77806.45616235603,70068.13672595704
5696,train,56447.0,95754.06390815685,85654.13153196369
5697,train,105930.0,76353.45356942524,69407.56146312506
5698,train,109470.0,78192.8518604844,71486.24484686558
5699,train,89951.0,98430.85156825186,90330.33017289698
5700,train,70552.0,92935.8706011114,85809.95722468999
5701,train,76183.0,93403.37184626095,83479.25248133724
5702,train,78547.0,71844.8315260572,68784.3440387977
5703,train,89610.0,71844.8315260572,68784.3440387977
5704,train,72230.0,73894.62885044701,70302.35595357663
5705,train,88412.0,93511.34327392031,86758.37196222277
5706,train,84129.0,74117.56803284521,70885.27289565359
5707,train,15781.0,91083.98153789502,84934.05438200005
5708,train,35839.0,88452.7681213546,82464.33986692593
5709,train,42837.0,35844.80822788269,32931.65359654468
5710,train,56421.0,47958.95535851748,47246.41247746035
5711,train,99901.0,54657.74709121135,50765.414583867474
5712,train,55579.0,72963.39821447483,68824.06438329403
5713,train,117565.0,88452.7681213546,82464.33986692593
5714,train,107759.0,70813.15093889987,67948.08502811487
5715,train,114347.0,93324.01132727375,89920.0724442405
5716,train,51969.0,90628.08914825958,87305.3760807372
5717,train,145244.0,93324.01132727375,89920.0724442405
5718,train,101316.0,57055.421434541546,53034.522862321865
5719,train,31019.0,120334.78300808724,111238.67581244907
5720,train,95660.0,79889.25495835331,85088.57009459201
5721,train,54894.0,52534.29147082573,47246.41247746035
5722,train,22939.0,92929.0476928761,84934.05438200005
5723,train,18432.0,73301.41983161044,66988.81314530002
5724,train,86812.0,39942.25634584528,35574.42261133335
5725,train,52738.0,37104.35887369172,32931.65359654468
5726,train,43934.0,88785.9611993349,80265.36455991397
5727,train,16290.0,74505.61680236975,67852.42585323144
5728,train,66141.0,57319.74628766489,52359.50681206731
5729,train,54039.0,30636.130843499115,28305.68042777526
5730,train,42935.0,65131.91014721616,62562.333923284576
5731,train,63726.0,68353.19620382487,65794.62068307977
5732,train,115295.0,52154.64487757741,48095.790686083026
5733,train,153388.0,66503.41318292655,66809.3938195765
5734,train,158281.0,87336.08627342303,87305.3760807372
5735,train,158174.0,115868.21920172297,111609.36022404977
5736,train,130985.0,119314.95358741198,117362.41402005841
5737,train,125690.0,128495.13416520157,121826.21050204092
5738,train,168129.0,95214.45272503087,89920.0724442405
5739,train,184027.0,96867.50465446162,91079.30811347922
5740,train,135849.0,125455.78179014527,118732.88213772367
5741,train,170336.0,165654.226399319,154533.97047147126
5742,train,57439.0,85826.63713995842,88757.60114608899
5743,train,158485.0,115010.27570185777,118535.3043023374
5744,train,175762.0,59767.24910310982,63971.469526202134
5745,train,192133.0,108241.45422638083,118838.61128310444
5746,train,156781.0,110699.3379900834,118090.44898812968
5747,train,183900.0,142253.96665224174,152664.69634181086
5748,train,193820.0,110250.69025072534,121904.13588891446
5749,train,378327.0,139954.80172877622,150721.6251738028
5750,train,215735.0,142253.96665224174,152664.69634181086
5751,train,79513.0,277048.24802005186,288708.30041014386
5752,train,120190.0,146282.77311881486,147454.50631735055
5753,train,210795.0,65641.2990827543,67637.87312294879
5754,train,863758.0,93276.31701991602,93973.69037449296
5755,train,760284.0,153831.4679371472,159444.8374470378
5756,train,704250.0,416072.6465823778,472657.6816988986
5757,train,598537.0,384833.61022345524,471980.9538817395
5758,train,508122.0,408694.5764739145,471980.9538817395
5759,train,414491.0,319465.9387557582,386020.0487979891
5760,train,509182.0,328093.6894229819,391805.0610820594
5761,train,280060.0,222878.9261580282,309283.1104183702
5762,train,451514.0,330204.16204691137,415569.3357944186
5763,train,325139.0,183772.4565545778,233118.04280117352
5764,train,355992.0,307942.6026617808,370881.3942375303
5765,train,401905.0,204956.9645158236,232511.29600292706
5766,train,417815.0,307098.827226798,320382.1824923692
5767,train,416169.0,319802.0664878611,324935.0546427433
5768,train,531589.0,343041.69747549243,324935.0546427433
5769,train,566358.0,343041.69747549243,324935.0546427433
5770,train,429872.0,427604.6615493288,436597.06260191876
5771,train,395835.0,493256.4055541464,436597.06260191876
5772,train,402178.0,422315.80286183034,396614.07298202266
5773,train,255634.0,347184.9906562922,300253.7339253401
5774,train,646085.0,351076.49223205436,327263.6836167436
5775,train,684846.0,210168.3092928842,182647.35774290052
5776,train,574786.0,454107.27792792144,403434.17823218484
5777,train,538084.0,537459.6473487061,457029.0744566837
5778,train,582014.0,489568.4964071488,430870.52666924417
5779,train,505789.0,461842.82149610936,433958.3339677506
5780,train,547935.0,489415.07755218254,433958.3339677506
5781,train,539753.0,461842.82149610936,433958.3339677506
5782,train,534122.0,463043.7739826244,451565.308545159
5783,train,573308.0,464448.7739683841,433958.3339677506
5784,train,585616.0,466033.3748803866,451565.308545159
5785,train,609320.0,489415.07755218254,451565.308545159
5786,train,550621.0,493855.80860594474,451565.308545159
5787,train,624745.0,481302.83179768425,436059.78061694006
5788,train,562483.0,454187.59570354514,436059.78061694006
5789,train,479280.0,464230.41574198916,436059.78061694006
5790,train,590848.0,540523.3479729788,478331.81873940455
5791,train,618627.0,459787.59769364476,389176.1658756368
5792,train,443408.0,553474.0453815405,459681.1939702129
5793,train,382076.0,519772.7635299144,465869.49702500505
5794,train,275795.0,293346.95355038176,357426.41347833927
5795,train,353046.0,397821.76835310407,348587.29082169087
5796,train,352584.0,285655.333992537,243817.79186524064
5797,train,242264.0,316347.96606261603,353365.17799290415
5798,train,218406.0,290593.6413846863,350850.825660681
5799,train,201776.0,211914.5311417777,206574.29889553552
5800,train,226769.0,202399.0197958402,189389.81198512352
5801,train,225664.0,181533.70560992675,179701.66417655695
5802,train,188039.0,150259.24478131635,187119.19729068992
5803,train,174304.0,150259.24478131635,187119.19729068992
5804,train,174980.0,163364.27231969303,165887.49459801088
5805,train,191359.0,141005.68205948648,142085.1932507646
5806,train,190521.0,128124.11145557197,142085.1932507646
5807,train,179191.0,187961.7940304598,189098.55754901023
5808,train,143682.0,172757.77789360032,173858.56714867076
5809,train,224249.0,109857.58999693209,111621.78324391798
5810,train,137501.0,116731.19195090633,103674.32913597443
5811,train,195476.0,174052.49279677574,173234.84944955984
5812,train,197726.0,107979.20296052692,102101.29112561328
5813,train,189103.0,174052.49279677574,173234.84944955984
5814,train,97580.0,174052.49279677574,173234.84944955984
5815,train,113526.0,163673.22930189286,173234.84944955984
5816,train,92500.0,92726.85153410847,87984.34171523243
5817,train,97077.0,108054.38249965834,102101.29112561328
5818,train,109982.0,92791.4118604632,87984.34171523243
5819,train,97205.0,87882.77256692242,87984.34171523243
5820,train,125883.0,114032.59757721332,102101.29112561328
5821,train,104387.0,90361.82129982469,87984.34171523243
5822,train,97634.0,106297.07193560665,101374.7894120787
5823,train,113201.0,110150.64661600877,93077.92418743711
5824,train,95734.0,80001.39434273783,80208.57082189742
5825,train,189257.0,110150.64661600877,93077.92418743711
5826,train,152529.0,87296.89865078877,80208.57082189742
5827,train,191862.0,176119.88846416428,146524.69069344603
5828,train,190449.0,136497.7536013569,114598.20601158736
5829,train,178228.0,170205.2372981433,146524.69069344603
5830,train,173440.0,169007.76112895194,146524.69069344603
5831,train,139918.0,137944.8973740554,129063.53535785683
5832,train,203222.0,147166.63032691675,129063.53535785683
5833,train,236123.0,97059.92169901771,93077.92418743711
5834,train,179018.0,181218.27891276762,157925.00067734276
5835,train,210534.0,173247.74306187645,187609.0137381203
5836,train,220334.0,141662.5722555904,140568.08447564367
5837,train,235474.0,173562.58760780466,172002.20187541397
5838,train,116714.0,173562.58760780466,172002.20187541397
5839,train,233307.0,165073.14019479966,187609.0137381203
5840,train,223426.0,88077.3206139611,101374.7894120787
5841,train,229806.0,154827.96694071463,174065.88402214984
5842,train,130760.0,144750.22338877342,159585.69154024275
5843,train,104559.0,172748.7242518982,172002.20187541397
5844,train,81635.0,110877.3782721616,101374.7894120787
5845,train,93215.0,110877.3782721616,101374.7894120787
5846,train,92561.0,54795.31478060649,48079.58975243712
5847,train,110380.0,84950.8924471319,90666.34785027952
5848,train,127422.0,84503.53133276639,94558.49806242231
5849,train,102433.0,106639.71330263338,109730.24854261757
5850,train,132041.0,106639.71330263338,109730.24854261757
5851,train,116501.0,97259.7002495439,100325.82339134459
5852,train,102525.0,84835.3336611871,82189.50997247867
5853,train,174584.0,79638.33300386058,58749.17194005564
5854,train,193586.0,64391.43485985905,51337.310795136524
5855,train,203740.0,88150.38872695099,65359.33176420399
5856,train,174234.0,102839.51731197211,97327.54077618079
5857,train,94442.0,71582.3040156625,97327.54077618079
5858,train,11797.0,32127.85129976258,57022.448681436406
5859,train,755.0,19120.701211578787,26037.61387486135
5860,train,4579.0,3231.706228106841,3204.3652285240737
5861,train,9529.0,2763.808343328479,1636.1083727513083
5862,train,2304.0,6209.8221211144055,4673.751368096544
5863,train,2084.0,7303.951827449581,5486.827441883642
5864,train,5305.0,6862.991548927989,7584.236243900615
5865,train,4298.0,5084.393310089488,3726.2614359488844
5866,train,74255.0,9195.8008439107,12459.193826936522
5867,train,106885.0,9144.946413373798,8173.228024767649
5868,train,91576.0,72806.56873475199,69864.3725972074
5869,train,81185.0,70310.38418468052,40182.10596437424
5870,train,30497.0,48696.953884964634,26231.856268017433
5871,train,21877.0,54559.4310303008,41195.99349415339
5872,train,68033.0,28597.82097524533,28253.86231152116
5873,train,94460.0,25959.37823308417,30093.438015815296
5874,train,65053.0,49698.30514680722,53141.89440062026
5875,train,105487.0,65985.17256008666,71757.45645422373
5876,train,113485.0,66821.79558226615,67180.60236995072
5877,train,128045.0,90791.00410988684,87772.86244036474
5878,train,138633.0,88168.25406597166,85220.60196687258
5879,train,91292.0,92622.63431099274,89494.50665159886
5880,train,93702.0,97310.49474232967,90648.25605345854
5881,train,116612.0,85981.2618865949,80289.73040021576
5882,train,104379.0,93439.7541902923,84532.08571371541
5883,train,102584.0,95386.16221089006,88904.41691810763
5884,train,104630.0,94176.23178598777,88430.36113795164
5885,train,109157.0,97310.49474232967,90648.25605345854
5886,train,100903.0,97535.42376157251,90648.25605345854
5887,train,120091.0,97535.42376157251,90648.25605345854
5888,train,73765.0,97535.42376157251,90648.25605345854
5889,train,158933.0,97535.42376157251,90648.25605345854
5890,train,118082.0,76210.28160069493,70549.7923226104
5891,train,117686.0,131627.35479924368,122812.77099818438
5892,train,134052.0,94717.84459023517,88012.38579841645
5893,train,127421.0,97535.42376157251,90648.25605345854
5894,train,233530.0,99934.69268288239,90648.25605345854
5895,train,345094.0,97643.37508601077,90648.25605345854
5896,train,268539.0,178606.52408690972,167758.07020965134
5897,train,262953.0,254936.4911991481,234487.04585132416
5898,train,341549.0,236932.8923301322,220091.33692108304
5899,train,281824.0,219831.86891465695,194037.82417470517
5900,train,253009.0,292810.80543454573,257155.55275508141
5901,train,266620.0,266443.6885192131,235180.45545348263
5902,train,247538.0,217746.90470436815,194037.82417470517
5903,train,317378.0,246983.8258970285,220091.33692108304
5904,train,396236.0,199516.42727635123,176933.18352574419
5905,train,351864.0,263916.64312183094,235180.45545348263
5906,train,343180.0,341793.5662721944,318978.46548072115
5907,train,283607.0,283656.67969452974,254731.21494584702
5908,train,349243.0,269965.60615172324,254731.21494584702
5909,train,461573.0,245655.65369924525,232963.287396211
5910,train,493659.0,283656.67969452974,254731.21494584702
5911,train,498716.0,436004.9718689657,389343.4946283315
5912,train,507767.0,504738.0870787852,427499.65784973337
5913,train,747253.0,504738.0870787852,427499.65784973337
5914,train,552015.0,504738.0870787852,427499.65784973337
5915,train,526339.0,584517.9621929995,491302.3107749604
5916,train,495036.0,486476.1494273851,433688.26866396936
5917,train,412495.0,507389.9259146137,433688.26866396936
5918,train,226156.0,478303.30202909233,433688.26866396936
5919,train,387621.0,377330.59213758004,322770.1984353355
5920,train,368468.0,212513.45989391737,182516.94316324318
5921,train,479801.0,381291.94482190604,327263.6836167436
5922,train,538188.0,379247.66975663224,322770.1984353355
5923,train,553965.0,468850.0710383016,399456.3840683889
5924,train,456749.0,508189.35185818584,439881.1148828963
5925,train,209244.0,498264.8546748054,433841.3438237387
5926,train,226119.0,458994.6931369369,399597.37672674004
5927,train,218362.0,204428.23345756426,180074.43020378632
5928,train,79446.0,208500.07047512263,182581.36477873888
5929,train,90151.0,191043.76445842534,166486.6180100922
5930,train,86410.0,82024.30908695425,74051.97612834667
5931,train,148774.0,104567.69287196976,91503.4332455956
5932,train,380011.0,104567.69287196976,91503.4332455956
5933,train,523570.0,150762.15560158482,130210.6287213681
5934,train,519768.0,345966.34740552056,298520.43131728424
5935,train,671424.0,507723.1116583428,439881.1148828963
5936,train,685940.0,507723.1116583428,439881.1148828963
5937,train,590322.0,538034.4389099169,439881.1148828963
5938,train,544183.0,568627.6162089589,498317.854092073
5939,train,368305.0,525766.2288790303,439881.1148828963
5940,train,387639.0,491189.9447909372,439881.1148828963
5941,train,273335.0,365283.146356052,327379.1951069998
5942,train,300662.0,368968.8596119436,327379.1951069998
5943,train,353804.0,248397.51431544783,222786.19844794463
5944,train,322497.0,270714.0714662708,241374.25798369222
5945,train,407899.0,368968.8596119436,327379.1951069998
5946,train,422404.0,270714.0714662708,241374.25798369222
5947,train,261626.0,368968.8596119436,327379.1951069998
5948,train,542616.0,447234.6847311673,399597.37672674004
5949,train,710020.0,223355.19129662373,199148.08322049078
5950,train,917901.0,482730.437773431,433841.3438237387
5951,train,817857.0,556110.0075365137,491475.72141300485
5952,train,826688.0,659075.798373297,515847.8891889071
5953,train,776816.0,556110.0075365137,491475.72141300485
5954,train,644635.0,556110.0075365137,491475.72141300485
5955,train,379619.0,556110.0075365137,491475.72141300485
5956,train,319411.0,511549.6926580988,433841.3438237387
5957,train,238906.0,366142.512836319,305107.74944709725
5958,train,166670.0,268640.3663941102,224953.66803300276
5959,train,93577.0,216261.5630366536,199148.08322049078
5960,train,84438.0,146195.94670517126,132941.0831507618
5961,train,99606.0,103373.31164089036,91503.4332455956
5962,train,91609.0,103373.31164089036,91503.4332455956
5963,train,85874.0,103373.31164089036,91503.4332455956
5964,train,212729.0,103373.31164089036,91503.4332455956
5965,train,409789.0,103373.31164089036,91503.4332455956
5966,train,422858.0,182402.55497413356,166486.6180100922
5967,train,387712.0,326218.641803215,298520.43131728424
5968,train,401139.0,431439.73141301447,399597.37672674004
5969,train,387959.0,355938.00830167934,327379.1951069998
5970,train,355197.0,355938.00830167934,327379.1951069998
5971,train,418780.0,350012.49346248194,327379.1951069998
5972,train,439207.0,340926.96174144855,320495.2650848864
5973,train,409060.0,350012.49346248194,327379.1951069998
5974,train,464064.0,421673.46647487226,396163.5115493201
5975,train,403155.0,347880.8305625519,324565.9217875147
5976,train,388514.0,421673.46647487226,396163.5115493201
5977,train,381958.0,347880.8305625519,324565.9217875147
5978,train,405478.0,337054.0943605693,313421.19868678966
5979,train,538145.0,347323.7472797215,316137.87204476405
5980,train,453091.0,351785.95933549956,324292.8254365044
5981,train,431282.0,473040.52300304774,435734.1358100656
5982,train,288824.0,422369.83987338905,387506.90071091853
5983,train,389191.0,422369.83987338905,387506.90071091853
5984,train,445142.0,260528.4105603977,236298.78179465083
5985,train,460802.0,355086.36000030633,320495.2650848864
5986,train,459406.0,430407.431615911,391194.8914712165
5987,train,546360.0,430407.431615911,391194.8914712165
5988,train,663866.0,430407.431615911,391194.8914712165
5989,train,1065452.0,477478.51172198576,430631.57034082833
5990,train,998055.0,519468.4362686829,439881.1148828963
5991,train,1052231.0,665437.1351312983,523029.32096055447
5992,train,1008477.0,665437.1351312983,523029.32096055447
5993,train,979120.0,665437.1351312983,523029.32096055447
5994,train,969002.0,665437.1351312983,523029.32096055447
5995,train,904736.0,665437.1351312983,523029.32096055447
5996,train,696659.0,665437.1351312983,523029.32096055447
5997,train,729887.0,665437.1351312983,523029.32096055447
5998,train,647339.0,559641.6395672088,498317.854092073
5999,train,397497.0,559641.6395672088,498317.854092073
6000,train,1046475.0,519468.4362686829,439881.1148828963
6001,train,1138069.0,347374.0598934752,305107.74944709725
6002,train,1138617.0,661781.81227139,523029.32096055447
6003,train,1083480.0,675398.3176241773,523029.32096055447
6004,train,1038897.0,679128.8505414719,523029.32096055447
6005,train,1104740.0,667167.5027270346,523029.32096055447
6006,train,1101723.0,665437.1351312983,523029.32096055447
6007,train,969373.0,679128.8505414719,523029.32096055447
6008,train,811496.0,679128.8505414719,523029.32096055447
6009,train,683573.0,667167.5027270346,523029.32096055447
6010,train,557701.0,561096.902554967,498317.854092073
6011,train,291279.0,519468.4362686829,439881.1148828963
6012,train,443839.0,486623.29445061594,439881.1148828963
6013,train,382567.0,265518.12173229846,224953.66803300276
6014,train,388393.0,438650.6996411781,399597.37672674004
6015,train,379279.0,361887.06385705393,327379.1951069998
6016,train,378247.0,361887.06385705393,327379.1951069998
6017,train,327584.0,361887.06385705393,327379.1951069998
6018,train,357456.0,361887.06385705393,327379.1951069998
6019,train,313804.0,265518.12173229846,215021.51109942247
6020,train,301327.0,364549.2314425362,327379.1951069998
6021,train,334478.0,267471.3676936813,215021.51109942247
6022,train,311975.0,267471.3676936813,215021.51109942247
6023,train,356065.0,267471.3676936813,215021.51109942247
6024,train,336902.0,262476.4987831066,212994.3910516929
6025,train,323988.0,357741.49786962196,324292.8254365044
6026,train,236341.0,288451.0263164607,232896.44682444845
6027,train,406686.0,262476.4987831066,212994.3910516929
6028,train,283584.0,211299.50590574008,175732.98869655645
6029,train,487147.0,357741.49786962196,324292.8254365044
6030,train,780605.0,268151.1229475048,212919.2386282849
6031,train,737568.0,446520.19017203274,399456.3840683889
6032,train,1008226.0,562415.083557079,498142.0293038933
6033,train,1002998.0,548920.4010743576,498142.0293038933
6034,train,1113982.0,668418.8756025867,522096.19402117823
6035,train,1115873.0,664747.1737233051,522096.19402117823
6036,train,886007.0,678424.6928397234,522096.19402117823
6037,train,854094.0,682171.9417827334,522096.19402117823
6038,train,723925.0,535918.705998514,497428.8143394666
6039,train,394733.0,559319.57335832,497428.8143394666
6040,train,306860.0,451470.77951187606,497428.8143394666
6041,train,339738.0,341193.3256218525,304563.4116101902
6042,train,331966.0,230229.1235963148,200036.16032528254
6043,train,434601.0,235393.94403772213,234693.5170468946
6044,train,438266.0,265365.3193350581,214637.89414713814
6045,train,377451.0,438398.2619605266,398884.4620154668
6046,train,432705.0,440616.2400221204,398884.4620154668
6047,train,342999.0,361678.8025336161,326795.1232717158
6048,train,367047.0,353865.6452864671,398884.4620154668
6049,train,404002.0,274127.18546746223,235030.0220910263
6050,train,360259.0,295851.1020645671,327263.6836167436
6051,train,396131.0,294994.8363972434,320382.1824923692
6052,train,509241.0,361797.80349284475,324178.4029283108
6053,train,436704.0,290565.3175009749,324178.4029283108
6054,train,540823.0,508299.6896746975,435580.3928053065
6055,train,607543.0,458190.1836241387,395690.50826627703
6056,train,636808.0,514941.12098058575,439725.908674987
6057,train,688410.0,545683.3662004967,439725.908674987
6058,train,900567.0,545683.3662004967,439725.908674987
6059,train,932761.0,587883.9028435441,498142.0293038933
6060,train,755147.0,699018.3487089939,522844.7770793842
6061,train,648252.0,699018.3487089939,522844.7770793842
6062,train,706690.0,587883.9028435441,461339.34395102906
6063,train,1158838.0,522283.89621656836,407238.9920483154
6064,train,1272746.0,519291.89290865936,461339.34395102906
6065,train,1043839.0,548374.98755683,484217.0587535544
6066,train,401539.0,619677.2966000054,421438.57391286787
6067,train,638248.0,482732.4316302735,383144.16393697786
6068,train,671261.0,189824.89715724278,223506.00741560015
6069,train,658339.0,288184.5571088365,322234.0564881736
6070,train,162632.0,360681.9778101697,322234.0564881736
6071,train,76865.0,320870.40069596004,322234.0564881736
6072,train,15013.0,73182.3015491969,88667.48468896278
6073,train,16231.0,40190.79470556514,55314.242566148074
6074,train,67141.0,17324.852554368128,23737.482463657812
6075,train,91671.0,18545.14602765141,25409.351823071444
6076,train,17379.0,34252.14361299099,53549.48737400112
6077,train,48005.0,41934.54913104801,64162.53084311015
6078,train,12710.0,34621.61094545075,31559.454095662575
6079,train,61994.0,63376.62011123582,51323.893251416346
6080,train,9899.0,21116.97829415219,26529.66829252901
6081,train,62927.0,95967.82924600513,72476.60339173132
6082,train,102608.0,10971.65032277435,14421.379063266846
6083,train,24647.0,54682.76200892674,42996.5217403518
6084,train,77200.0,65605.9634537414,54338.216786169556
6085,train,26410.0,13033.089486170888,19383.40837806037
6086,train,93149.0,46349.24773562434,39175.928202621624
6087,train,76905.0,12416.702870245854,24150.176321516785
6088,train,41781.0,71475.12682776223,94932.60792025665
6089,train,41247.0,37312.60523625437,41458.323035458794
6090,train,12917.0,41548.79669055347,39618.81452437895
6091,train,73087.0,46515.77745441074,45617.58551695201
6092,train,73124.0,9366.306299934877,10677.275552045145
6093,train,70159.0,68232.61725514966,63016.12245025993
6094,train,62743.0,72906.11521972425,78649.87357521325
6095,train,62853.0,55409.88589967579,68408.3666051598
6096,train,61395.0,62613.4008072244,71777.952587419
6097,train,111739.0,70581.81133062977,75278.41361587867
6098,train,99867.0,44830.69531889313,46862.294711971284
6099,train,35783.0,89076.59780638237,87274.58488330801
6100,train,58901.0,63678.166318060874,53565.06379380672
6101,train,39764.0,30947.185357756836,28113.63741378298
6102,train,48863.0,46241.33471391674,72460.85391534114
6103,train,43885.0,30708.24846923247,37151.829493677236
6104,train,73045.0,41357.94361731605,45833.08231015556
6105,train,24931.0,38863.42818514463,44443.062420061775
6106,train,80696.0,48037.77797428357,59048.780202823466
6107,train,64403.0,9133.070623231173,10553.051599690441
6108,train,8838.0,48037.77797428357,59048.780202823466
6109,train,8840.0,53611.2179596282,64353.544135415104
6110,train,34255.0,6524.460398994281,7137.935013231574
6111,train,54928.0,6184.559462615487,6765.812703002028
6112,train,93643.0,19885.870987671664,20405.030362359048
6113,train,94327.0,58957.74818329444,71671.08213558146
6114,train,123377.0,57805.07889185049,88686.30808956732
6115,train,39955.0,60023.823404032344,95789.892163756
6116,train,55125.0,66454.01111960609,52701.83172900343
6117,train,76486.0,37488.12555142289,57612.49130943064
6118,train,103185.0,47914.38937692538,61244.17984336076
6119,train,102689.0,56173.941937278294,76248.89338275425
6120,train,87868.0,79085.79192746321,79640.57532253608
6121,train,64272.0,52962.96628211233,36829.94415619058
6122,train,43191.0,37192.82435075541,28089.412015927464
6123,train,100381.0,54297.75198388487,64294.141916904235
6124,train,92141.0,37525.64537881183,56996.13737129501
6125,train,108343.0,33521.399572760565,61542.83756304559
6126,train,120948.0,40553.895659393456,49912.48042545198
6127,train,8130.0,21244.111183784153,31349.571068661804
6128,train,0.0,18042.576635446345,19094.86352067764
6129,train,1922.0,588.7384393900828,1311.6279092474908
6130,train,0.0,12.912823283957307,22.527223567664194
6131,train,2200.0,23.535375183111096,25.24215056782246
6132,train,0.0,7.011277000273228,4.750011634463075
6133,train,0.0,53.797082090702034,56.2430603641276
6134,train,323.0,69.7780391339522,17.262361056073075
6135,train,0.0,14.95420581468002,8.250735105787548
6136,train,1234.0,36.58026569990846,65.97756739286986
6137,train,3473.0,34.83701291197111,91.0117532298828
6138,train,1756.0,78.04839025284983,118.21020542060437
6139,train,1277.0,93.18035650768547,190.32594994345618
6140,train,1523.0,68.06600817600246,74.0937766796178
6141,train,1930.0,29.927182702290235,43.18220276565618
6142,train,0.0,11.512831321807221,14.240135091122736
6143,train,0.0,26.5121418345378,39.89484142751109
6144,train,0.0,19.532879514572038,18.143568253799113
6145,train,159.0,160.59051303078218,65.29982506500835
6146,train,0.0,64.33853285587577,30.43129446646051
6147,train,4039.0,270.98781659555664,206.67661056825239
6148,train,11145.0,505.0992489587408,209.34516458282113
6149,train,2426.0,1164.7713233927375,1478.9815438993592
6150,train,1988.0,1693.6536870702855,2203.1069593186858
6151,train,7263.0,3512.643717636518,3434.626777517804
6152,train,3878.0,2889.30519739119,2147.9059136673145
6153,train,11174.0,2146.885471597746,3456.9733656111152
6154,train,8468.0,6072.5610654639095,5377.323960574575
6155,train,7255.0,4886.896208576277,5505.8416803029095
6156,train,15083.0,5157.037887349739,4681.5160845626415
6157,train,8491.0,6065.2930582419585,5914.639982077573
6158,train,4693.0,10731.713739934865,8689.46405802788
6159,train,12838.0,12997.113127191516,9623.150392794352
6160,train,14327.0,11827.300071563452,12153.005995482796
6161,train,16152.0,11623.360393429548,10498.002964346808
6162,train,3777.0,16673.19942228983,10254.100835866386
6163,train,10328.0,16478.6779210261,11577.579218000768
6164,train,11535.0,12923.428676636238,11146.841607834978
6165,train,7914.0,12554.148765112503,9184.344851492047
6166,train,7651.0,14918.37195938839,9917.205737349372
6167,train,16979.0,13915.236084838616,10375.658033236281
6168,train,21447.0,12666.428688572767,10045.90347892588
6169,train,17981.0,17382.89056996874,10651.29935823445
6170,train,20172.0,19447.87629340188,17488.836391953093
6171,train,15952.0,19021.83883789634,17271.429204449425
6172,train,23042.0,22635.756930658543,17840.157155946235
6173,train,26798.0,19021.83883789634,15824.216980638661
6174,train,15036.0,22688.080282064602,19704.734088185898
6175,train,218635.0,24305.29054513567,22314.49929028083
6176,train,235785.0,23334.951995845116,20652.189330339443
6177,train,192372.0,147352.15047080413,134210.28555068688
6178,train,244865.0,176634.50939934043,153898.95234613976
6179,train,236568.0,174176.07197906854,150928.40817923628
6180,train,207053.0,190939.50252326304,164623.07695469965
6181,train,239875.0,186302.4763225996,164623.07695469965
6182,train,249151.0,177233.35935120683,152874.14513212856
6183,train,110996.0,189572.61549232338,166745.3614963984
6184,train,124487.0,187771.25759818818,166745.3614963984
6185,train,140659.0,98546.81246898885,90101.03502188921
6186,train,113041.0,98546.81246898885,90101.03502188921
6187,train,119117.0,98546.81246898885,90101.03502188921
6188,train,140837.0,103310.89059668277,90648.25605345854
6189,train,121349.0,105633.48090167131,91868.34527465657
6190,train,128382.0,101120.49737751667,91868.34527465657
6191,train,121177.0,104631.61019352928,91868.34527465657
6192,train,131266.0,97391.87068464186,90648.25605345854
6193,train,119050.0,97391.87068464186,90648.25605345854
6194,train,132043.0,102331.04806697,90648.25605345854
6195,train,122545.0,97391.87068464186,90648.25605345854
6196,train,110718.0,98897.13425375064,90648.25605345854
6197,train,197423.0,102331.04806697,90648.25605345854
6198,train,146200.0,102331.04806697,90648.25605345854
6199,train,179293.0,174997.45435736407,153802.6091185434
6200,train,216475.0,130502.40142159422,112139.49812716938
6201,train,126841.0,142833.71853261176,125694.52361300409
6202,train,121067.0,174997.45435736407,153802.6091185434
6203,train,81158.0,102331.04806697,90648.25605345854
6204,train,135077.0,102217.91425755623,90648.25605345854
6205,train,98549.0,79869.00300977932,70549.7923226104
6206,train,76884.0,102217.91425755623,90648.25605345854
6207,train,113624.0,98151.97222625122,84532.08571371541
6208,train,111093.0,79869.00300977932,70549.7923226104
6209,train,53133.0,102217.91425755623,90648.25605345854
6210,train,20696.0,102737.24949703844,90648.25605345854
6211,train,94742.0,81445.69628694878,70549.7923226104
6212,train,102326.0,43445.07592699315,35418.55355001867
6213,train,131462.0,93919.41433912762,82103.02876581876
6214,train,83093.0,94627.51266321284,86800.48263061188
6215,train,59618.0,94627.03952180147,90680.25165573871
6216,train,72222.0,72742.76045518566,69676.43325658367
6217,train,113783.0,71684.82055891416,67563.31102885067
6218,train,116882.0,69478.25042628296,68434.32999229497
6219,train,66636.0,91893.4761728635,88043.4510427432
6220,train,94497.0,91893.4761728635,88043.4510427432
6221,train,147497.0,77539.20552978117,70574.69396207201
6222,train,88852.0,89394.46801715638,83485.63769581515
6223,train,66129.0,125649.32350661454,114586.19343606956
6224,train,49435.0,93918.94473819924,84561.92254975537
6225,train,123082.0,77539.20552978117,70574.69396207201
6226,train,79341.0,57930.330687378126,52130.096099623435
6227,train,109129.0,94984.03797642657,88043.4510427432
6228,train,126299.0,74216.72500875872,68522.51636522694
6229,train,137138.0,97809.53553975577,90680.25165573871
6230,train,114059.0,96228.69405667325,89526.09502597005
6231,train,87064.0,96228.69405667325,89526.09502597005
6232,train,67241.0,97809.53553975577,90680.25165573871
6233,train,660937.0,93918.94473819924,84561.92254975537
6234,train,1060588.0,76424.46220227469,70574.69396207201
6235,train,1049253.0,422353.68688336405,430419.0984911894
6236,train,538117.0,614732.76970159,496897.3887721256
6237,train,31522.0,603481.6215635589,511778.75790548243
6238,train,29564.0,369306.67968882876,429320.5639274587
6239,train,29226.0,43120.78826264387,45709.80180354498
6240,train,32915.0,39111.11454696014,44409.569102939924
6241,train,23097.0,51184.74499996866,42509.47677682196
6242,train,38756.0,55340.93733037437,47553.2384482272
6243,train,29800.0,40443.742387840226,34415.894172715365
6244,train,1226247.0,54446.485318602594,47620.280003682434
6245,train,1077628.0,50357.46654175446,41968.41952727207
6246,train,792575.0,643238.664375693,496404.5450252105
6247,train,1584296.0,600861.2830454253,489396.534812578
6248,train,1304184.0,522071.53648951696,487115.22215737676
6249,train,430874.0,662372.9632405444,511271.15421993873
6250,train,968768.0,631757.999063223,501435.7023898862
6251,train,1471993.0,353042.4787107503,361640.4814106473
6252,train,1198604.0,601850.8470223781,504142.3794757231
6253,train,1055639.0,637926.1592682626,504142.3794757231
6254,train,876301.0,631279.7389930421,494602.7946463081
6255,train,942320.0,627210.4699619844,514030.9215402367
6256,train,744464.0,488649.5855268597,471234.38789317606
6257,train,414207.0,627210.4699619844,514030.9215402367
6258,train,384632.0,526128.4880474835,500263.83111397334
6259,train,314181.0,314014.5673852444,306299.22476602043
6260,train,397584.0,334552.29174217593,306299.22476602043
6261,train,297554.0,245462.4597484818,242316.8486599919
6262,train,326536.0,315439.7670923381,318981.9571800644
6263,train,342265.0,231439.50274618517,235183.02986037216
6264,train,394346.0,231439.50274618517,235183.02986037216
6265,train,352905.0,251827.28093952494,257158.36771172765
6266,train,362546.0,308769.03310320625,318981.9571800644
6267,train,344572.0,349175.02302453463,321746.8299460964
6268,train,293127.0,349175.02302453463,321746.8299460964
6269,train,317464.0,289046.78025735193,264958.7627171598
6270,train,507388.0,262476.4987831066,239098.69798775116
6271,train,1393858.0,262476.4987831066,239098.69798775116
6272,train,1327521.0,490203.06276125665,441598.89152505575
6273,train,767199.0,679128.8505414719,525071.7983382182
6274,train,815223.0,679128.8505414719,525071.7983382182
6275,train,333310.0,419421.9632850454,500263.83111397334
6276,train,287221.0,260389.8632020734,359970.8210911464
6277,train,269534.0,126207.62520108596,150434.76255706896
6278,train,276115.0,171774.76261668996,225832.134924967
6279,train,283063.0,215445.62719061744,226769.86289150777
6280,train,368264.0,216635.63540306562,226769.86289150777
6281,train,359509.0,231487.8375096259,242316.8486599919
6282,train,341422.0,318074.87354963104,328657.64229371963
6283,train,187826.0,313772.5329854256,328657.64229371963
6284,train,38799.0,252998.3275417515,264958.7627171598
6285,train,57199.0,197644.85729312233,183294.36426400018
6286,train,51254.0,56719.25900837618,51099.582308607925
6287,train,44747.0,80402.05817432361,76666.26351168632
6288,train,47741.0,59292.24511723982,55691.8135617175
6289,train,43943.0,59292.24511723982,55691.8135617175
6290,train,42707.0,61085.464605776724,55691.8135617175
6291,train,36125.0,60098.167922748,54982.97652176627
6292,train,86390.0,59133.796823121345,54982.97652176627
6293,train,110652.0,57780.29808788903,48982.21875922304
6294,train,75294.0,98590.51634894041,88054.45385379046
6295,train,38337.0,100729.44008888805,94425.47592835542
6296,train,36989.0,77162.44529693684,71486.24484686558
6297,train,278041.0,52973.31211166098,47646.97479377926
6298,train,309045.0,53632.444042252806,46261.482127431824
6299,train,316203.0,225701.39838424596,205342.5132659456
6300,train,329125.0,233985.7058306378,205342.5132659456
6301,train,334577.0,262962.0740205352,231937.79264627222
6302,train,314443.0,256322.57328271857,228985.76352949842
6303,train,278821.0,285053.3024912253,250382.03561071368
6304,train,364686.0,255242.67968101404,231937.79264627222
6305,train,372432.0,255242.67968101404,231937.79264627222
6306,train,370555.0,364549.2314425362,328657.64229371963
6307,train,309575.0,365497.1871940981,328657.64229371963
6308,train,306773.0,355086.36000030633,321746.8299460964
6309,train,650220.0,260528.4105603977,237221.55230970643
6310,train,990950.0,248158.06411248323,234071.07074011583
6311,train,1274401.0,491130.8102966184,432313.22673388605
6312,train,1001498.0,650612.4030539088,514030.9215402367
6313,train,721198.0,663999.0923438171,514030.9215402367
6314,train,364445.0,620253.9897405795,514030.9215402367
6315,train,80806.0,437655.0791331596,489744.5995251858
6316,train,65830.0,263178.8360414717,299858.5501480652
6317,train,75845.0,62915.000193366126,74210.56027280136
6318,train,121143.0,56405.6013905686,74920.25172402289
6319,train,79828.0,50455.20807431504,74920.25172402289
6320,train,83233.0,62708.26863877902,93464.61272244429
6321,train,229471.0,52610.16508473962,72741.71537979288
6322,train,42876.0,69620.99998192831,91696.87718657702
6323,train,105436.0,121987.90084062179,164715.10834539807
6324,train,122089.0,47851.45847483293,57257.39463270818
6325,train,106175.0,106343.08823412583,98331.43727545539
6326,train,49878.0,104654.84868186379,95609.04735127652
6327,train,34531.0,107768.02157454763,98472.4263431222
6328,train,89860.0,62960.70303342904,54154.55655660844
6329,train,62220.0,55854.08449906257,47630.16287705865
6330,train,138074.0,102807.15008814754,84205.88881896558
6331,train,112707.0,84877.29832303195,70277.55040474508
6332,train,145409.0,105113.76862742877,93002.79276051327
6333,train,99644.0,100427.4525328617,89149.1607303263
6334,train,81945.0,131884.59773537816,113587.89720835941
6335,train,183369.0,100932.63875555118,86727.76013994754
6336,train,112365.0,80804.26224549193,71461.0215795147
6337,train,95099.0,179756.19618055175,157797.5260005258
6338,train,53424.0,105113.76862742877,93002.79276051327
6339,train,170245.0,100932.63875555118,86727.76013994754
6340,train,179153.0,85113.90538085818,70860.26167279019
6341,train,138929.0,140657.87676522534,123353.231429877
6342,train,63946.0,136478.52754940864,122576.6470580082
6343,train,184685.0,89438.24682966254,85326.96371654287
6344,train,76929.0,70902.78907885672,66408.31993889621
6345,train,250251.0,143155.25587658206,142931.38839442955
6346,train,196139.0,63407.00027357041,64477.29084163281
6347,train,143594.0,182338.93851566353,160035.67691852798
6348,train,123142.0,178924.5979553304,146722.62257758755
6349,train,113447.0,129043.62816363877,105615.7944366488
6350,train,191434.0,102849.4739330973,86475.43126420742
6351,train,108079.0,102849.4739330973,86475.43126420742
6352,train,216590.0,167244.82288611168,144774.0301513887
6353,train,137717.0,87311.55728116274,85326.96371654287
6354,train,164100.0,169830.91783725013,144798.15664694316
6355,train,149526.0,97307.73401437562,85341.18346655865
6356,train,179813.0,122635.18247627004,114087.06000970112
6357,train,154897.0,119035.14450001075,111743.84226095292
6358,train,211371.0,125359.46784467562,116764.068968717
6359,train,158972.0,119035.14450001075,123465.24353511375
6360,train,84581.0,153588.32573053276,154619.72132196193
6361,train,188451.0,117525.24055114176,120360.46206069975
6362,train,228629.0,81763.02016198481,81756.87410274423
6363,train,169695.0,149727.53595448742,154619.72132196193
6364,train,176804.0,149727.53595448742,154619.72132196193
6365,train,219415.0,117498.66031124961,120360.46206069975
6366,train,191780.0,146323.75407034994,138612.05360768348
6367,train,187721.0,171803.4678064527,165343.61904634698
6368,train,105249.0,183770.43793876495,169608.7625675369
6369,train,162586.0,182178.5232442167,167569.5103785752
6370,train,107544.0,73002.17716821622,83108.69459042719
6371,train,131136.0,98518.99627605667,126755.7331564005
6372,train,165089.0,81916.9990347229,81231.68902639303
6373,train,102162.0,77566.4980331431,81231.68902639303
6374,train,134333.0,104678.68537532921,110054.98172555027
6375,train,154819.0,73112.20801974843,91445.55702830869
6376,train,66627.0,77566.4980331431,81231.68902639303
6377,train,131021.0,104678.68537532921,107794.57752800945
6378,train,160696.0,55739.66480332578,59368.680386793414
6379,train,70837.0,68040.35121867535,76689.41198476359
6380,train,1738.0,80319.31981996629,83986.28720440059
6381,train,2247.0,37061.591459907846,23509.51344256895
6382,train,0.0,107.02749469739412,272.739945026124
6383,train,2354.0,596.839717378514,468.9932764146876
6384,train,2230.0,407.0414714235396,261.79384841651614
6385,train,6282.0,988.0518212940432,1358.7833106778621
6386,train,7035.0,658.3275814125857,1182.14391266175
6387,train,0.0,144.7114928427606,258.6377604604551
6388,train,759.0,257.07245179439633,98.77593763903384
6389,train,0.0,9.538805408021057,5.553545107663845
6390,train,0.0,8.922730665703684,8.355173548165995
6391,train,0.0,3.3007396359635033,2.410025050425723
6392,train,0.0,1.3090742755203846,3.4325035627744542
6393,train,0.0,0.5112999171800927,1.9007365203131714
6394,train,0.0,0.21259635462991008,0.4109230221333414
6395,train,0.0,0.446078769202734,0.7459837366607434
6396,train,0.0,0.04622265396756693,0.6887130618677819
6397,train,0.0,0.31970971587148245,0.782297930381957
6398,train,0.0,0.6072664072391132,0.9198784854302842
6399,train,0.0,0.2730348280760314,0.9588253609117507
6400,train,0.0,0.4091153882894423,0.9670685713580736
6401,train,0.0,0.5651065235204302,0.9513623691368844
6402,train,0.0,0.4813548472193817,0.9513623691368844
6403,train,0.0,1.4052459270427629,0.9513623691368844
6404,train,0.0,0.8634804064339803,0.9513623691368844
6405,train,0.0,0.7102617190144369,0.7379606436719026
6406,train,0.0,0.42702044452563664,0.7379606436719026
6407,train,0.0,0.23207828038423847,0.6853726909053584
6408,train,0.0,0.5140814255979156,0.7379606436719026
6409,train,60.0,0.6481487106377528,0.7379606436719026
6410,train,0.0,0.41551464576443714,0.6421177945511669
6411,train,0.0,0.41551464576443714,0.6421177945511669
6412,train,0.0,0.2094904494267904,0.6853726909053584
6413,train,0.0,0.5310757252371316,0.8318462243485789
6414,train,0.0,0.3846279959097512,0.6853726909053584
6415,train,0.0,0.571825625002937,0.6853726909053584
6416,train,0.0,0.6331037476269401,0.8790122884888767
6417,train,0.0,0.9198408159865592,1.7216114476456648
6418,train,0.0,1.1144712159605872,1.2378231568729845
6419,train,0.0,2.1548696125890836,2.316557566224356
6420,train,0.0,1.8534567590415056,1.5768186863143687
6421,train,0.0,3.542970499495719,2.7128859942890573
6422,train,0.0,3.542970499495719,2.7128859942890573
6423,train,1372.0,7.313728853432691,6.857753454855756
6424,train,1298.0,8.214251658527743,15.027152964506985
6425,train,0.0,5.077476216276889,8.909374020908318
6426,train,0.0,7.3659346697965535,12.957273073364378
6427,train,421.0,12.406826009949631,20.140637200421985
6428,train,707.0,18.442804901793753,12.890385019411049
6429,train,982.0,12.737806595135842,11.452852468445585
6430,train,1423.0,10.416370794061663,5.125152526097113
6431,train,0.0,20.262841495207777,13.17758573592006
6432,train,0.0,28.929634918065336,16.663485636327934
6433,train,252.0,129.03648633399195,93.458501241921
6434,train,1052.0,192.52993211169826,102.89462331372364
6435,train,1175.0,171.7836888108749,144.04993442548252
6436,train,0.0,113.33128201696672,234.49845766049802
6437,train,1579.0,402.06327122173474,349.2410697735803
6438,train,1011.0,1180.3600948741123,970.6406700145814
6439,train,3519.0,1755.9699163215255,1272.5113727307132
6440,train,2869.0,950.851361330178,1424.573523388168
6441,train,2542.0,3506.023563614463,2201.663885003029
6442,train,8120.0,3818.090711957946,3313.998381235511
6443,train,8057.0,4614.201361881791,3738.7617583568353
6444,train,9629.0,7382.975959823048,5534.159913459572
6445,train,4217.0,7802.947226009221,5969.81502007317
6446,train,9083.0,8365.050940149342,7504.762864263564
6447,train,6389.0,8978.457351464433,8839.11539123506
6448,train,11648.0,9382.67316698022,8279.681704193563
6449,train,13155.0,10669.253724452938,9568.70202522253
6450,train,15284.0,12186.974037800912,10780.04375005204
6451,train,22607.0,12907.437002388702,11583.333986875417
6452,train,11870.0,14795.53907504837,13877.975448723277
6453,train,97846.0,17469.278169039128,17593.880802071373
6454,train,166453.0,19011.486457407584,16500.156930788595
6455,train,198563.0,66833.82901755066,68156.60847365382
6456,train,198716.0,105104.77183267551,103728.36337111004
6457,train,178532.0,156477.66382930602,157010.88798698023
6458,train,144111.0,168730.0592335244,160766.0492278584
6459,train,217006.0,131071.05367522081,131385.37349425448
6460,train,128635.0,120769.87662022136,111462.54123047233
6461,train,157096.0,161946.63132377272,152874.14513212856
6462,train,133349.0,94918.34614646311,90101.03502188921
6463,train,51145.0,128095.52937881547,122071.38291203273
6464,train,20881.0,94918.34614646311,90101.03502188921
6465,train,38802.0,57141.48688146108,52464.88024703808
6466,train,75666.0,39964.79458703297,35882.6157987121
6467,train,52858.0,53349.501696377905,46269.97420472007
6468,train,70743.0,73475.92178589282,68440.2463780005
6469,train,69557.0,77912.48693543176,69420.30230281428
6470,train,122783.0,72368.37543362958,68536.73425719283
6471,train,44539.0,72368.37543362958,68536.73425719283
6472,train,52521.0,92618.49046649369,88061.7193185049
6473,train,147732.0,55376.588493401636,51248.67220012583
6474,train,66301.0,72119.67813206255,69651.8485557588
6475,train,142798.0,124139.14997436872,116792.54538236783
6476,train,35269.0,71744.45921552186,67626.50516431603
6477,train,67269.0,118411.08456629717,109982.22736946368
6478,train,20807.0,48660.06876472632,45074.365099579605
6479,train,22298.0,72125.91198598707,69651.8485557588
6480,train,53898.0,36709.08941493205,34376.501131549296
6481,train,39968.0,36115.77058813547,33938.95731602625
6482,train,71109.0,70511.68534280651,67531.29871170866
6483,train,49456.0,52679.97581557563,49882.07668445351
6484,train,65086.0,68374.70994036227,67626.50516431603
6485,train,35975.0,52679.97581557563,50596.38578079185
6486,train,87550.0,69372.03941961098,67626.50516431603
6487,train,14675.0,47501.51340061318,45074.365099579605
6488,train,127757.0,84026.53106075201,81029.43924040705
6489,train,68661.0,31372.203254723165,29904.03041001402
6490,train,39761.0,87188.98442826832,89494.50665159886
6491,train,14433.0,63305.649925678335,65389.174784307936
6492,train,5663.0,51129.20434839102,49559.16937034513
6493,train,80515.0,32768.48256973714,30619.25148367106
6494,train,22091.0,23600.727333360126,21560.75161802462
6495,train,70075.0,60346.45107403032,65483.23243216999
6496,train,76447.0,35221.16122266043,32678.239427774857
6497,train,23741.0,66430.42685478154,68024.91269751193
6498,train,114321.0,60928.39801130631,64649.77392088005
6499,train,36757.0,32842.976717472986,31332.66638822816
6500,train,27287.0,87929.56259866475,88935.7970141405
6501,train,57098.0,47479.85479966857,44453.69839918423
6502,train,51085.0,38611.88778900605,37024.18322495625
6503,train,28703.0,61056.58551037681,60080.06187096188
6504,train,20214.0,45647.9280663297,42909.97979430844
6505,train,51832.0,35105.457520325916,34627.51763340857
6506,train,56416.0,36561.206082454075,33157.89493546965
6507,train,96819.0,48577.90699155852,44252.05142704417
6508,train,61262.0,61324.586509141845,58477.97338522351
6509,train,34013.0,80221.49863289595,81058.03978076884
6510,train,29416.0,68838.86171719461,64799.16351558767
6511,train,153729.0,46531.17488066148,43980.36809581282
6512,train,64864.0,38042.77738828756,36923.87741097003
6513,train,111823.0,120030.10687379763,113127.77103258419
6514,train,70343.0,73113.45437641242,67555.13494230466
6515,train,114082.0,95849.22127428064,89526.09502597005
6516,train,131880.0,71291.01764371668,66348.9510224832
6517,train,159898.0,93953.78539147788,87803.84314241905
6518,train,134943.0,94609.47337866992,88043.4510427432
6519,train,145173.0,129351.77352713159,121292.4405128268
6520,train,141407.0,97423.82885708958,90680.25165573871
6521,train,130337.0,124244.25638777572,112179.07928793988
6522,train,45598.0,121787.30935004771,110021.04709897506
6523,train,99159.0,95497.25514618261,88935.7970141405
6524,train,73125.0,58649.81493823874,52802.15465533815
6525,train,67819.0,92523.18563674085,84561.92254975537
6526,train,127333.0,69112.4860645549,66444.38921865751
6527,train,139025.0,70205.74115347643,68434.32999229497
6528,train,92564.0,93516.44394513607,88043.4510427432
6529,train,59763.0,92004.98862016009,86922.85461261116
6530,train,115347.0,88994.5193576076,82435.43527811405
6531,train,92596.0,71550.60349412203,68434.32999229497
6532,train,103626.0,93460.36326551215,89526.09502597005
6533,train,55035.0,88582.00295943613,82103.02876581876
6534,train,96824.0,94995.727183728,90680.25165573871
6535,train,80860.0,74225.85851432495,70574.69396207201
6536,train,43810.0,89742.76865042142,83485.63769581515
6537,train,32679.0,72081.63338859132,68522.51636522694
6538,train,31638.0,56365.90234382171,52802.15465533815
6539,train,50915.0,50825.11877410966,47039.40411910951
6540,train,31964.0,48240.7554507442,44756.668068847655
6541,train,46891.0,54378.70612240394,50887.457850602616
6542,train,56855.0,49033.261017563775,44693.657925364474
6543,train,106533.0,52021.62180436393,50239.76883071623
6544,train,61735.0,68488.10300998772,66201.85481891337
6545,train,63566.0,84860.21437569731,84795.31206289711
6546,train,52240.0,66306.35120628068,65994.54439304711
6547,train,31509.0,63923.41253516965,62343.87640408737
6548,train,26690.0,44761.30146368348,44265.37560818934
6549,train,121810.0,37506.64938035462,35657.0745972299
6550,train,72344.0,29716.829989586597,29654.736099808484
6551,train,37112.0,71780.57608343891,69794.61281855885
6552,train,112966.0,58442.538808582336,56453.4813256035
6553,train,58714.0,39546.74539898321,37823.39807736685
6554,train,198342.0,70495.09023629298,73574.90574802042
6555,train,121397.0,60020.08585156522,57758.232654985346
6556,train,114247.0,137492.10682984005,131359.43420010465
6557,train,136325.0,80278.08710319415,76905.45214453738
6558,train,171125.0,84221.19743115606,79794.02514203271
6559,train,164160.0,87709.3146038094,80822.71882703967
6560,train,129978.0,109077.23840883884,104021.18994018393
6561,train,193998.0,113196.31024615798,105362.2130140108
6562,train,131581.0,82994.81007973371,79615.43848414572
6563,train,129953.0,141930.4746108236,135083.34726485447
6564,train,145798.0,82994.81007973371,79615.43848414572
6565,train,41751.0,83924.56614898969,79615.43848414572
6566,train,105477.0,107028.73365204592,98491.00599570284
6567,train,135593.0,49796.75968619222,46359.179614035085
6568,train,133148.0,83924.56614898969,79615.43848414572
6569,train,122005.0,81500.17003106218,77300.37699165
6570,train,84710.0,83924.56614898969,79615.43848414572
6571,train,150132.0,86462.74668721601,79615.43848414572
6572,train,262775.0,79283.80080965035,73298.70234190501
6573,train,243454.0,111047.4364494865,105649.81705387447
6574,train,289563.0,154261.17317498862,147340.30510268657
6575,train,621131.0,159850.34215963012,149323.43818087777
6576,train,902011.0,211447.14289428963,198481.49787776402
6577,train,867054.0,389511.6127206827,377899.77516751026
6578,train,778607.0,542703.3877031616,449332.0304636818
6579,train,836060.0,463296.2956111619,434594.1551183389
6580,train,624943.0,477307.90414825006,434594.1551183389
6581,train,483360.0,483458.718305105,444039.8017035967
6582,train,32389.0,441362.7815277611,391968.12848813285
6583,train,124692.0,377828.434319187,336652.72291592404
6584,train,46517.0,36566.069009381376,41582.21944992119
6585,train,33174.0,79611.12906869475,88701.75421999842
6586,train,23051.0,54235.71262138726,49432.58006599483
6587,train,37984.0,48880.75631802143,45356.46293679668
6588,train,31795.0,37182.34516161566,33158.29413205296
6589,train,29814.0,41763.84049158501,43477.06676602601
6590,train,103514.0,48156.788590922144,43415.85805378737
6591,train,71052.0,43467.40749181191,38476.10640337795
6592,train,41707.0,87840.70471772378,81801.63153065082
6593,train,36550.0,69140.1043191678,63664.6131536093
6594,train,44912.0,54159.085795565086,49761.249134708676
6595,train,31480.0,38667.91561085447,35367.559687896195
6596,train,26573.0,49540.07232074709,44564.78808265152
6597,train,90130.0,43169.773598209205,37230.71429659702
6598,train,103558.0,34797.25729446841,30043.62985276669
6599,train,134110.0,74867.07283312031,63290.313256396366
6600,train,90123.0,81000.3995902398,76842.1999536447
6601,train,66436.0,83065.45064802007,77242.71605850203
6602,train,78693.0,76593.00764575209,72031.0271196547
6603,train,105918.0,69238.92239215659,63206.737712557035
6604,train,178813.0,64595.43427166509,61364.13266067055
6605,train,513960.0,85759.19782518352,79868.33944685667
6606,train,91170.0,117469.81030655441,114023.43110836869
6607,train,65240.0,348153.7254928287,346358.77918092656
6608,train,27422.0,70582.99040106185,75350.19338794405
6609,train,320074.0,56275.74045500032,61765.57639041164
6610,train,444768.0,34868.092165995586,36017.9081854193
6611,train,472012.0,191871.0943829206,185242.93823495624
6612,train,383309.0,283318.66428504535,306718.94079119014
6613,train,485976.0,352659.3975337261,351405.07268228754
6614,train,503754.0,310586.19340712245,284232.2866405699
6615,train,456093.0,373643.21961959446,346932.50926789
6616,train,595021.0,428352.5964913517,386830.51743602543
6617,train,505835.0,387274.1647338205,351405.07268228754
6618,train,526858.0,460318.4716512754,386830.51743602543
6619,train,678471.0,429628.02902462654,386830.51743602543
6620,train,730814.0,430078.8837294744,386830.51743602543
6621,train,259490.0,435770.999622749,372210.00168128597
6622,train,272962.0,511577.9547390381,438219.6777075609
6623,train,205825.0,159107.00144593394,163216.27286659292
6624,train,253996.0,197306.82769825123,188387.9552262643
6625,train,242350.0,169958.6947675461,148983.30512891148
6626,train,195860.0,168885.21303567276,162501.48383309125
6627,train,212980.0,166278.9589266792,164077.21755130554
6628,train,201828.0,169958.6947675461,148983.30512891148
6629,train,242647.0,169958.6947675461,148983.30512891148
6630,train,185402.0,168378.60703787452,152183.33471624219
6631,train,348147.0,192757.8456494995,164810.75933018426
6632,train,359845.0,169958.6947675461,139623.19171798584
6633,train,300976.0,246306.7852485134,218421.3907927353
6634,train,259976.0,332783.13332743035,302155.0813256142
6635,train,275217.0,244164.4191790252,220637.22818933477
6636,train,320515.0,201450.13376506438,182038.78831280267
6637,train,287137.0,228498.89425742245,206481.19547192522
6638,train,340558.0,241968.89825006638,220637.22818933477
6639,train,338915.0,244164.4191790252,220637.22818933477
6640,train,311466.0,268326.80045956,241253.42228322665
6641,train,275042.0,268326.80045956,241253.42228322665
6642,train,172192.0,237882.31871371015,214851.48223683613
6643,train,274312.0,208952.75387536138,201066.65993781295
6644,train,237425.0,133895.3984097447,121109.79338777668
6645,train,292457.0,203981.3957037196,185120.24465745478
6646,train,321625.0,178741.5941070019,162045.15685959463
6647,train,226611.0,235685.2797526839,216934.83685835902
6648,train,319972.0,211509.9011867187,202214.27334486833
6649,train,296118.0,139793.0818414704,152959.75956625014
6650,train,281587.0,185741.07853868752,186854.5127271387
6651,train,206477.0,173540.8503416293,186854.5127271387
6652,train,3127.0,163449.33288192993,186854.5127271387
6653,train,1213.0,92785.39134807173,123361.47998497845
6654,train,64376.0,6845.730036963533,10884.749942272812
6655,train,223758.0,4737.798973090741,3952.2432654436952
6656,train,328379.0,106188.11613201122,66435.02769781987
6657,train,258516.0,163902.5820327315,155748.7547267347
6658,train,126949.0,168047.86496446366,202397.81863006137
6659,train,358849.0,146287.52688362327,161585.6087883632
6660,train,309491.0,86416.18618808991,76880.51898041407
6661,train,185526.0,266726.46185772575,212380.7110498512
6662,train,236999.0,250122.86236357267,184538.9588295148
6663,train,348601.0,211176.93845453078,153084.26278540248
6664,train,254143.0,205106.97971776364,152255.54827027858
6665,train,247563.0,223376.46577481987,175474.95730776293
6666,train,199320.0,161730.38076738102,167605.1420711074
6667,train,302452.0,248665.9745585488,210671.82574590726
6668,train,305558.0,203714.67936984668,181212.0094805081
6669,train,164753.0,189080.18471163654,161562.97661664267
6670,train,315260.0,312409.16688767646,250334.68010371664
6671,train,309096.0,163764.85327784452,137876.20861679732
6672,train,262281.0,182771.8587347642,161562.97661664267
6673,train,305386.0,167865.72029727226,133483.68873521968
6674,train,385742.0,205939.8660146098,189783.34157814638
6675,train,243854.0,194575.9320468652,164125.01055006337
6676,train,274131.0,222829.82568261112,190077.87339959297
6677,train,285281.0,206505.76056044287,154667.131010726
6678,train,249539.0,161406.12724354572,161807.55088512687
6679,train,251620.0,256707.54290658789,256139.513595593
6680,train,211897.0,133144.11345317695,138244.51351552704
6681,train,334534.0,131070.65850420915,126961.47986448169
6682,train,289560.0,166880.5735267723,181601.21874128995
6683,train,243965.0,143094.938686414,183213.56976826667
6684,train,189932.0,105477.9117034836,157718.14773098254
6685,train,117195.0,144121.4387541618,179580.0303567633
6686,train,144101.0,69801.453775552,108011.09057459793
6687,train,150384.0,81645.37542438298,77912.04185105184
6688,train,173019.0,162494.83418098965,127533.3454243817
6689,train,138095.0,156853.81115307251,135829.65538518125
6690,train,213248.0,153115.0075315374,147157.75847729476
6691,train,191777.0,113384.783871278,102358.38841079593
6692,train,230935.0,200135.90940087606,181355.89382805902
6693,train,126090.0,182299.2618298893,181355.89382805902
6694,train,115064.0,122301.27257606179,131189.77444025816
6695,train,156322.0,85218.92789286807,79922.84487894947
6696,train,215052.0,85218.92789286807,73689.0235461919
6697,train,125636.0,91657.92246319963,129427.80997654732
6698,train,140851.0,161197.77435007584,163248.42363021435
6699,train,104726.0,93716.90358353814,89776.39438915034
6700,train,40649.0,72587.81359090126,89137.58961658999
6701,train,101019.0,86320.78789786159,89776.39438915034
6702,train,33399.0,31462.57561219629,32204.79317424021
6703,train,86906.0,95784.24398554527,75859.11495782978
6704,train,104471.0,17219.151157786047,10300.269694646051
6705,train,114702.0,75773.98103158487,57926.84654099264
6706,train,133988.0,90895.85225820987,76541.37245646036
6707,train,100335.0,72269.40934286184,82358.90025820398
6708,train,71635.0,75433.50863735615,90175.63190260822
6709,train,72191.0,35338.54502353672,32957.72563547287
6710,train,72961.0,24567.629433287115,18224.0636178134
6711,train,70757.0,25768.32129402371,22663.06571255066
6712,train,62300.0,30094.61847327366,23367.70667337603
6713,train,78133.0,30212.082826729005,23367.70667337603
6714,train,80390.0,23794.554060216105,18608.277703012547
6715,train,6122.0,22512.009890916688,17864.838941871265
6716,train,0.0,14422.657264686235,16151.944585910593
6717,train,4369.0,784.7890602671312,926.4153879159254
6718,train,2177.0,20.282563449406933,18.982274152371563
6719,train,0.0,32.1156112605985,62.00063834298823
6720,train,220.0,332.6436633192958,337.4528157715844
6721,train,266.0,245.70118669474527,87.23783726753386
6722,train,305.0,136.98416395055034,89.52867546634229
6723,train,0.0,48.790167119618104,35.78093718484296
6724,train,2342.0,368.0250732388331,161.65087949607275
6725,train,5053.0,580.537212852654,589.1117624044265
6726,train,12174.0,1395.120551532186,4139.1764201105425
6727,train,4318.0,2467.4162374503944,4521.6979524591015
6728,train,7942.0,2972.8848631585006,2721.502088391111
6729,train,2083.0,2820.489637317377,2672.0361999076
6730,train,2738.0,3583.3148715698144,3591.0513513299047
6731,train,9107.0,5344.43768486555,4566.57469201288
6732,train,3977.0,3047.662893891074,3871.2333678698315
6733,train,2840.0,4003.4815333594347,5477.421525794236
6734,train,3729.0,4838.203888078336,4572.755972800837
6735,train,7498.0,3510.172312507223,7704.078102278104
6736,train,5140.0,4349.385655385534,7462.590725606198
6737,train,7336.0,6910.9150618559315,6973.963870589249
6738,train,18469.0,8491.828829620223,8330.849040870038
6739,train,6588.0,9148.352122815902,8641.710000409998
6740,train,9467.0,13281.612852950733,11942.045271914683
6741,train,10431.0,11680.02915179847,10843.50212171629
6742,train,22550.0,13951.909605026678,12931.239379924815
6743,train,24606.0,10836.06187056374,9422.807446850931
6744,train,17981.0,17067.10771902134,16014.677395274917
6745,train,23196.0,19598.46363623743,18691.45675703444
6746,train,12075.0,19990.65481633392,19392.280512328576
6747,train,15269.0,16968.403182879934,20339.382014370036
6748,train,10924.0,17002.34532371011,16872.52738251316
6749,train,19161.0,17498.88356557479,17347.04371397881
6750,train,11495.0,17426.096623117726,16116.674607201305
6751,train,17518.0,18545.83317303764,18657.69511241615
6752,train,18696.0,16366.919850186767,16116.674607201305
6753,train,19864.0,18870.02250480059,18268.270104950723
6754,train,10885.0,15657.473753364577,18739.53466423558
6755,train,8237.0,21708.966451808312,19654.7582912168
6756,train,8994.0,19019.49680073355,17527.357434742367
6757,train,1896.0,16841.302817571406,16116.674607201305
6758,train,9067.0,15331.912116379053,14480.496682407218
6759,train,33872.0,8230.626988941287,10388.909746783429
6760,train,23752.0,12158.940712943651,11551.393163186729
6761,train,10380.0,23736.56342885481,22805.476094427613
6762,train,19413.0,22471.49699302688,20582.771709693265
6763,train,9235.0,18847.712767254434,17823.562643559882
6764,train,11841.0,16265.595861065753,15102.625323155533
6765,train,113193.0,17014.56999904819,15782.489149088455
6766,train,121010.0,15992.746359672046,15951.582990679854
6767,train,102095.0,62190.462532873935,67943.44973785138
6768,train,223761.0,63707.271799614166,67943.44973785138
6769,train,138545.0,73922.61432291359,72811.36354097894
6770,train,149133.0,141417.85859583886,150928.40817923628
6771,train,128146.0,97031.68585636154,85795.3319938771
6772,train,146056.0,136715.41290682665,115318.26033815656
6773,train,1139024.0,98625.71872241546,86901.39273841305
6774,train,1394084.0,129194.74030133426,107504.32364415072
6775,train,1165081.0,639785.6497970097,501038.05077394715
6776,train,805337.0,553679.6564403188,501038.05077394715
6777,train,271129.0,553679.6564403188,501038.05077394715
6778,train,279653.0,396883.0722585066,486728.92703384906
6779,train,4723.0,153558.52837654972,205624.7922209261
6780,train,32572.0,163904.87444817252,219722.11153492218
6781,train,566108.0,22775.93366808913,20868.437908614684
6782,train,1283232.0,48418.004815363805,49904.3322646339
6783,train,1194953.0,344832.1801996112,375014.9891503914
6784,train,896437.0,563224.2334256547,496010.88324058324
6785,train,464337.0,579978.3618500142,510865.7028492249
6786,train,283283.0,384650.0840458716,350420.9998137825
6787,train,168237.0,302275.0424237247,358205.82131519716
6788,train,91710.0,193388.64697945488,219553.02737486074
6789,train,18126.0,149972.1662242117,142292.73069651073
6790,train,38102.0,102610.1026946082,92446.75097953908
6791,train,116548.0,42427.19603054684,33981.36652280972
6792,train,248596.0,55917.08015163738,48906.627697041724
6793,train,155464.0,101104.37068296649,93068.52303346977
6794,train,174313.0,184693.11876153995,174570.84202859123
6795,train,175046.0,137428.9328499665,131627.75289969443
6796,train,113147.0,139843.14704791363,133001.71252485982
6797,train,262928.0,130364.41985700908,133001.71252485982
6798,train,174087.0,118120.06929336824,101970.8098734519
6799,train,161434.0,207246.16457914287,174493.6293732419
6800,train,155989.0,147367.09839476313,130741.22323309518
6801,train,143714.0,148625.67821621898,127743.76769259945
6802,train,171764.0,136402.8149168942,125286.31426234412
6803,train,143285.0,136852.06765739372,120743.22038745234
6804,train,72986.0,143930.41501039616,127233.56870390546
6805,train,117567.0,132700.34813162242,117503.80009122229
6806,train,109475.0,92186.62122779911,74953.78957064642
6807,train,136809.0,117982.20013508291,96306.86116692655
6808,train,65465.0,112325.91163615754,93506.45179095861
6809,train,154556.0,115860.81620756323,96306.86116692655
6810,train,515606.0,97383.09328040988,74953.78957064642
6811,train,608515.0,148708.12426116917,127799.29369215103
6812,train,861404.0,416897.65397765755,385594.7046285737
6813,train,900419.0,528969.3142204427,435535.53465211217
6814,train,989090.0,580316.3492813408,493394.97933153406
6815,train,910208.0,565233.8823710261,487115.22215737676
6816,train,931034.0,649122.422492072,517862.3224717163
6817,train,948603.0,655672.0711063228,517862.3224717163
6818,train,995811.0,649122.422492072,517862.3224717163
6819,train,751414.0,656762.6750438914,517862.3224717163
6820,train,585889.0,654058.1905667754,517862.3224717163
6821,train,224689.0,587256.8466086382,493394.97933153406
6822,train,328405.0,540200.7836912312,435535.53465211217
6823,train,158686.0,180707.29776610382,168479.39548705812
6824,train,275796.0,278146.35579844593,238989.7201409259
6825,train,175242.0,151369.18806028992,131627.75289969443
6826,train,286602.0,225106.94788108525,203940.6825490025
6827,train,195784.0,147762.45463882698,134716.34385957755
6828,train,351901.0,241373.93599768018,216310.2396981975
6829,train,518356.0,181663.7462051052,163622.30589403596
6830,train,703450.0,376613.0479627618,321746.8299460964
6831,train,600247.0,492432.9134258122,432313.22673388605
6832,train,1466041.0,567287.3477477321,489744.5995251858
6833,train,1472774.0,521702.05474190525,432313.22673388605
6834,train,1378077.0,702040.5610215523,514030.9215402367
6835,train,1539420.0,714092.8634271319,525071.7983382182
6836,train,1538958.0,714092.8634271319,525071.7983382182
6837,train,1305850.0,714092.8634271319,525071.7983382182
6838,train,1398118.0,655874.5055871357,525071.7983382182
6839,train,1182678.0,655874.5055871357,525071.7983382182
6840,train,1095155.0,655874.5055871357,525071.7983382182
6841,train,1283142.0,655874.5055871357,525071.7983382182
6842,train,696669.0,655874.5055871357,525071.7983382182
6843,train,466958.0,680473.0839733593,525071.7983382182
6844,train,399157.0,464129.7709460794,500263.83111397334
6845,train,399672.0,341455.3973885923,373867.2865881168
6846,train,475905.0,299773.9407579322,299858.5501480652
6847,train,453070.0,307762.76842555724,328657.64229371963
6848,train,470489.0,363362.1512235832,392722.54431760905
6849,train,533224.0,373045.56768444885,401157.841984503
6850,train,365692.0,358183.93415160506,392722.54431760905
6851,train,108074.0,413843.3392449301,441598.89152505575
6852,train,288855.0,326826.32050642115,321746.8299460964
6853,train,165245.0,104198.64190170332,111828.66283014629
6854,train,234216.0,243769.65485104214,220956.38256880033
6855,train,117917.0,144632.5736946942,133460.23316270806
6856,train,192695.0,197683.67417401326,182302.10984213965
6857,train,207654.0,119967.12499677723,101970.8098734519
6858,train,91618.0,193159.18186488957,167136.76615603952
6859,train,111573.0,183276.45203412746,167136.76615603952
6860,train,128355.0,107378.36508225506,95090.69870441892
6861,train,137999.0,111963.0320624584,101970.8098734519
6862,train,223236.0,106996.91146501075,101970.8098734519
6863,train,158835.0,106996.91146501075,101970.8098734519
6864,train,186612.0,187821.1811442593,159977.85381617467
6865,train,405743.0,148219.0509475004,127743.76769259945
6866,train,386932.0,185726.48403277682,157853.22263939652
6867,train,337520.0,348870.1000456926,299686.18260507495
6868,train,334447.0,380747.4493153436,328657.64229371963
6869,train,366365.0,304942.3100880651,264958.7627171598
6870,train,403513.0,273528.40854914824,242316.8486599919
6871,train,294083.0,379480.97010883404,328657.64229371963
6872,train,104611.0,372804.6473748697,328657.64229371963
6873,train,249721.0,282452.0436376801,242316.8486599919
6874,train,141340.0,130581.93857580586,111828.66283014629
6875,train,188847.0,209772.20173310937,182302.10984213965
6876,train,123803.0,132731.61398009636,123493.8747044687
6877,train,186552.0,183371.84357407037,167136.76615603952
6878,train,64552.0,105237.51595156388,99826.61540509787
6879,train,49700.0,184013.74554619627,163622.30589403596
6880,train,64091.0,82978.00573792518,71767.20254314954
6881,train,62933.0,56664.82195141333,53694.362885954986
6882,train,230096.0,79432.59571429658,69680.3495608177
6883,train,205533.0,86192.01266449859,69680.3495608177
6884,train,62972.0,175685.35608213802,152059.9272876773
6885,train,227925.0,175941.26050594272,150124.5533911621
6886,train,257773.0,87090.42154430717,67818.88415448769
6887,train,182493.0,181174.97350892692,154620.59086450536
6888,train,107089.0,180921.92430811748,163746.2839288158
6889,train,200379.0,185698.66695890922,156613.92633629608
6890,train,182332.0,117420.4843779878,97603.11210645008
6891,train,208941.0,186003.20773763713,157941.7035493511
6892,train,144691.0,189058.84633757267,159977.85381617467
6893,train,160464.0,186364.59151114314,159977.85381617467
6894,train,115721.0,143585.87155793846,122885.56162984854
6895,train,94389.0,150328.075836716,128283.67696042167
6896,train,35374.0,99812.71615750648,98015.63283552324
6897,train,30174.0,95631.60694419108,84255.58623067725
6898,train,131202.0,58962.56358650482,41800.051066583124
6899,train,129665.0,54526.707539420604,39934.9465201623
6900,train,123707.0,101506.90065924864,94418.39423206578
6901,train,136461.0,103801.19205982515,93085.42749613762
6902,train,52152.0,105065.00732994977,97246.1149304311
6903,train,97554.0,102895.28663707314,94733.31855953464
6904,train,134321.0,60274.642213348205,48822.94489752206
6905,train,65694.0,80712.96170674359,83136.59977912852
6906,train,95652.0,87229.62490483577,93164.43857547342
6907,train,80436.0,61649.97942865688,66097.43358220649
6908,train,92717.0,71460.53445398563,83136.59977912852
6909,train,103555.0,60498.990840793864,63358.630859897276
6910,train,80759.0,76453.97810474987,79994.36722414287
6911,train,22046.0,71146.446642054,95954.60516333191
6912,train,4518.0,48722.90121095812,65256.157751279
6913,train,6478.0,25861.40724237404,31055.52528480419
6914,train,5589.0,10187.467893970357,14785.18547672686
6915,train,7226.0,16737.723194823073,17796.277682953118
6916,train,12588.0,13620.561550740571,15066.539259085379
6917,train,213263.0,17149.566673907477,16578.076750013053
6918,train,547155.0,26420.527566006753,19969.81709270244
6919,train,1173461.0,180703.94613039595,142182.23056963988
6920,train,1496037.0,526959.8945618405,355325.3847385126
6921,train,1931090.0,647046.3148880934,379125.3796262969
6922,train,1502966.0,503763.25170426455,474756.37668254395
6923,train,1484079.0,428778.7784370645,428821.015057654
6924,train,1906695.0,406968.7676895853,417932.7471825614
6925,train,1535075.0,399971.78593298816,417932.7471825614
6926,train,1416650.0,554043.2590651583,417932.7471825614
6927,train,980231.0,243640.0741388659,300728.4591021895
6928,train,636703.0,243923.39513723907,300728.4591021895
6929,train,328081.0,212832.26152536704,300728.4591021895
6930,train,177071.0,71617.02732867986,172195.02815507067
6931,train,0.0,16404.62634670859,80057.9461787455
6932,train,363.0,12384.484954020407,49490.34205415223
6933,train,520.0,132.146680150551,292.6471292601294
6934,train,0.0,167.484699337426,273.4429691284344
6935,train,0.0,35.147682936815,24.876980681414196
6936,train,0.0,15.04131502864708,17.873449280912265
6937,train,140.0,24.757371506319696,75.04422407426102
6938,train,1083.0,52.68721512661291,111.12627300334782
6939,train,0.0,101.66030200268398,222.9782304275183
6940,train,835.0,867.836914734359,928.2071688944098
6941,train,5723.0,792.7138107278819,1309.6678241362574
6942,train,57199.0,2003.2410970670323,2886.747512318104
6943,train,1043925.0,8420.668191012472,5900.568611678748
6944,train,869632.0,39354.66714333492,27211.39358277241
6945,train,260657.0,81167.58390100847,27804.401320411514
6946,train,0.0,10140.07357710184,4032.0689109720292
6947,train,356.0,5634.027176110272,2239.600594688805
6948,train,0.0,21.969740580640245,31.696262754464186
6949,train,877.0,89.29080447187599,71.48618179726886
6950,train,0.0,23.241257719015923,21.64785342091551
6951,train,2327.0,143.68040662282442,143.24407891620888
6952,train,0.0,10.709291307960607,10.565566437460669
6953,train,1526.0,752.188470709202,547.002177101521
6954,train,3094.0,198.1640402337551,98.75339704204005
6955,train,2607.0,290.73590220412126,168.2217508317596
6956,train,8719.0,537.3438042036362,534.9327343162917
6957,train,0.0,29.22434549723667,51.01082898678671
6958,train,1590.0,673.6964305495591,126.14754886783577
6959,train,0.0,3.5986046696349803,3.481101429137966
6960,train,0.0,6.099664064399728,5.4121584633137
6961,train,0.0,1.917688070325227,3.9371306490664972
6962,train,0.0,1.0313305375124622,1.3482216779028882
6963,train,0.0,0.9072838702948955,0.5015954111674283
6964,train,0.0,0.5558946489069265,0.6834946376260065
6965,train,0.0,1.4149874038649615,1.2073412952712292
6966,train,0.0,0.7669100065086987,0.899255469465059
6967,train,0.0,0.6779941430631711,0.7921427049377843
6968,train,0.0,1.729251608896599,1.216101187354734
6969,train,0.0,1.7884998487512664,1.3802481991486526
6970,train,0.0,0.9876154522791494,1.234551541319283
6971,train,0.0,1.6655593020382673,1.234551541319283
6972,train,0.0,1.8884902574207385,1.9802941300805705
6973,train,203.0,4.6612475951492875,4.9067486653152335
6974,train,0.0,5.732444695252074,4.9067486653152335
6975,train,0.0,3.3716658930133896,4.9067486653152335
6976,train,138.0,5.552845533822528,4.9067486653152335
6977,train,233.0,6.194177190968354,5.676437461090284
6978,train,0.0,3.7692737408111476,5.676437461090284
6979,train,0.0,1.990692954392733,2.517896579934034
6980,train,0.0,3.5900340998936935,6.636864179263902
6981,train,0.0,2.463209526089251,3.023957167909419
6982,train,2407.0,5.370912815977162,6.636864179263902
6983,train,2494.0,5.912840731450303,6.636864179263902
6984,train,0.0,7.33947127280614,5.767155786069473
6985,train,0.0,6.850673921726983,3.622440760437547
6986,train,0.0,2.747889929482483,3.2494254909045646
6987,train,0.0,1.9110740416752514,2.223836924084893
6988,train,0.0,0.9988655170540672,1.645845228596563
6989,train,0.0,1.592676525536394,1.1810033192906637
6990,train,0.0,1.62844667551175,1.2420852127466224
6991,train,0.0,0.2611113537014812,1.1090428238260626
6992,train,0.0,0.12813509810554882,1.1090428238260626
6993,train,0.0,0.04063359664650617,1.0242668342938792
6994,train,0.0,0.28276679396038745,1.1466970384933206
6995,train,0.0,0.33600020497519717,1.1466970384933206
6996,train,0.0,0.15817919712409922,1.4458833731117102
6997,train,0.0,0.1723646420591402,1.4715577366943253
6998,train,0.0,0.7148699968250658,1.4715577366943253
6999,train,0.0,2.138648362528506,3.127356009294891
7000,train,0.0,2.2453951255194777,2.850966068346975
7001,train,0.0,2.1688958193258028,2.941017470559388
7002,train,0.0,1.839076919109563,1.6025632137667118
7003,train,0.0,1.6451608634022485,0.9848932998070159
7004,train,0.0,1.8573951276904137,1.284096112561385
7005,train,0.0,0.6702950590284809,1.8279026293187903
7006,train,0.0,1.6541371580047373,1.4075415144091896
7007,train,0.0,1.6596956377985155,2.3311796721387403
7008,train,0.0,1.3782274250886917,1.8985284910329927
7009,train,0.0,3.8102001694936236,4.418505603376779
7010,train,59.0,6.21349250065132,5.388208888764228
7011,train,317.0,17.19545988730951,14.15690715317979
7012,train,0.0,10.492445895331674,16.89835104131916
7013,train,299.0,56.79363205926923,65.20134712661901
7014,train,343.0,112.09094642408273,89.87588884082062
7015,train,588.0,143.4388547223806,229.86249999585752
7016,train,0.0,15.46999111722549,145.27433444936568
7017,train,2501.0,232.80861406289327,484.82395666349
7018,train,466.0,700.4519370993424,437.63396322010067
7019,train,102.0,885.7301784207989,1512.8375697077506
7020,train,299.0,411.2386666735425,961.818908662535
7021,train,990.0,742.9476573368462,1609.0895380197364
7022,train,352.0,1186.5655407364789,1229.4848312951706
7023,train,4309.0,1468.8859924232752,2220.6638943931353
7024,train,1873.0,1418.0710902761573,1840.0362952816429
7025,train,3185.0,1272.0575904326622,2767.330371146881
7026,train,1558.0,2227.190721513635,2098.8520692346406
7027,train,6083.0,3320.5005188167593,3636.9888750275663
7028,train,7622.0,1359.1421459264996,2359.373133641124
7029,train,2557.0,3804.088556667617,3758.7800245682947
7030,train,4520.0,5513.457608448543,4038.6632381166837
7031,train,5147.0,4020.065740320724,3600.481135111159
7032,train,4179.0,3962.1200028767817,3489.3839476684534
7033,train,6162.0,3813.645414675981,3808.3692671783206
7034,train,2938.0,3359.205805999637,3072.2854818324595
7035,train,6938.0,4231.008942038806,4130.805238178232
7036,train,3533.0,3968.8046421244158,4323.627192883727
7037,train,3282.0,4837.343866918133,4677.634076853072
7038,train,8987.0,3759.053330325339,4542.484257447793
7039,train,2371.0,3997.7844550484324,4006.42645859279
7040,train,9300.0,4256.513141172133,4076.7704412127227
7041,train,4762.0,4030.176521070092,4233.149668664266
7042,train,13397.0,5343.09077311596,5163.052283909409
7043,train,10574.0,4796.460691205946,5150.211982610373
7044,train,3477.0,6609.054919954903,7020.364501562033
7045,train,2750.0,5899.983386022109,6280.158049215698
7046,train,7108.0,5181.90900234194,5222.171524601194
7047,train,10463.0,4427.114688120283,4270.42371872671
7048,train,5477.0,5006.625120433882,5199.372876743989
7049,train,1790.0,4912.586667686799,5514.005005721706
7050,train,5094.0,5291.002066156687,5498.027922179231
7051,train,22778.0,5069.235289369806,5493.651959134126
7052,train,4649.0,3965.6775625848086,4364.691296609441
7053,train,6719.0,6732.5138697674265,6577.33605339438
7054,train,5112.0,4599.8313238125365,5071.405401358109
7055,train,4236.0,7872.701775588562,6582.474696509219
7056,train,1543.0,4408.849627858117,5737.227692297207
7057,train,7806.0,4252.486182600656,5070.754207740152
7058,train,1094.0,2730.589653277271,2872.712638087773
7059,train,5305.0,4584.884313568076,5227.702408743793
7060,train,3674.0,3026.0296018351473,3314.878869443493
7061,train,7824.0,4920.268941578133,5748.488676430284
7062,train,2216.0,3851.2060509461303,4711.741486772896
7063,train,12643.0,5264.904728703567,6350.766961859183
7064,train,3788.0,2954.03620302676,4043.092987522578
7065,train,2969.0,5004.879548445972,5995.506834396701
7066,train,6125.0,4415.880222106562,5232.113575064745
7067,train,2142.0,4237.632219887485,4503.968818143155
7068,train,3729.0,3500.4158633263396,3947.9345866266995
7069,train,3841.0,3888.4164248842726,4840.420258717427
7070,train,6276.0,3627.505871752813,4064.5386413524907
7071,train,6639.0,4224.149129636743,4999.615861053261
7072,train,5065.0,4941.772365393413,4768.010187763527
7073,train,6619.0,4959.901031916707,5249.285728986486
7074,train,5367.0,6164.693416794822,5569.014901214673
7075,train,7592.0,6230.034506707362,6712.609687015985
7076,train,11817.0,7384.185262916069,6793.253098602219
7077,train,1694.0,4964.880540924582,5247.195204601431
7078,train,7907.0,6086.410380712587,5839.39724373353
7079,train,6022.0,6447.2359613711205,6275.423195053769
7080,train,15345.0,6103.701720571783,5939.211548126588
7081,train,3756.0,6668.238098079457,6488.016274165393
7082,train,7159.0,7067.83612294336,7241.969794759281
7083,train,7413.0,5442.475548011822,5321.01269667907
7084,train,4766.0,7642.253933607648,7571.079913488036
7085,train,2150.0,5643.290740643929,5733.07575699149
7086,train,4720.0,5454.351786963737,5421.206253882347
7087,train,1615.0,4770.8489541864765,4692.455475592802
7088,train,8665.0,5849.4543924917025,5994.61163341503
7089,train,6351.0,3460.504658858628,3351.678187844892
7090,train,4330.0,5249.237086583256,5174.615566848821
7091,train,18297.0,7728.512463600528,6928.418009071664
7092,train,16576.0,6864.250257034943,6305.544280713884
7093,train,13644.0,9298.04120442461,9648.976009487558
7094,train,495.0,10148.293601196343,9862.48132498986
7095,train,372.0,7195.171279991453,7356.677978168378
7096,train,8990.0,3479.726664803529,2868.311011690048
7097,train,6104.0,5045.312209835763,6223.884134295838
7098,train,3634.0,4677.540607096061,4249.646133282054
7099,train,4444.0,5075.091558901412,5195.135254939035
7100,train,4419.0,5191.015637687163,5128.822847152816
7101,train,1906.0,5303.297469329519,6219.529140380983
7102,train,2138.0,5453.801379283146,4834.770142876595
7103,train,2032.0,4112.202241037879,4219.356841808758
7104,train,5453.0,3639.905134403194,3476.10911547632
7105,train,5549.0,3898.860382299559,4318.7145323995355
7106,train,7173.0,5397.083918158239,4354.346798549949
7107,train,6405.0,5352.034225388297,5417.446772473901
7108,train,6197.0,6617.779262486538,6484.662305097876
7109,train,6928.0,6138.416662169162,5689.389484970929
7110,train,6360.0,5977.826685907322,5787.922575790934
7111,train,6713.0,6052.650546011816,6717.971478006733
7112,train,11408.0,6726.258670085028,7599.443200961628
7113,train,16520.0,7065.563793653849,7806.7485496562995
7114,train,4967.0,5832.578235211109,5947.904063883217
7115,train,3477.0,7887.941105986224,8021.942674381621
7116,train,3425.0,6701.129029284086,6394.516755756658
7117,train,5887.0,5650.4199246609,5281.637897347697
7118,train,2556.0,4351.301485700248,4406.309168566165
7119,train,27936.0,8050.944490266892,6929.155867625552
7120,train,208655.0,7261.505679752316,6414.128679757811
7121,train,91379.0,12913.54838250018,11475.47665159087
7122,train,121567.0,47195.78411754295,53084.22908617743
7123,train,182439.0,26862.6578572839,25954.033230466906
7124,train,205760.0,36524.617332471775,36239.818454076274
7125,train,17646.0,59842.20021144843,61633.41574063428
7126,train,9260.0,61438.52837345455,52694.413343488726
7127,train,2647.0,10105.648472100296,13270.814514828498
7128,train,10207.0,10086.798551783937,12091.19196537138
7129,train,6284.0,6417.728211754182,9469.219159619384
7130,train,6263.0,8806.154684193989,12213.092888379968
7131,train,3574.0,8716.340450224896,12025.31239447286
7132,train,822.0,10332.853784420684,12799.627536199809
7133,train,6546.0,8663.04001270254,8377.268417241376
7134,train,5135.0,4766.9669856221135,2810.0206574788813
7135,train,4407.0,9060.6157196982,9701.098291514003
7136,train,1159.0,10397.0186328172,7621.549806835828
7137,train,5280.0,7214.493038898229,7651.507105423096
7138,train,0.0,4006.061347213935,1787.032501022682
7139,train,423.0,3268.2073891200034,2813.948154238415
7140,train,8349.0,1866.8141068811553,2542.0886039829375
7141,train,8810.0,1825.5171775744948,2137.6054641855576
7142,train,0.0,1471.3028091608392,1580.634415554756
7143,train,4159.0,4824.285205218383,4538.695978283166
7144,train,3499.0,5500.536711097027,4007.394321510257
7145,train,9153.0,4408.055248203432,4427.284536134505
7146,train,15156.0,3451.609681648808,3157.1268358868947
7147,train,16451.0,5553.471625961678,7342.267040468107
7148,train,2842.0,6241.12749017817,8436.904653084475
7149,train,8168.0,7147.586702232131,8272.120077732734
7150,train,7227.0,6842.7529088524725,7186.190419680998
7151,train,10832.0,5914.9228278348955,6179.53814413826
7152,train,11904.0,7018.512518581484,7688.00433883595
7153,train,3138.0,8070.1792414388565,8140.539506377515
7154,train,8399.0,8683.143371019903,9032.984472386785
7155,train,15915.0,5724.2823518279,6188.137758722303
7156,train,4306.0,8302.802449690995,8407.892932076444
7157,train,19594.0,9253.850846017933,9581.497361767913
7158,train,8677.0,7705.315584002284,8128.010879436434
7159,train,9644.0,13003.795027056034,13016.873910258319
7160,train,5021.0,7858.291446919526,8580.654780250356
7161,train,3775.0,9544.509890661555,9778.189867459616
7162,train,5877.0,7984.439271744197,7669.260402405669
7163,train,8660.0,5403.283031409121,5239.435756325547
7164,train,56730.0,7065.965713215368,6716.098150166015
7165,train,205773.0,7479.285987921016,7488.207436622542
7166,train,55585.0,34276.89206909506,38337.01323774394
7167,train,5141.0,44510.287814983625,72545.1905414484
7168,train,5318.0,15427.072906886004,25723.452765163736
7169,train,2897.0,8146.074642998738,8561.67966568799
7170,train,5113.0,9257.869767007694,12231.210225040772
7171,train,2957.0,6388.644494113219,6170.025107465303
7172,train,2350.0,6383.993232258715,7169.432365868435
7173,train,3357.0,6653.659416368766,6227.099317329856
7174,train,3085.0,4673.640832498301,5889.119272706486
7175,train,2487.0,3612.549316570406,4571.699229854694
7176,train,8844.0,3809.89011649887,4580.685372184209
7177,train,3315.0,5173.497908587525,4417.780442560995
7178,train,6594.0,7461.354552292319,6800.474723058466
7179,train,18827.0,5010.496202679502,5404.235409781664
7180,train,9502.0,4315.4592652609135,3046.797794493666
7181,train,8846.0,7251.9560287734375,7135.0380325687565
7182,train,15462.0,7208.297330631846,7059.370370972092
7183,train,14865.0,8138.261581118282,8828.249329353159
7184,train,17361.0,7918.156107381421,7807.4383051838595
7185,train,27774.0,8927.509476052159,9872.853261972097
7186,train,21489.0,9864.35435296746,10883.228314671354
7187,train,21826.0,14002.955334320424,15372.10703692257
7188,train,11749.0,11302.69191069627,14435.361064191993
7189,train,13655.0,12804.780164545029,14917.424290829584
7190,train,10232.0,10975.257947739054,11724.204369206032
7191,train,8778.0,9404.59552132791,12309.728623229052
7192,train,9718.0,11215.785282446594,11773.576941321937
7193,train,11553.0,10852.107359814265,10738.406602714256
7194,train,11088.0,9547.529574736362,9964.270885219028
7195,train,18324.0,11550.36004192987,10735.242321271486
7196,train,15224.0,10852.107359814265,10738.406602714256
7197,train,12806.0,12062.724171667485,12089.62096984042
7198,train,7999.0,11112.126272800899,11637.300008866587
7199,train,5834.0,10599.114978009808,11318.960747347777
7200,train,4555.0,9352.02791649286,9793.19401710303
7201,train,2467.0,7416.869040415687,6538.568801171623
7202,train,5453.0,5990.335437039849,5377.312908576005
7203,train,4121.0,4186.183876287614,3958.719091387688
7204,train,2924.0,4419.4139414971,4336.394678391658
7205,train,4026.0,4801.76988139014,3921.4954741301376
7206,train,3986.0,3759.836588363718,3643.698478644579
7207,train,7529.0,2688.9244895915135,2280.257882826707
7208,train,3720.0,1789.820203819254,1851.5582549575668
7209,train,5260.0,2565.1680061165375,2321.1067503538047
7210,train,6591.0,1911.574269455274,2387.314042732092
7211,train,1433.0,1085.546945201662,1767.763933544181
7212,train,411.0,1431.2724962276295,1731.1191889736833
7213,train,3588.0,1141.250957631928,1520.9214765205334
7214,train,3044.0,883.8372985905851,1182.0265392424506
7215,train,0.0,130.03679955882802,235.95306064117526
7216,train,0.0,62.24792341130132,209.1310713014152
7217,train,0.0,31.071868650452807,170.44959775480146
7218,train,0.0,14.398111930893783,56.45834128945572
7219,train,0.0,9.942214213911083,51.676695276279
7220,train,0.0,8.43985484409048,8.752840028622101
7221,train,0.0,5.8796171095898915,14.330370597544759
7222,train,0.0,14.871876505807181,13.205778539734924
7223,train,0.0,13.57973470261972,16.402134849426037
7224,train,0.0,17.428659838952367,30.32799247525142
7225,train,0.0,19.615946910148313,60.60681720342833
7226,train,1711.0,27.0672495759741,45.26913504797906
7227,train,1764.0,15.298144376714305,24.82990650084752
7228,train,1762.0,51.984958398055376,41.440559744685245
7229,train,0.0,22.301084430941813,15.136552450820854
7230,train,0.0,19.7666268674259,17.262777228887973
7231,train,0.0,8.404334981495802,4.751610982751763
7232,train,0.0,1.965908029398129,1.9956576374171782
7233,train,0.0,1.0581511452659886,2.06925605063615
7234,train,0.0,0.0,1.187090986330324
7235,train,0.0,0.9382655068813901,1.5714778880429279
7236,train,0.0,2.7290552954101415,8.406437409082532
7237,train,35.0,1.8437225587116757,6.415292188614947
7238,train,0.0,2.655814178778766,4.974658301127987
7239,train,0.0,6.89764580573216,16.77680342135281
7240,train,0.0,7.8384334648996425,8.918118351304575
7241,train,517.0,24.140094802215177,12.219177893909476
7242,train,0.0,18.816916362200594,17.33735184658873
7243,train,1610.0,63.80685033910632,60.135096141501386
7244,train,632.0,11.741210602045356,24.138936173457694
7245,train,2508.0,6.67076188521027,8.704740547098726
7246,train,0.0,10.991972129257764,19.254745047431747
7247,train,0.0,7.930734086070583,8.804752790658826
7248,train,4287.0,50.089069918266375,31.324375913396636
7249,train,4594.0,63.58150150474469,27.15909985243556
7250,train,0.0,4.103011461931144,10.052288933139481
7251,train,0.0,6.50659859117775,8.662100497565225
7252,train,0.0,2.036082394948745,3.030603125054241
7253,train,0.0,3.6377263150113013,4.981975505915706
7254,train,1963.0,2.4291348945405744,5.4159180000074745
7255,train,0.0,0.853508186255596,1.3395238291098561
7256,train,0.0,0.35549499587263444,0.42423693859913864
7257,train,0.0,0.5458431221838991,1.2505149503096433
7258,train,0.0,1.2309961961534155,1.7019352292815881
7259,train,0.0,1.8123692067297008,0.9524612476145979
7260,train,0.0,1.8123692067297008,0.9524612476145979
7261,train,0.0,1.4718228376854916,0.9021332728205338
7262,train,0.0,1.9228911287257415,1.262178987370759
7263,train,0.0,2.045177179778218,2.1649087959021704
7264,train,2825.0,6.532872212795762,5.364650855607979
7265,train,0.0,4.190746047509343,3.856564407808996
7266,train,192.0,19.599811996897053,9.351499435075088
7267,train,1759.0,21.870487895525073,9.92831693463414
7268,train,0.0,2.838059166571107,4.699206142598697
7269,train,0.0,1.3045108717101668,2.8298162834137273
7270,train,0.0,0.640238648966283,1.9683371900776545
7271,train,0.0,0.8284523889733806,3.5338648563891484
7272,train,0.0,0.9819229904677178,2.512247541927246
7273,train,0.0,0.7085740525493587,1.1640715596776654
7274,train,0.0,0.516059157734313,1.033663212503793
7275,train,0.0,1.209759165954197,1.3970970566310883
7276,train,0.0,0.8093908125615907,1.3970970566310883
7277,train,0.0,0.6949350705120376,1.3596970401292783
7278,train,0.0,0.9266144208119351,1.6135895995484946
7279,train,0.0,0.8769140114665182,1.6135895995484946
7280,train,0.0,2.0252554587071523,1.1429712596550847
7281,train,0.0,0.7564007242246251,0.8536573115999058
7282,train,0.0,1.1620472161634225,0.9583588807177965
7283,train,0.0,1.3712897467171428,1.0478075692295352
7284,train,0.0,1.4834782250506828,1.0478075692295352
7285,train,0.0,1.1172251278283256,1.0478075692295352
7286,train,0.0,1.2991996622794906,1.0478075692295352
7287,train,0.0,2.0091597995970676,1.5986758369198206
7288,train,0.0,1.8154319127983491,1.631234357968622
7289,train,0.0,1.6727903526318304,1.8225867579623434
7290,train,0.0,1.4577320501131457,1.8225867579623434
7291,train,0.0,1.8002606968810833,1.871939696711297
7292,train,0.0,2.1587923981466544,1.871939696711297
7293,train,0.0,1.4577320501131457,1.8225867579623434
7294,train,0.0,1.4577320501131457,1.8225867579623434
7295,train,0.0,3.9073225501261755,5.462076884659659
7296,train,264.0,8.896111959729588,6.3915559346051
7297,train,0.0,17.2257281821018,16.651121414858988
7298,train,0.0,12.936867644039614,13.524330161632935
7299,train,0.0,13.744279845185412,18.343375005552616
7300,train,0.0,9.480648204524655,21.384358860934636
7301,train,450.0,20.763405381788367,21.0568679023329
7302,train,654.0,35.205595254239356,34.91146397749528
7303,train,2402.0,69.76632073008584,303.54615322762135
7304,train,4074.0,277.4128896534141,569.0973674230377
7305,train,2906.0,441.81663724075565,971.275356198604
7306,train,3589.0,973.0775061358273,1073.849574704146
7307,train,1556.0,670.293709593365,2258.324009927037
7308,train,4595.0,1061.8132217904088,1586.4641098511054
7309,train,0.0,198.1575274425776,702.2532447904874
7310,train,547.0,2085.030959829203,2115.0113496457216
7311,train,1796.0,616.8294923449329,906.6794472490659
7312,train,1064.0,436.27348157641495,1569.174342658797
7313,train,926.0,1144.2597553639987,2445.107657786905
7314,train,751.0,1591.6512996534586,2122.715646585674
7315,train,1463.0,1241.6557575169122,2253.152010215547
7316,train,2155.0,1815.4522460426817,2279.7604016668743
7317,train,5698.0,1996.0465466296841,2399.8175611628044
7318,train,3815.0,2474.549469797966,2546.939157781327
7319,train,6996.0,5622.989613562381,3889.700997875234
7320,train,7336.0,3143.7205235413526,4441.122591034381
7321,train,4265.0,2690.2451915666798,4796.464902608164
7322,train,2160.0,5548.585045509128,5698.6572388388395
7323,train,16271.0,5635.726367191498,4818.037829158927
7324,train,3604.0,5279.423781906982,4632.633985885322
7325,train,21003.0,6451.450116159953,6590.81392969374
7326,train,13176.0,6872.202343630946,5668.919083156327
7327,train,8732.0,11735.404126817883,11903.710795430277
7328,train,12179.0,8773.586726797155,7659.9234227504985
7329,train,17536.0,9094.244072654055,8893.86402040644
7330,train,8815.0,10007.268807133705,9173.653284093483
7331,train,10851.0,10877.840978486774,11369.144221977796
7332,train,28585.0,12180.538924250226,11660.864244029155
7333,train,13431.0,11630.62990537283,10206.395937641639
7334,train,10343.0,13767.807946611354,12773.316232299436
7335,train,16533.0,12444.864491510258,12151.068935403415
7336,train,14563.0,12317.311250704432,12176.231986653913
7337,train,3778.0,11552.91019253676,11913.608164046958
7338,train,6018.0,11238.639653330876,10439.075192594059
7339,train,5012.0,8717.444299964687,9076.396952377116
7340,train,6390.0,9007.467803626248,9540.146591957055
7341,train,4188.0,5937.542453942688,5826.460976066325
7342,train,5144.0,7404.1891362598035,8291.574420552057
7343,train,9460.0,5497.682961708857,6073.249926176598
7344,train,11537.0,4735.519341784051,4044.270139549731
7345,train,2663.0,7168.244048752884,7326.27523768286
7346,train,4196.0,6831.275941007591,7838.909380153712
7347,train,0.0,5715.297515623585,6338.145893288489
7348,train,5801.0,4909.805925282055,4966.334961907485
7349,train,6548.0,2642.5866716224027,2729.543148403154
7350,train,7491.0,3886.6481097685814,4136.250752063143
7351,train,4075.0,5314.582011816359,4615.923510246963
7352,train,6867.0,6132.632130485688,6871.498835876546
7353,train,12222.0,5058.959283772201,5253.0067965124435
7354,train,2126.0,3021.5271067492904,6024.393678073452
7355,train,5308.0,7135.235471676773,7715.238276982737
7356,train,7702.0,6452.902181573586,6497.681423732694
7357,train,6172.0,6163.181125838813,6719.119945492808
7358,train,5564.0,5293.814183723382,5857.744576030613
7359,train,7540.0,6937.155265984526,7381.367694632737
7360,train,2504.0,6159.039374250242,7115.516728890139
7361,train,1230.0,5954.392858548795,6480.431372523128
7362,train,2551.0,5363.432747622378,5913.429672360335
7363,train,4041.0,4528.803249333642,4909.030814140656
7364,train,32575.0,4184.406958700144,3980.8707570765773
7365,train,20633.0,5245.570883676946,4959.084957878255
7366,train,14416.0,15347.400098715827,14362.87287701054
7367,train,16494.0,12695.247258805879,11981.073437688901
7368,train,10987.0,12461.09256476256,11963.594730094748
7369,train,8180.0,14041.648695895568,12577.783887420916
7370,train,6752.0,11972.963891779138,10612.124552904428
7371,train,12571.0,12658.21371006829,12042.655535249363
7372,train,2809.0,10417.789280826591,10428.896410066754
7373,train,3177.0,9758.571731388909,9717.460384970514
7374,train,12050.0,8333.977522585568,7888.628622754124
7375,train,6343.0,7704.332336482013,7781.796473147474
7376,train,12989.0,9037.854851160815,8450.322261801995
7377,train,16468.0,10417.789280826591,10221.12359921079
7378,train,9842.0,11997.41664148882,11307.751706308032
7379,train,13685.0,12810.119367565303,11309.776992873834
7380,train,12214.0,11596.485028094188,10850.216149922999
7381,train,7103.0,11494.928893417095,11348.551362070348
7382,train,7479.0,11817.08381779954,11706.11325880552
7383,train,9696.0,10461.33468181836,9519.392225541345
7384,train,10526.0,8563.170825796175,8360.388497900041
7385,train,12053.0,9227.855694869288,9436.01054444348
7386,train,19798.0,10001.480388561897,9857.295037827742
7387,train,14020.0,11921.684388480971,11064.572986656713
7388,train,17948.0,13783.296011315597,12702.846925433434
7389,train,23325.0,12557.043223722541,11771.245047750901
7390,train,19317.0,13326.968514840833,11778.50299605656
7391,train,23283.0,14217.44559949226,12809.839321897129
7392,train,11590.0,15282.317671073492,14229.112147412081
7393,train,32915.0,15948.685490071859,15602.232909612645
7394,train,10907.0,12653.376603325009,12524.53104167153
7395,train,18349.0,20933.974522542278,19264.49830829377
7396,train,17431.0,13263.59525046971,13052.382532994647
7397,train,22798.0,15253.875085516796,15166.4513383271
7398,train,22928.0,14490.198544347995,14374.933201015136
7399,train,25298.0,16796.270365822318,16480.020808780653
7400,train,23666.0,17544.714207285953,17214.373370638823
7401,train,24845.0,19017.790453606125,18583.804501593662
7402,train,22585.0,18543.42785922229,18085.161314270605
7403,train,16685.0,18575.440870138576,18580.701002347192
7404,train,14135.0,16429.823148640637,17045.55729708468
7405,train,16210.0,15616.718235073546,15673.224592782015
7406,train,12768.0,13683.95430436178,13835.330964498575
7407,train,14108.0,12017.983641836832,13332.937491170866
7408,train,17268.0,13237.68799377966,14107.331847829393
7409,train,11304.0,14254.855802232709,14957.742455600825
7410,train,16962.0,13824.274438864175,14923.109474234392
7411,train,22112.0,13016.521196545282,14152.162810123044
7412,train,11112.0,12962.869698053852,14028.692846333493
7413,train,13374.0,14251.54742025732,15240.632616087527
7414,train,5906.0,11051.198217189693,12610.108035917541
7415,train,12151.0,10186.193817771971,11682.003650367118
7416,train,10995.0,8231.30423926856,8819.271496176223
7417,train,17177.0,8981.238471669158,10231.943132193337
7418,train,14410.0,7654.448994175851,9569.321021518563
7419,train,8101.0,11492.20914985625,11449.191909184003
7420,train,8781.0,10840.315710784527,10888.398001226084
7421,train,15498.0,12012.78296835844,10440.07257640748
7422,train,6022.0,10657.353748910658,10843.671311522328
7423,train,11320.0,10755.722023431219,11232.043477218642
7424,train,12665.0,9981.679047041473,10610.47198474744
7425,train,10468.0,10289.965398844464,9962.21890205566
7426,train,13996.0,10095.018803137113,10924.789087623756
7427,train,19201.0,10995.618607508253,10308.567150617071
7428,train,16228.0,10950.609217849194,10677.776028107215
7429,train,22410.0,14119.559784716179,12399.68421015115
7430,train,26634.0,12526.535049924913,12843.616684388708
7431,train,12617.0,13396.46879437273,13747.219790618707
7432,train,2135.0,15214.020103756124,15428.864150253114
7433,train,4202.0,12979.76297118514,12273.8518108022
7434,train,14778.0,10172.583994848608,8925.12818870469
7435,train,22257.0,9193.630237817217,8101.758896863367
7436,train,12183.0,11017.732481380915,10694.008176031488
7437,train,20198.0,12832.153768625923,12347.250944066083
7438,train,17096.0,12808.96648502087,12546.973928651967
7439,train,11530.0,13421.490305877163,13671.38222779409
7440,train,17162.0,13922.39741649846,12835.87111746045
7441,train,23303.0,12997.128773163877,12712.474175832956
7442,train,27292.0,12275.00348279767,11353.155284975068
7443,train,17089.0,14179.763932523876,13920.76162570994
7444,train,9973.0,16568.132913892903,16272.999030808292
7445,train,21692.0,15692.135552923744,14765.157079185665
7446,train,32118.0,14638.080857274652,13454.983596134534
7447,train,28223.0,15017.507287122813,14615.975869649987
7448,train,38801.0,20576.862251688035,19558.462166466263
7449,train,29271.0,18076.481975645456,18778.055285874045
7450,train,32710.0,21680.37507409034,21562.275883621103
7451,train,31731.0,20660.71451468088,20187.21996740931
7452,train,28877.0,23268.188191941575,22331.89736562515
7453,train,15381.0,24607.31659137202,23239.52461799492
7454,train,14869.0,23812.549791952664,22704.138437977737
7455,train,14800.0,17261.01788954647,18068.361543756975
7456,train,33937.0,13664.413942939247,14476.699953850686
7457,train,41684.0,12315.786124202294,13002.448798878775
7458,train,37745.0,18753.0814702135,18297.75469213289
7459,train,12069.0,23639.853141282194,24019.591601276537
7460,train,9753.0,21205.879789546863,21079.54585958727
7461,train,9876.0,14952.602706916858,15177.458043929704
7462,train,10094.0,13177.2380427504,13277.91872483268
7463,train,16197.0,11354.10447475176,11151.037741408978
7464,train,8194.0,9595.244768266031,10105.805952480952
7465,train,8649.0,13851.74271233681,14298.909512991937
7466,train,17358.0,11816.281551326449,11543.162612962185
7467,train,14412.0,11211.105195756398,11123.025125607566
7468,train,33840.0,14463.133904537546,14445.538600549582
7469,train,27453.0,13462.603504237772,13644.226410379024
7470,train,14137.0,19705.955722406725,19928.915850465823
7471,train,12842.0,17230.25049927285,18399.37936662377
7472,train,10517.0,13538.05857053091,15423.748303380065
7473,train,11272.0,11003.647800405639,12093.603714737037
7474,train,9282.0,10849.990553137712,12045.975420458528
7475,train,23090.0,10712.352077411364,11743.032486120988
7476,train,7028.0,10113.149806554273,10855.004779923853
7477,train,6655.0,12608.228843303194,13225.919088137145
7478,train,22395.0,10843.769100932659,11832.18603380344
7479,train,12263.0,10686.779075366281,11678.145117335791
7480,train,12397.0,12425.696311715017,12869.562535768227
7481,train,27143.0,10961.065359854983,11599.506278433624
7482,train,30260.0,11469.619911561713,11594.240064161491
7483,train,18558.0,13416.912032019203,13046.319263908475
7484,train,6692.0,16929.561420677215,16327.160883407478
7485,train,15865.0,15388.640599759805,15784.181365982426
7486,train,37593.0,11834.359120027011,11679.769661204404
7487,train,33200.0,12110.867279716116,12270.275408263302
7488,train,19164.0,15293.847903588798,15474.573676492882
7489,train,11699.0,18751.80411840604,18314.124120466742
7490,train,5292.0,15173.999840724478,14403.539964436382
7491,train,61148.0,12295.368175924788,12253.609692478103
7492,train,82660.0,10690.759650959864,9438.289055609566
7493,train,34757.0,31313.783353349205,29389.900907302635
7494,train,25545.0,27681.95473704498,30187.815049401237
7495,train,12812.0,20194.845563580842,19690.791537070912
7496,train,18675.0,21054.88820085765,18762.109977183438
7497,train,7127.0,10086.080405168756,12333.525816059802
7498,train,2169.0,10292.305806588018,12416.444907759527
7499,train,2599.0,11251.999796460057,10903.00974642302
7500,train,2804.0,3168.2763237819595,5260.41488014485
7501,train,2345.0,2556.0448792497436,3092.5346478592346
7502,train,5993.0,2507.2563459341045,2772.4819021377957
7503,train,5155.0,2023.8568670307177,2826.4980068337845
7504,train,4484.0,4800.774298837606,3928.270533715249
7505,train,7852.0,3352.8853941390475,3491.678326693659
7506,train,2034.0,3209.3004856715875,2647.6907742345443
7507,train,5814.0,2928.2279288644254,3747.3781624199
7508,train,6916.0,1718.64512323194,2153.856712051022
7509,train,2706.0,1119.993554110842,1188.8262230378073
7510,train,3077.0,677.5860531378427,894.9077560181673
7511,train,0.0,259.5359515561625,390.456920015803
7512,train,0.0,246.8716926169327,388.26106418556463
7513,train,0.0,41.261816332040496,55.47580658021531
7514,train,0.0,38.81050620444028,49.402629402168884
7515,train,0.0,9.932146425366726,39.65882976126658
7516,train,670.0,31.781555017202557,15.475170695700413
7517,train,572.0,33.597300762034486,18.551244063025084
7518,train,1006.0,232.94449413940978,46.44692574215292
7519,train,1570.0,238.5319776020151,87.65025987085329
7520,train,2566.0,160.15635674786466,70.30522707561796
7521,train,0.0,42.46641048381891,20.595919288046836
7522,train,0.0,11.716767497742902,9.956145411385508
7523,train,0.0,2.2119512235169507,2.0823583075271377
7524,train,0.0,4.390611175927295,3.6243868887321753
7525,train,464.0,0.6298376535919326,1.4700271919465084
7526,train,0.0,0.9729621280130023,1.8800496968150715
7527,train,0.0,4.955775102218865,4.846034042879257
7528,train,0.0,1.3746545635915908,3.3020271831330232
7529,train,0.0,3.5085877338142684,5.073804144926753
7530,train,0.0,1.2939881090888998,3.2668693299785607
7531,train,0.0,1.6095087422401408,3.684088841486166
7532,train,0.0,1.4389960952934913,2.1024029640283866
7533,train,0.0,0.7050227828899043,0.8950502633010424
7534,train,0.0,0.670602566302499,0.5181565404945336
7535,train,0.0,1.0729947694528033,0.627930161977001
7536,train,0.0,0.8894556671274028,0.48126309805596085
7537,train,0.0,1.0424154749019232,0.8835256053625076
7538,train,0.0,2.010065598541747,0.9713938478876034
7539,train,0.0,0.17371898579521564,0.5598702615952089
7540,train,0.0,0.2967901904841053,0.5725149328289796
7541,train,0.0,0.02130450835937007,0.5491431179628705
7542,train,0.0,0.08521409125422223,0.49608158021686705
7543,train,0.0,0.07402596685219295,0.4954157844711674
7544,train,0.0,0.07402596685219295,0.6234384788964908
7545,train,0.0,0.16392755717006482,0.6234384788964908
7546,train,0.0,0.2611231986534135,0.6234384788964908
7547,train,0.0,0.3788604803585338,0.6234384788964908
7548,train,0.0,0.22728997505728302,0.5993098027337616
7549,train,0.0,0.5484708838558856,1.0029821300039639
7550,train,0.0,0.24246606560081946,1.0029821300039639
7551,train,0.0,0.29644239965736574,0.5993098027337616
7552,train,0.0,0.672050879213717,0.68101698481847
7553,train,0.0,0.7269734523234632,0.5184896269006378
7554,train,0.0,0.5983252629606484,0.5993098027337616
7555,train,0.0,0.6637614771971836,0.5993098027337616
7556,train,0.0,0.8459859646587455,0.6075476743092216
7557,train,0.0,0.7208999482314524,1.0969874403492241
7558,train,0.0,0.07292311447919439,0.6502749066247999
7559,train,0.0,0.1303453259022212,0.6103843288815407
7560,train,0.0,0.13448031955365153,0.5993098027337616
7561,train,0.0,0.18243791169560242,0.6103843288815407
7562,train,0.0,0.26324583034991733,0.68101698481847
7563,train,0.0,1.0985418455604243,1.1319486304185573
7564,train,0.0,0.2068773015484612,0.5630475208377834
7565,train,0.0,0.16846802438674088,0.5630475208377834
7566,train,0.0,0.25902122692515783,0.5522985273650503
7567,train,0.0,0.5348948626964338,0.5913672320334216
7568,train,0.0,1.013497222280486,0.7459260748305303
7569,train,0.0,0.6169985460686718,0.6610639342388793
7570,train,0.0,1.4810487618976285,1.268076942947419
7571,train,0.0,1.020518804502644,1.211139275899224
7572,train,0.0,1.2118828551053138,1.5805969988460937
7573,train,0.0,0.9608280141773851,1.211139275899224
7574,train,0.0,1.2118828551053138,1.5805969988460937
7575,train,2128.0,2.584089373627115,2.5235393527725463
7576,train,0.0,1.9183761878883732,2.0569086474379854
7577,train,0.0,17.337150830807364,13.73688217282638
7578,train,1935.0,26.41227625357716,10.57538842810449
7579,train,1387.0,18.060998879774484,24.617513912582947
7580,train,678.0,49.918853601401466,34.16455356127899
7581,train,0.0,15.19189728042791,16.03517310117485
7582,train,0.0,15.175894988317346,12.202420693207209
7583,train,0.0,29.096922784335877,60.29382803094012
7584,train,0.0,23.657196012669758,65.371784977012
7585,train,1275.0,136.43822271818726,153.31028006373865
7586,train,5734.0,238.05617584936016,195.9256251994644
7587,train,4205.0,573.3497112443094,499.6382986562911
7588,train,1522.0,777.1199092208996,696.9563809399926
7589,train,155.0,907.1189220770066,1224.9943593851783
7590,train,4243.0,1285.0574158764214,1163.2292547309992
7591,train,2770.0,1285.0890125080425,1355.835365052451
7592,train,7580.0,2726.007447628887,2783.3518310537493
7593,train,19020.0,3296.145570146345,2313.0706014240277
7594,train,4435.0,5727.454059597213,5334.750266227395
7595,train,3748.0,8599.230083370077,9949.61440032037
7596,train,1950.0,5354.801113923553,4180.818444491006
7597,train,8209.0,6741.3545340971505,5100.751005806225
7598,train,6027.0,2810.1494532804004,2960.2434503838995
7599,train,13370.0,5165.613934098378,4044.1669700398957
7600,train,5198.0,6536.488361355268,6115.163860985472
7601,train,11419.0,7790.419543959871,7405.134742621262
7602,train,16014.0,7164.673296083611,6610.413068455165
7603,train,12402.0,9899.339732297107,8426.608314752506
7604,train,13930.0,11525.257082553933,9657.72467020906
7605,train,24712.0,11054.209935800238,9337.956262992097
7606,train,10104.0,11993.460657273905,11557.899541550272
7607,train,16589.0,18497.1667421111,12988.063972942466
7608,train,26264.0,16961.950688985908,12784.959041776374
7609,train,19117.0,15185.47966659321,13807.337793869818
7610,train,14542.0,15180.974427273537,14478.235489505381
7611,train,8552.0,15234.11653010606,13318.172280884122
7612,train,14422.0,15733.963844180053,14802.20587439769
7613,train,18966.0,12841.914680378855,11916.122944291794
7614,train,15843.0,15479.376572822932,14468.960730801278
7615,train,19647.0,15586.486931706504,14362.035323977565
7616,train,12322.0,15830.167192166593,14682.550840625987
7617,train,17941.0,16791.76352558977,15602.770521402757
7618,train,23013.0,15168.474576776203,14099.088492766014
7619,train,19386.0,15830.167192166593,14682.550840625987
7620,train,12126.0,16548.66970305871,15399.645251116171
7621,train,14776.0,18811.890319893755,17477.583913390165
7622,train,8884.0,14884.0356689627,14063.003604949336
7623,train,9627.0,14649.35495811373,13439.868663508298
7624,train,11164.0,14294.729107400351,13104.251238574469
7625,train,16868.0,13227.693693237437,12447.293988808147
7626,train,17527.0,10264.094086543915,10265.622862935501
7627,train,5913.0,12939.280963869773,12484.27353651504
7628,train,5610.0,12857.6038008548,12215.795378009478
7629,train,12010.0,12093.685293709856,10769.977302251706
7630,train,4759.0,8892.33677699403,9299.121103384698
7631,train,6413.0,9146.033642463131,9585.866877132854
7632,train,8824.0,8165.582038457653,8304.31858596324
7633,train,9480.0,9166.260899691644,9597.378268791434
7634,train,6434.0,7929.32869369402,7894.229625407391
7635,train,43377.0,8290.60097585826,8950.417742019843
7636,train,17993.0,8023.436480388939,8043.985975374979
7637,train,13655.0,19528.41829970799,21008.361782487395
7638,train,9224.0,14830.073795727973,13894.68666542249
7639,train,5225.0,14879.444827085455,14310.092826291906
7640,train,5475.0,12258.96714986501,11124.509053853784
7641,train,2558.0,9384.963649923091,8628.111917305143
7642,train,2394.0,9250.714318048425,9369.801461698838
7643,train,8623.0,7453.700022584932,6947.492657798801
7644,train,7787.0,7063.49631963355,6951.754311810684
7645,train,10126.0,9340.453883512691,8619.475529551968
7646,train,18775.0,9600.759128134543,9025.24508650141
7647,train,1389.0,10350.683445443583,9730.256386632043
7648,train,7789.0,14638.19621635135,12852.73826153628
7649,train,10024.0,8552.882534829087,5335.336767448088
7650,train,21144.0,8257.541271315,7650.388105433516
7651,train,5780.0,7653.766021152269,7101.103547859211
7652,train,19801.0,12953.358663226878,12020.777556159017
7653,train,10182.0,12354.554600044268,10858.279834216219
7654,train,33253.0,14096.098591926915,12897.47883066341
7655,train,7904.0,13906.595996530335,12609.22493974653
7656,train,3153.0,21279.354662438105,19715.20939347775
7657,train,2704.0,14124.014405902959,12890.625957738066
7658,train,10530.0,10580.982780965429,10563.208580854009
7659,train,14783.0,8389.284062325081,7544.496595866718
7660,train,20706.0,10350.880047234841,9897.841619509363
7661,train,8164.0,11552.234023791616,10261.856818254177
7662,train,9153.0,14548.101292754385,13207.125090850737
7663,train,5467.0,13911.099335222816,11774.730208778348
7664,train,13425.0,13161.860607629947,11207.76833582558
7665,train,12094.0,10636.825715261592,10314.608432910654
7666,train,12486.0,12629.661716617251,11413.852864492545
7667,train,11589.0,13291.464524708652,12116.91370848463
7668,train,13276.0,12774.24865052885,12097.281637217848
7669,train,22122.0,14028.292307789881,12703.548997513422
7670,train,32819.0,13680.67974309179,11959.147200077427
7671,train,14077.0,15797.448111129383,14409.023891319004
7672,train,25492.0,20971.29799553955,19458.54961008861
7673,train,19708.0,16490.54849991289,15492.581448955458
7674,train,20668.0,19666.80672630743,19103.187875890373
7675,train,10172.0,18777.62353326441,17292.133724013038
7676,train,18809.0,19061.167004414758,17785.14187400046
7677,train,19720.0,15178.200005524233,14203.097854915108
7678,train,20739.0,16582.732877750845,15338.116799747275
7679,train,44404.0,17892.71776895216,16905.22709988393
7680,train,14862.0,19107.703126719236,18171.397086504625
7681,train,18861.0,27889.54545044273,25744.17331269791
7682,train,20013.0,20203.495619588844,19522.294245032663
7683,train,27316.0,19656.206254926183,19301.802852591765
7684,train,22667.0,17428.776731495207,16683.345645963454
7685,train,15020.0,20069.54366391872,19248.463657661967
7686,train,18275.0,20136.86874539134,18981.113093201784
7687,train,32830.0,18721.448993141967,17589.11173299918
7688,train,34120.0,17376.338484064403,16533.826909997017
7689,train,39469.0,23808.333580320657,21527.192043245363
7690,train,23036.0,26210.243062277204,23893.17612597434
7691,train,22181.0,29857.324782095402,27591.086694388494
7692,train,17120.0,22426.868283662774,21597.291064234756
7693,train,19879.0,21130.44402981495,20359.750157935632
7694,train,14451.0,17400.558296093302,16612.396038225506
7695,train,12416.0,17101.79915133705,17423.737488776398
7696,train,18880.0,14661.796655184206,14902.373916382803
7697,train,12875.0,14245.757357282433,14527.699342910288
7698,train,15297.0,13964.488038026526,14802.937062692165
7699,train,16421.0,13348.841643236517,13745.454536651101
7700,train,27494.0,13507.28593383731,14497.80963077494
7701,train,11375.0,12321.047672191518,13536.167646737278
7702,train,18518.0,15699.301816361933,16956.56094456368
7703,train,33611.0,10685.28281683594,11969.937068654663
7704,train,11445.0,12467.761633358097,13828.689125326127
7705,train,4544.0,15793.19975732144,16811.622952053374
7706,train,15627.0,12127.511994143371,14007.53230881539
7707,train,21140.0,11191.597236707525,10367.4155111721
7708,train,11992.0,12371.431306251774,12081.181169864041
7709,train,12660.0,14568.005670212278,14291.077545145235
7710,train,11077.0,14250.186835479066,13793.356710831296
7711,train,18966.0,13082.952874225524,12675.401850764902
7712,train,33058.0,13096.025551031942,12027.997962095194
7713,train,16124.0,14642.894713362357,14086.655142486765
7714,train,23498.0,20862.380517146976,19418.69443281967
7715,train,20911.0,17127.02908671535,16540.016746729936
7716,train,23332.0,19419.736639599036,19336.168486798673
7717,train,28433.0,16956.74839222022,16607.778326782183
7718,train,8658.0,18226.384273167623,17618.529749944704
7719,train,13897.0,20820.933524752138,21115.840038577007
7720,train,8345.0,15615.58518094452,15613.180746464013
7721,train,7050.0,13828.844978841247,13413.488443204757
7722,train,13089.0,11723.427662655336,12011.355853702928
7723,train,10710.0,12027.920898661254,11989.870969674934
7724,train,20074.0,12790.024341278102,12268.064079935488
7725,train,24138.0,13136.715554735709,12896.303058045254
7726,train,25741.0,15751.765814080583,15149.290314703667
7727,train,23057.0,15775.209602775658,15485.701771505905
7728,train,25169.0,18165.44633843684,17826.137907605702
7729,train,15887.0,19332.51808651208,19121.610516651373
7730,train,13359.0,20402.476282820917,19910.14781828274
7731,train,26511.0,17895.896026832943,17514.15289483466
7732,train,22608.0,14250.186835479066,13957.487100568685
7733,train,36869.0,16158.392631947394,15926.946693336939
7734,train,22138.0,18251.386564530705,18015.364429852743
7735,train,9096.0,24814.675895628043,23688.014871699717
7736,train,15036.0,20988.030303115225,20886.38146045244
7737,train,44239.0,16527.678688027383,16769.491098385533
7738,train,22844.0,15309.587963043747,14998.339645759186
7739,train,12693.0,24984.1066270499,24759.502910214305
7740,train,23090.0,20710.2648246805,20549.26058264976
7741,train,17193.0,17556.70018003073,17985.193268472856
7742,train,26190.0,17501.902818035236,17132.808948528378
7743,train,12025.0,14877.25467688129,15044.478660295581
7744,train,10018.0,18598.485443959158,18380.18140257176
7745,train,19620.0,14642.489540294167,14958.891610636758
7746,train,16285.0,14875.84164710079,15284.320253800779
7747,train,15833.0,15999.502924137058,15870.698356384586
7748,train,16541.0,14436.178084368637,14524.480537200852
7749,train,24587.0,14661.875487120044,14848.621068358318
7750,train,19668.0,15253.57202339978,15431.916881220262
7751,train,11094.0,14957.042190749022,14820.244752394136
7752,train,8499.0,16313.475465258807,16140.38648183717
7753,train,19972.0,12863.903617546432,13258.51608526195
7754,train,15474.0,12482.51426954392,12567.04605874396
7755,train,9649.0,14726.801452793941,14264.998426352347
7756,train,5987.0,13370.354625050055,13188.837570301432
7757,train,16126.0,13200.933337074208,13265.106136145234
7758,train,13680.0,11139.067868171633,11034.480885148381
7759,train,19800.0,11345.467198755781,11944.30389694944
7760,train,15574.0,10964.604171406101,11905.306520226195
7761,train,18753.0,12776.5217712307,13503.624323729005
7762,train,22817.0,11770.097516248268,12678.355728460074
7763,train,9122.0,11934.993415275329,12874.813617397464
7764,train,8907.0,13538.419563786882,13973.876100156898
7765,train,5404.0,10451.868764999766,11566.309826963781
7766,train,18125.0,9947.941378911471,10962.67325217064
7767,train,9259.0,8461.066771997585,8515.224627782602
7768,train,12497.0,11563.619452370516,11638.022224478707
7769,train,14902.0,10273.770210077117,10555.795685959823
7770,train,12421.0,11647.528887871042,12088.477272460479
7771,train,16429.0,12132.491739737945,12428.456831838826
7772,train,16173.0,10281.315190705642,11084.237924822788
7773,train,10744.0,10935.313810342825,11504.256262260222
7774,train,11041.0,11977.223763705457,12270.823863137613
7775,train,1666.0,10940.503841096304,11588.891182632762
7776,train,5189.0,10903.460556638536,11214.430117353508
7777,train,1631.0,5334.475195193651,5864.661861399323
7778,train,2110.0,5443.578307933761,6294.198412569185
7779,train,1539.0,2328.725170071099,3223.3213124685567
7780,train,4165.0,2687.156673985561,3285.969475876608
7781,train,10518.0,1014.7452435280436,1493.0075562566374
7782,train,6682.0,2571.522251076012,2754.1664697600195
7783,train,4575.0,4262.582381617934,5027.876090553335
7784,train,5512.0,5757.553416651531,5417.029534009204
7785,train,2657.0,3853.1631750594356,4177.161440113326
7786,train,1882.0,4170.0518993268715,4410.1076889222895
7787,train,13299.0,2110.3725950348535,2352.1459117480995
7788,train,14291.0,2499.766219551393,3015.8505669206506
7789,train,1660.0,3801.7116309535413,4808.747772819309
7790,train,9125.0,4495.01486107476,5874.668429027039
7791,train,6938.0,4019.195208638942,3991.890035593849
7792,train,4316.0,4538.961055044488,5144.8554411950545
7793,train,3003.0,3751.5544867293966,4649.3835728747745
7794,train,1741.0,4098.0062114831535,5069.922462338515
7795,train,3365.0,2726.4877260433013,2489.503868700841
7796,train,3041.0,1375.9791058391265,1901.0914038825163
7797,train,9996.0,2658.584920912531,2215.66753962494
7798,train,7524.0,2400.999359692821,2213.2565846328525
7799,train,1300.0,1394.149791088771,2110.651497546353
7800,train,8312.0,3374.6191526512,3931.9608023837077
7801,train,3387.0,1163.0871116052385,1279.457611742674
7802,train,4677.0,1200.7273383884465,1705.5977905382317
7803,train,2797.0,1025.8094819764697,844.5834012345072
7804,train,1652.0,1065.7001808377704,1426.7170835716759
7805,train,1347.0,768.4653728651157,1194.1132168137322
7806,train,1817.0,746.4177575626367,732.1231884015164
7807,train,7822.0,1363.9323844960888,814.4079810099895
7808,train,1238.0,611.7409635816929,451.6918636206256
7809,train,0.0,186.091056122088,123.95250008031134
7810,train,2836.0,372.2336220981285,490.488869705318
7811,train,2820.0,62.3101968290501,93.60963562862462
7812,train,1314.0,91.72338160041761,85.78057742248276
7813,train,0.0,9.66895497495515,14.333077395135373
7814,train,0.0,32.83222628828084,41.9938393271882
7815,train,0.0,3.034122720434966,4.486885135493381
7816,train,0.0,3.97737724326909,11.064866584589044
7817,train,0.0,5.055402588202958,4.1973394818215395
7818,train,0.0,2.2223041332907973,2.3124845434728014
7819,train,0.0,1.4661678972058865,1.6331611350723003
7820,train,0.0,0.10274050211782637,1.7873017712413621
7821,train,0.0,1.1091213578016403,3.2306244750844515
7822,train,0.0,1.7939366778179822,3.401411758115259
7823,train,0.0,0.7569047677680238,1.748925566157523
7824,train,0.0,1.4640681169126921,2.2512945327598985
7825,train,0.0,1.8317377902191923,2.6025794433418064
7826,train,0.0,0.65913491633109,1.3250440952361169
7827,train,0.0,0.5046198597384264,1.0788215978130697
7828,train,0.0,0.593930170063695,1.0788215978130697
7829,train,0.0,0.5831055569698593,1.372363553476378
7830,train,0.0,0.8871568447743217,1.1131857861053667
7831,train,0.0,0.7139937844047506,0.8688112365635288
7832,train,0.0,0.9364913739741769,0.9136911596071413
7833,train,0.0,0.8559732022303015,0.8688112365635288
7834,train,0.0,0.7351837264626253,0.7886639216910283
7835,train,0.0,0.8070503396072222,1.0183588072578593
7836,train,0.0,0.6748637650329412,1.2093706208183117
7837,train,0.0,1.070332532577678,1.2877303868509022
7838,train,0.0,1.1269805223993972,1.2950023336051082
7839,train,0.0,0.7626687056811734,0.9288378134317146
7840,train,0.0,0.7507027135859816,1.192619733012215
7841,train,0.0,0.49883128300282414,0.9579380558557697
7842,train,0.0,0.5677925037200251,1.192619733012215
7843,train,0.0,0.5928796542323398,1.0273802610328886
7844,train,0.0,0.26668056864427325,0.9288378134317146
7845,train,0.0,0.42654496771501427,0.9221317044892603
7846,train,0.0,0.4155987059918626,1.3545424399730117
7847,train,0.0,0.4029326038556628,1.1025297628866029
7848,train,120.0,1.6650682253293807,1.3910080410448051
7849,train,89.0,1.0094436966298694,1.6775981992414533
7850,train,0.0,1.4146790056152843,2.9496764341194295
7851,train,0.0,0.6263585494893618,1.2377766838440065
7852,train,0.0,1.397703574408422,1.1611279413230062
7853,train,0.0,1.2988680209862564,1.3960315086319728
7854,train,0.0,0.6901764065014837,1.2580885958502077
7855,train,0.0,1.141570279718056,1.4044605920806292
7856,train,0.0,0.9092066550497355,1.2338276007344007
7857,train,0.0,0.8856894044203174,1.2338276007344007
7858,train,0.0,1.2088634181499214,1.4577383909091215
7859,train,0.0,1.637614084480969,1.3735554791517375
7860,train,0.0,1.2402504686772025,1.1702138986119972
7861,train,0.0,1.1980408696043225,1.1702138986119972
7862,train,0.0,1.7692951498516338,1.3735554791517375
7863,train,0.0,1.48701727332522,2.0075067193047333
7864,train,0.0,2.4839354295805687,1.89320325388596
7865,train,0.0,3.134878871388292,2.572717231167593
7866,train,0.0,3.8864870967230623,2.7612719144567928
7867,train,0.0,3.970603294982266,2.494731144641647
7868,train,237.0,3.6710712389725666,2.9487094015447903
7869,train,2040.0,6.308452896100633,3.2295479927020354
7870,train,0.0,5.782471003158853,3.106021242703621
7871,train,94.0,55.862265131573565,20.942111733773253
7872,train,613.0,73.24638028617704,17.647026253548304
7873,train,345.0,215.30811022199256,151.65799161412528
7874,train,0.0,89.62923015725717,128.64942946612152
7875,train,1011.0,214.07938424421496,355.4928500310452
7876,train,1797.0,748.3708144324227,506.6014602300765
7877,train,2350.0,1363.0593368615334,1037.1500523353943
7878,train,6308.0,812.1062234112925,1082.14550486032
7879,train,6701.0,2130.79543080901,2742.97829224495
7880,train,2233.0,1928.2185000391496,1809.9336359657314
7881,train,1747.0,3222.592366899843,4131.586268569238
7882,train,6182.0,5595.875449429677,6142.008189941178
7883,train,5591.0,5789.387667853903,5200.715067009396
7884,train,7961.0,5145.755093559621,4365.438019480041
7885,train,10357.0,7290.9850413003305,6016.224077495271
7886,train,11123.0,8783.495644769993,8269.160992077377
7887,train,14816.0,7640.068176050318,8092.884319962695
7888,train,14268.0,9273.010690541025,8369.482990894967
7889,train,15935.0,11413.955713516276,11147.639489889407
7890,train,15713.0,12443.451239112552,11625.055924444476
7891,train,28667.0,13205.068457906928,12463.85698891601
7892,train,14193.0,12834.095060903388,12113.881418679073
7893,train,31272.0,17583.641109383985,16332.835498784942
7894,train,11639.0,16613.261292752988,14762.031332187924
7895,train,32343.0,22078.360901121323,21325.13864144569
7896,train,15062.0,14531.380762411956,14101.289860840192
7897,train,23291.0,24511.924655495623,22402.98669531622
7898,train,28192.0,17098.871664146856,16109.476000998013
7899,train,14187.0,19576.500504754116,19052.7141198972
7900,train,13255.0,19476.388307177782,18670.83024533385
7901,train,18491.0,17915.09100877444,17059.429975978175
7902,train,17279.0,15952.957897933342,15013.050650356741
7903,train,14343.0,15930.262064938399,15092.318853619716
7904,train,19924.0,16893.43531688569,15881.199112866632
7905,train,17435.0,15955.785308849887,15193.699461507858
7906,train,8312.0,17162.12050126098,16438.209957856798
7907,train,14220.0,16893.43531688569,15881.199112866632
7908,train,16128.0,15321.332130872162,14340.493478671004
7909,train,16174.0,15000.47051591775,13958.764634044086
7910,train,25376.0,15144.639962879484,14362.035323977565
7911,train,15776.0,14925.390075411884,13828.149449132692
7912,train,28254.0,17015.704176326737,15928.25741581375
7913,train,23079.0,14822.330054035852,14304.526868117058
7914,train,11080.0,17792.394335237947,17260.72260581528
7915,train,11385.0,17348.59530814694,16840.67977971861
7916,train,7111.0,14049.413127902366,13649.911834035067
7917,train,8532.0,12682.931844338511,12259.851769114792
7918,train,7867.0,10982.152535335648,11444.518534283363
7919,train,3355.0,8943.576581264244,9223.503638917058
7920,train,78837.0,9246.41680034179,9800.98242053593
7921,train,62442.0,7589.9399223451155,7064.246515203635
7922,train,4532.0,37673.115771971214,38012.31988928534
7923,train,3914.0,36848.32585351389,36906.007073482084
7924,train,8268.0,13317.571004440852,12927.559920106209
7925,train,5038.0,13651.271185217332,11071.542046075198
7926,train,74246.0,11156.9958055808,8771.630009060036
7927,train,34482.0,8604.195711093938,8759.539134968856
7928,train,42101.0,39434.347333699705,37548.45028350888
7929,train,9910.0,25829.29667718586,24343.161393396607
7930,train,25330.0,28497.202442051894,26164.30165875643
7931,train,52942.0,17728.66342276151,16401.051052919815
7932,train,41178.0,22552.06563939022,22314.83477362777
7933,train,15418.0,43336.34636716363,42580.724749002984
7934,train,59249.0,31908.20836369095,31042.75948220475
7935,train,76463.0,22257.30397276015,22232.645618074905
7936,train,130498.0,39089.40238094366,37851.068701930926
7937,train,42621.0,42295.99988211126,40693.299418304305
7938,train,19417.0,63080.749505357395,59406.060530157105
7939,train,54203.0,38274.26517894566,35156.464904011504
7940,train,50028.0,27301.781299874077,26212.905524148202
7941,train,42637.0,48732.76201927695,46207.04232396729
7942,train,24552.0,36579.54194502495,33337.813603522765
7943,train,23347.0,38124.71235944125,35228.789968933386
7944,train,15393.0,27594.865602661237,26389.980768253536
7945,train,33937.0,26927.113008712826,23772.777550827042
7946,train,37734.0,21122.767242210157,18248.680359562753
7947,train,48024.0,30112.380537386984,28362.12588562545
7948,train,52253.0,32427.882336808278,29896.46206067654
7949,train,24638.0,35804.79783585674,32883.581293860014
7950,train,44680.0,46257.701431064364,42713.239699240316
7951,train,81611.0,26260.00576254833,24619.084751224476
7952,train,93884.0,34237.7328508357,31373.485223303258
7953,train,117623.0,47128.30686656403,43152.49165861522
7954,train,113971.0,60081.06576550853,55030.003398163615
7955,train,180542.0,70347.38032905488,63501.6623436297
7956,train,174733.0,77538.31299521714,70228.43643881887
7957,train,189265.0,111881.63142243859,105577.85904425489
7958,train,230516.0,113719.61611856427,107182.2060990554
7959,train,201703.0,146703.9269674037,139018.79301845143
7960,train,167146.0,146703.9269674037,138703.28295413795
7961,train,21784.0,149180.40675216442,139018.79301845143
7962,train,22764.0,113481.93599288743,108872.24218863584
7963,train,16798.0,32791.582716350575,30499.581218714622
7964,train,31590.0,31866.77915547827,30030.97054044498
7965,train,37470.0,25789.24552651799,23672.59827064768
7966,train,20259.0,35555.06860955556,31769.94885399446
7967,train,20133.0,38645.49442466989,34374.88650052333
7968,train,13010.0,30887.315058295273,28823.032541144097
7969,train,11892.0,28282.344775215188,27669.417160582503
7970,train,61105.0,21625.849074174632,19940.402183737388
7971,train,62176.0,20984.705532570606,19251.19235920816
7972,train,43116.0,56032.13437686708,51735.86334737574
7973,train,47586.0,47811.38853584795,43825.84697403194
7974,train,59539.0,33679.19925880001,32117.812427040655
7975,train,43148.0,33679.19925880001,32190.872958112206
7976,train,67677.0,47468.01641187183,44722.91702722645
7977,train,25718.0,36046.348170189274,33460.4337458768
7978,train,10872.0,48425.65232848344,45600.15622706174
7979,train,39389.0,27836.34504142248,26328.555913152097
7980,train,40766.0,21808.520152689125,20311.372327811954
7981,train,44455.0,32373.941048813485,30279.06069961568
7982,train,18191.0,34556.037618428985,31316.510416420864
7983,train,24419.0,34793.2142074488,34173.360945425055
7984,train,18824.0,23222.117630659133,24151.974047501182
7985,train,13887.0,26186.028172112834,25726.804481167757
7986,train,10243.0,20608.748004117497,20250.169786630548
7987,train,22829.0,18080.596302597547,18515.592284151855
7988,train,29482.0,15634.072422575846,15339.299636367556
7989,train,36080.0,19105.266461165626,19718.729409645013
7990,train,488.0,17621.632810677773,17992.775176173058
7991,train,10427.0,24275.08977377797,23786.340506621676
7992,train,38743.0,4459.937772098994,3628.030809954656
7993,train,16628.0,12351.086797929504,13738.264022103189
7994,train,5539.0,15488.143124181348,16519.30580761657
7995,train,14701.0,17589.169132037725,17063.884684821747
7996,train,26769.0,15214.488837737721,14394.207306653578
7997,train,35460.0,12068.877440688342,12067.075987469327
7998,train,93115.0,17882.920405223726,17679.05891431273
7999,train,82976.0,24414.350342281217,23396.316782731014
8000,train,67193.0,54676.03420934076,52209.63717198443
8001,train,11729.0,42981.77800403587,42061.112084653214
8002,train,101283.0,45925.11125439088,44394.71677210241
8003,train,13238.0,17274.47888259052,19917.66717658497
8004,train,7392.0,59984.55775554716,56788.933733072954
8005,train,8335.0,22456.072823815583,20670.932928469403
8006,train,3798.0,21238.2552624855,20541.232938475878
8007,train,20419.0,14408.429277184978,14126.991012758945
8008,train,8289.0,10628.572744040932,9761.178327889675
8009,train,50731.0,20908.920336552575,17967.280930159875
8010,train,201101.0,16320.894768898796,15512.961115436869
8011,train,206358.0,31910.902678653558,30559.87809349077
8012,train,157368.0,122573.87318090067,124426.42721559426
8013,train,288784.0,115940.92443131632,117136.18108751989
8014,train,242237.0,103440.62944870902,103846.55757762861
8015,train,315903.0,185653.94927860325,178681.62157330342
8016,train,250948.0,143430.29224529114,141850.9239428269
8017,train,254307.0,202749.72540459892,190979.73973122978
8018,train,235787.0,167280.5243115901,157211.96761093353
8019,train,225377.0,147625.2413477738,157211.96761093353
8020,train,131522.0,145203.22671662123,143679.63667405717
8021,train,30317.0,135751.95291158214,131727.20076615317
8022,train,33421.0,78687.12766961181,74421.95492293593
8023,train,29473.0,38005.843317617786,35150.62535901133
8024,train,36122.0,38444.59054603895,36226.99881143012
8025,train,68669.0,34652.04335293472,30998.93097746469
8026,train,69437.0,38766.04850299207,35722.42701491
8027,train,68706.0,56614.698653649015,52838.94797638313
8028,train,49161.0,54128.81158391974,52100.46424019852
8029,train,52135.0,55144.777577953726,52913.441279569284
8030,train,53571.0,41104.468620249354,39068.8197134296
8031,train,35048.0,41956.778176689884,39191.62586486898
8032,train,10544.0,53692.97675050026,51578.290416422555
8033,train,8396.0,34411.515609859045,32637.74529121132
8034,train,8397.0,20183.5874966932,20575.86724919057
8035,train,1845.0,16243.056580677254,16422.420319442044
8036,train,6498.0,12352.528451705513,13029.242990282813
8037,train,11977.0,8619.35084122605,8534.931041128097
8038,train,17493.0,14569.157737014933,13010.939335667983
8039,train,26509.0,12452.012093455547,12851.395220607705
8040,train,18426.0,17687.93488124298,17991.90001312112
8041,train,14457.0,19901.372332172326,19662.76427037576
8042,train,17318.0,17201.805616450325,16308.542775371867
8043,train,11944.0,18128.524053325902,18042.14885716474
8044,train,102666.0,14473.132117084742,14251.991228034285
8045,train,92385.0,12164.708534908896,11680.01486875941
8046,train,155520.0,51966.2692015431,53607.113838203746
8047,train,105248.0,47031.08798031328,49231.00180669455
8048,train,11201.0,68563.06309174567,82277.18476606996
8049,train,16117.0,60283.2587324376,59484.32640349927
8050,train,2809.0,18970.632528199356,20151.71638852658
8051,train,4871.0,23151.14512258703,24367.848355720933
8052,train,4413.0,10901.734731299412,11269.71721824431
8053,train,6781.0,11186.480506050133,10849.83568339111
8054,train,14332.0,7836.677673414072,8397.171626186355
8055,train,9247.0,12275.985609368332,10896.207576663688
8056,train,21421.0,13567.138083908063,14158.294222987799
8057,train,16200.0,11421.469861549645,13799.716134557466
8058,train,12155.0,14182.704538816597,15511.128714301645
8059,train,12231.0,13295.595412258532,14901.763690786549
8060,train,7354.0,14583.471875232253,15757.773240949002
8061,train,7918.0,12118.183638786819,11617.753068958888
8062,train,8159.0,11377.590384080362,10773.90185114126
8063,train,6002.0,7792.1786658936135,8261.386050161907
8064,train,2959.0,8242.938071667944,7853.9335465829645
8065,train,4822.0,8954.52832093895,8438.092307265057
8066,train,11033.0,6095.40078337193,5847.407705979847
8067,train,7079.0,5286.2643592392205,4064.2234068620373
8068,train,7088.0,6857.980472799678,6500.611994048583
8069,train,6402.0,8240.904738065832,7761.945555591448
8070,train,24497.0,7719.890179218541,7231.884677862583
8071,train,16435.0,7152.138154812304,6242.984128523058
8072,train,5147.0,9410.773887324724,9616.716270200559
8073,train,7702.0,7779.566314366735,9197.570831671672
8074,train,2366.0,5529.559230004704,5945.736780029582
8075,train,13321.0,4970.812313823651,5112.202289972589
8076,train,12671.0,4600.886054955892,3823.0212646626373
8077,train,11138.0,6671.068863580723,6843.888796589019
8078,train,14442.0,6170.422223177025,7078.5494636428275
8079,train,12497.0,9662.135335670933,10328.958712426136
8080,train,14710.0,11135.101708242504,10883.137109665093
8081,train,13302.0,8202.694357233679,9431.604175230403
8082,train,2320.0,7789.4043338302445,9298.583209570132
8083,train,5598.0,8907.942338881267,9031.331247765165
8084,train,6554.0,5025.666930607744,5853.32732998259
8085,train,5529.0,2861.5314634555593,3698.583480771093
8086,train,10066.0,2516.901849583724,3564.249933832068
8087,train,10105.0,3017.2573445135968,5227.203057310647
8088,train,12640.0,5305.625704162409,6829.799942885034
8089,train,5475.0,3444.006548808212,4328.634003224395
8090,train,8850.0,8880.832076269411,6638.639595196886
8091,train,3937.0,4398.756236721841,4939.4285717027315
8092,train,4132.0,4590.060940403256,4224.492489214146
8093,train,348.0,2008.9671506827963,2575.676202778443
8094,train,7108.0,2010.8981038445793,2387.4198897541014
8095,train,8269.0,1496.7847460610928,993.7474414498369
8096,train,2565.0,729.3090939854106,1149.7404613907283
8097,train,5579.0,1348.8113554969357,1412.4949836190406
8098,train,4516.0,1586.8025381379668,1200.6827322547335
8099,train,9738.0,1280.1176504591463,975.9912459369644
8100,train,5198.0,1618.0247670263552,901.9687105826105
8101,train,3293.0,1646.3676317860384,1377.1237627256091
8102,train,1799.0,1524.1629210275057,992.4863563150714
8103,train,3462.0,552.7735143396275,720.7371138057708
8104,train,3957.0,525.7551241242729,254.29173360274194
8105,train,8333.0,337.60369275432737,363.81005243073315
8106,train,2482.0,276.33448321554243,285.8546287758701
8107,train,0.0,83.81287169037789,92.0327801434125
8108,train,10400.0,289.6013129988933,297.4338554828036
8109,train,7436.0,303.36400186867473,312.153602283853
8110,train,0.0,41.143569807390804,41.48518911029812
8111,train,0.0,34.060578515221664,93.20983368133957
8112,train,3421.0,97.62632078038162,186.1553785146769
8113,train,0.0,27.293297521077427,37.557018756599355
8114,train,0.0,10.348059779102133,10.764018009120946
8115,train,833.0,56.381521525242306,41.40061080058603
8116,train,0.0,34.548382529156385,33.28946911908942
8117,train,740.0,27.71576332074262,19.387635938907067
8118,train,0.0,22.713396136995136,14.317920632051912
8119,train,0.0,16.273088168015832,5.847816060519199
8120,train,0.0,20.1276327299983,12.955125382536131
8121,train,0.0,6.194695080145256,3.2038668814433544
8122,train,0.0,4.138439650171227,2.970631545366496
8123,train,0.0,19.76603331776722,17.67262366767638
8124,train,609.0,12.497439084067167,21.37276648894014
8125,train,0.0,10.434317627172401,10.201123372941652
8126,train,0.0,12.424413481581505,11.997996947043315
8127,train,0.0,4.073588935103391,8.419832431446613
8128,train,3943.0,17.45460027673448,7.5779708973620235
8129,train,3704.0,14.7958401377362,13.103979710504571
8130,train,1334.0,50.310620842125005,122.61274710972552
8131,train,1633.0,132.34955215056067,146.65235830584552
8132,train,1121.0,137.61863517274853,150.3048308773452
8133,train,0.0,82.98564016313458,101.0810552745382
8134,train,1656.0,50.813286207067065,129.68581156784714
8135,train,2638.0,431.8613158502357,435.3860780106116
8136,train,3098.0,272.3083394216296,134.04857563804268
8137,train,1681.0,115.56110514392546,146.93514950197226
8138,train,1814.0,231.1052480353559,149.19751150437764
8139,train,1921.0,366.55955259896183,490.59454254988793
8140,train,0.0,249.61734374106345,218.21583156601656
8141,train,0.0,15.298748949921674,23.965655231239573
8142,train,0.0,14.789382837554127,31.925994237367078
8143,train,0.0,1.0309960604437522,3.691942289748818
8144,train,0.0,1.8724818921384219,4.810747512071971
8145,train,0.0,4.811600642653989,10.039406123464644
8146,train,2060.0,35.45547761593951,61.29091115916961
8147,train,2286.0,7.702629043268438,22.02355095417619
8148,train,2200.0,136.26574318236027,326.1943647806581
8149,train,2802.0,191.71307920398783,392.33737855517364
8150,train,1165.0,96.65822890792204,208.54789645992014
8151,train,1505.0,87.23416150795056,209.35106622416103
8152,train,0.0,14.919447607496135,27.948717362946457
8153,train,0.0,21.465894113396878,38.58864728310869
8154,train,7150.0,38.45322583093742,106.6891962444102
8155,train,1818.0,41.61575091828312,73.7174626120573
8156,train,2333.0,112.8995210357416,243.1503957223583
8157,train,1601.0,60.21911331737467,106.05483372544579
8158,train,0.0,46.70497942886942,115.8708796148102
8159,train,0.0,25.19698349702081,14.941091753809642
8160,train,1112.0,88.4240866848427,32.08469205583964
8161,train,2475.0,290.23888463579317,175.54062903443432
8162,train,0.0,37.72495155080926,43.466953700325526
8163,train,1592.0,216.56425531508208,483.837922593004
8164,train,1608.0,612.655835161649,330.54806123835675
8165,train,2055.0,795.7352699786013,262.12952286019583
8166,train,0.0,184.26328489920465,307.0184781267468
8167,train,387.0,1538.5729229319143,728.6488118585333
8168,train,1493.0,1142.871999612044,1145.111179993256
8169,train,795.0,1758.6840970601208,1371.6164443519706
8170,train,1058.0,747.4665168815131,1269.1225144836071
8171,train,671.0,1980.77422092525,2109.862674409802
8172,train,634.0,2066.56229071792,2109.862674409802
8173,train,7850.0,2468.380914381806,2108.01007632219
8174,train,6320.0,1870.8213975655012,2200.139952021065
8175,train,4097.0,4901.855192901249,4940.395123377433
8176,train,7493.0,5752.876317724684,6092.005714566071
8177,train,8519.0,6918.04339493637,6365.899612987282
8178,train,7749.0,7707.319264016759,6842.84855207054
8179,train,11653.0,8062.213789709852,7309.664275604473
8180,train,12163.0,9779.38731282807,8530.436327141013
8181,train,16428.0,9210.12346431023,8879.415204192459
8182,train,12173.0,11809.62443166122,10094.743698900507
8183,train,13100.0,13649.336942817743,12661.842609299045
8184,train,11787.0,12927.487204910269,11449.78072564935
8185,train,11343.0,12792.074295162482,11364.571287832547
8186,train,13847.0,14062.389247711539,12579.69988663666
8187,train,3108.0,15480.98037891957,13662.769635221468
8188,train,7452.0,15213.227476989829,13369.09836660143
8189,train,10636.0,10018.474015251551,8844.209408307519
8190,train,23993.0,11254.539981619913,10544.735085060314
8191,train,53026.0,12257.324472333949,11382.974137027735
8192,train,60657.0,16510.001269468412,15000.918824459855
8193,train,50330.0,45238.26747450643,41513.1655513079
8194,train,53849.0,44214.42028622944,39565.253442435634
8195,train,35532.0,33958.702818695805,31613.14830444789
8196,train,62779.0,45375.7758204479,43681.378591016095
8197,train,99039.0,31070.30550313048,29114.360068717455
8198,train,52305.0,44524.92759303294,42811.186766678344
8199,train,108721.0,60751.68107458185,54717.61590719231
8200,train,69898.0,45722.95757446859,41763.50037272319
8201,train,75957.0,70457.14429267305,62447.69270802422
8202,train,59281.0,54670.36088248925,48485.42228226022
8203,train,18404.0,53916.98517996844,48516.07706403064
8204,train,61214.0,53779.11829497391,49290.13117295966
8205,train,54824.0,26844.579227492617,24916.09726747028
8206,train,45769.0,51469.15167595863,49290.13117295966
8207,train,47989.0,49904.23150460873,47351.21374558755
8208,train,37745.0,38138.97784520908,33817.52750879784
8209,train,54511.0,40077.350251006486,37941.12528131395
8210,train,63075.0,36137.70738723145,33800.25520948309
8211,train,55675.0,50661.28638116376,45239.71906106903
8212,train,65096.0,50661.28638116376,45239.71906106903
8213,train,48796.0,50425.779074973645,48029.281724918335
8214,train,11645.0,49461.06890150716,45239.71906106903
8215,train,1649.0,37632.070364282234,34306.921186837
8216,train,3057.0,22906.478504012357,21635.723927182178
8217,train,4128.0,11326.37274019371,10904.037827272128
8218,train,5958.0,9541.282798511385,10269.004384041382
8219,train,7333.0,8046.633597508044,7508.835225385681
8220,train,50295.0,12891.02650075746,10988.779838845783
8221,train,155042.0,14014.950572652213,13965.157341891765
8222,train,172060.0,29262.920064321217,27926.813609947792
8223,train,13804.0,86667.4086902997,79202.93397998848
8224,train,12639.0,98791.21129832948,82636.07152785726
8225,train,27842.0,28538.271742402438,25874.38858896719
8226,train,8017.0,23302.34585526442,21845.005982260584
8227,train,27998.0,22555.60660650219,21342.78366615032
8228,train,80727.0,19902.014471084734,18265.35086123833
8229,train,8657.0,26495.90194674571,24281.06086551526
8230,train,8330.0,51294.30624641141,46977.73612650867
8231,train,17870.0,23644.248793218765,22048.96925459842
8232,train,21001.0,23644.248793218765,22364.71749346856
8233,train,77447.0,21981.337043968106,20185.984502802396
8234,train,25814.0,23869.699210879637,22272.01768079596
8235,train,6742.0,50500.21875811925,45535.958615326344
8236,train,52276.0,28168.676690885324,26626.443252788784
8237,train,925620.0,22214.548317463174,20990.64593828001
8238,train,1697205.0,48505.64226617324,44091.526684357064
8239,train,1383725.0,506696.13468811946,422905.32392159227
8240,train,1527917.0,525693.4529197392,434491.2549473911
8241,train,941623.0,557878.608425273,450473.8646191449
8242,train,174360.0,545336.5807135842,448507.44521554396
8243,train,82588.0,514497.28626149654,448507.44521554396
8244,train,86455.0,104215.15081798153,120786.26374025136
8245,train,15717.0,58338.85543222318,65585.59901419215
8246,train,15332.0,84112.08571100951,81036.2936386727
8247,train,16114.0,30311.509505006197,28145.425077816937
8248,train,43227.0,30311.509505006197,28145.425077816937
8249,train,51405.0,25811.392429357424,23550.24904339813
8250,train,83506.0,44689.95971926779,44369.36911252497
8251,train,60932.0,47429.675295623616,46160.789362457166
8252,train,12509.0,76127.91983141299,76485.02892042264
8253,train,32550.0,61448.68881034412,61784.95388606178
8254,train,14428.0,26684.636722600408,24391.71713082404
8255,train,14014.0,40869.440837991315,37915.34558352433
8256,train,15496.0,22482.907767924356,20605.658941882997
8257,train,15626.0,22207.769822705755,20844.924334168114
8258,train,17219.0,18639.589824230014,17872.362185994578
8259,train,23709.0,19426.972579437857,18619.49930897217
8260,train,29338.0,20599.208281105366,19843.262133188626
8261,train,19751.0,22189.663908901806,21220.633132865027
8262,train,24277.0,28725.350380372638,27743.36773164976
8263,train,101583.0,27074.394430271226,26138.949757199804
8264,train,91093.0,27074.394430271226,26138.949757199804
8265,train,62270.0,68473.89827161244,66336.91465529786
8266,train,130206.0,64093.45828334721,61861.04796119206
8267,train,160309.0,49289.35984621032,48029.592256370015
8268,train,124104.0,72896.08719284445,71325.79549119766
8269,train,77494.0,107499.08958587621,103763.13478573908
8270,train,71612.0,81487.67146252301,78386.41660329295
8271,train,55586.0,55819.86972433263,56911.92561016138
8272,train,34450.0,56014.71405089029,56485.57592211902
8273,train,53620.0,56934.92859946803,57213.78402576107
8274,train,58010.0,36791.391248651824,36456.287046608966
8275,train,46773.0,51278.17868782892,53604.323911608044
8276,train,56451.0,53533.53308571614,55302.02106132212
8277,train,94630.0,41174.71178808995,42442.8087678586
8278,train,84734.0,51637.8037994649,55525.26697813253
8279,train,61286.0,56898.33025582714,59825.0440789514
8280,train,37830.0,58790.257704045696,59825.0440789514
8281,train,4883.0,50816.2203149115,54419.701696409764
8282,train,11686.0,31465.606128198513,33674.39578889694
8283,train,7858.0,17617.364728058878,15595.724704765118
8284,train,7931.0,18317.243987371417,17858.393041908035
8285,train,24330.0,17452.317085725015,16476.925719960363
8286,train,48451.0,15987.483495311091,15523.371977892257
8287,train,25412.0,20787.68995330314,20527.399716817592
8288,train,4358.0,29060.336308841146,31669.6598639214
8289,train,12305.0,26360.55164523889,29134.563372114888
8290,train,8859.0,15641.54301744723,15243.66861023423
8291,train,9572.0,18317.166365113873,17922.885784206817
8292,train,5626.0,15789.390774291858,14900.465232850916
8293,train,6490.0,13631.076298544405,13836.322827749109
8294,train,2655.0,11658.997963171538,10386.323232120267
8295,train,5602.0,9337.935512730688,9158.462012673692
8296,train,15636.0,8374.56790056511,8420.050297086233
8297,train,4647.0,8415.008100380466,9024.787055328457
8298,train,10623.0,13704.4852364609,12550.732964484416
8299,train,10808.0,10290.900082238708,9571.72583818489
8300,train,39557.0,11586.698180701482,11091.653168272675
8301,train,32794.0,8358.332299248093,7127.105575358584
8302,train,11196.0,22921.66763179143,24828.44095389217
8303,train,6743.0,24430.05249621761,24903.860985700067
8304,train,14233.0,15537.442113544937,13693.096751151332
8305,train,20812.0,14643.349323699287,13839.145533811517
8306,train,21000.0,14424.304932729588,13784.142121916593
8307,train,11696.0,15892.73375966429,15683.83022361965
8308,train,9673.0,16943.894657650846,17064.780760766724
8309,train,9182.0,15006.99867113886,15380.743906800375
8310,train,29712.0,14565.425271047377,14291.850981822785
8311,train,10132.0,15401.486938239079,13554.834249568892
8312,train,8337.0,20907.393873515157,19003.00673002334
8313,train,4665.0,15641.052460749477,15385.0454738719
8314,train,11029.0,13824.425509348339,13974.2270862558
8315,train,11711.0,10728.922224624306,8969.158960864961
8316,train,6416.0,10717.451021168852,10360.740264179036
8317,train,3619.0,10773.845123204788,10802.622316257166
8318,train,2254.0,11216.983557345968,11221.38685165746
8319,train,5991.0,9013.75451135289,8879.257798339491
8320,train,11523.0,5050.897866399863,5410.785347190714
8321,train,4002.0,5869.609671820478,6558.1551726900625
8322,train,6313.0,6828.06508170855,8243.7121129299
8323,train,3467.0,6685.5146749387195,7442.258712958424
8324,train,2350.0,4386.83712817324,5526.867191808487
8325,train,7589.0,5126.502557943958,5290.019588474902
8326,train,11747.0,4863.12825819639,5571.811977517131
8327,train,8003.0,6528.267934690201,6574.13270856175
8328,train,9061.0,5869.354303971057,6631.933681015768
8329,train,8140.0,7160.20501213244,7604.578045214179
8330,train,7693.0,7123.522598303257,7446.2451037395485
8331,train,3969.0,7091.813798835114,6462.754087987963
8332,train,3517.0,7160.20501213244,7449.081961017498
8333,train,2121.0,6056.144857015901,6820.943898308223
8334,train,7392.0,6168.691315254636,6345.16710317801
8335,train,14863.0,5816.50343517468,5650.786034331902
8336,train,9138.0,5975.4273852796905,6233.041233935973
8337,train,8650.0,7312.745196301278,8127.498124311636
8338,train,9529.0,6419.532298475417,8231.479517188014
8339,train,13193.0,7552.980239423858,6922.948559459563
8340,train,13890.0,7271.641852098424,5878.478558813737
8341,train,7450.0,7994.527579750658,8021.820763433493
8342,train,5759.0,8918.96924825363,10205.06290014938
8343,train,12244.0,8306.120083674961,9694.082184768173
8344,train,0.0,5404.889271694893,5472.258926167838
8345,train,1785.0,6552.056994932801,7883.275673760415
8346,train,1649.0,3118.2632503833497,3073.2627826707885
8347,train,112.0,3353.462877554493,2992.7943678426986
8348,train,5561.0,1765.7469611360818,2117.7613263765975
8349,train,5791.0,1721.3024931061912,2739.941376711727
8350,train,3515.0,3499.5181836976735,2665.0769118757144
8351,train,1791.0,2861.0152063838573,2656.0654423346027
8352,train,3189.0,2905.294100312525,3227.322022899912
8353,train,1613.0,2339.2291751049033,2113.0105601774503
8354,train,3487.0,1655.101955199883,1093.0318714738978
8355,train,3872.0,2171.2969271602174,1215.317446709867
8356,train,6777.0,3101.3276876406226,1479.161065076429
8357,train,2206.0,2263.0244834006594,2151.857529265445
8358,train,2886.0,2779.231529286875,2784.5294410863926
8359,train,1490.0,2560.6233803729565,2717.335344684191
8360,train,2326.0,2261.6079344787554,2407.818229296009
8361,train,4877.0,895.0132576663527,989.4462854110799
8362,train,4970.0,814.1711137819378,1420.0060948714536
8363,train,4207.0,2147.265248948145,2089.3730065275004
8364,train,4459.0,2204.376325654577,2544.6149233778297
8365,train,4089.0,2269.4022756527183,2691.0372126842753
8366,train,1456.0,1813.6039167876754,2806.7239156179535
8367,train,2629.0,1347.3246800780328,1635.4018232408935
8368,train,3616.0,1121.149435307173,1190.7678535672742
8369,train,1939.0,657.24972411323,1241.8362532997512
8370,train,3366.0,367.6968870403469,976.1702928370228
8371,train,0.0,176.55226191966528,608.8328986713356
8372,train,1093.0,608.6352170890754,1071.1317994636054
8373,train,0.0,122.2779248215281,349.54651115449906
8374,train,2310.0,319.41763882360044,346.4781940451668
8375,train,2797.0,167.34933200906954,283.92007231283526
8376,train,696.0,150.73155790544342,249.29061485046267
8377,train,0.0,70.32622764101967,179.25887483997937
8378,train,0.0,68.39339126125368,148.85927177837925
8379,train,0.0,35.33635678466936,57.53464679587528
8380,train,4207.0,209.46472062376063,132.27512333250684
8381,train,4123.0,206.6006583248747,113.45316390111167
8382,train,1734.0,613.7040293990915,170.0555273477346
8383,train,374.0,276.268268053513,276.0555764314358
8384,train,502.0,68.73788370632015,130.2778757501091
8385,train,0.0,27.256534322744166,50.103820479037
8386,train,0.0,19.664261717338153,46.42140612744093
8387,train,0.0,18.279330636269886,24.85507192000086
8388,train,0.0,19.164463474541876,18.292935409376184
8389,train,400.0,76.53895029915891,46.31029773249541
8390,train,1095.0,109.0975971424827,67.44598889984437
8391,train,4746.0,170.83070701817556,170.42564356225847
8392,train,2198.0,117.04049420477385,98.7041741961036
8393,train,3945.0,113.79945471465449,86.30824443292201
8394,train,0.0,35.045352147713736,25.023318899723044
8395,train,0.0,37.81689369548416,20.445649246902285
8396,train,0.0,25.274588412911747,22.445429922672723
8397,train,0.0,4.961902379286774,11.800375386027248
8398,train,537.0,5.148269230047087,4.721617669619906
8399,train,1947.0,11.789257526016515,11.982365472366409
8400,train,0.0,3.5281702169861546,3.938349651738841
8401,train,0.0,3.83648478868908,3.4433508488730427
8402,train,0.0,7.637659040066531,5.50431249070507
8403,train,0.0,1.6554935439776184,2.184130174460862
8404,train,0.0,0.9200622434741206,0.9004950640499398
8405,train,0.0,1.9434538737627736,1.3801660905483577
8406,train,0.0,2.03202124073368,1.3931708873860202
8407,train,0.0,2.9116421623364412,2.172862787354027
8408,train,0.0,1.3665675799091388,1.3287439256584541
8409,train,0.0,2.0923792060001407,1.349182330713051
8410,train,0.0,3.03797793725965,1.6689067147638719
8411,train,0.0,0.8915912910406594,0.8893133977388041
8412,train,0.0,0.9099286890459595,0.9426108685440826
8413,train,0.0,4.137030008636617,1.619246343948764
8414,train,1381.0,8.299881804254529,2.926210590098397
8415,train,686.0,8.299881804254529,3.059459491135092
8416,train,0.0,1.5777970322734274,2.42584982663142
8417,train,0.0,3.246816832302393,2.962362436153709
8418,train,0.0,2.8498817105207697,3.078432639060625
8419,train,0.0,1.4345053153084604,1.842552687214427
8420,train,685.0,1.6651912480484108,2.3111332257818544
8421,train,0.0,1.5400754818071274,2.640256872901548
8422,train,0.0,0.6795941620193688,2.5564561859548656
8423,train,0.0,0.5956705022890523,2.0323086970213673
8424,train,0.0,1.2364866892033586,2.5992941072422697
8425,train,0.0,1.6473663306677353,2.890415450344658
8426,train,642.0,10.273063561586666,29.98643883812227
8427,train,0.0,3.2519055311379113,7.227671195102026
8428,train,0.0,6.702120432271489,5.494413842259231
8429,train,0.0,9.871190952081182,9.63589910389942
8430,train,0.0,6.420583705241061,5.350433846937482
8431,train,0.0,8.094499191791288,6.026846355594014
8432,train,135.0,16.346523475461655,6.026846355594014
8433,train,493.0,35.92548649953803,31.008754978592663
8434,train,406.0,30.24381804831137,46.460243945567036
8435,train,1278.0,68.781227889518,72.91920637469653
8436,train,0.0,63.969624851927065,65.90888558276295
8437,train,619.0,141.1206456828169,141.88691895965715
8438,train,727.0,101.18140407240476,84.93182547671015
8439,train,767.0,126.84986034487858,78.06214011194434
8440,train,0.0,67.78249169907684,50.92842847471736
8441,train,2279.0,35.003447916605694,80.38036404463973
8442,train,1099.0,141.51872653513252,92.31114928569816
8443,train,1176.0,94.45414764717603,180.5311129578567
8444,train,0.0,28.60026002543032,24.04617863407928
8445,train,0.0,6.770719501746259,15.414822568521291
8446,train,0.0,10.891007586455352,10.451978028724154
8447,train,0.0,65.29312614482305,92.07789728798163
8448,train,0.0,36.22219942025252,35.947493848920644
8449,train,0.0,103.65319705427174,135.7278508950067
8450,train,0.0,63.41273892599277,77.37072735289688
8451,train,420.0,153.41830771627482,116.8521695100643
8452,train,601.0,240.90467138694905,119.67207143126261
8453,train,1262.0,542.7222919633444,514.468804405542
8454,train,308.0,543.3222772544412,565.3599243952556
8455,train,4232.0,2878.402875314282,2073.948193960548
8456,train,3085.0,2112.189971160945,1689.1371219404361
8457,train,211.0,3066.552907003804,3309.8550061307524
8458,train,1990.0,2914.8962743480124,1977.5705504890075
8459,train,1315.0,2329.8454336103596,2059.956612748631
8460,train,2344.0,1471.9436549567363,1383.2904220389803
8461,train,6041.0,1407.87334237834,3672.7327452501822
8462,train,7457.0,3892.2477895280135,3804.5795425900515
8463,train,11731.0,6707.986907497519,6340.239194838983
8464,train,14336.0,8405.345057667928,6695.501639027245
8465,train,22006.0,9716.491293772722,9208.223096295935
8466,train,35744.0,12901.023419410012,11625.901815755567
8467,train,15979.0,15113.780801899655,13932.017783121593
8468,train,14607.0,22376.113593776478,21149.19874742579
8469,train,15038.0,19768.21171636793,17997.48974358045
8470,train,16348.0,17625.183137305394,16398.063883521932
8471,train,8921.0,15232.186012696877,13793.29971417661
8472,train,11167.0,15672.471552889767,14665.720286108422
8473,train,25314.0,14648.272795652367,13717.045945664144
8474,train,13356.0,14648.272795652367,13717.045945664144
8475,train,19011.0,17920.821293076486,17508.987003930186
8476,train,21351.0,15214.60765961745,13254.185972585306
8477,train,12537.0,17516.747545941733,16242.751852088315
8478,train,16431.0,17747.004122520488,16181.669611881047
8479,train,4028.0,17076.675911402614,15617.722087807704
8480,train,12309.0,17953.520006366438,16289.86515659947
8481,train,12613.0,13045.760483349017,11032.40816834259
8482,train,11241.0,14449.921199799237,13180.687151589394
8483,train,14610.0,13651.775478040674,12722.412796240898
8484,train,9337.0,15374.450470084525,14009.852324557942
8485,train,21082.0,15987.30879231879,14558.188851400915
8486,train,15598.0,15871.86592150617,13969.358714961518
8487,train,10364.0,17215.060483382014,15325.853872554837
8488,train,24701.0,16005.004326387965,14201.90095258916
8489,train,18213.0,15470.02137983186,13914.063082002958
8490,train,21465.0,17302.920652520017,15602.921677496564
8491,train,12092.0,16551.67240042857,14876.362183773505
8492,train,13663.0,18640.228986542003,16854.177072109534
8493,train,11814.0,15630.220198924122,14063.139845087275
8494,train,7243.0,14570.504808374142,14063.139845087275
8495,train,7752.0,14138.52203699127,13577.058512116011
8496,train,5657.0,13673.5704345064,12981.816531077357
8497,train,49366.0,11307.656473829215,11401.300476871807
8498,train,22900.0,10508.965564740243,10633.48529677328
8499,train,48258.0,30659.627423671176,31205.443536923434
8500,train,9699.0,24742.1505378277,23013.932938071357
8501,train,27391.0,36737.89419891548,35225.27440698703
8502,train,163674.0,21488.490890204663,20029.879703861
8503,train,136486.0,25635.19317243258,25519.757492731762
8504,train,142811.0,86854.8195318691,85852.14733305741
8505,train,153524.0,66720.4907357081,63385.89840037475
8506,train,177843.0,104225.56109334208,95587.68337050632
8507,train,160793.0,112969.06440749309,104987.77338230239
8508,train,102741.0,116712.86895031284,109704.47827431328
8509,train,111148.0,116382.75023972346,110253.41443682855
8510,train,147974.0,87978.995815746,82974.3677803701
8511,train,159294.0,86239.19345722241,81378.1528757468
8512,train,156822.0,118730.66615970954,109857.21389739352
8513,train,157425.0,112380.01396185876,105812.7397077578
8514,train,125050.0,114402.11563080549,109016.8468658385
8515,train,90959.0,115229.66260297764,108114.03054068788
8516,train,139012.0,87191.65078842647,82072.70918208316
8517,train,156714.0,81613.80863258334,76535.13714204203
8518,train,184779.0,86085.6629534644,79827.23271807955
8519,train,162674.0,116175.55617988622,108152.1908706044
8520,train,64872.0,147216.15476446334,135750.7894644865
8521,train,181259.0,116175.55617988622,108398.20649089044
8522,train,177485.0,64018.925278751994,60875.530874990516
8523,train,210869.0,149107.5090890611,139252.57179440977
8524,train,190653.0,116687.3648947835,107471.3056117505
8525,train,203064.0,149107.5090890611,139252.57179440977
8526,train,154835.0,149107.5090890611,139252.57179440977
8527,train,141075.0,149173.94784216458,137480.20506842277
8528,train,59617.0,114916.02596338803,107283.77431588087
8529,train,58368.0,85152.352853796,80846.75747877234
8530,train,123084.0,66174.37508932642,61841.72305710819
8531,train,269163.0,66916.84270111308,57807.64200936703
8532,train,243528.0,81614.41913095846,72400.94752079189
8533,train,146941.0,182818.9452973216,166991.4716915816
8534,train,199007.0,168773.84658540983,151288.69778952445
8535,train,237677.0,109267.03334868545,97159.70414398002
8536,train,193548.0,148953.66730052856,136937.90736849234
8537,train,173943.0,157231.4396119199,151632.83584541504
8538,train,236561.0,149478.6865371042,139018.79301845143
8539,train,249477.0,122005.15731879378,113612.49565313238
8540,train,211691.0,160756.01364512552,151632.83584541504
8541,train,220201.0,164757.19762154302,151288.69778952445
8542,train,220290.0,149141.15345707993,139018.79301845143
8543,train,233106.0,144499.56941843012,133419.5461778508
8544,train,232304.0,143559.4031041877,133419.5461778508
8545,train,258283.0,153554.24040384617,145525.53804377824
8546,train,227698.0,153554.24040384617,145525.53804377824
8547,train,238756.0,157376.17484681302,145856.56666380068
8548,train,176039.0,143559.4031041877,133723.03734776104
8549,train,87461.0,155527.02250568155,149619.03234947418
8550,train,114587.0,117173.80502965396,109284.55571876508
8551,train,100005.0,74749.24201643419,67789.28536289695
8552,train,121417.0,80883.91349575474,74569.27837349051
8553,train,130744.0,77150.3365700757,70473.92452911257
8554,train,96662.0,82423.12939665111,75572.95338226916
8555,train,114471.0,82423.12939665111,75572.95338226916
8556,train,135404.0,79975.45715100663,71455.04685529147
8557,train,39408.0,81882.70636493858,73364.18236218966
8558,train,21476.0,80873.2217452631,73364.18236218966
8559,train,16715.0,43846.051636844095,40712.69777223095
8560,train,36218.0,30801.083041356815,29374.536499961723
8561,train,19847.0,26456.377013548998,26369.816157800342
8562,train,20206.0,35188.43172264186,33401.75574254084
8563,train,15282.0,26707.711828228177,26722.664700419995
8564,train,20904.0,25555.53246698748,26156.235803713655
8565,train,23461.0,19860.492051938803,19669.684060157473
8566,train,16333.0,21297.835849777388,21043.91979501065
8567,train,14006.0,21893.259575257372,22091.67427797608
8568,train,12484.0,20262.487664439264,20034.975800327993
8569,train,10981.0,17840.9938257774,18115.6062916534
8570,train,6591.0,12119.276934106254,13233.977597434236
8571,train,16800.0,14400.681349333552,13356.141674153245
8572,train,11924.0,12814.406439277633,12122.93549886383
8573,train,8721.0,15303.342912639728,14697.210065172438
8574,train,26161.0,14995.685211943293,14036.653051990088
8575,train,48741.0,14386.675930056756,13612.052802111235
8576,train,104388.0,17965.76449628133,16194.696542626902
8577,train,79768.0,25348.35837705752,24828.404048964265
8578,train,74833.0,59382.24637626408,55860.13418637768
8579,train,39299.0,41757.27521641705,40934.70486964702
8580,train,6060.0,42999.44879855637,42160.66846434634
8581,train,12474.0,32890.06704024961,30967.610316806633
8582,train,68304.0,19701.493832213604,18528.75239480448
8583,train,56532.0,18970.098950897285,16002.623910697686
8584,train,76643.0,45853.09073560487,40660.20950046737
8585,train,30669.0,45710.180207329584,43541.2675715059
8586,train,47920.0,44380.576564904404,42368.19064381637
8587,train,161723.0,32029.544551085124,29598.72322600324
8588,train,42568.0,39455.57785353729,38115.44268906109
8589,train,21130.0,104422.25435466628,101936.08084700516
8590,train,28016.0,41733.41809639455,39062.62572113253
8591,train,20321.0,28998.779595418364,28446.980391717454
8592,train,47730.0,27467.528271192306,26516.255988280507
8593,train,60374.0,22825.232974372004,22442.34568614632
8594,train,160986.0,36464.98612507413,33084.678156105394
8595,train,216736.0,54233.43809017926,50179.1795266176
8596,train,193066.0,103047.36241270212,100566.92579983445
8597,train,79680.0,132823.7555656295,126384.83338884446
8598,train,24675.0,131260.80842850156,125250.01872195487
8599,train,14843.0,57640.653718771406,53299.668312604095
8600,train,85671.0,29709.95152476195,28183.340061112416
8601,train,182146.0,26352.434876641695,25012.84493192488
8602,train,79323.0,67036.62440940073,61554.23827817334
8603,train,55664.0,131466.17195562948,123038.49925181939
8604,train,60393.0,54639.927402107875,51148.18709944805
8605,train,42133.0,54148.04671621024,50852.043115322325
8606,train,29750.0,54148.04671621024,50994.94695347124
8607,train,20008.0,42122.05169125097,36640.29161003631
8608,train,24164.0,34069.56572857756,29887.433091285788
8609,train,16667.0,28911.551070908914,26223.259862928615
8610,train,16789.0,25101.536676492018,24417.70707427521
8611,train,20056.0,19872.613919831023,19131.457587410037
8612,train,16700.0,19546.255314321836,17760.77236220346
8613,train,26621.0,20980.703490919725,18941.236601732468
8614,train,19441.0,19814.781747492303,19180.26307131093
8615,train,17567.0,23681.223996055298,22368.442203091705
8616,train,76127.0,22289.61484700039,21484.868844541215
8617,train,89332.0,20821.553606231017,20484.430473179535
8618,train,78970.0,43313.344721120215,40765.281187062035
8619,train,54672.0,52991.50801889721,49314.68768499934
8620,train,11434.0,40635.63079965746,39169.69042857104
8621,train,17620.0,41844.4390893887,40342.794460798716
8622,train,21328.0,17148.61619828017,16950.18768880811
8623,train,114836.0,21020.61504051962,21936.703409809612
8624,train,55946.0,18452.875308023264,18505.760502023477
8625,train,18680.0,52569.940196436764,57673.32222716279
8626,train,23723.0,39198.1545894912,41136.43065817181
8627,train,19809.0,22960.033346248933,23379.676262924215
8628,train,16896.0,24303.153491508627,24844.94571174753
8629,train,18332.0,21715.001771933028,21457.310340492073
8630,train,28030.0,18852.144458652718,18528.481897121248
8631,train,30770.0,16679.918139299454,16198.618592577484
8632,train,221165.0,20894.390167837293,20587.557563118036
8633,train,33587.0,17244.905523484817,18321.140163293294
8634,train,136406.0,109341.11470874696,109468.28831021895
8635,train,91737.0,27802.783718409148,24849.27222894896
8636,train,24288.0,73312.81743865843,56039.81709095999
8637,train,79791.0,60631.14897448587,58070.935180950146
8638,train,11810.0,26328.36016064748,23658.223424708005
8639,train,95373.0,51668.7230389842,46248.18734934073
8640,train,17268.0,19963.22262168298,17483.446932554394
8641,train,116290.0,67154.08273542604,59281.81052439136
8642,train,9801.0,24077.224625574992,21261.16725775664
8643,train,12953.0,71581.07003009743,62768.71778146108
8644,train,2099.0,20016.431425677252,18335.223260758226
8645,train,9001.0,21652.081062110345,19574.67009172472
8646,train,3955.0,8277.518295834338,8419.865397989746
8647,train,5004.0,12469.30424946687,9168.993991337014
8648,train,1570.0,7196.442151610954,4750.258862912866
8649,train,4050.0,6715.9431562377995,5373.22654219594
8650,train,2079.0,4070.0770352804116,1818.471625576672
8651,train,9063.0,6962.0182734894315,5021.118766622882
8652,train,5293.0,4423.170935415525,2919.616584490776
8653,train,2165.0,8507.87458442604,5713.86404887181
8654,train,6956.0,7928.738577566171,7867.085666033116
8655,train,8063.0,3497.8121894971437,3911.6146915192535
8656,train,7078.0,4033.978808858798,3743.685442495407
8657,train,3533.0,5185.538512262093,5593.436121491089
8658,train,3094.0,6190.060705184641,4590.834613973709
8659,train,8066.0,3984.78858085601,4314.598337899743
8660,train,12117.0,2540.936698239656,2753.9903410049515
8661,train,7568.0,1853.5332138378187,2050.44870139992
8662,train,6346.0,5840.140182231107,4756.815763528301
8663,train,5951.0,2980.9116891312306,3342.0233347876147
8664,train,4173.0,3722.4945813817862,3660.860694878259
8665,train,8365.0,3839.0518427579673,3334.168210607993
8666,train,4138.0,1961.2694296660395,1703.0984468766303
8667,train,10172.0,2489.7482984736926,2159.6967999961894
8668,train,6942.0,2642.4870922639066,2920.232135939621
8669,train,4457.0,4000.999559852336,5028.374347420547
8670,train,1613.0,3383.9076578347144,3565.807767114337
8671,train,1782.0,3151.641179477288,3849.246516832387
8672,train,3495.0,592.4475615274923,609.8186784931751
8673,train,4348.0,589.3768628109129,1254.824739304168
8674,train,4331.0,780.2998323188563,336.03421017793585
8675,train,0.0,201.00487764990683,163.24173303374693
8676,train,771.0,316.91201226203174,198.65384575093918
8677,train,0.0,61.293938863143936,101.91483645149059
8678,train,0.0,123.6153138475555,801.4515117787791
8679,train,2581.0,42.17435527201654,71.10141281684008
8680,train,967.0,89.44236888926058,138.92661628849632
8681,train,51.0,461.2146514918947,326.2345225614487
8682,train,687.0,224.56933369295834,185.46882580516927
8683,train,1448.0,247.54298133672873,186.8189950909146
8684,train,0.0,62.816894366247894,51.74647951853784
8685,train,1320.0,50.61285940923382,22.070359361008276
8686,train,0.0,21.099702036428614,15.211690187347322
8687,train,0.0,30.684924287030352,13.960578660796376
8688,train,0.0,1.5869581032822029,4.239080041380987
8689,train,0.0,1.4616353753116713,1.8044447971917972
8690,train,129.0,2.1461808793363173,1.6917767958130665
8691,train,0.0,1.591967976023518,2.224923059758774
8692,train,0.0,1.284289789585845,1.1293479104304378
8693,train,0.0,1.1513599697661783,1.18699994619957
8694,train,0.0,1.4299166944232775,1.790359447779207
8695,train,0.0,1.2334358881750322,0.8038458632651078
8696,train,0.0,2.9625508315228535,0.9389498247724035
8697,train,0.0,1.6789765750063244,0.8585944098870466
8698,train,0.0,1.0725762581653187,0.7261144842331544
8699,train,0.0,1.2594268127248243,0.8585944098870466
8700,train,0.0,0.9183055596291148,0.6404808232855823
8701,train,0.0,0.6554660268960397,0.869506595240221
8702,train,0.0,1.4649798376271308,0.7810817968517458
8703,train,0.0,1.4186775482349194,1.1414351419925053
8704,train,0.0,2.4897435175526206,1.4403986102172395
8705,train,445.0,3.045175407136573,1.2831617756654787
8706,train,1364.0,2.6321309113186957,1.4994457565473485
8707,train,3736.0,1.6760947703886933,1.4575081686525428
8708,train,0.0,3.3582334631988333,3.7900145168673376
8709,train,733.0,59.49785988793494,43.308500482047144
8710,train,0.0,15.28168105911681,13.471840292792074
8711,train,0.0,10.845035766410223,8.80561418833332
8712,train,0.0,3.6988760980518807,5.7591729553730975
8713,train,0.0,2.8364222855667127,5.400702199095256
8714,train,576.0,7.730501416353572,7.071828166620442
8715,train,1822.0,19.3897202175155,14.73132115691557
8716,train,0.0,2.1420552475457844,3.556765399662141
8717,train,2686.0,54.22520005176681,33.776642220491354
8718,train,3009.0,32.315332630765965,64.97432346036197
8719,train,0.0,16.286947645056653,18.102323545361717
8720,train,0.0,11.83107075715165,16.86907336459891
8721,train,0.0,7.517727843494933,2.7288266598073423
8722,train,0.0,2.5382494719578674,3.878154709104363
8723,train,710.0,2.547068602049401,2.5543288458378948
8724,train,0.0,3.525273656861268,5.778251098619239
8725,train,0.0,9.337148022528968,8.82762928916428
8726,train,1891.0,6.4966099123887355,8.301964797788923
8727,train,0.0,5.934030182512556,5.445599511662361
8728,train,0.0,19.185055464181506,12.221873029916727
8729,train,0.0,24.08290206681094,8.417328312579595
8730,train,0.0,6.219887691352513,4.63312473952215
8731,train,0.0,8.568961853164307,5.597609416820329
8732,train,2298.0,34.399571593358324,11.996303683354958
8733,train,371.0,48.47340652994253,13.545030795929392
8734,train,472.0,47.62346339539212,90.29565832379264
8735,train,114.0,76.98353335622389,84.00656114107404
8736,train,320.0,48.26186043957841,48.07052472263921
8737,train,1180.0,314.96811740368776,227.65574042741787
8738,train,3699.0,421.3650261698137,337.4954817117925
8739,train,0.0,107.08441238677138,184.2269315992242
8740,train,101.0,595.5656808382371,429.0334830248738
8741,train,1460.0,1281.5984984895745,1105.7340754365666
8742,train,945.0,738.9341745585484,357.51409626635353
8743,train,2564.0,1501.2620096670178,1756.4870260069529
8744,train,1900.0,1923.6439642226348,1949.415147472079
8745,train,0.0,2818.2678335468695,2079.570288292382
8746,train,599.0,1988.0301992935915,1728.0261519993887
8747,train,8956.0,1377.1044938944633,1099.0193133469193
8748,train,4338.0,1928.861580759785,1722.9317192402866
8749,train,8174.0,3366.243134621901,4558.936149190336
8750,train,3087.0,4424.549624148242,4833.2161729112295
8751,train,9303.0,7317.022451044886,5448.278496765296
8752,train,18285.0,3346.6037029650115,5747.055015952488
8753,train,12015.0,7624.746807468294,7545.100787502499
8754,train,10375.0,11750.761977215037,12184.098799731559
8755,train,21551.0,11360.857223498062,9942.621829581389
8756,train,5813.0,11539.78391836703,11091.63694915846
8757,train,10212.0,13337.315423951617,11960.840918621405
8758,train,19453.0,11901.285225290161,11057.376029449246
8759,train,11691.0,11901.285225290161,11472.664349275727
8760,train,8858.0,15705.971714663447,14805.62828158395
8761,train,12944.0,14106.884712936404,13520.54212592158
8762,train,13746.0,15055.261102784345,13662.769635221468
8763,train,9862.0,13784.253608104458,12566.50931655754
8764,train,15256.0,14940.235462925564,14121.814086310414
8765,train,14180.0,14367.513193368519,13589.912556329826
8766,train,6209.0,14518.868598367635,13623.858027125996
8767,train,10124.0,14518.868598367635,13900.794127764417
8768,train,14585.0,12432.771533497818,11524.535480226737
8769,train,5217.0,13401.950010451612,12433.29650513923
8770,train,21062.0,13936.185379514589,13433.765592262387
8771,train,76603.0,11324.121087440657,11154.736624184621
8772,train,177729.0,15936.687364160616,14427.147081405044
8773,train,16442.0,38591.68146400758,38899.25250403245
8774,train,23105.0,73329.27237720214,85945.60223972794
8775,train,17248.0,20288.729309423576,23147.609312513385
8776,train,26510.0,18550.536481588482,21896.996386472805
8777,train,19667.0,17872.356854618352,18280.781294599503
8778,train,16267.0,20017.831953091103,21808.077400078077
8779,train,29150.0,21023.574661697865,21505.177056621185
8780,train,141472.0,19430.40582760462,19289.160371229795
8781,train,29824.0,22886.155955289123,22384.54095382571
8782,train,8212.0,62743.78161246178,75878.83450250179
8783,train,2577.0,22989.69114315177,26145.901821010695
8784,train,12351.0,18046.781675455157,20098.049613832125
8785,train,3985.0,9325.213359972442,8974.518497363282
8786,train,5460.0,11684.89452456213,13251.584643015383
8787,train,4754.0,8469.591663034098,8158.183938822067
8788,train,5718.0,11546.446494680633,11976.127855075945
8789,train,9524.0,9177.418174640856,7598.721045690526
8790,train,8016.0,9112.552386462368,8313.47146903779
8791,train,3230.0,11547.183880829401,12718.234108964314
8792,train,7876.0,10906.400472275001,12119.156358032738
8793,train,2751.0,8045.836669402059,7939.444561792501
8794,train,7595.0,7926.0219038295545,7040.6770458471565
8795,train,14920.0,7023.930291276186,7123.482804575949
8796,train,11299.0,8841.486124262678,8760.14281828765
8797,train,11017.0,9936.205450792573,10066.138692542292
8798,train,18245.0,9897.105962944888,9276.165582346097
8799,train,12197.0,11618.9847673172,11152.246384779994
8800,train,18120.0,11348.703879058576,10918.11605266777
8801,train,16447.0,12107.058129969177,11621.647245423079
8802,train,15514.0,15500.619219748489,15045.087512865784
8803,train,10336.0,15500.619219748489,15045.087512865784
8804,train,8526.0,15643.175834486112,14627.800344785328
8805,train,11670.0,14597.503384864216,13633.906564727808
8806,train,13648.0,14597.503384864216,13633.906564727808
8807,train,20552.0,14156.76242132594,13274.406423740247
8808,train,25414.0,14748.667483558975,14194.60166294486
8809,train,16198.0,16661.70981522361,15748.77630721625
8810,train,21581.0,18928.98544562863,18017.847371800253
8811,train,10096.0,18322.979830773005,18101.79827595928
8812,train,12892.0,20418.27443770708,19831.88420989416
8813,train,8309.0,15932.27867127141,15801.689746849612
8814,train,17111.0,14748.667483558975,14194.60166294486
8815,train,14969.0,14263.652395024978,13615.849137742907
8816,train,16541.0,15644.33937535405,15015.425439624714
8817,train,13663.0,15204.84409984128,14593.809526916988
8818,train,14936.0,17074.829323202233,16329.722570878665
8819,train,15006.0,15646.209294764616,15369.63934467797
8820,train,14235.0,16042.215037082959,15801.891548308902
8821,train,18836.0,16103.145129766279,15801.891548308902
8822,train,14731.0,15147.312732428367,14593.809526916988
8823,train,13164.0,16122.327036104509,15552.998914333424
8824,train,18363.0,15610.11551308879,15116.289560640154
8825,train,29443.0,14717.4974971903,14194.60166294486
8826,train,12740.0,15585.145175940115,15015.425439624714
8827,train,28794.0,21330.314592289018,20110.530826511
8828,train,26880.0,17266.354887821406,17112.26802396358
8829,train,22556.0,20783.196095816642,20378.68529301994
8830,train,20020.0,22005.867644831633,21414.88329525818
8831,train,22299.0,22861.83732454083,22549.081505628707
8832,train,11545.0,21456.977069706514,20840.28030146449
8833,train,15094.0,21456.977069706514,20840.28030146449
8834,train,21998.0,16916.162362818206,16729.385611519494
8835,train,26521.0,17410.18385665094,17199.87651863186
8836,train,29745.0,19110.330317301883,18561.07557603717
8837,train,17770.0,22005.867644831633,21414.88329525818
8838,train,17130.0,24370.116437535737,23160.405795133356
8839,train,22486.0,21429.976676683236,21499.090603292167
8840,train,17519.0,19606.28711056477,19267.228027703986
8841,train,18499.0,19718.507145222524,19151.773557602442
8842,train,17650.0,18483.50792462785,18259.97021822317
8843,train,18512.0,18657.490461059046,18445.30727640943
8844,train,12299.0,17661.290270844092,17565.84005333636
8845,train,23519.0,17661.290270844092,17565.84005333636
8846,train,17991.0,15915.330142266652,15797.26780448411
8847,train,16895.0,16875.854454524273,17086.136028111003
8848,train,9481.0,15237.615257424664,15913.646506732715
8849,train,18296.0,17070.781962994166,17820.636550312563
8850,train,18296.0,13777.712085154899,13932.431454069008
8851,train,21284.0,14741.045896382431,14551.805598521347
8852,train,10439.0,12491.769675230995,12255.419540259965
8853,train,9942.0,15190.683852861224,15348.813001299746
8854,train,7890.0,11520.3226890818,12399.760747483411
8855,train,7904.0,10863.477424174618,11400.612932385247
8856,train,1453.0,9048.970749415179,10085.81543004145
8857,train,4966.0,7995.297954793367,9066.257624040925
8858,train,9938.0,5333.813015053428,5993.148758205217
8859,train,11434.0,7599.209416852625,6894.56167524722
8860,train,8524.0,8622.43576076059,8613.350370711536
8861,train,6702.0,9727.583288665057,9837.003832466027
8862,train,5018.0,10762.678147272085,10911.223997900697
8863,train,15556.0,7835.09690531429,8435.450047905224
8864,train,10698.0,7514.72554827555,6966.907689766001
8865,train,6550.0,9054.817649829092,9313.1129684489
8866,train,10856.0,9717.039924779987,9274.582397559525
8867,train,11466.0,9576.433532580928,9274.582397559525
8868,train,20432.0,8613.210760920634,8780.862927637465
8869,train,5684.0,7831.318255805217,7586.788533508686
8870,train,76.0,12986.287375573971,12494.538998653185
8871,train,2277.0,11020.463519757115,10988.759261857143
8872,train,3761.0,4829.661235595049,4121.417886398255
8873,train,3208.0,5283.840671496221,4914.740686691861
8874,train,19554.0,4199.89339750209,4178.4960959231075
8875,train,11864.0,6505.912580539796,6164.915861870894
8876,train,4658.0,9929.424516140925,10458.77832079101
8877,train,2882.0,7618.041606851993,7899.378773325457
8878,train,483.0,7856.764067402136,7670.1035444026875
8879,train,1637.0,6213.491859729395,6022.082857819354
8880,train,3641.0,3214.283288512635,3683.263871848751
8881,train,3340.0,2805.6914302106375,3982.9389406878404
8882,train,3656.0,3082.7427419431,4173.751085352708
8883,train,6660.0,3300.607660694317,3061.2609132022526
8884,train,3820.0,5010.519641673945,4448.48500806278
8885,train,12916.0,5251.33368003449,5650.441544708254
8886,train,8912.0,5302.468899303792,5741.288162497263
8887,train,5679.0,6555.8580601455615,6346.038859585666
8888,train,8937.0,6742.960209280678,6629.466031533112
8889,train,8353.0,5720.815046870781,5486.902605761484
8890,train,12152.0,7492.963011448613,7211.231902912345
8891,train,7024.0,5918.984156821429,5899.602404287786
8892,train,1967.0,7651.008788177296,8183.571672043988
8893,train,8863.0,6978.190246883702,7222.161261220923
8894,train,12312.0,6416.391886978146,6197.819554011647
8895,train,8289.0,6751.984165482573,6881.467241814661
8896,train,2206.0,7395.024436418424,7302.703429365783
8897,train,12152.0,7218.640305757992,7755.230056008245
8898,train,14828.0,7055.577156617001,6228.03785703367
8899,train,6703.0,6255.581474768463,6043.559165156336
8900,train,12111.0,9323.886406626054,8871.678052511197
8901,train,18735.0,9019.159651886755,8430.28924656578
8902,train,17064.0,10070.464284112526,8848.433580298297
8903,train,11268.0,9081.311645793885,9657.448933845399
8904,train,18124.0,11951.135499225806,11880.701117867786
8905,train,16032.0,11399.46231608977,11587.513878986354
8906,train,23968.0,11965.528313849143,11573.161635432112
8907,train,36810.0,11751.19679669619,11573.161635432112
8908,train,24575.0,13935.133846575907,14264.522977770172
8909,train,10549.0,20440.487444614813,16718.97654338278
8910,train,6397.0,14954.80265694774,14588.458787776748
8911,train,10192.0,11449.325219848028,12780.910433493396
8912,train,9009.0,10574.148605470304,11972.344417833441
8913,train,11742.0,8760.606882391867,9538.603781282987
8914,train,3690.0,8649.471017854856,9298.713231078034
8915,train,5928.0,10216.603894462294,10813.929849004915
8916,train,2660.0,7274.60427563911,6621.091953141599
8917,train,10416.0,9616.994912135928,7845.5157285031355
8918,train,3961.0,5427.781109162667,5598.504105748337
8919,train,5504.0,7527.926055965897,7848.17738596432
8920,train,3750.0,5304.967689252246,6065.378274646282
8921,train,15655.0,4736.847451163561,4132.817114026873
8922,train,15384.0,3703.8279839732554,4345.432105499967
8923,train,9883.0,5234.279465652127,5748.33611877413
8924,train,9163.0,8331.29142261539,8895.175154486375
8925,train,6149.0,7742.375110802355,7000.428859950605
8926,train,14539.0,7855.9161195331935,7341.267795503516
8927,train,6266.0,5470.167310269374,5602.376028453389
8928,train,6692.0,7849.677617902381,7911.5118839293955
8929,train,3230.0,6986.336620681256,6151.146842736531
8930,train,3267.0,7941.504009690459,6393.77094858682
8931,train,6770.0,2621.728460179245,4200.456644064969
8932,train,11473.0,2495.86039232853,3109.7203259228313
8933,train,6326.0,3198.3290973692347,3043.5360447534717
8934,train,9086.0,4676.79360247251,5940.767674229551
8935,train,3765.0,4117.048814582544,4393.102546461839
8936,train,1755.0,3750.4084937340995,4335.704389558829
8937,train,0.0,1314.7189059350421,2906.056139430159
8938,train,0.0,1137.157425132961,1170.2158190292473
8939,train,0.0,38.37407713423805,65.78325560193254
8940,train,0.0,45.26459012549911,42.94483618787469
8941,train,2793.0,15.065085469214672,35.95508299568123
8942,train,5574.0,22.64451319304518,55.65963546316186
8943,train,2351.0,663.9585850752225,314.83232045143535
8944,train,0.0,177.37546167522223,223.60137697491413
8945,train,1583.0,622.1755200184573,662.7724025486868
8946,train,0.0,31.12832917650504,48.529023694508716
8947,train,1689.0,236.21980579121671,107.79960304914947
8948,train,0.0,8.471462770426038,13.77422355706655
8949,train,2844.0,145.2217596808359,61.551982142803894
8950,train,0.0,12.206287139219988,17.59565253736412
8951,train,4935.0,308.06991945846414,156.41779227401463
8952,train,2267.0,98.26245011240118,58.58094425617655
8953,train,2755.0,204.4519368339522,252.4498473763632
8954,train,46.0,133.6103994981201,167.51795950899375
8955,train,0.0,77.905191068959,128.134076585723
8956,train,1461.0,53.96454281886421,65.26413010649048
8957,train,1551.0,157.19908272740508,68.18412182868691
8958,train,1689.0,146.51254954210904,79.34107572723626
8959,train,0.0,63.49512192987292,51.39427454720472
8960,train,3201.0,94.65506637913863,93.85178991157134
8961,train,585.0,25.410411442465563,107.32194138234823
8962,train,0.0,53.128550224803035,32.59927417470957
8963,train,0.0,13.07635674352494,20.70405843933548
8964,train,1292.0,66.02840577869526,20.32107981982145
8965,train,0.0,5.419159466184844,6.929542207619614
8966,train,553.0,53.43471943107546,37.46667870071396
8967,train,0.0,5.621898538480894,6.83381218744961
8968,train,0.0,13.235588705528675,18.03109348210094
8969,train,0.0,3.7369027695368366,5.712491645966129
8970,train,0.0,4.4826651644290205,4.678524489059275
8971,train,891.0,5.035489015774897,7.934830783771991
8972,train,0.0,2.8955301981180335,6.096792439549615
8973,train,0.0,3.1689360238620825,1.7591467156151377
8974,train,0.0,1.211058882040787,1.506925492011686
8975,train,0.0,3.2825561280432254,1.389875056825236
8976,train,0.0,1.345239903621514,2.3588348910950487
8977,train,0.0,0.9092958936402706,1.455679972792847
8978,train,0.0,1.6162752271500787,1.08959708775749
8979,train,0.0,1.6000899138772007,0.7580745886822087
8980,train,0.0,0.8214982661956691,0.7580745886822087
8981,train,0.0,0.5499534082894766,0.80555561289405
8982,train,0.0,0.8159536947160175,0.8977996927931589
8983,train,0.0,1.1577407578237504,1.2602575188262901
8984,train,0.0,1.8389682744829718,0.9592570996929455
8985,train,378.0,1.693897798401248,5.036739926824473
8986,train,0.0,1.5702527603059027,3.3797742423448813
8987,train,0.0,2.330503843951428,2.0112458323227265
8988,train,0.0,1.907968302596716,1.539898926907345
8989,train,0.0,2.6823725757834174,1.9784426909561503
8990,train,0.0,2.24874850245462,1.9902639074258555
8991,train,0.0,1.715798013954625,1.6165144424179556
8992,train,0.0,1.4795593813484031,1.793296028223844
8993,train,0.0,1.8897294682358772,4.305545348745177
8994,train,0.0,1.6145712365376386,1.9902639074258555
8995,train,0.0,1.4460672627432332,1.936508480307309
8996,train,0.0,1.5333974824700318,2.151774135161239
8997,train,0.0,5.050378074526141,6.431545536096978
8998,train,327.0,8.003649190734333,6.1324580438640925
8999,train,672.0,7.100669922991919,7.331986218453842
9000,train,0.0,6.267667494205435,8.946501063482426
9001,train,1069.0,4.877807559615353,7.917132600150186
9002,train,0.0,2.3604623339413435,13.595457196227672
9003,train,0.0,2.8026345870114424,9.658951089682235
9004,train,0.0,5.043792474844975,14.603348225432237
9005,train,247.0,7.930296916680424,13.224224565703452
9006,train,594.0,10.551405999820696,22.919118046759245
9007,train,0.0,8.915776652718213,27.124870388911507
9008,train,0.0,2.0391609758473046,3.8085749950333474
9009,train,0.0,3.9175007117184384,7.620816480095625
9010,train,0.0,5.2309765033071685,11.03798365185381
9011,train,779.0,8.87817708603963,18.289620790480747
9012,train,0.0,7.895285237390151,13.82039504144626
9013,train,0.0,5.460968258655178,8.672397959556946
9014,train,0.0,11.547680403841808,11.597613682113698
9015,train,424.0,63.145254433801114,36.76245346535853
9016,train,915.0,25.26860379659334,65.45358526149974
9017,train,1505.0,33.462557328908645,71.70712495104927
9018,train,2108.0,45.0459929744063,85.73800672619251
9019,train,0.0,14.588499481174985,18.992404881573812
9020,train,5142.0,66.38912413132012,52.54288991291047
9021,train,1692.0,37.6186961805851,35.55023657696783
9022,train,0.0,29.423439751291873,44.89939279597451
9023,train,514.0,83.76609653842652,69.14138980527265
9024,train,3456.0,184.59090760980845,61.92208145834733
9025,train,0.0,8.039409738909244,16.89744106832336
9026,train,1507.0,128.1738198408742,104.5239100854461
9027,train,1911.0,164.70253671118346,220.69539748033128
9028,train,0.0,22.628646844667742,41.83317110355857
9029,train,2081.0,122.12463710155366,150.61473077613206
9030,train,535.0,295.40502601829604,167.6428400608534
9031,train,0.0,89.00699574899174,131.77263706472127
9032,train,0.0,112.02921128200343,194.9190384679641
9033,train,0.0,107.5613258612463,199.25857435812134
9034,train,0.0,46.48561116148331,75.82773008792668
9035,train,135.0,51.96775046903352,56.77647706472921
9036,train,2371.0,75.23545705149748,46.76657999457453
9037,train,3408.0,214.43457765138103,168.2859729882277
9038,train,3496.0,2022.4910409716251,1944.4869663370066
9039,train,5833.0,2035.0901986825504,1339.1831188829665
9040,train,7691.0,2264.0339029466195,2342.0269705059436
9041,train,1639.0,2807.1299947266175,2188.9230029536097
9042,train,3650.0,4664.53430449572,3132.7181729439453
9043,train,4233.0,3897.6247854150606,2016.9135897654432
9044,train,723.0,3053.5853546871986,2725.0673376519703
9045,train,2513.0,3431.074281821997,3255.3409651164943
9046,train,5932.0,1717.4862764489126,2510.282782212803
9047,train,7971.0,2022.606087371239,2984.616002979513
9048,train,2866.0,3973.689808312329,3775.9587377140365
9049,train,4280.0,4488.937746835715,5297.1257443418335
9050,train,4428.0,5412.324566637756,4637.124997399319
9051,train,0.0,2081.414374950432,3582.609494369229
9052,train,10620.0,2903.309169920325,2849.392666038254
9053,train,3509.0,1650.8034338256414,2546.1815186566805
9054,train,10949.0,4444.163825549253,4214.973488029136
9055,train,13595.0,4498.868597391879,3501.9726706013657
9056,train,10391.0,5895.750323859514,5487.433177457558
9057,train,7194.0,7043.471289287008,7257.7894270072175
9058,train,9668.0,4392.387216244102,6156.326320975042
9059,train,5290.0,8815.054655893155,8811.809353388351
9060,train,6775.0,6402.960713268967,6522.688144571238
9061,train,15390.0,6838.738975892524,6943.321883221104
9062,train,9799.0,7006.462814823467,7182.435163277989
9063,train,10267.0,8102.307232971386,8328.326664903443
9064,train,4372.0,8065.344115864299,8440.709733963355
9065,train,2422.0,8835.659371471591,9021.321906020368
9066,train,20659.0,5842.3762523627865,6239.436022978371
9067,train,8415.0,5654.90410409171,5941.276473582542
9068,train,6981.0,7403.27999866021,9435.521597685321
9069,train,8485.0,8633.575130350226,8718.218454201795
9070,train,6805.0,8156.02554597586,9021.321906020368
9071,train,7081.0,5978.8421043426715,6639.943204059436
9072,train,8764.0,5342.613671435582,5896.727354618882
9073,train,3678.0,6569.10169908447,7490.789665775005
9074,train,6409.0,6084.832198739054,6658.720293575469
9075,train,4035.0,5280.429320696556,4955.753774411208
9076,train,2846.0,5620.922312984357,6070.068686117793
9077,train,4372.0,4202.085627573227,4380.410604209549
9078,train,12209.0,3894.233045487547,4036.023407170139
9079,train,3663.0,3798.7454125790046,3889.402257950867
9080,train,6070.0,4719.586207198868,4897.79333059719
9081,train,2431.0,5375.92205494239,5523.36909136288
9082,train,12641.0,5295.186422901265,5528.684630432629
9083,train,3677.0,4550.0541278676965,4916.514170162914
9084,train,4594.0,5762.9300893331665,6354.833241566809
9085,train,8287.0,6154.631812196885,6406.450536627387
9086,train,3363.0,5774.129784623632,6261.28852785067
9087,train,510.0,6515.693393535551,7050.353019709561
9088,train,9020.0,4906.724119713696,5544.643797214777
9089,train,467.0,4637.355413867047,4594.354565338988
9090,train,1236.0,4326.364469201505,4493.069578805391
9091,train,3412.0,4538.587339171214,3966.903376968291
9092,train,1243.0,5116.420995117341,4680.538276728579
9093,train,3466.0,2742.991944470003,3267.9611937253667
9094,train,4070.0,3810.450961549046,3643.5261675133743
9095,train,26123.0,4097.118575395367,4153.541705285821
9096,train,176795.0,4054.1148756315765,3840.3903643283024
9097,train,105752.0,9934.74343474327,9953.220552339311
9098,train,2561.0,32556.098966629204,32811.53065822755
9099,train,8747.0,22364.901498022777,21744.76265870895
9100,train,7627.0,6502.069491592924,5854.595458031077
9101,train,4799.0,10767.618742674595,12629.641623515477
9102,train,8383.0,8393.613946700505,10744.503308039586
9103,train,12443.0,7102.446437942038,9367.527245069847
9104,train,9566.0,9478.685714541818,11870.542532835827
9105,train,8817.0,8934.735963001409,10856.071218059045
9106,train,15661.0,10980.71666081302,12591.592322687738
9107,train,3240.0,10131.618684090556,12591.592322687738
9108,train,5091.0,11190.651966078847,12772.247055392914
9109,train,14172.0,7623.043153993791,8625.930759163335
9110,train,19899.0,9031.054091156013,9541.162293465
9111,train,8259.0,8837.306497504824,8923.163038124632
9112,train,17617.0,11619.36993886346,11498.980991084527
9113,train,13599.0,10179.817632128706,10233.231435031961
9114,train,11536.0,11354.521667778004,10461.6622487461
9115,train,13391.0,10722.383836080531,10245.555847542571
9116,train,16195.0,11816.8114848636,11253.482116826852
9117,train,9419.0,11816.8114848636,11253.482116826852
9118,train,18034.0,12354.726569870723,11604.864474312508
9119,train,16788.0,11503.636048081351,10889.010941565848
9120,train,16515.0,12307.978632677803,11604.864474312508
9121,train,21963.0,12006.275213421644,11808.144257458396
9122,train,18210.0,12373.114772063082,12230.900174793205
9123,train,11539.0,13582.951624818645,12521.511066530418
9124,train,11884.0,12895.80019534408,12742.21453244133
9125,train,10639.0,12131.783881694455,12045.64839414061
9126,train,16306.0,11337.85564274309,11188.029892436647
9127,train,22365.0,11161.432952801768,11104.957702929074
9128,train,21771.0,12307.978632677803,11992.410923970305
9129,train,15439.0,13926.820903327914,12974.295007427956
9130,train,19874.0,14969.927014622444,13946.062925183385
9131,train,17461.0,13638.111376779014,13446.495814957949
9132,train,10826.0,14690.131920250098,13464.882935927084
9133,train,25121.0,12968.945006169291,12746.710765489406
9134,train,16444.0,12191.05445113973,11917.20041393934
9135,train,17846.0,13965.871419272078,12982.959426997708
9136,train,8537.0,12652.407754014534,12435.04184142397
9137,train,10611.0,12834.741958203898,13162.467046241754
9138,train,25228.0,11518.535461047015,11264.682193746607
9139,train,20575.0,11544.145573182734,11264.682193746607
9140,train,10130.0,13176.214034598268,13088.76069702246
9141,train,12514.0,12096.668512959603,12401.191637353102
9142,train,2982.0,9529.033680277382,10247.477243339235
9143,train,6977.0,9775.746607187577,10474.387943131629
9144,train,6586.0,7017.951600154631,7276.118555764297
9145,train,66144.0,7678.144668443745,8494.134478268023
9146,train,45467.0,6714.806788716312,7339.381973684658
9147,train,65683.0,29689.325005813713,28954.53449995808
9148,train,71016.0,23792.98399921879,22419.60817973584
9149,train,64289.0,30666.883551008796,29024.115573899395
9150,train,26926.0,31371.90532939488,31153.755740511828
9151,train,8044.0,30007.227467732715,24997.52873875853
9152,train,2212.0,18592.241061425848,18177.331718760666
9153,train,8982.0,13954.844853192666,13651.792035403681
9154,train,34328.0,8331.840028403009,8239.658580294888
9155,train,74289.0,9464.889934140687,10637.576067915437
9156,train,75817.0,16115.132180821594,16801.172226061455
9157,train,60893.0,33994.60986896901,32192.278871358478
9158,train,37382.0,34936.14306557689,34038.797010031645
9159,train,12003.0,28140.239913121844,25211.87859768543
9160,train,8317.0,23301.590162025725,20469.246022593656
9161,train,19875.0,14896.613959777435,13271.839431105318
9162,train,20182.0,12453.813857504945,13006.270668758321
9163,train,16358.0,14290.170964050634,15239.167104372733
9164,train,8732.0,13163.017519862915,15344.389981504684
9165,train,5802.0,11486.199140786997,13126.096492956809
9166,train,12110.0,10897.882670321917,11248.789512953523
9167,train,12192.0,10362.726916627495,11319.756374295128
9168,train,23065.0,9791.239377427144,10609.52203227207
9169,train,4974.0,10949.787232562212,11455.53164379925
9170,train,8993.0,13917.797206839872,14467.370686683438
9171,train,3354.0,9337.647454532778,8843.370119841513
9172,train,7274.0,9928.61835027055,9751.249013025314
9173,train,2575.0,6824.7864420664555,6716.142064155408
9174,train,3961.0,8141.963688040069,8261.592319355608
9175,train,15327.0,6906.264216938828,6629.869485057054
9176,train,9860.0,5708.991815200392,5414.552956775284
9177,train,13896.0,7968.207075073573,8338.271095880864
9178,train,4994.0,6516.778955668405,6914.460040083614
9179,train,16642.0,9649.538416694695,10404.977937554731
9180,train,19288.0,6906.217665873359,6191.921646165868
9181,train,12847.0,8334.596918877727,8279.364288301862
9182,train,4228.0,10153.962464877839,10335.394189289755
9183,train,18524.0,9976.996077480466,10100.173006389223
9184,train,12875.0,8514.770305356626,8408.687688208121
9185,train,10370.0,8505.856287976087,8892.386147465617
9186,train,7934.0,10117.676143933984,10239.752530588612
9187,train,9460.0,9864.492643165217,10163.720761695378
9188,train,18280.0,9134.545183796103,9074.393086948414
9189,train,9186.0,7229.785112233745,7292.836256968224
9190,train,13097.0,11025.121120391697,11000.931010784498
9191,train,5489.0,9864.492643165217,10186.842410378074
9192,train,8054.0,10050.228019170412,10239.752530588612
9193,train,10811.0,7590.235952380776,8066.910734694458
9194,train,14399.0,8581.989260420669,8198.751577515379
9195,train,16893.0,8404.160924426102,8326.698264969911
9196,train,7807.0,10534.146988797542,10212.73389449037
9197,train,11794.0,10951.624233802215,10800.510861602725
9198,train,13832.0,7915.269032766212,9123.166421763985
9199,train,19142.0,8897.922356606867,9324.708425130635
9200,train,610.0,8874.371971749591,9533.11966352315
9201,train,3814.0,9344.620899651132,10341.876686720201
9202,train,2875.0,3078.299898470295,3147.0149081057416
9203,train,3997.0,6389.72088053505,6547.933195963915
9204,train,8637.0,4561.282797610258,4006.3284075460465
9205,train,7633.0,4787.031119980125,4881.578638594001
9206,train,7607.0,5241.509734968048,5904.151760062254
9207,train,1758.0,2674.138370483476,3871.1175049898575
9208,train,937.0,4862.981898614878,5358.845337030276
9209,train,3132.0,3237.9855873108227,3826.465323374449
9210,train,3537.0,2406.7082440869062,2702.1419685879864
9211,train,8008.0,2264.7422186895865,2195.630605205992
9212,train,12819.0,2578.9938247475598,2411.4872759275513
9213,train,10712.0,3005.8371070359462,3991.3158084243155
9214,train,8637.0,3749.528322627512,5028.5961596028665
9215,train,10662.0,5037.835922167144,5344.409428683426
9216,train,1466.0,5933.9196412851625,6077.51311813606
9217,train,3305.0,4776.928904589042,5288.173901995874
9218,train,1461.0,2999.7351174134806,2881.7662062398726
9219,train,0.0,1929.577470652486,1967.1088842933673
9220,train,0.0,727.7316874651943,774.8687788872553
9221,train,5553.0,585.3159763617956,655.9232154294671
9222,train,2686.0,301.3561368039121,313.47084289428466
9223,train,29154.0,1478.2168053342803,1832.1427675149107
9224,train,271856.0,3113.3580442762836,2718.4040637107573
9225,train,74911.0,7140.688562918182,7057.977485083812
9226,train,2574.0,25645.949314653728,39576.168394073524
9227,train,0.0,3672.18409072892,9287.260871599743
9228,train,0.0,1031.4425033935183,1990.0958537800657
9229,train,4035.0,636.122091216768,1475.0571054766947
9230,train,0.0,58.231752547578665,121.92641477430149
9231,train,1805.0,544.3397668818732,820.1059113428317
9232,train,0.0,59.47032418142695,279.97084593181046
9233,train,1063.0,343.46058908483303,860.5221635372949
9234,train,2810.0,124.9704596393453,232.5736554870941
9235,train,5503.0,322.83966308798017,1016.913927439015
9236,train,6518.0,788.3176553282528,863.8691669471244
9237,train,10621.0,1178.795257224178,1132.160548015729
9238,train,0.0,495.7052868447401,521.8836107297312
9239,train,5994.0,485.49297938914106,548.021840309132
9240,train,3625.0,228.02510865115985,583.8237665689013
9241,train,0.0,131.53482287461458,410.1450471515883
9242,train,142.0,461.6044505363563,440.18324795903067
9243,train,1150.0,438.0656750763438,776.4101849902075
9244,train,977.0,301.6273102100221,514.0358643911408
9245,train,1701.0,415.12178642482206,712.8147581624922
9246,train,4298.0,633.0301861521186,944.1098390567658
9247,train,0.0,87.48887212778453,120.80339028520629
9248,train,0.0,28.402601535963605,35.92774918218138
9249,train,0.0,9.710981145244164,10.701362298056086
9250,train,0.0,5.821397834188534,7.825538275055189
9251,train,0.0,4.6294052558894805,6.925495596536305
9252,train,0.0,1.7052785632705905,3.29869037721934
9253,train,0.0,3.272447878872268,7.588031639362544
9254,train,2673.0,22.221874929322325,24.48782542531149
9255,train,1364.0,25.61097081018965,22.43715729049945
9256,train,3268.0,93.61110972132616,47.262281982334
9257,train,776.0,134.6482135019615,118.41521577997214
9258,train,0.0,20.98039917435838,36.34503896065036
9259,train,1355.0,301.547070697778,294.1243960027035
9260,train,2144.0,23.588461157994857,27.190352489260224
9261,train,262.0,11.16138407607585,7.034230650105014
9262,train,0.0,4.547537073824378,2.435163370694785
9263,train,0.0,7.504037003589664,6.321619274522779
9264,train,0.0,8.277231979098037,7.533795013739098
9265,train,0.0,2.0347591497810256,4.47816909762578
9266,train,0.0,1.0232499344637733,1.3479046262449215
9267,train,0.0,1.0347086366144547,1.2634530690803203
9268,train,0.0,0.7301483439470022,1.3579300319508967
9269,train,0.0,1.575003045884272,2.2559970919033807
9270,train,0.0,0.6620329533059848,1.838455029062787
9271,train,0.0,1.017301822657156,2.379180281472432
9272,train,0.0,1.455273710632747,1.6279331662989232
9273,train,0.0,1.54966030346489,1.228605415460064
9274,train,0.0,1.6729809814658685,0.9062233503014674
9275,train,0.0,1.6283089954752747,1.040941037428186
9276,train,0.0,1.385970752367967,0.8409310341290639
9277,train,0.0,0.8326160526302715,1.1665882580320819
9278,train,0.0,1.092093899686136,1.1738381210091768
9279,train,0.0,0.7023215544220196,1.2509376555779466
9280,train,0.0,1.4058378750050902,1.040941037428186
9281,train,0.0,1.2608814692168941,1.1659894108006652
9282,train,2232.0,1.7043993944938465,1.2559098257904715
9283,train,0.0,1.9687933252233583,2.878812054583286
9284,train,0.0,12.491344354742848,6.114851756895681
9285,train,0.0,5.213481193260968,3.369617772293493
9286,train,0.0,7.859202555312457,3.537535629803287
9287,train,0.0,2.318839021455784,1.8666681413032928
9288,train,2289.0,2.7779205085511007,1.4130126218527321
9289,train,0.0,2.830385388726907,3.721250961886362
9290,train,4162.0,109.4656920801966,64.26930032674689
9291,train,3692.0,67.02025186601364,36.319534911026466
9292,train,11001.0,553.0237404521787,182.84030968219196
9293,train,7646.0,876.1064510605202,257.648167022588
9294,train,1365.0,61.17028775756234,73.87243652798152
9295,train,0.0,29.37571459846835,75.60289929914734
9296,train,0.0,1.1093017084277292,3.0560892187328763
9297,train,0.0,1.7509760408663517,1.0830353647662796
9298,train,0.0,0.31297674586860735,1.5070883990612045
9299,train,0.0,1.1564967468595415,0.491296735418126
9300,train,0.0,0.7185039899018946,0.491296735418126
9301,train,0.0,0.8350980737868692,1.230155618994306
9302,train,0.0,1.884873088237113,2.1723674456205186
9303,train,0.0,2.1888579271500768,2.7214508953208427
9304,train,58.0,3.732417456014155,3.441805488041952
9305,train,0.0,1.7048536962148795,1.7763120296331998
9306,train,0.0,1.7454123919533129,1.9125260750562076
9307,train,992.0,10.830483168675645,3.3353045923190363
9308,train,2487.0,6.246212808569036,39.32161093040251
9309,train,0.0,5.23296503234173,39.3864243784706
9310,train,0.0,17.421016462179992,15.866194129508852
9311,train,0.0,15.947262772962706,28.89773312000195
9312,train,0.0,15.41749405868578,37.54669185202797
9313,train,1615.0,160.5204307767304,77.34817181998274
9314,train,5835.0,147.60204706583298,71.53084169263913
9315,train,1369.0,132.0255300864477,182.71013009615947
9316,train,3978.0,158.2643177796299,409.9489149498641
9317,train,7684.0,34.49494990743046,214.51350496101747
9318,train,1711.0,310.85742577870735,319.27625499003835
9319,train,0.0,94.14881295011402,144.89517704583204
9320,train,168.0,53.13710986099058,178.87612052478383
9321,train,0.0,26.37018388390011,41.19729107944593
9322,train,0.0,18.878825412969764,23.125785734748273
9323,train,348.0,4.644895578187446,2.8197395412142248
9324,train,0.0,2.9162938727318477,6.642905927580879
9325,train,315.0,142.91364866272588,91.2264946051236
9326,train,0.0,27.7114601228232,27.05267987678253
9327,train,0.0,137.79823516681176,69.24806769075829
9328,train,0.0,23.853073200922474,46.477048349303104
9329,train,2297.0,131.53805720582776,230.6453416733153
9330,train,1662.0,129.93537161109407,106.63509191860578
9331,train,1425.0,1794.802609586711,1232.3006071454915
9332,train,1722.0,1504.2220746409832,648.792324668946
9333,train,2771.0,784.305359445595,473.20014832733006
9334,train,6608.0,3144.9609006613846,906.9569519307954
9335,train,9913.0,3747.0032014413414,1315.413880221589
9336,train,9898.0,5797.692537715318,4220.399131503678
9337,train,9457.0,6740.335359210861,5922.680350823235
9338,train,6466.0,8421.073077312158,6639.420359732684
9339,train,9632.0,6893.549072960958,7099.486854404017
9340,train,3762.0,5754.995119148144,5943.279677274422
9341,train,16038.0,7081.29298065879,8218.328084225794
9342,train,9845.0,6981.01922664515,7462.283357174215
9343,train,7235.0,10124.561153087274,9898.72984599119
9344,train,7345.0,9504.162156054386,9483.940571226916
9345,train,6597.0,10414.025602237802,9990.276017971839
9346,train,7953.0,8612.063735050699,8773.94733377584
9347,train,27968.0,8070.248215505009,8068.810333526793
9348,train,58746.0,8459.637165301063,8752.314727426754
9349,train,72154.0,14491.969758730713,14104.371898586738
9350,train,66009.0,36745.25321380282,37823.70330530085
9351,train,101687.0,36305.13160568887,38058.80485514619
9352,train,115131.0,38328.24226947107,38603.808624357676
9353,train,121744.0,52010.92974947362,51835.81793744293
9354,train,88716.0,54287.17605675365,52685.70962502972
9355,train,43344.0,54502.00481686272,59464.74460625606
9356,train,46746.0,62527.96606358402,61145.163504055316
9357,train,44294.0,36113.46275856771,35456.13422812591
9358,train,54026.0,34797.39174318322,35086.76228813147
9359,train,89740.0,30795.337571804186,33444.62931197401
9360,train,59592.0,41344.18449971383,45532.9622994836
9361,train,41589.0,53419.94669826248,58368.786994659524
9362,train,48131.0,42072.6033138419,42611.02559360142
9363,train,45125.0,34942.204130493235,34223.511548125425
9364,train,40058.0,33066.43117927811,31880.3638418541
9365,train,43077.0,32570.875630585902,31037.714303037214
9366,train,35575.0,34589.84139129135,32717.285853534737
9367,train,27113.0,34210.30017814708,34292.60681080601
9368,train,39192.0,28654.188408428894,26425.706503806414
9369,train,34950.0,25134.43877199443,24674.490774941227
9370,train,39556.0,30771.503830829803,29612.171591658418
9371,train,41886.0,29035.64569439335,28735.28958833966
9372,train,19670.0,31522.370183911,30416.120013651354
9373,train,3379.0,29791.647159327906,28067.605561745077
9374,train,19721.0,22208.196926660217,21960.896761941778
9375,train,76977.0,11358.945837901489,9420.507785828173
9376,train,53071.0,15700.191772382952,15356.420613710185
9377,train,3361.0,39030.78998209683,40474.68449134604
9378,train,900.0,39954.883079393476,37193.8994542793
9379,train,19826.0,12460.899842555258,10886.71945768836
9380,train,79692.0,7487.67146715691,6269.6274300721225
9381,train,68767.0,13875.899138186864,15049.284273953197
9382,train,34903.0,41657.227168729914,41286.69186842929
9383,train,42873.0,42043.90657734715,40230.567525886974
9384,train,89254.0,30072.328716702603,26719.38730582356
9385,train,19967.0,35426.69407032892,28693.820196324403
9386,train,10581.0,58480.109324137695,54230.74900986584
9387,train,55421.0,24489.15502988152,23084.57064760273
9388,train,4483.0,19799.548827782055,19556.076940909697
9389,train,17891.0,43136.228000967596,41078.243591498045
9390,train,15243.0,14617.485593125286,12670.693563378201
9391,train,18372.0,23120.953732193586,22553.610210214825
9392,train,9358.0,17300.823088546404,16980.158178467365
9393,train,9222.0,18443.94522046065,18210.944746921432
9394,train,16891.0,16013.553187885826,16004.319815224191
9395,train,5971.0,15832.89610463293,15053.782739692426
9396,train,18881.0,16540.247953653383,15881.206849587536
9397,train,12139.0,14581.24430389198,13523.19956080465
9398,train,32106.0,17407.701641458647,16625.35012114887
9399,train,107968.0,16319.827521705181,15485.067914878133
9400,train,215611.0,24643.748616824196,23145.561916464358
9401,train,186023.0,58554.617518940955,55891.75358087072
9402,train,209931.0,128275.98429607585,119426.95729809081
9403,train,146647.0,144939.75620228483,134303.58430597826
9404,train,178297.0,146266.09519504395,134303.58430597826
9405,train,140438.0,104899.89689462757,91906.67219487483
9406,train,171835.0,123161.68055757218,111173.99921149353
9407,train,175794.0,65571.44276926572,71487.01766232055
9408,train,180563.0,123161.68055757218,111173.99921149353
9409,train,192213.0,123161.68055757218,111173.99921149353
9410,train,137162.0,123161.68055757218,111426.88852683548
9411,train,63695.0,129781.03189485091,131150.55942773673
9412,train,26885.0,62660.291602209836,69953.45095718816
9413,train,23600.0,41288.513094653266,51205.33190535751
9414,train,26940.0,22315.615770774086,28629.267327302332
9415,train,11624.0,25934.433823379033,28122.246121587064
9416,train,6559.0,25788.752150358046,27811.299055299813
9417,train,12079.0,19681.040622549164,20939.225765639625
9418,train,23952.0,21052.791927341867,18146.492333734906
9419,train,21419.0,20164.153619329496,18250.250484316166
9420,train,9775.0,23178.88833594703,20800.881452245154
9421,train,20741.0,23038.147574138817,21892.02894352346
9422,train,12333.0,17583.27378232116,18505.60857186496
9423,train,9143.0,18363.570562678353,19209.104341526105
9424,train,16120.0,15634.568861778991,16124.490998167359
9425,train,16548.0,12439.7359389352,13539.763778519644
9426,train,22872.0,13309.525618294412,14429.86422368481
9427,train,21853.0,14489.45136587646,14927.202178535064
9428,train,13347.0,13642.501440408407,14717.06502602449
9429,train,10926.0,14189.456370609327,15611.857683701966
9430,train,4938.0,11990.998303320517,14134.27644233641
9431,train,5694.0,8414.470444075847,11018.964422683268
9432,train,3451.0,7853.491004495855,9068.631316230132
9433,train,3581.0,7877.1357906909625,9042.5797543994
9434,train,6234.0,6718.173531411807,7986.250475511311
9435,train,8288.0,7562.734721559257,7434.278472382161
9436,train,11734.0,8854.27950644848,8968.479168742242
9437,train,5453.0,8237.294214269654,8968.135634097858
9438,train,2463.0,10592.863848061686,11263.438057078592
9439,train,8991.0,8475.43602255551,8797.916423299363
9440,train,10168.0,6669.635710023791,6842.93607243757
9441,train,2327.0,5867.312679544427,7201.024632012817
9442,train,9746.0,7878.748843084478,8444.380718215933
9443,train,5604.0,7494.924449892206,7826.202308497465
9444,train,123.0,7595.866735771302,6398.518913051222
9445,train,8732.0,7331.361098384064,7034.266108921831
9446,train,3607.0,5500.798724282348,4868.811226300588
9447,train,7624.0,6234.942824386461,6873.525027384458
9448,train,3966.0,6705.166445062327,5783.176434751107
9449,train,5097.0,8570.209306603463,8127.504304125582
9450,train,5080.0,7320.631218778758,7152.432560225543
9451,train,11639.0,7772.970010779327,6913.580619483984
9452,train,17301.0,8047.830946246409,7313.646845127592
9453,train,10848.0,8067.432632879851,7659.663476220093
9454,train,8466.0,11753.933503178603,11354.772727616253
9455,train,16048.0,9451.941317010802,9500.750742993392
9456,train,847.0,9451.941317010802,9842.557871201627
9457,train,7714.0,9943.380811320125,11200.003449224458
9458,train,10004.0,6938.230111932966,6400.923829570549
9459,train,18969.0,8170.861534000594,8605.906174514783
9460,train,12430.0,8388.938531534526,7613.122985526553
9461,train,25773.0,11670.039864724966,12615.08179455752
9462,train,11412.0,12203.656922293409,11139.251291120465
9463,train,18225.0,7951.334706961757,11139.540890067285
9464,train,23704.0,13625.921554346873,13096.268891022572
9465,train,38271.0,14367.586528695416,13775.512322726108
9466,train,53652.0,15090.669913263526,14993.459370042965
9467,train,59085.0,20758.176907884354,20749.028738831326
9468,train,75277.0,39337.298648712225,39437.02864535665
9469,train,62845.0,36754.051222169,41451.735762819
9470,train,134439.0,40042.84564952921,40001.76812165703
9471,train,8242.0,36474.191651647845,38278.77334860702
9472,train,12026.0,59621.021652558346,57005.436778679694
9473,train,13768.0,18287.537982444806,18586.549529163327
9474,train,101701.0,20853.67406977277,18481.806643788197
9475,train,137468.0,16577.397816950903,16304.035290533797
9476,train,8004.0,53937.77388364971,55343.14032032192
9477,train,16578.0,61330.535399677465,62955.31686425378
9478,train,14369.0,18254.85447751864,20522.83984412502
9479,train,9000.0,23235.715192727323,24823.90834139862
9480,train,35208.0,15486.566075625029,17140.779005414264
9481,train,12883.0,15164.715194776802,17023.520414749928
9482,train,7422.0,24543.952220317384,23832.066458282436
9483,train,7230.0,15686.751678704222,16563.39914491011
9484,train,9823.0,14743.9810665916,15586.020174853616
9485,train,6345.0,10040.449916615584,12176.961613804473
9486,train,13355.0,9423.873653598064,12181.740467767047
9487,train,1401.0,9552.54996344512,12633.837122685702
9488,train,9027.0,12490.242789243492,13329.860390445047
9489,train,17578.0,6907.5308849611165,6389.88211699739
9490,train,2661.0,8054.495999494808,8772.310885644458
9491,train,1553.0,8863.243521619665,9507.002164427087
9492,train,14243.0,7413.570772431993,7905.072459453515
9493,train,8115.0,6823.644106695103,6917.950843643934
9494,train,5370.0,6263.628314927042,6977.215513217148
9495,train,12855.0,7357.9992517588935,7261.332561583666
9496,train,6402.0,6204.0520655836335,5493.436322192711
9497,train,5362.0,5841.323701055824,6009.152984139468
9498,train,7140.0,4859.098468672318,5657.476173623739
9499,train,1089.0,5756.004375811292,6523.509684528625
9500,train,1755.0,5803.538423993122,6615.058874793948
9501,train,2984.0,3119.69650812534,3523.031467919028
9502,train,11260.0,3156.475946396455,3485.0300739631925
9503,train,4645.0,1794.6957962389677,1985.9014226569345
9504,train,9092.0,4287.820325252529,4148.907771652517
9505,train,12793.0,4955.5224749382205,4826.363840839655
9506,train,0.0,2810.57496159704,2842.6678013268056
9507,train,4779.0,4602.105063435095,5290.734088818568
9508,train,7027.0,3245.2006091150542,3760.830977679377
9509,train,3514.0,4147.168675756511,4912.849484161823
9510,train,11419.0,4036.27354507621,2980.847675102621
9511,train,9366.0,3336.950498417989,3723.183603766965
9512,train,6933.0,6261.125482257265,6768.5911383780685
9513,train,5129.0,4402.554395159271,5102.380410010145
9514,train,1394.0,4462.811533724955,4778.311171003343
9515,train,7693.0,3820.1815204527825,4840.409269007237
9516,train,1266.0,1809.9330672152705,3223.8009313840244
9517,train,6154.0,3469.9684147092175,3493.8557518334887
9518,train,13802.0,2082.4351134444682,2136.059144518148
9519,train,6297.0,2827.6773899548766,3477.132164326298
9520,train,3780.0,4646.93429552177,6151.974369588672
9521,train,7053.0,3561.9978728619017,3872.9708696072007
9522,train,4659.0,3528.259934377626,4061.4970476231865
9523,train,4691.0,3646.322360535936,3578.566626484227
9524,train,1377.0,3202.74431564809,2794.3972195136107
9525,train,0.0,1278.441034129303,2442.253377009882
9526,train,323.0,945.1095346250858,1448.0782700348939
9527,train,2987.0,642.8097545546304,570.8140096855223
9528,train,1095.0,784.4525132056914,987.3707643521788
9529,train,991.0,595.1796153631389,723.808089138257
9530,train,1992.0,908.2451007929777,520.8705088621017
9531,train,1075.0,409.8949033426341,1091.9146600218548
9532,train,2555.0,941.9851527571302,1188.9496628443217
9533,train,5137.0,509.0167436980583,983.5967599674867
9534,train,1219.0,719.4762742390973,825.7587265555419
9535,train,4613.0,607.5083565239429,696.7840894538855
9536,train,0.0,40.42530787362504,90.10418858984293
9537,train,1587.0,154.83676429381342,352.88478745801444
9538,train,0.0,20.604981789732005,70.54864394570532
9539,train,0.0,13.123996969461855,72.64730720585192
9540,train,230.0,36.41604445024603,133.38631109765078
9541,train,1373.0,130.9286750616468,351.62645966533995
9542,train,432.0,56.025475890816395,131.1493600380933
9543,train,1807.0,333.6298195378549,200.60781329533697
9544,train,3626.0,679.5685633677032,290.6825483567145
9545,train,2452.0,318.97073977974617,668.2860828054821
9546,train,0.0,30.37096740051579,22.968219752799683
9547,train,2579.0,229.9610123302284,139.7591596292255
9548,train,0.0,4.814380918174132,8.822988828664844
9549,train,0.0,14.056242272612915,30.083306626558386
9550,train,0.0,15.689515561112845,23.61916293024983
9551,train,3981.0,132.52145098515342,49.65940376741549
9552,train,4607.0,35.72611022825565,32.82657733391727
9553,train,0.0,15.294307387826276,25.62653672209314
9554,train,1909.0,105.02271612684228,71.59596115190851
9555,train,8815.0,132.38188478094233,263.8636410072872
9556,train,1434.0,86.14583025768405,61.71102634307686
9557,train,1291.0,67.46165533971511,37.34479895099184
9558,train,653.0,80.81967668302785,60.45123243614905
9559,train,0.0,19.81668159226822,22.322112416201012
9560,train,0.0,51.03221003553554,13.97237138897216
9561,train,0.0,12.729229952098363,15.311181325363957
9562,train,0.0,3.0607810981323116,5.12356157740335
9563,train,3506.0,6.724703969051083,22.33896551983807
9564,train,0.0,3.439704502306996,6.521899719783141
9565,train,0.0,1.6832928879124576,2.5492614380598884
9566,train,0.0,6.349822349584895,12.554335476006324
9567,train,0.0,2.5493577544559725,6.524827101891382
9568,train,0.0,0.4570425574649468,1.714348028127778
9569,train,0.0,3.2472439618726012,1.979512681116288
9570,train,0.0,1.7145734747033567,1.8703849608764673
9571,train,0.0,1.5110785035565266,1.8455910259042625
9572,train,0.0,2.2096676141872673,3.5414709776876716
9573,train,1858.0,5.482936450956994,4.375037613217093
9574,train,2035.0,2.018452838078986,3.940707180359884
9575,train,0.0,1.5504214414119288,1.6403191147013216
9576,train,0.0,2.192678782231964,2.0289022880042094
9577,train,0.0,4.585524291151241,5.539627929369172
9578,train,2133.0,6.825434809987616,6.003364665204447
9579,train,1816.0,4.221227067138536,4.268330361832021
9580,train,0.0,1.6864691398172944,1.8373058029029927
9581,train,0.0,0.6451053991901989,1.6014818235128367
9582,train,0.0,1.3423446666347507,2.3750918502418785
9583,train,0.0,1.9076792334752142,2.411298340915088
9584,train,0.0,1.9023400925825453,1.4152067134874105
9585,train,0.0,1.9735816731663922,1.1877426812711085
9586,train,0.0,2.37906256967096,2.6035001157651405
9587,train,0.0,1.8268290167330354,2.5993743866520784
9588,train,2643.0,3.5693917755460793,6.220561572981759
9589,train,0.0,3.8812079611937245,4.392018678913267
9590,train,0.0,6.64366247879048,11.224869350597793
9591,train,0.0,6.9801815157109495,8.672716726371851
9592,train,0.0,4.716853472435273,3.8397402789318154
9593,train,0.0,4.962549781183313,3.966377021641617
9594,train,592.0,9.784135372020229,4.864478078102557
9595,train,0.0,6.793486276246318,6.31517112090775
9596,train,0.0,4.401198781352946,3.964389123013916
9597,train,0.0,5.667474139195511,3.4554757873408573
9598,train,0.0,4.842395892548343,3.4412322569770613
9599,train,0.0,9.084623025048774,8.567382111346133
9600,train,0.0,8.133598078788431,11.956770088120223
9601,train,0.0,16.520932315459973,10.383734573645222
9602,train,0.0,15.2108093967767,11.565764598603431
9603,train,0.0,13.236903297549945,14.592634786151699
9604,train,189.0,44.65421637037047,31.134405129020223
9605,train,2319.0,42.3350406796528,34.49877752503587
9606,train,0.0,51.850986633120385,76.06918664669705
9607,train,878.0,721.1435544864864,1196.477993472011
9608,train,0.0,151.96669393899478,312.83333580834176
9609,train,1723.0,1773.1231148708118,645.7518956170268
9610,train,3837.0,404.79612965091167,383.48714988242216
9611,train,3994.0,2135.499006188622,1481.606079375823
9612,train,5195.0,2523.324765677386,2075.473236806232
9613,train,3703.0,3783.9989352951156,3682.860200885019
9614,train,5597.0,3681.303231473793,4067.145555598572
9615,train,9854.0,4596.988186806438,4758.915290063353
9616,train,10681.0,5334.141038315731,4793.440025488054
9617,train,11451.0,7137.1250019274175,6669.487835149448
9618,train,7914.0,7699.703540030927,7019.783712263839
9619,train,16578.0,10776.579329192427,8256.315936613844
9620,train,9797.0,11334.378178529627,8645.585306299
9621,train,15411.0,12674.797433525799,10855.707351506753
9622,train,12303.0,11328.524578055602,9580.227224484483
9623,train,16596.0,12693.67827725319,11967.327922053924
9624,train,16596.0,12362.522011437131,11304.050736399558
9625,train,10527.0,15496.004336474487,13942.80701980141
9626,train,12279.0,15496.004336474487,13834.987745181195
9627,train,8658.0,13904.578944729374,12479.445725065912
9628,train,39617.0,14488.852817927602,13078.688733758167
9629,train,69372.0,13500.811555999377,11800.808809919841
9630,train,19717.0,23336.152871900264,23022.644898431125
9631,train,12413.0,43852.16255657926,41982.03298128521
9632,train,101404.0,25396.62179028476,25025.58207526047
9633,train,545209.0,21110.761601815393,20135.85928675394
9634,train,496924.0,60153.60314148246,56210.68817735193
9635,train,485728.0,294750.2417233899,314589.0529034125
9636,train,413980.0,386743.8544635072,366112.5005009839
9637,train,276336.0,348617.61537230277,332584.3803737501
9638,train,159534.0,286211.0735649636,272477.25080869
9639,train,97195.0,200947.76540033316,192653.2263502649
9640,train,135321.0,127531.84783983346,124342.5635049626
9641,train,252860.0,83338.10001708017,78209.910766673
9642,train,180601.0,86790.38416013692,83868.65667233452
9643,train,248994.0,159488.47266652234,152225.62192980555
9644,train,347846.0,145254.53853663712,141297.6818523671
9645,train,412672.0,167712.2769240114,157141.48460114136
9646,train,427773.0,213793.77850608478,208257.4235565876
9647,train,301420.0,289378.1147743972,283297.7088393308
9648,train,318670.0,347980.42184639734,345791.7689974594
9649,train,244508.0,210634.73122683124,208873.26898316463
9650,train,96190.0,210634.73122683124,208873.26898316463
9651,train,229807.0,179863.42237692824,172332.8155029867
9652,train,145638.0,82286.06682171408,79182.4331428612
9653,train,150572.0,147840.05206098504,144069.19094291687
9654,train,200267.0,110250.03184229147,105042.71822096105
9655,train,168080.0,116667.90531838029,112677.7351341559
9656,train,188610.0,147840.05206098504,146577.0322250414
9657,train,122036.0,116667.90531838029,117043.07319321047
9658,train,247851.0,152033.57176720988,146902.37201605126
9659,train,293582.0,88902.69439579356,86581.3725549622
9660,train,378884.0,163674.95148077045,153368.5827290681
9661,train,556460.0,201728.45366890496,185887.99330805973
9662,train,326139.0,314703.53565399896,288213.25832216686
9663,train,188506.0,399094.9205038939,382807.6676523351
9664,train,205134.0,217759.59992806427,210056.50810663076
9665,train,291656.0,163891.01287984368,158891.82476594576
9666,train,278988.0,155625.47102135522,144859.047180059
9667,train,256446.0,195703.1172362238,191505.0707094544
9668,train,545279.0,203115.69717344793,192008.43660910087
9669,train,819959.0,186537.9912840421,176151.73415515764
9670,train,394136.0,414363.029404818,389086.59201660554
9671,train,289956.0,401149.4161551578,450355.4569464112
9672,train,218118.0,284955.65679571003,295869.3720160096
9673,train,229329.0,157035.95695221846,195581.01511331092
9674,train,215973.0,155926.18184199004,156561.72359054093
9675,train,190932.0,142871.5121640243,142436.6217809507
9676,train,202689.0,142871.5121640243,142760.62405580204
9677,train,139119.0,142871.5121640243,142436.6217809507
9678,train,135545.0,142871.5121640243,142760.62405580204
9679,train,38818.0,82158.18750669505,83949.3346018059
9680,train,42516.0,82158.18750669505,84140.29608407036
9681,train,37843.0,45104.09276211093,43945.13792582346
9682,train,37396.0,50021.2015816407,49328.82105184357
9683,train,25962.0,43801.121369614244,42764.34347092425
9684,train,28074.0,43080.15397219132,40652.39021102956
9685,train,45158.0,35241.10808737267,34329.136412740125
9686,train,59654.0,33693.69450972966,33371.460662278
9687,train,125225.0,49311.92831860376,45947.65511407327
9688,train,181420.0,67755.28261439085,62464.25492420476
9689,train,228762.0,86714.58009235516,81408.61710943904
9690,train,314601.0,148420.94756976815,138188.79869735416
9691,train,263994.0,155744.46344401652,144243.03986729632
9692,train,311394.0,207100.77075978188,188072.42511003255
9693,train,169738.0,190197.81648468832,172540.77003031338
9694,train,41907.0,232518.42181431994,211821.31088495837
9695,train,40607.0,126538.07317101354,116664.22700830092
9696,train,41386.0,53280.74581867219,49176.330529929604
9697,train,39447.0,52240.20159273504,48501.10458267697
9698,train,39355.0,51045.58344916147,48014.45946972376
9699,train,31644.0,51045.58344916147,48014.45946972376
9700,train,89856.0,47966.769557013446,46558.28449400881
9701,train,151575.0,42980.72544898334,40949.05211247947
9702,train,163436.0,80021.43877009842,75915.85183797382
9703,train,151208.0,115372.30205213442,106504.24096721313
9704,train,179707.0,118804.28450712332,113340.06378527716
9705,train,165150.0,119329.48745502502,109567.05149325068
9706,train,183162.0,122844.07489947886,115999.54491898893
9707,train,151777.0,118900.81211082736,115062.36315011162
9708,train,184838.0,149681.66901318647,143030.42323512028
9709,train,154471.0,118930.40354421544,111611.42022082051
9710,train,169261.0,152593.02103591224,143030.42323512028
9711,train,90372.0,112117.63643052655,107359.70832807271
9712,train,25178.0,107799.56185621876,104635.99591353322
9713,train,18911.0,75795.17294337609,73867.62993201708
9714,train,15644.0,31744.422902722916,32524.950971945735
9715,train,8822.0,30275.90182180379,29354.220510972773
9716,train,6208.0,24265.184642055417,22889.28944182605
9717,train,10447.0,20080.93308714992,18731.02915776397
9718,train,18931.0,17860.016036468533,17868.917481391083
9719,train,9731.0,16318.45853298958,14844.056406827094
9720,train,69686.0,21063.769584778085,18767.55115225254
9721,train,136938.0,18578.663229943733,16153.732259742052
9722,train,152798.0,44769.533829117914,50391.34253477874
9723,train,160413.0,75343.67354701116,68200.30834472721
9724,train,168451.0,103827.31592600587,91797.9400250948
9725,train,164187.0,105813.92509289655,111775.89321048319
9726,train,158379.0,110609.62169367605,105997.26808437292
9727,train,170310.0,114048.86202848486,105997.26808437292
9728,train,160399.0,114078.13166417886,108779.84301435048
9729,train,179917.0,123349.36773399814,108779.84301435048
9730,train,137407.0,116881.09222621893,107227.57425857933
9731,train,54669.0,117989.13516774886,111332.32126048731
9732,train,16662.0,81382.53867712941,76129.82775208267
9733,train,10241.0,45668.333468948746,56295.71072540739
9734,train,22572.0,28704.456897166016,27375.827585439863
9735,train,25475.0,23621.30955494108,22061.91237021788
9736,train,27453.0,23830.882279196143,22788.462753206513
9737,train,74812.0,25768.403630699846,25561.819243443086
9738,train,146960.0,27806.931333733217,28151.123443455323
9739,train,21132.0,55272.97103490069,53829.84216754031
9740,train,24768.0,102196.71049754407,94115.8141658613
9741,train,29039.0,29199.79320462094,28908.71826077672
9742,train,8040.0,29633.13418480559,29206.15921437184
9743,train,272056.0,29192.810131347513,29103.769110492878
9744,train,406710.0,20183.769410897323,18997.25383692362
9745,train,113392.0,182552.6935214911,155039.35314560012
9746,train,11443.0,233170.05502667613,228748.90103240623
9747,train,90520.0,77531.28005438569,78550.66947832787
9748,train,67677.0,22857.228033115684,22422.833242095112
9749,train,105411.0,73271.2917690342,73242.82481277965
9750,train,82614.0,60830.282010953,60658.80071399982
9751,train,65675.0,85313.35731161814,83779.2623718388
9752,train,68939.0,56221.383569021156,58424.933509751994
9753,train,62542.0,58611.059516933616,60198.887957749605
9754,train,50886.0,59573.92629107821,60974.96697357841
9755,train,55560.0,56917.90621363236,58448.41474999244
9756,train,53822.0,45778.09933223674,46033.193439626695
9757,train,45760.0,60283.29074069241,61527.42892043891
9758,train,39936.0,57220.15589715804,57594.30424050734
9759,train,43092.0,44019.48742433821,42330.08200846524
9760,train,46916.0,41126.36732350126,40413.901038425785
9761,train,40325.0,41730.47659653777,40946.949333687364
9762,train,49277.0,41730.47659653777,40946.949333687364
9763,train,48829.0,42462.82153835576,42658.64368300103
9764,train,110347.0,44141.03529803293,41682.120301198236
9765,train,320045.0,36447.46025649463,35451.50943322364
9766,train,290533.0,77444.3177074172,73484.57641329568
9767,train,53879.0,171913.3739799016,170690.86143180612
9768,train,38076.0,180455.38822560947,177241.19645056227
9769,train,15996.0,59719.85408087444,60556.95222151259
9770,train,11836.0,38064.881292336446,38906.502264640025
9771,train,133593.0,27214.55664184449,27468.139916343844
9772,train,74680.0,21411.04596954335,21233.752538654735
9773,train,194058.0,80352.42369236241,75990.45769849425
9774,train,38619.0,50419.26186302674,54122.0694530233
9775,train,52245.0,130408.66431736299,132656.9113360546
9776,train,24599.0,34156.529151380244,33521.01510282259
9777,train,6062.0,54484.99481674483,57472.225994394576
9778,train,9996.0,26149.353142733133,28472.5495532934
9779,train,11297.0,18657.484209047896,19559.609959812966
9780,train,37898.0,18695.48213206942,15712.7458169488
9781,train,32009.0,15999.9213400601,15805.40525935916
9782,train,6401.0,26723.953193502588,26096.09658473422
9783,train,103211.0,32568.887711418854,31923.136606260712
9784,train,68118.0,21369.036188293678,20680.846619753473
9785,train,44528.0,64167.51221622709,62351.6250375358
9786,train,21348.0,49287.46677632008,45752.610381828905
9787,train,6419.0,30383.43768389925,33396.23196667448
9788,train,15487.0,21913.129193498706,20799.154201990972
9789,train,15175.0,15773.784405896167,14899.80359310658
9790,train,18437.0,15717.729389935697,13993.731317513362
9791,train,11120.0,15449.306216973391,16180.497246566261
9792,train,2752.0,13877.734379729116,14662.50026484014
9793,train,9263.0,13136.64652981254,12890.290124739997
9794,train,3829.0,10029.120720310215,6926.113437583302
9795,train,7825.0,9714.159215126454,8382.941496612295
9796,train,23073.0,7943.074126542185,4197.06099515608
9797,train,36676.0,13823.540488570872,12002.850501116067
9798,train,20633.0,12815.609706766514,12369.320998400988
9799,train,9543.0,17997.568358420107,15025.051260072838
9800,train,5158.0,16585.015993786023,14121.68452187462
9801,train,9923.0,9793.691996713604,9297.473796807872
9802,train,5513.0,7216.60038613082,5323.719380047631
9803,train,14682.0,7423.966581071445,6347.251087304634
9804,train,15352.0,6836.564219783163,6641.5741608606895
9805,train,7816.0,10107.608452068094,8850.501370296353
9806,train,27599.0,12167.732577400191,11104.514238357368
9807,train,52180.0,11424.10088405026,10525.018876627493
9808,train,48890.0,14292.879362577247,10917.250267126989
9809,train,46231.0,19595.89944709282,23200.531815500144
9810,train,18407.0,27295.934829357448,27176.21492090096
9811,train,6430.0,19667.74228154015,24554.25732671238
9812,train,5054.0,14666.203587835822,14231.633693252796
9813,train,3757.0,5814.188934015208,6538.743935579257
9814,train,0.0,1247.410764731705,1377.4550433390773
9815,train,578.0,1584.3598940600507,1135.8782470085266
9816,train,874.0,968.438115074969,730.1647338804656
9817,train,10641.0,892.5550268845835,1518.3985384228079
9818,train,3327.0,629.1357091453517,528.3133815751113
9819,train,1258.0,2005.3580386955566,1039.249754811837
9820,train,699.0,1013.0855052743058,791.3359615895706
9821,train,0.0,135.83895700752356,86.64326835990794
9822,train,0.0,195.99932372641715,72.10362218566883
9823,train,0.0,92.42665889559673,57.12550889689151
9824,train,385.0,133.48935632329946,154.87801137834643
9825,train,0.0,50.00323499592411,86.10702936567077
9826,train,1355.0,143.59942909945755,133.84632679758704
9827,train,2419.0,68.2587107657949,100.54777539327529
9828,train,1413.0,797.0101627772601,437.39392013679
9829,train,1305.0,436.0687551019013,227.32521980596604
9830,train,0.0,74.02196547200671,54.109866040391594
9831,train,733.0,186.82271734668294,265.29984253566096
9832,train,509.0,78.57523447538372,106.69889115246237
9833,train,1998.0,210.93018435515006,127.68996862107474
9834,train,2032.0,82.97812734954044,153.40164869248025
9835,train,0.0,89.62140801832811,91.71569659303321
9836,train,2091.0,58.979664964545506,108.21327924495773
9837,train,4904.0,43.3226422639134,92.44334146627097
9838,train,6696.0,30.856388630751038,34.332038996348814
9839,train,4650.0,157.79201377330563,109.45641128837859
9840,train,2345.0,264.050108743944,80.75584178539401
9841,train,4448.0,59.54750317908263,36.772298757555824
9842,train,0.0,12.110694648507936,30.71660655942476
9843,train,0.0,16.045886373675803,18.787087241393202
9844,train,2242.0,116.90184655511122,127.94606134867306
9845,train,0.0,31.847262072626577,41.32004439321339
9846,train,94.0,28.14322437680909,35.141494583198075
9847,train,0.0,9.193303996246433,27.91939684808766
9848,train,2313.0,33.72712668009096,62.25809698022359
9849,train,214.0,12.006555458200511,13.384456721551441
9850,train,0.0,6.433532112244366,14.967075735904194
9851,train,411.0,15.89929124174133,16.76765825569777
9852,train,0.0,7.711708357646696,7.1843192365348685
9853,train,0.0,2.897215455517896,4.4046079697616705
9854,train,0.0,0.8102689448335576,2.8270393937188363
9855,train,0.0,3.3073208524709186,5.166090106997085
9856,train,0.0,5.320076003510375,5.363320795234256
9857,train,50.0,8.639675746319663,3.1915494008129466
9858,train,537.0,10.385888244136137,4.3307132339542065
9859,train,0.0,8.200716608600873,4.618984704566844
9860,train,541.0,10.83920253730476,6.553797102859434
9861,train,0.0,3.51714875268849,5.3563521657645605
9862,train,0.0,5.712594815743061,3.0211132742718902
9863,train,0.0,3.9314725546934968,2.009224418292002
9864,train,140.0,7.908030319276888,2.1207211568741373
9865,train,0.0,2.3729639989396527,2.1279862745638294
9866,train,0.0,1.6487030834248544,1.4792013465419864
9867,train,0.0,1.303169198831995,1.527225516627341
9868,train,0.0,1.462894612176898,1.9707497677556955
9869,train,0.0,1.7129613518285356,1.5095355113954492
9870,train,1373.0,2.554052419943596,1.963930464295745
9871,train,0.0,1.3635177240553533,1.583987283314555
9872,train,0.0,0.6562978553656091,2.2638988022363162
9873,train,0.0,1.203109344103726,2.381737426474966
9874,train,0.0,1.0241974096723951,2.657077646886659
9875,train,0.0,1.9104226294695206,1.7566298733672485
9876,train,0.0,2.8247503281012847,2.0647451395179606
9877,train,0.0,4.827678245581804,1.6043010050347655
9878,train,0.0,4.817127308884254,2.1343459344827447
9879,train,0.0,3.504893643379752,2.656410945542049
9880,train,0.0,3.160951808057648,2.702221712334187
9881,train,0.0,5.716234301061879,3.276738478771172
9882,train,0.0,12.139109470045156,3.5536405746531567
9883,train,0.0,5.704966532409654,2.9875654424969422
9884,train,980.0,12.237263470623601,6.563677646712593
9885,train,0.0,8.14468768974009,5.5960881402364615
9886,train,0.0,7.251938599163719,6.501953810896586
9887,train,0.0,22.148122864736212,16.014428403093202
9888,train,0.0,46.30767149456027,26.273583362737682
9889,train,0.0,35.81139989071622,40.27768536300392
9890,train,1411.0,33.33198792366513,37.32679172202284
9891,train,1482.0,69.32326018154909,53.44697638484992
9892,train,1624.0,641.2870555595247,424.4506484296717
9893,train,2602.0,835.7631180074849,910.4384635208504
9894,train,2871.0,1333.1328708872015,1236.4976726447346
9895,train,146.0,2324.136592479081,2721.895753621897
9896,train,710.0,2740.017011194444,2797.0351769048566
9897,train,782.0,2138.954908682214,2186.944757328982
9898,train,2063.0,2096.0689107946478,2872.9549992765756
9899,train,2705.0,2270.166629470672,2651.471416112134
9900,train,1496.0,3006.625916395554,2404.1965737920154
9901,train,10254.0,3365.1401521080547,2972.7174884402357
9902,train,12712.0,3695.6583985171737,4100.383587884964
9903,train,4031.0,6322.006562154536,6386.64660310529
9904,train,8618.0,8234.750154709956,7940.691361294659
9905,train,12578.0,7709.919279234497,6807.390914689365
9906,train,2344.0,9029.549950054181,7693.627433549341
9907,train,7674.0,9063.81766635916,8142.624670553643
9908,train,6216.0,7930.285428393754,7335.377596671606
9909,train,3690.0,9127.60767473576,9014.68862793198
9910,train,8114.0,7638.783376995397,7826.922681601898
9911,train,6908.0,8279.7965559527,7455.91411734844
9912,train,5923.0,9132.739161580823,8530.114999140715
9913,train,3818.0,8826.645709234033,7873.206642313215
9914,train,11521.0,9715.306558877226,9020.295519934185
9915,train,23491.0,8279.862742209683,7238.554053064509
9916,train,18034.0,9010.934553834359,7617.275393057467
9917,train,16314.0,15395.59989264809,14007.715682599866
9918,train,20431.0,14975.585587732294,13674.058864342616
9919,train,33550.0,15769.395909117839,15015.609268272374
9920,train,36342.0,16895.97047062686,14272.705752731756
9921,train,39474.0,24241.1693981178,23640.876065842956
9922,train,113439.0,29929.049025399738,28943.007612259775
9923,train,113381.0,35144.49384524643,33982.1373799793
9924,train,39095.0,66837.54273075794,64491.43461502976
9925,train,61520.0,68635.92363904126,64491.43461502976
9926,train,155262.0,41983.03485069792,39109.45243221387
9927,train,360859.0,57141.699972851624,53610.50162391742
9928,train,502540.0,111574.3529453578,103923.15140000828
9929,train,335561.0,261377.01603081124,245031.4013985897
9930,train,71904.0,401662.3152517294,371876.4304148422
9931,train,81807.0,236007.68397531446,220285.44602248268
9932,train,84108.0,67918.36957234704,67623.89198375594
9933,train,112985.0,69001.12135562683,65827.93772276051
9934,train,278724.0,81565.74241741873,76580.90366951856
9935,train,299949.0,87471.4644437846,84581.24259297588
9936,train,231157.0,198752.79251197437,189719.99838007896
9937,train,140215.0,202107.8928448336,189719.99838007896
9938,train,63252.0,166010.07293547125,157382.1980734038
9939,train,261554.0,88948.05963657158,84581.24259297588
9940,train,121779.0,68346.68349030317,65827.93772276051
9941,train,48598.0,163982.81464611238,156530.21703808437
9942,train,48457.0,83512.51675670406,78604.27062745279
9943,train,49704.0,51026.31698715634,47141.16753593129
9944,train,50532.0,49811.424398224444,47961.77499887469
9945,train,53816.0,47116.54319137187,45974.42716599375
9946,train,107671.0,47890.580432038834,46029.670089377585
9947,train,111502.0,63699.69272553693,61522.719677392255
9948,train,105253.0,80117.86418542055,78043.43128634497
9949,train,78579.0,82071.91110259847,78043.43128634497
9950,train,101608.0,84513.31466758181,80380.74615195548
9951,train,90850.0,66035.29686244893,62558.76194609966
9952,train,93294.0,86910.56792759242,81499.787091607
9953,train,290659.0,82959.4148059639,76254.92101875073
9954,train,178149.0,83380.90496953815,76414.51795880208
9955,train,30673.0,196177.66092139232,183004.7121148399
9956,train,76969.0,121089.95667514866,113170.55123056233
9957,train,43633.0,44591.24497634461,40448.394014033875
9958,train,76144.0,67785.31575940791,63520.296369133626
9959,train,8357.0,49132.667582329595,42542.75857221412
9960,train,17855.0,66625.42810540482,59403.79556961111
9961,train,109268.0,26194.55952940574,24718.833279213395
9962,train,165575.0,32130.771766855385,29134.39586296596
9963,train,119954.0,81188.21997551934,72058.14836176267
9964,train,18970.0,111434.37239840653,104497.76262252672
9965,train,83367.0,83603.33658858383,75278.9787360631
9966,train,96830.0,32130.771766855385,29134.39586296596
9967,train,78661.0,78980.33402497908,69306.2955625512
9968,train,18937.0,73100.51815101333,65282.26376825734
9969,train,18132.0,60237.929247867585,56275.700143939444
9970,train,21442.0,30115.687785979204,28345.237502609114
9971,train,28327.0,29628.93337734222,27984.457326494696
9972,train,48170.0,26126.392655865115,24447.19079854863
9973,train,99431.0,27988.675614234013,26240.621170557457
9974,train,96453.0,44422.20576600291,40302.51962677954
9975,train,18505.0,73369.9393908288,65715.56676658793
9976,train,92206.0,75266.44701529956,66656.60618399277
9977,train,180386.0,30174.960868944498,27643.368508040574
9978,train,145189.0,79049.18861131213,69608.67336292582
9979,train,87946.0,113102.4148193971,105941.48837528395
9980,train,41328.0,104628.01260307172,97326.1610951108
9981,train,33721.0,77220.80317660421,68200.23218251971
9982,train,76971.0,46586.26268613402,42043.490443524184
9983,train,35608.0,40121.6258790438,36787.19582732625
9984,train,20564.0,56531.49541652749,53588.17692199206
9985,train,80979.0,39490.00968885828,36418.082035919186
9986,train,100139.0,31961.416134015297,30619.957270881772
9987,train,25401.0,56739.85025497995,53943.8630457863
9988,train,29624.0,70903.76601108306,64451.36311001414
9989,train,39292.0,32779.00806811032,31464.190133075026
9990,train,23198.0,39377.93512424124,34138.962040563194
9991,train,26954.0,45852.87924663295,40329.88266611436
9992,train,23268.0,32247.818886560723,29013.939023362025
9993,train,40801.0,32395.98926846891,30240.83264978101
9994,train,38083.0,27770.871847425104,25685.38980777507
9995,train,18072.0,39425.656573045606,34687.09993211731
9996,train,26907.0,35316.97964083384,30672.73225646383
9997,train,20055.0,28008.896754533376,25651.79080159399
9998,train,16752.0,29083.365167246237,27094.705928791802
9999,train,20119.0,24704.56769792526,24025.48863993875
10000,train,17662.0,18513.757925303384,18614.723555545555
10001,train,12199.0,16158.206786307412,17388.611872491445
10002,train,18547.0,17502.240504684225,16796.85887750811
10003,train,14657.0,15045.184759683707,14743.284443005266
10004,train,20268.0,14931.2463585248,14551.833944636073
10005,train,9857.0,13518.837476874405,13168.358633252406
10006,train,9329.0,16165.632985926191,15725.783161912279
10007,train,21537.0,14817.4196613591,14450.221795393423
10008,train,4192.0,13040.01526381629,12436.589819247416
10009,train,8646.0,15607.402437574274,15171.291833401505
10010,train,5645.0,11355.212401273004,10813.289991753387
10011,train,9080.0,13411.485630634174,13019.988019657874
10012,train,1315.0,10602.596974633185,9573.673987013537
10013,train,33211.0,12126.930119040495,10956.527669167423
10014,train,19621.0,7614.934222452899,6595.943580789288
10015,train,14300.0,17241.906543134563,13578.017977675885
10016,train,7337.0,16426.619476913675,15250.8601647812
10017,train,110440.0,16936.51040332783,15667.689002062716
10018,train,169981.0,14599.69318942826,13172.170410362429
10019,train,151862.0,58650.71471576882,51312.20198873027
10020,train,159817.0,87339.84766793423,84360.1189903245
10021,train,189960.0,97274.88497810467,91405.46393612171
10022,train,65013.0,103115.68775900899,101864.29084094199
10023,train,67951.0,133789.27030751674,129544.72715649311
10024,train,180590.0,56168.814473574406,52907.74312208924
10025,train,176393.0,52351.73007105125,52907.74312208924
10026,train,161840.0,132058.79745245364,127399.34097071765
10027,train,162218.0,107786.94628708776,104116.53442305225
10028,train,193425.0,106349.20416223335,104776.16570176485
10029,train,163073.0,104630.34214449479,103442.60161619008
10030,train,239987.0,135575.97899428065,133364.0448497798
10031,train,233649.0,107367.91266292435,104914.10562426604
10032,train,201857.0,150332.89654062263,147340.30510268657
10033,train,252243.0,156819.99170761296,147340.30510268657
10034,train,170232.0,145053.95862882683,135083.34726485447
10035,train,97391.0,162040.5909362704,148405.00345923807
10036,train,118944.0,114469.25706531902,107865.24699839274
10037,train,108659.0,74848.29255865105,68478.88312924262
10038,train,132499.0,79963.75562673452,73433.56597948897
10039,train,126359.0,80689.31816913033,73433.56597948897
10040,train,96110.0,79963.75562673452,73433.56597948897
10041,train,134876.0,79963.75562673452,73433.56597948897
10042,train,153443.0,76272.65238420948,69130.61997327497
10043,train,136854.0,81485.46119644404,74132.45753840168
10044,train,224410.0,111556.77555793084,105649.81705387447
10045,train,198608.0,79963.75562673452,73433.56597948897
10046,train,121716.0,142645.97977580279,135083.34726485447
10047,train,7885.0,140720.1687697803,133729.49836305823
10048,train,38904.0,79319.90661030158,72697.58650800891
10049,train,112827.0,23434.17990274812,22749.984777210815
10050,train,121735.0,43381.669137810415,36281.851536196824
10051,train,60389.0,75557.83289962652,70249.48511463458
10052,train,48543.0,75142.7801477858,71255.44873746787
10053,train,114399.0,60247.3698648362,56137.436928090036
10054,train,139801.0,45907.83944366154,41465.94259859023
10055,train,250589.0,75135.39474958269,70348.52364300251
10056,train,221001.0,74878.41236760926,71255.44873746787
10057,train,146613.0,149430.1340165708,147251.83684043068
10058,train,142082.0,136371.7139468829,132981.47367689453
10059,train,114461.0,99269.2942321728,94352.54078360509
10060,train,200881.0,94368.56443769998,92165.97547792911
10061,train,202312.0,77105.83261921468,73389.47360201753
10062,train,126678.0,141488.6548047081,134954.6044669891
10063,train,50573.0,138024.50098693857,134672.74415783928
10064,train,22911.0,76677.90788501463,73210.35387857565
10065,train,13561.0,42752.75743155047,41336.67157073287
10066,train,27655.0,28289.269169500207,28546.48378541046
10067,train,34113.0,21190.027055445207,23124.004679057412
10068,train,8122.0,24562.450182683002,25634.56626572073
10069,train,9630.0,35273.99851646035,33881.63901038979
10070,train,17307.0,19973.593805112814,20783.326657110825
10071,train,86675.0,18211.62766741972,18380.927402717112
10072,train,108504.0,23597.306352303418,20903.96319531424
10073,train,158556.0,61944.34843499899,63774.04142622886
10074,train,191707.0,65152.51892833721,68388.31775949779
10075,train,189308.0,89450.45097350377,102523.09806776488
10076,train,164001.0,131487.19915981186,130891.99781128422
10077,train,22030.0,132466.65237289245,127605.97284310643
10078,train,23391.0,95531.25856468288,103208.09250932884
10079,train,11212.0,24956.587742564454,28216.886392438406
10080,train,4986.0,25228.92069096904,27235.30485743447
10081,train,2411.0,14389.634506205119,14644.285690800883
10082,train,91466.0,19583.621151610532,12632.22720690141
10083,train,202011.0,13702.751229325972,9434.929332923324
10084,train,148845.0,60927.33466375645,59956.88402671916
10085,train,208957.0,121569.41231264132,129508.78770616985
10086,train,301180.0,105201.7118400103,105817.30131751377
10087,train,93883.0,111902.27299720695,110698.44787149201
10088,train,8707.0,122325.72793844863,144439.4193093597
10089,train,35944.0,63573.38542072406,69356.23191039044
10090,train,67166.0,15914.01512848383,21694.50786774898
10091,train,63574.0,34882.71513839283,31864.251592569242
10092,train,65966.0,45478.5267394789,46612.518560402365
10093,train,64191.0,49677.68378914067,47280.008669937015
10094,train,2651.0,42099.2903455316,43241.313523893885
10095,train,66845.0,51934.65791235559,46339.10306615458
10096,train,60848.0,7208.904404932977,11329.643871606722
10097,train,70406.0,64823.76503468943,45065.01851597858
10098,train,96907.0,49396.58109382716,41036.85943167436
10099,train,32238.0,40499.41361812455,41078.2046199727
10100,train,10363.0,55867.12169044886,46388.17909531558
10101,train,8025.0,21026.276724487096,17684.604704924182
10102,train,4587.0,11231.701384239745,15130.999953094628
10103,train,2533.0,8549.904805404527,10744.079137542078
10104,train,30468.0,6275.001759008814,4547.283769218088
10105,train,51782.0,4757.427031922434,2504.3411794936555
10106,train,35972.0,19057.426242955054,18344.72622435295
10107,train,0.0,7652.031797337472,10483.542419378127
10108,train,2592.0,14803.11320250036,17369.50949170957
10109,train,0.0,331.2904279091197,453.3883344435477
10110,train,1383.0,2677.8587420557337,3468.756089581405
10111,train,6394.0,193.71076471632531,201.17276550325653
10112,train,3232.0,411.3102121061958,470.5559014886292
10113,train,4084.0,1546.2067187440366,1697.7153641596099
10114,train,4399.0,764.2202624487572,723.3870777994456
10115,train,1976.0,951.2419196020502,671.269640690509
10116,train,2480.0,1093.0090467576138,1010.9691702546934
10117,train,3137.0,1222.2395982326257,668.8161119946161
10118,train,3260.0,1980.4455456564085,1175.069059048923
10119,train,617.0,578.2920197536216,166.78052534355047
10120,train,0.0,69.64473396045884,109.83171836040616
10121,train,2057.0,867.7329418233389,269.95439970869353
10122,train,1382.0,505.88631450105333,566.6874672040152
10123,train,24504.0,446.4335781505585,467.89099639642995
10124,train,42625.0,294.456241381478,624.3436324835839
10125,train,1907.0,532.1150710247152,813.8977472220371
10126,train,1947.0,1622.0907254097558,5574.75825084468
10127,train,1476.0,235.44040996890223,649.1475222976769
10128,train,2638.0,335.1661390683172,370.91978028320597
10129,train,0.0,26.250532410292507,38.410765981787534
10130,train,0.0,67.07370231651734,48.58909568497904
10131,train,246.0,41.99342876242951,53.37652281466687
10132,train,0.0,27.580876392668007,38.31953823254992
10133,train,0.0,37.29349097513977,24.614241395094655
10134,train,0.0,8.223873828543699,14.837594136660956
10135,train,1114.0,41.38367906416465,34.740773982666965
10136,train,1502.0,58.314211364385436,36.963635090970406
10137,train,2479.0,96.63198757952503,75.42065506251134
10138,train,5294.0,42.60351765768907,75.28228685587806
10139,train,0.0,12.184116759063256,37.09839292387186
10140,train,0.0,30.992731990264478,25.440595244799724
10141,train,1096.0,291.28754562423353,126.952817935071
10142,train,2915.0,91.66411100211202,152.0339532396
10143,train,0.0,19.575030662746833,30.38900630861432
10144,train,0.0,26.743792556240813,28.98852682099892
10145,train,2899.0,109.03041274939167,70.85204493689717
10146,train,5375.0,171.90314859821135,171.56552206036096
10147,train,0.0,32.143248057069975,50.893336123869474
10148,train,2921.0,114.06034840770901,48.898206530264375
10149,train,0.0,63.308501242660284,67.94904050724722
10150,train,0.0,21.58207080182542,21.778626763014437
10151,train,516.0,152.98769764149807,162.95108984826686
10152,train,5484.0,206.65486992636284,176.22069179762752
10153,train,6113.0,79.74727322550606,59.15314137520321
10154,train,1814.0,193.088203983959,116.06546937597918
10155,train,320.0,74.89149058510235,57.96930361583881
10156,train,1530.0,126.17323220945792,91.0638659369349
10157,train,2107.0,127.00487770491259,185.12054477572096
10158,train,0.0,35.58251218587362,49.171395296473186
10159,train,0.0,23.48800938343495,16.08924014433893
10160,train,1878.0,238.89094590482856,141.88611800749456
10161,train,9714.0,266.30745359272345,250.34155903737445
10162,train,0.0,16.538295329852975,12.203152172198873
10163,train,0.0,19.609350011761936,14.567478629625406
10164,train,0.0,2.8220212863043916,14.492815450918174
10165,train,0.0,2.459180493597434,9.375312197246734
10166,train,0.0,10.652266907860067,11.818118541037782
10167,train,481.0,52.125180371641655,77.33926917646671
10168,train,1294.0,81.05965782723965,26.605145531647846
10169,train,0.0,31.17968878226612,16.66740139566243
10170,train,2778.0,104.01233875128788,32.07960252437814
10171,train,1273.0,127.08066034466194,71.21562568567545
10172,train,3483.0,110.73885450422867,127.88146581065794
10173,train,0.0,60.74290268696331,45.58627644019728
10174,train,1339.0,38.170504113682114,48.81596705543147
10175,train,3014.0,220.1278325052388,297.8892720222087
10176,train,2025.0,175.0929182027914,362.6606826359782
10177,train,6648.0,443.8569311141701,809.1498947027151
10178,train,1182.0,527.8465662687129,305.6611886175053
10179,train,1032.0,1062.380790405954,1152.2317900823796
10180,train,1606.0,920.5247028749384,700.1081265531918
10181,train,0.0,382.5290577073166,272.1897914147786
10182,train,0.0,353.7050350655716,238.04874793193815
10183,train,3748.0,1194.3691883990566,1090.6018710837943
10184,train,43719.0,1251.458265871519,1466.1706139889548
10185,train,58336.0,2122.335713410275,2276.6689290289214
10186,train,10337.0,10638.790629470623,14736.88004325713
10187,train,181.0,23427.18718977466,18727.81966197095
10188,train,4158.0,6134.129571386589,5341.629768839088
10189,train,5311.0,2705.5269905107452,2781.0493780337906
10190,train,57291.0,6604.852287061912,5196.72428594347
10191,train,59878.0,7504.071195876027,8619.379202427926
10192,train,63169.0,40428.77551946235,38473.756727505315
10193,train,40070.0,41286.58012493012,42714.95764439624
10194,train,7556.0,33095.19798841024,35781.22094941405
10195,train,13334.0,25318.80065282994,24449.47530179275
10196,train,32117.0,20487.95739553283,18629.064907579992
10197,train,70083.0,19472.088053964995,17996.028730098657
10198,train,14151.0,22314.77322659021,21694.37142522732
10199,train,12476.0,40385.877392372044,42714.95764439624
10200,train,24541.0,19419.38488202656,21361.360489364844
10201,train,16820.0,20661.858439011434,19573.011177957724
10202,train,25554.0,19613.419626754243,17724.287309411357
10203,train,52969.0,20358.427459294973,19562.686371806143
10204,train,12226.0,23787.202169050466,24049.181715200342
10205,train,19662.0,41950.89507238734,43825.89984223699
10206,train,13777.0,21847.27634186998,21044.631448672506
10207,train,18429.0,25895.21744921288,25703.441913006314
10208,train,26771.0,19535.03487449097,18410.315676588343
10209,train,23718.0,20713.790787145364,19620.330687252746
10210,train,30612.0,24352.766378130298,23175.58374572584
10211,train,493792.0,25873.499618484082,23828.170930762364
10212,train,1309472.0,31312.995395673228,28467.84313312557
10213,train,414816.0,345719.8216012131,312918.20117903006
10214,train,229396.0,457062.06179973524,412005.06149938545
10215,train,334059.0,221928.33469175128,272558.29303392436
10216,train,105945.0,107921.90558808738,144445.05945104276
10217,train,126088.0,178969.29806139495,197516.95774890328
10218,train,115680.0,76869.95815889255,81330.07378651998
10219,train,161901.0,74387.65803024998,80392.27392684582
10220,train,121428.0,86087.13786964885,80392.27392684582
10221,train,185499.0,112513.33534067693,108917.7221572267
10222,train,184988.0,84554.7207982745,81330.07378651998
10223,train,123196.0,133264.1529354129,137992.55037703118
10224,train,173070.0,135952.63284357826,140699.2308236809
10225,train,169641.0,79499.20897109025,82925.34564177359
10226,train,160373.0,111630.78160509486,115150.69638608892
10227,train,190595.0,119116.19263982223,107691.53075246414
10228,train,233970.0,106942.88039330742,106449.76625181698
10229,train,3820.0,130519.25221143622,131205.13186437814
10230,train,340.0,149062.47678798065,141460.0329166862
10231,train,9886.0,16299.91883740672,16390.27522413375
10232,train,114232.0,7403.731635693329,4166.3092323896235
10233,train,219943.0,15251.33498653016,13670.380594745442
10234,train,65512.0,82369.76820243691,76708.48152090784
10235,train,16333.0,141683.59595706657,129826.87434282138
10236,train,11434.0,61582.44772322599,53406.36318676012
10237,train,7754.0,22929.563050174722,23802.302467565907
10238,train,5779.0,24867.69579064969,21345.855777398447
10239,train,10682.0,20414.060261576604,17451.312252469794
10240,train,10243.0,18719.94220684162,14251.092330779471
10241,train,10476.0,17036.82054550355,15268.656153859516
10242,train,10483.0,14709.082477167558,15561.45104874292
10243,train,844.0,15223.950623309434,17259.524994502466
10244,train,7118.0,17811.60300517382,16741.96892992464
10245,train,11457.0,7713.270615893675,9511.631671609168
10246,train,102580.0,16057.210046042686,14254.932919164374
10247,train,174594.0,12286.673249279209,13054.080105041463
10248,train,176757.0,59913.00279692736,61869.436746668995
10249,train,187098.0,92215.84438082653,87118.65612035383
10250,train,177435.0,87403.60166973823,81526.53731825722
10251,train,195964.0,143073.2220736009,131648.89791099948
10252,train,360350.0,116776.9813496119,107589.47168241334
10253,train,366386.0,145423.6157606109,133346.0891628576
10254,train,209002.0,272389.5578458981,249797.09835194674
10255,train,123797.0,297278.6614405252,273945.66377871844
10256,train,173265.0,142331.22118189267,152781.08774851775
10257,train,194155.0,87955.82235188462,82108.47399721354
10258,train,187613.0,120730.79276472314,113853.14262618574
10259,train,162722.0,150901.45110375033,142045.83900452527
10260,train,236661.0,150901.45110375033,142045.83900452527
10261,train,181589.0,119083.81125305146,113424.86858980563
10262,train,22857.0,161407.45007205257,154934.5426325049
10263,train,35502.0,150901.45110375033,142045.83900452527
10264,train,92972.0,33729.84471129781,31707.81970944506
10265,train,116353.0,44363.428956967415,42111.21045363781
10266,train,34367.0,82283.02033139262,74730.10548321808
10267,train,4436.0,84246.91412642272,77802.97091959095
10268,train,11903.0,43615.49285974223,40307.44323806982
10269,train,15257.0,20383.2890020765,16949.244782478672
10270,train,13340.0,23336.230140718402,20097.11998337827
10271,train,14013.0,22909.099512863064,20211.9810541359
10272,train,12891.0,21569.86430148274,19403.531175480835
10273,train,17144.0,21973.25831062823,20301.61863306593
10274,train,14993.0,17989.692236063136,16388.850146932185
10275,train,31148.0,19792.111194127727,19200.73170365987
10276,train,16288.0,19624.187950223255,19027.663491905158
10277,train,20553.0,30446.3736070264,29772.31454253102
10278,train,19360.0,22812.33419817159,22100.50281742225
10279,train,29508.0,20979.876589179905,19448.272047762384
10280,train,31140.0,18551.206262544223,17426.30580589923
10281,train,21335.0,23247.579634650378,21904.901708741174
10282,train,17238.0,27997.128720283064,27355.187128679412
10283,train,108897.0,23367.545747533386,22246.967921704196
10284,train,141208.0,19228.509848088506,18720.27567454172
10285,train,167976.0,64135.79962057324,63971.93881317243
10286,train,111957.0,64348.55695815559,61183.145254412986
10287,train,19445.0,100652.79597735462,98110.07328480613
10288,train,111460.0,75721.68865084223,73729.35194286726
10289,train,140566.0,29031.63960043203,28019.098219552056
10290,train,130300.0,78506.75525714728,75757.72120873712
10291,train,7188.0,74494.96218322201,71229.91159172339
10292,train,13523.0,73813.27826808584,70188.77497000355
10293,train,12792.0,21808.089749447547,21360.508061850134
10294,train,6747.0,19307.532182722218,18840.26857626468
10295,train,8437.0,15785.87062761888,15552.907152884884
10296,train,12499.0,16664.755578632547,16846.763748693884
10297,train,15859.0,13460.377913943306,13154.838507712457
10298,train,5353.0,13486.534058975849,14923.24431778228
10299,train,6596.0,18689.713072745537,17157.026980819523
10300,train,13794.0,14125.113367682208,13017.73583755253
10301,train,11693.0,13711.213578717236,12122.4036470856
10302,train,102304.0,15342.152680945328,16326.748116037415
10303,train,14721.0,15956.512702053244,16657.258558693986
10304,train,9906.0,55855.39710191607,60562.639129379095
10305,train,288930.0,20789.844252486924,20018.058869809716
10306,train,129124.0,21566.14474569851,21279.236635564765
10307,train,20302.0,141777.30239091077,145437.83333199745
10308,train,8341.0,65045.38894647198,64883.17326809559
10309,train,10224.0,29801.735138467953,28964.462887319256
10310,train,6250.0,23198.72333524524,22173.596145300606
10311,train,18299.0,18415.355019735474,17596.109631504918
10312,train,27164.0,15318.596380943873,15794.873575750871
10313,train,33624.0,22980.337041553015,20191.75665867013
10314,train,26784.0,24423.931093668136,24040.52880606793
10315,train,16289.0,39211.98536225387,37183.557329383664
10316,train,41397.0,28364.59308636612,29675.231410315053
10317,train,124063.0,27252.7774264465,25444.12125093734
10318,train,184132.0,43311.14001074457,40763.952110247425
10319,train,128787.0,68963.00617339475,64712.092607585364
10320,train,66851.0,121793.95215695775,115743.23891994111
10321,train,33652.0,78856.37366488266,73212.62040100795
10322,train,17815.0,63110.31850232289,58342.70964695981
10323,train,21897.0,42369.99505273644,38886.49122432862
10324,train,49652.0,28048.6009220352,26858.476507875093
10325,train,28105.0,29037.85969140501,27923.831931101708
10326,train,26193.0,44952.559492272274,42698.4323524554
10327,train,33013.0,31611.172605815653,30655.597583402563
10328,train,15854.0,31611.172605815653,31094.589882436776
10329,train,16259.0,39694.976638929445,37845.70864794591
10330,train,48349.0,29719.910592319975,27510.036823843384
10331,train,49287.0,26525.874895235684,24438.48176672981
10332,train,24333.0,37954.53421475365,36218.706381747405
10333,train,10753.0,40007.13940042603,37681.04975992194
10334,train,16975.0,27642.42939593217,26644.426610180784
10335,train,24469.0,19173.722623052116,21065.960815069167
10336,train,36019.0,14791.708330013871,17861.062966047033
10337,train,16322.0,17759.308394773365,20550.70187886333
10338,train,18356.0,27224.66334652688,30735.109062272906
10339,train,16117.0,19595.349240148098,23831.842694941304
10340,train,9144.0,18452.184841471648,21471.372104237227
10341,train,14057.0,17390.9224637621,18853.165716016694
10342,train,46120.0,15668.962821053929,17086.957055666433
10343,train,54319.0,18187.282641581987,18960.431621891697
10344,train,98427.0,32497.949956574896,33935.00069084868
10345,train,271628.0,47588.586794329836,47974.84084135487
10346,train,257585.0,57340.259978458256,57244.0393154688
10347,train,36696.0,144910.59658944252,136799.3614867908
10348,train,8934.0,126268.98482497278,129548.39494657546
10349,train,108686.0,42553.268396645086,37738.81844331851
10350,train,23147.0,20045.038552348724,21193.54984253508
10351,train,19745.0,67587.0415873594,68674.18973695327
10352,train,9892.0,22396.338293213666,25642.41180023981
10353,train,6104.0,23062.58664264572,26788.596309835448
10354,train,35482.0,15855.027370578036,16965.055592694935
10355,train,26923.0,16496.55610303185,17287.699159477383
10356,train,22087.0,23568.11655345541,27434.715713641624
10357,train,14329.0,20086.268944511718,24125.254551200025
10358,train,16403.0,25655.339667354772,24641.171611662216
10359,train,19415.0,19039.203593993912,19856.95834715429
10360,train,19070.0,19947.97337067789,18283.231925677916
10361,train,12481.0,18159.858610593717,19250.451702013295
10362,train,35863.0,20365.034540100824,19075.043490960586
10363,train,129090.0,14706.878457271037,15232.087805948648
10364,train,36928.0,24521.589546731746,23063.00981905365
10365,train,5645.0,53305.55906705108,58190.35777670155
10366,train,5173.0,27594.69456004422,28608.77963270715
10367,train,12537.0,16582.64893542802,16661.712233928334
10368,train,9557.0,11972.352531468627,10924.231676577328
10369,train,13154.0,10784.923206216401,11244.404520753547
10370,train,7881.0,10121.119340056532,10551.747156142
10371,train,2844.0,14596.669886128195,15248.720837299761
10372,train,6163.0,16565.566729588256,12434.618173244882
10373,train,7097.0,7359.874046969151,6651.6049673643565
10374,train,165786.0,10880.827717821425,11419.195284816129
10375,train,63075.0,12027.96744609754,8882.08762305229
10376,train,14284.0,77743.5303792232,77409.66667679732
10377,train,22305.0,35884.555976486874,40838.37037717796
10378,train,9534.0,15846.817134772686,15834.602618857383
10379,train,9695.0,21886.32994164598,22811.54386232411
10380,train,5381.0,13333.430770904271,13405.587015974255
10381,train,17244.0,13552.486037811,13931.717993942888
10382,train,5458.0,9438.226704484552,11236.108765558463
10383,train,4012.0,12064.747342603772,12198.160729551257
10384,train,12458.0,10370.453999667625,10798.906865841032
10385,train,13223.0,7159.760047007585,5752.525156640243
10386,train,2021.0,8280.191961193756,11959.701221650506
10387,train,916.0,6912.741421539907,10103.859743566296
10388,train,6320.0,6325.737806415204,4922.111370282703
10389,train,0.0,187.29393942536007,162.7168891166891
10390,train,710.0,693.1123546520166,921.0823150157213
10391,train,27045.0,831.3679604048804,1024.347663644201
10392,train,0.0,556.9433140411895,403.23674483939516
10393,train,0.0,668.2733793894245,1099.6680574949442
10394,train,0.0,107.7637468411993,157.34182077971053
10395,train,27954.0,1381.505554673162,630.9094542460647
10396,train,1090.0,90.96720626437711,138.46224765848618
10397,train,49.0,673.9461742484614,735.2234732225126
10398,train,406.0,676.5168537273535,898.4268730063812
10399,train,3000.0,675.9589786500288,435.06165555911764
10400,train,2126.0,920.6945413278281,488.5072899132132
10401,train,4355.0,720.194527808903,268.900680446411
10402,train,2962.0,249.3337731924467,166.6953023571296
10403,train,0.0,79.87936947447666,135.58839876434072
10404,train,4593.0,276.9267000535832,214.1214368968164
10405,train,2310.0,247.18206276011674,207.7478652063718
10406,train,2498.0,293.1499703343286,177.53998918333534
10407,train,0.0,47.662979490505116,62.68787825492251
10408,train,0.0,53.07159889631044,36.7406710674785
10409,train,2876.0,572.0602097129455,246.49125800576576
10410,train,5955.0,493.8078257851476,541.9055295976132
10411,train,1624.0,178.58632896342525,138.78519131989344
10412,train,0.0,10.336430504621068,18.020602708345667
10413,train,0.0,9.50588147068942,13.716355216622354
10414,train,6294.0,244.12628727358742,150.93091577615337
10415,train,1983.0,113.3591700950847,114.3171495478093
10416,train,0.0,22.426490526329907,35.561322590413695
10417,train,0.0,27.86331935885398,18.35978263368579
10418,train,3359.0,83.10039697747911,43.97792319956804
10419,train,0.0,30.87189392787921,26.21672261024722
10420,train,1276.0,68.51710927622962,190.6362782447212
10421,train,3205.0,335.7142000880516,289.82059452519815
10422,train,1668.0,122.06853100488728,116.5685587434621
10423,train,3875.0,159.34313058397282,262.3584098339188
10424,train,11195.0,367.5032458084851,184.7028223052539
10425,train,478.0,282.41092186479943,149.61393133926364
10426,train,0.0,65.64348889538711,54.42082442167227
10427,train,1788.0,71.98220423626137,42.82177999008057
10428,train,0.0,5.044771704282882,17.800034777473673
10429,train,0.0,38.29014292019587,32.89721777505745
10430,train,0.0,11.305102158819013,12.154969976514828
10431,train,0.0,10.47900188143323,26.631006927459058
10432,train,914.0,90.32238012051951,31.836668950502627
10433,train,214.0,24.542927335622867,20.411984747274435
10434,train,393.0,29.215650483983215,32.30345471278703
10435,train,999.0,35.54824902782034,44.745916674219
10436,train,0.0,38.97990162080629,26.957036257694707
10437,train,910.0,48.063200128002464,44.960983380062
10438,train,0.0,16.909721056140068,15.08318613202702
10439,train,0.0,21.92330242701063,12.930914465246602
10440,train,0.0,9.182075701703885,11.047231673172227
10441,train,871.0,29.206769074784862,49.538976520645036
10442,train,0.0,4.052964721730214,18.600783871268362
10443,train,1535.0,31.17094415990683,50.49565939703041
10444,train,1300.0,33.725302717438105,104.05141640397964
10445,train,642.0,33.055792583208685,82.43029526186181
10446,train,0.0,25.12759774928908,60.69574559801878
10447,train,0.0,3.5897510249444373,18.2805602118651
10448,train,0.0,3.334701567355559,10.620905442165034
10449,train,0.0,2.2573645256443626,7.632061826508075
10450,train,0.0,0.6902554370520346,6.064349796260727
10451,train,0.0,2.8219449519853472,5.430413566807839
10452,train,0.0,4.646768975901858,7.16237713390003
10453,train,471.0,26.54396085685871,27.73796287291911
10454,train,452.0,12.128313227530501,18.294198548225204
10455,train,0.0,34.09502420899616,33.1800161287275
10456,train,0.0,13.400247357322092,9.823049584447569
10457,train,1589.0,32.60190495485197,19.240191477905125
10458,train,3575.0,55.094680803458495,25.526850291426847
10459,train,27168.0,23.012106369123043,19.733698846278397
10460,train,0.0,196.9556319027551,202.81262851382158
10461,train,2464.0,1031.8874708673497,357.0039548573049
10462,train,0.0,17.593981212005964,37.728559971151874
10463,train,1505.0,209.70628636631037,272.9060877771424
10464,train,0.0,52.922228518705325,38.64452914626753
10465,train,3196.0,416.3617187913997,317.2203435086941
10466,train,1578.0,133.08992698800293,179.06905468413018
10467,train,0.0,529.7219354749311,977.0805997719277
10468,train,1724.0,227.34016868838734,427.0269658309216
10469,train,313.0,1057.324155999383,691.283183768863
10470,train,651.0,896.8306795656931,775.5368912592808
10471,train,23.0,465.51130087360013,1359.3883028563735
10472,train,1645.0,1281.5387450185094,1511.3362046835987
10473,train,4140.0,2756.7159677919853,1844.1840672932333
10474,train,9481.0,2595.4381604276277,2282.8735999474925
10475,train,7834.0,3605.2235335975797,3264.777529093999
10476,train,10843.0,5689.023094444677,5581.483549165781
10477,train,15351.0,7305.940822868289,7031.987739879347
10478,train,17938.0,7421.322068902498,8821.11822648462
10479,train,20700.0,11692.692611330482,12406.116860766604
10480,train,7025.0,14587.96742178764,12808.196704411848
10481,train,7593.0,14807.134972078526,14049.340123041655
10482,train,9042.0,12739.503193124148,11116.566057911283
10483,train,10925.0,12589.438069215244,10890.187957712373
10484,train,5286.0,10219.204080028694,9271.234373326824
10485,train,11987.0,12495.403893128903,11480.246506626192
10486,train,23273.0,11358.194462957412,7591.972513190786
10487,train,49868.0,13307.356812849783,12147.909331503366
10488,train,38315.0,16383.816997508638,14427.147081405044
10489,train,22934.0,35289.346506988935,33654.02333602072
10490,train,10689.0,30969.741399323666,28976.066530621323
10491,train,12175.0,28095.994437650847,26797.22954112368
10492,train,7630.0,19731.491974468052,18500.31588481696
10493,train,9986.0,17564.709710124524,15591.156873396287
10494,train,4375.0,15617.466850755001,15746.951883279353
10495,train,12005.0,14671.841833832135,14411.041851273692
10496,train,8674.0,11342.528509471316,10209.403675054811
10497,train,10797.0,14450.064277865691,13636.030456845745
10498,train,16751.0,13881.543160638445,13654.632679065704
10499,train,28063.0,17001.615007440058,15535.336150379104
10500,train,48618.0,20516.15011494056,18628.801447829366
10501,train,27212.0,19120.141632214192,18213.887675871712
10502,train,16790.0,32022.165824712385,29732.69844705916
10503,train,15899.0,25046.40645602692,22756.81250972457
10504,train,12469.0,23361.370851861742,21417.346444829578
10505,train,50517.0,19289.552177957794,17650.055635900564
10506,train,20016.0,16444.013185499156,14538.504821297796
10507,train,16094.0,35160.18843993572,31276.985106582302
10508,train,19608.0,24610.88698904984,24567.9694636471
10509,train,43700.0,27223.243589825935,24718.72042905132
10510,train,11953.0,21451.95282000407,20222.9210486105
10511,train,31703.0,33649.943127054954,31276.985106582302
10512,train,510778.0,22193.343979161204,20565.800146794452
10513,train,625540.0,32851.91127068102,29980.296150076047
10514,train,609465.0,283838.0399340592,314632.62567109754
10515,train,523554.0,335123.2647226188,345048.99290971423
10516,train,477756.0,398445.7409191685,359955.59914657957
10517,train,404883.0,386069.0915893016,359955.59914657957
10518,train,357309.0,347116.7949555954,328222.79715512507
10519,train,288178.0,275931.58070323966,272739.575675084
10520,train,146469.0,289510.93994226656,275365.52122488344
10521,train,79263.0,212415.38976755156,203545.83560205594
10522,train,5990.0,102707.46816253959,103166.76694684314
10523,train,13449.0,62219.50972180296,60753.416271180795
10524,train,10109.0,24158.82308891241,20221.157226603085
10525,train,25418.0,24217.43711718424,23345.5251310972
10526,train,20405.0,18458.98802695202,16966.155894859967
10527,train,19486.0,23950.37506207635,24638.653718781115
10528,train,34737.0,23951.310706904478,23182.338581812204
10529,train,15483.0,26074.695517202843,25363.142541538982
10530,train,12443.0,36726.03147690941,36523.12817015737
10531,train,39164.0,24365.095915248217,23026.37964528485
10532,train,12734.0,23008.69055503041,18763.089547760916
10533,train,70910.0,32484.098475938616,31709.646233161504
10534,train,23081.0,20478.184460915123,18858.722509220424
10535,train,10820.0,50092.43380583469,50004.39225559703
10536,train,20554.0,29112.09506591399,26722.458458986966
10537,train,15009.0,23149.706391233558,21948.55150662583
10538,train,22914.0,23386.01709335598,21437.07847369798
10539,train,46098.0,21097.632541550538,19178.372657941836
10540,train,44151.0,25550.528469725086,23339.72754155971
10541,train,63358.0,39465.88388955282,36650.98488525048
10542,train,17420.0,40246.90036407233,37397.23194872826
10543,train,26580.0,52999.521256249194,50700.54634301336
10544,train,97158.0,28975.870988206494,26716.76165222157
10545,train,27423.0,29856.80196174536,29385.587764851796
10546,train,13736.0,66901.08592683428,61279.15640184604
10547,train,26145.0,29856.80196174536,28970.72232018791
10548,train,20096.0,26015.74274258941,24142.596104276385
10549,train,27173.0,27113.88046751537,25736.18233590554
10550,train,27096.0,25309.801688296353,22726.256275704298
10551,train,23374.0,27242.594797405676,26662.193356524574
10552,train,22519.0,27694.30187500741,27531.519187177073
10553,train,14792.0,26295.97607484289,25394.940380703465
10554,train,20014.0,27983.848911299858,26189.2166087217
10555,train,28178.0,21532.124859822725,20420.905361109668
10556,train,13318.0,20054.681129275406,19381.756024314127
10557,train,17870.0,24285.564476781336,24424.145686932192
10558,train,11162.0,17887.59450941647,16737.310219971543
10559,train,14692.0,18942.11773810573,17705.159511337606
10560,train,22040.0,15878.332452137502,14921.24526445417
10561,train,31430.0,16511.275276398286,15455.644560101802
10562,train,23531.0,18302.217679099227,17315.23395113029
10563,train,20794.0,25116.571251468817,23851.271984677966
10564,train,22815.0,22819.990167886634,21865.200423338232
10565,train,43189.0,21895.09416849761,20987.83135800536
10566,train,38215.0,21146.017596272297,19700.025031702073
10567,train,30717.0,32412.03250624457,30608.49603644627
10568,train,36720.0,29601.367840620835,27971.29721018519
10569,train,32259.0,28438.23377577779,27105.894204775832
10570,train,20335.0,29225.879099061152,27658.364679624032
10571,train,31918.0,28401.634113608412,26909.99983866643
10572,train,22423.0,24682.136244763653,23619.41329416651
10573,train,20533.0,28997.001928266298,27915.63800656242
10574,train,15607.0,22730.32661586496,21958.701274221636
10575,train,21515.0,21608.959595221506,21958.701274221636
10576,train,13445.0,17220.39344690751,16884.684468515392
10577,train,7252.0,18474.06055316436,18503.17886676711
10578,train,19803.0,16673.463430392996,16797.741235611637
10579,train,3481.0,15463.577494083944,15775.268350356371
10580,train,6689.0,14705.637881278008,14735.00972498874
10581,train,29664.0,10427.56656269074,9785.740726644683
10582,train,18399.0,12122.603042201465,12159.489433121853
10583,train,11089.0,15119.711164540118,14914.451349644423
10584,train,18524.0,12993.026816132162,13064.049316440964
10585,train,13759.0,12831.49494362833,14029.330046210196
10586,train,14145.0,13285.621868440045,15574.135872467315
10587,train,13330.0,12142.93748691086,11935.10882557526
10588,train,6292.0,12511.508526996795,11935.10882557526
10589,train,5397.0,13079.140176926116,12900.68236138273
10590,train,3829.0,13687.723408132679,13065.836670269342
10591,train,11052.0,12294.267891391068,10775.117668209907
10592,train,12344.0,8747.267246624728,8072.036577798086
10593,train,7303.0,11237.85287282528,9809.712779366922
10594,train,10845.0,11926.177629659649,11263.438057078592
10595,train,12840.0,13438.144262025726,12729.619871336456
10596,train,10131.0,13556.628601424027,12973.249809326468
10597,train,8121.0,13198.085677885514,12273.54064518833
10598,train,17217.0,13238.102723196864,12479.00059384611
10599,train,16875.0,10805.672673395977,10737.109856964129
10600,train,15943.0,13087.025271690676,13214.17823435009
10601,train,18224.0,14978.88084692945,14038.107150585369
10602,train,8573.0,15436.537790800148,14540.693577900702
10603,train,30233.0,15436.537790800148,14540.693577900702
10604,train,10254.0,13432.568482671719,12643.604313525844
10605,train,33939.0,18948.51981355802,18999.80645262204
10606,train,39544.0,14492.006515688334,14099.386896742944
10607,train,47261.0,25851.545376930066,25491.531088828717
10608,train,61111.0,29934.765030342423,30069.47590697192
10609,train,35061.0,31078.622777637804,31716.375116164545
10610,train,28878.0,44622.12667839585,46845.8280551074
10611,train,33858.0,29301.583412771157,30038.851199829725
10612,train,44914.0,27887.451784646913,28428.150717001074
10613,train,23269.0,30539.331202933077,31223.5420441062
10614,train,16617.0,33868.669925310074,34553.93309443253
10615,train,38401.0,24986.419182234396,25392.985152225185
10616,train,80425.0,22974.258226029895,23270.985737286504
10617,train,96610.0,28359.200907870396,28400.84617999793
10618,train,177281.0,44572.48750356459,44331.30143644799
10619,train,142718.0,62883.4499384378,64350.61417389111
10620,train,163224.0,108654.87058319338,108991.17021067788
10621,train,137541.0,98015.0588563486,94792.20108757267
10622,train,171234.0,105502.70363455507,103941.80977931048
10623,train,142909.0,76755.01704241036,75169.04941416616
10624,train,90868.0,103583.56722724007,101841.1731914631
10625,train,139013.0,101997.47386895808,91159.67208276919
10626,train,69723.0,69818.65400725434,65104.072677532065
10627,train,13716.0,74366.22557523531,73931.39151165474
10628,train,18589.0,55291.23123866958,56115.289732164
10629,train,24504.0,24054.322197825903,24354.430284497652
10630,train,28233.0,25748.585298797097,26069.750448300245
10631,train,16375.0,22903.96159415467,21053.734878970816
10632,train,9060.0,26926.437146464938,25627.85989157018
10633,train,2164.0,23634.393388527205,22251.396825258806
10634,train,14855.0,19616.740410315717,18604.325066470225
10635,train,21889.0,11591.881006007065,10756.201969438698
10636,train,2656.0,14888.732579922356,15789.108735737025
10637,train,7219.0,19283.81318410355,18137.240308605844
10638,train,12623.0,10355.946638852756,11552.073806493789
10639,train,1835.0,14143.2207144337,15133.590422221047
10640,train,4523.0,9702.298877866588,9956.899172956282
10641,train,5818.0,7729.214962221206,6822.345911839829
10642,train,7382.0,7344.872570810811,6704.364375268169
10643,train,3863.0,8120.573691199785,7644.773895954867
10644,train,8446.0,7894.628532232419,7736.713111859666
10645,train,9540.0,6999.821258710658,6682.718845826155
10646,train,8454.0,7215.170236736536,7333.172663239147
10647,train,7110.0,7948.542840427615,7605.004651690387
10648,train,5164.0,7111.476113542387,7550.470213029378
10649,train,1845.0,6838.212135629551,7260.339918521446
10650,train,10208.0,6604.057056459555,6507.464449811669
10651,train,13937.0,4789.516044725589,4163.719213831424
10652,train,4458.0,5933.790636054137,6691.8061694462585
10653,train,9019.0,7507.101007145144,8252.549760890604
10654,train,3533.0,6644.080380567997,5695.16634911516
10655,train,8545.0,5900.75270648009,6960.024995912508
10656,train,9604.0,5820.841775942547,5579.350145837487
10657,train,7120.0,6092.117149625164,7022.655537536014
10658,train,7453.0,6493.286421857297,7387.131802020007
10659,train,8926.0,5853.953603524897,6995.5275465826335
10660,train,13746.0,5248.573621603807,6244.203968488394
10661,train,6615.0,5882.205000546254,6465.71498156204
10662,train,5066.0,9960.14921732296,9623.998494581927
10663,train,5526.0,8074.874716797565,7667.0939630596085
10664,train,5097.0,6023.211379571075,5644.365927807143
10665,train,8007.0,5099.189619420636,6080.421782392772
10666,train,4796.0,4162.175528666911,4037.7466358539928
10667,train,5418.0,5468.317597315478,5747.2119732838055
10668,train,15258.0,5393.899885854056,5151.278878625647
10669,train,1045.0,4950.9977222098705,5794.060934080291
10670,train,4959.0,7136.6462666393945,7035.558907865278
10671,train,1691.0,2130.349133075684,3690.7985620961153
10672,train,7272.0,4858.841737285414,4481.509641523485
10673,train,1569.0,907.2371939535941,2327.0894859366663
10674,train,2178.0,3796.6380010242924,2838.385158947973
10675,train,4261.0,2744.153694512817,1645.2556674198104
10676,train,1414.0,1058.983297500523,1712.0022372388376
10677,train,672.0,1482.1893832534029,1832.516203633424
10678,train,1659.0,1021.1431645232101,1171.8258741872776
10679,train,4217.0,1395.3992063719643,1312.3281568976186
10680,train,1991.0,459.0338030277108,1340.0568513902574
10681,train,7249.0,1192.3288966726361,910.0916839877615
10682,train,4142.0,1350.3551034484776,1483.4516579571348
10683,train,1761.0,1331.1502283608013,1223.5691460857051
10684,train,3078.0,1242.3381768054198,1589.2397997288545
10685,train,0.0,542.932248911375,782.076467595401
10686,train,1391.0,1395.2149323036306,881.0034834919286
10687,train,825.0,513.5413969996665,263.30915818682763
10688,train,537.0,889.8931256214855,504.5040365181561
10689,train,164.0,352.7557504019758,463.5144918028006
10690,train,0.0,180.3183361024554,236.09483739696293
10691,train,3576.0,282.0844141739743,400.9679971769096
10692,train,693.0,139.04115152022982,221.7758183665506
10693,train,2261.0,1229.7603771280117,619.5374801253789
10694,train,3733.0,363.5045477313491,622.3714694881247
10695,train,708.0,768.8825859767884,1191.4481285624906
10696,train,3238.0,1593.6308321332633,1700.9222226328218
10697,train,5061.0,441.64405351218795,959.7381436594085
10698,train,4198.0,1479.4538319160351,1424.1205276864155
10699,train,5595.0,647.1282179015358,981.9643204722267
10700,train,1868.0,1019.8413649267841,440.7244002293362
10701,train,0.0,62.602593698572775,60.682250844917036
10702,train,0.0,44.315137065238005,35.07242865924837
10703,train,251.0,81.14505119801369,98.31870487698052
10704,train,634.0,27.33394337520203,38.71851561078315
10705,train,842.0,36.136138969775004,32.87855403448784
10706,train,0.0,9.383745903966897,11.622582065156196
10707,train,0.0,13.515652720381546,11.9838214412405
10708,train,552.0,24.46756299492008,15.439349654005962
10709,train,1144.0,45.64315586554491,40.981462753090746
10710,train,2697.0,46.301353241771,75.5627006436227
10711,train,0.0,11.911809725104755,4.601861170509112
10712,train,2108.0,57.7778985470446,57.883809064388615
10713,train,0.0,3.192972737554875,11.281252524919317
10714,train,0.0,15.016157578078396,25.498801440557404
10715,train,105.0,10.422719618550502,15.146170297732603
10716,train,34.0,13.04524479656803,15.087362088918336
10717,train,0.0,4.097718738228514,9.285324811490966
10718,train,0.0,1.7891131990005893,2.352822391569666
10719,train,0.0,1.3058669894297243,2.6161578390682187
10720,train,0.0,1.0517832592673542,2.027696754349095
10721,train,1154.0,1.8580045079540541,3.70487187548611
10722,train,0.0,1.3982947324914292,4.481520836629118
10723,train,0.0,0.7447978105845932,2.110556956410955
10724,train,0.0,4.5644914317017085,5.558100325600918
10725,train,0.0,2.9076251594158142,2.3519654084064974
10726,train,0.0,1.3160511308405458,4.180032106056895
10727,train,0.0,1.4721198779777196,3.607360901746506
10728,train,0.0,2.0686026572577187,3.57576023193534
10729,train,0.0,1.4030605056168857,1.7949750399984414
10730,train,0.0,1.9920639829587587,2.383060632463889
10731,train,0.0,2.674016389776085,4.181377191962765
10732,train,0.0,2.674016389776085,3.88299574372202
10733,train,0.0,2.8177206539242303,3.3300133833428935
10734,train,0.0,2.760835237662093,2.7257138647696024
10735,train,0.0,2.906685155994481,4.8449324406704095
10736,train,4808.0,5.155904827589555,5.910571425809659
10737,train,0.0,3.8062487670365384,3.6670867867471655
10738,train,0.0,23.621324841941902,40.63498547857839
10739,train,3888.0,73.52488408947588,109.50224898502172
10740,train,2012.0,95.73195141604128,105.4939318451096
10741,train,3316.0,399.16459567862654,591.9998909072991
10742,train,5582.0,657.8394210635497,519.0804105270865
10743,train,2874.0,243.39600848342502,627.7824466747878
10744,train,5644.0,185.60387477364347,480.9979505379066
10745,train,1754.0,163.96933126080387,315.5241786162278
10746,train,4234.0,204.15356853933878,442.8890309691377
10747,train,8957.0,129.18254234967523,206.24135105127817
10748,train,0.0,22.625862073367465,43.33226054390665
10749,train,0.0,26.715066948790184,24.624701196106418
10750,train,0.0,5.196959501872987,19.81695958689644
10751,train,0.0,13.620635680361099,10.982338534565487
10752,train,0.0,9.037015060438634,8.210550038650569
10753,train,0.0,17.07661908975256,11.627163053295947
10754,train,0.0,20.329643717242817,21.115941669773427
10755,train,0.0,7.994125113042573,5.242240676098733
10756,train,187.0,15.205063327189581,15.417603762857894
10757,train,0.0,14.631219285525212,14.052922910090729
10758,train,0.0,50.006156994264195,24.298148150560912
10759,train,1960.0,67.8828728764774,66.02151028292472
10760,train,449.0,116.2477641953933,83.03437827890947
10761,train,463.0,1461.013258829117,1405.1214602863627
10762,train,2616.0,1027.4685374157648,1008.5713392375558
10763,train,2803.0,2022.397340313471,1267.2892567770061
10764,train,3234.0,2148.5504160637347,1619.8739000601734
10765,train,5397.0,2113.258559940335,1614.9581924335444
10766,train,0.0,1434.1714062149865,1665.5763296931366
10767,train,3389.0,4985.66158610957,4557.521725310274
10768,train,6356.0,1439.285546433177,2196.3457779289815
10769,train,7626.0,3934.7079649230222,3097.750747687169
10770,train,11235.0,6332.255382480263,5005.553587692688
10771,train,4920.0,7849.785040857095,7457.547456919182
10772,train,2518.0,9093.056497145266,7353.759047596398
10773,train,6751.0,6905.528384876364,6697.655018487038
10774,train,8481.0,7097.800498801386,6054.319676000964
10775,train,7777.0,6739.627539748156,6577.343833460136
10776,train,5146.0,8582.69851200276,8606.223855939106
10777,train,10722.0,9491.876208603217,9401.830938408471
10778,train,8022.0,8726.11888957804,7056.207193964655
10779,train,11056.0,8160.920908904332,7706.918183531624
10780,train,15086.0,8389.39294869873,8404.223825152412
10781,train,7634.0,9351.618783910732,9131.751792038722
10782,train,10422.0,12123.789076965986,11996.905988724297
10783,train,5110.0,9011.991524237048,8215.602961593355
10784,train,16039.0,11123.9215954217,10182.353158421483
10785,train,13193.0,7777.520313008517,7851.670157713454
10786,train,6989.0,12570.773532284931,12338.574076438099
10787,train,7444.0,12672.725331333928,12230.717124159288
10788,train,7503.0,12398.409311255424,11853.521091623392
10789,train,11279.0,9745.48854852055,9753.290615028869
10790,train,18390.0,8543.332025672717,8940.36529412613
10791,train,13971.0,9623.180169030005,9792.36126763167
10792,train,12378.0,13992.588643382342,12458.167991432818
10793,train,7786.0,13263.647363409684,11901.170128211004
10794,train,7416.0,13431.682709598363,12063.037991424932
10795,train,12182.0,13125.376410042718,11635.005536868784
10796,train,12171.0,10306.923986645708,9720.568309724453
10797,train,17186.0,10715.893772514048,9980.93455351102
10798,train,14982.0,12234.652593497485,11657.748577440343
10799,train,10535.0,12721.770301618717,12245.000879311485
10800,train,8071.0,12886.689477719288,12402.302148858063
10801,train,3091.0,12392.683022540876,11935.161864388549
10802,train,2239.0,12401.690062751004,12270.863850108675
10803,train,7365.0,8078.770526087412,7494.670875235326
10804,train,1367.0,5866.802094281533,5789.113522293417
10805,train,8663.0,5873.03830230342,6388.3712119151305
10806,train,5746.0,4195.660814719079,4168.599172762266
10807,train,2048.0,7972.169802623697,8381.590492317748
10808,train,10093.0,6068.1508351889115,6527.357805304638
10809,train,6820.0,4806.0033654360195,5806.771863612284
10810,train,5041.0,8446.054057382511,8998.29569628302
10811,train,5817.0,6586.8425021176,7074.99361213103
10812,train,17153.0,8113.886321800324,8714.441475217063
10813,train,38508.0,8004.836101182934,8449.877767090024
10814,train,48969.0,9088.479024598944,9827.66457809886
10815,train,28495.0,18522.251072993346,18388.330684784898
10816,train,12358.0,28125.14203264984,28919.769412801503
10817,train,7425.0,17514.68052943792,19993.42561250928
10818,train,3957.0,17982.00157859173,18395.5428075615
10819,train,7194.0,14975.60929232321,15477.743688378308
10820,train,5925.0,10831.924720702555,10737.805159736616
10821,train,9625.0,11646.050976664834,12213.251145526541
10822,train,9960.0,12138.025059809566,11580.61050105554
10823,train,15748.0,12920.114529656139,13392.31177104959
10824,train,15032.0,12373.945939888697,13014.86558212029
10825,train,15754.0,14666.343233151718,14538.166660955932
10826,train,15870.0,16853.32244516595,16475.49422648878
10827,train,6058.0,16349.000973689957,15936.704116719751
10828,train,15635.0,15416.0339333608,14530.195474390513
10829,train,114995.0,14431.510820299198,13633.906564727808
10830,train,117366.0,15006.784005573738,14122.20335487431
10831,train,109714.0,59305.80687677561,55891.75358087072
10832,train,127385.0,60168.45385203683,57333.53388912552
10833,train,4999.0,55700.059091316696,59896.2176349751
10834,train,12230.0,57569.913961984326,62969.42350462519
10835,train,8754.0,14838.090838208454,16062.156018563617
10836,train,8033.0,17410.802674684423,21719.660347043264
10837,train,11535.0,13004.647917315135,15242.178436682516
10838,train,9766.0,14696.502541364265,16122.678922477264
10839,train,6566.0,14023.683060647474,16243.28349768234
10840,train,10555.0,12451.969135773954,14254.118395958898
10841,train,14917.0,14021.427583225606,15048.169034185144
10842,train,14482.0,13900.88196888716,15107.60111783509
10843,train,13034.0,17073.468501789077,16992.657283074244
10844,train,21467.0,18104.907674645172,18037.00052299262
10845,train,20855.0,16942.29829249724,16336.71865838401
10846,train,15584.0,16253.075762586324,15186.502788435551
10847,train,20358.0,16253.075762586324,15152.034243507533
10848,train,25175.0,15916.145344649589,15092.47242924387
10849,train,22836.0,16724.76935223341,15902.368047843473
10850,train,29842.0,18674.192433630455,18017.847371800253
10851,train,32161.0,19887.915555956508,18746.7996849607
10852,train,36316.0,23171.925083699192,21485.49699641507
10853,train,16290.0,26379.504827593075,24174.504539757905
10854,train,11659.0,27796.882577808203,25799.369172357103
10855,train,20572.0,21182.86565429965,20847.05281675678
10856,train,27783.0,17618.811829828024,17686.70660219712
10857,train,31335.0,18517.216102817943,17998.139591467476
10858,train,17359.0,20413.282578235245,19879.571354093583
10859,train,24012.0,25858.973845676057,24174.504539757905
10860,train,22262.0,20628.719185448546,20692.808935185072
10861,train,16972.0,21727.886483787977,21157.626898496466
10862,train,27161.0,19931.427375882162,19184.235511638937
10863,train,20638.0,17260.454056007846,18009.883740468358
10864,train,30608.0,19262.0389718153,19557.63596557785
10865,train,25707.0,18816.169339848224,19476.594771279128
10866,train,15618.0,20767.241827997652,21684.80492271548
10867,train,18490.0,20523.195964896095,20738.665547339377
10868,train,3105.0,12884.388612806413,13286.361856074167
10869,train,7826.0,13144.395273152517,13648.388736715438
10870,train,13401.0,8543.083748570709,9558.13071780937
10871,train,9964.0,9499.483822971002,10957.220496532052
10872,train,8365.0,9208.186636983615,10452.782196675342
10873,train,7746.0,10850.04511648722,11568.96563232171
10874,train,74400.0,10154.830586225038,11017.577581607167
10875,train,119327.0,9535.907543123461,9893.807567546339
10876,train,142036.0,36710.24729324682,34906.59917578714
10877,train,109847.0,51345.33713436972,51365.945316504745
10878,train,152201.0,58711.59534813129,69387.48641856363
10879,train,144236.0,50354.60917601138,57564.8079016609
10880,train,132335.0,98214.23116428421,76227.43856802768
10881,train,135135.0,85959.63153679545,70967.66545705499
10882,train,136397.0,72278.59348587361,70997.75098521229
10883,train,76938.0,64752.946600121504,54373.88445549205
10884,train,7032.0,59252.024141904694,53560.402016804735
10885,train,10100.0,36919.44605138091,36552.47173674118
10886,train,10145.0,14720.370225805906,14135.656660079441
10887,train,4509.0,15338.786423611285,17863.714430666238
10888,train,5287.0,12153.675734972096,14353.973912090989
10889,train,3556.0,11586.00899010887,10337.845815420147
10890,train,7407.0,12267.116847394644,10475.945349051139
10891,train,2549.0,11263.98480841066,8995.810003222668
10892,train,11603.0,14727.479839985945,13310.972760201033
10893,train,46654.0,9020.525370481164,9088.342508199947
10894,train,48869.0,10370.926533859296,11274.15126975363
10895,train,11292.0,23726.119590797145,22515.564185294876
10896,train,10804.0,25513.62029204763,25418.276517229613
10897,train,8939.0,14612.9753848059,13934.340853412728
10898,train,18595.0,11172.527325538464,11112.424840320506
10899,train,8625.0,11221.655789518616,11174.618542457045
10900,train,14968.0,12805.08155959074,12943.362081497946
10901,train,6875.0,11968.255284431847,11782.22540068782
10902,train,5104.0,14183.437548268967,12876.01128765069
10903,train,5026.0,11764.965208483383,11261.889930077394
10904,train,4940.0,9741.804349337923,8800.959990531837
10905,train,6941.0,8953.427522778877,8163.274473875712
10906,train,11875.0,8296.262642241945,7928.307930618716
10907,train,77007.0,9369.216015084929,8950.324803426434
10908,train,3901.0,8077.963734525428,8635.667399625869
10909,train,7738.0,27985.491516508235,31533.2462118994
10910,train,10761.0,10050.62866291708,10662.198101765465
10911,train,8265.0,12112.264117502282,12699.164613391222
10912,train,4137.0,9246.478003123912,10617.949828446777
10913,train,1380.0,9246.478003123912,10617.949828446777
10914,train,8015.0,8174.763376871087,8881.776477836183
10915,train,3636.0,4940.303810669415,6087.310381729047
10916,train,4714.0,8956.533391038896,8239.368223333078
10917,train,5647.0,7848.366127665469,7159.037515779083
10918,train,4903.0,8562.15147580174,8007.786077318172
10919,train,6562.0,6998.464961612413,7455.007753459399
10920,train,15634.0,7535.753604781761,7216.624155466208
10921,train,9053.0,5806.6815042102935,6386.0824628240125
10922,train,6789.0,5304.213689275539,5531.139618445121
10923,train,25275.0,7559.73590958542,6897.38564783037
10924,train,25126.0,8419.31926871562,8023.40670595171
10925,train,11870.0,9113.02253340539,9050.660815773419
10926,train,9127.0,9773.594921108153,11951.67044911489
10927,train,6219.0,11012.356108952523,11393.05501925644
10928,train,11406.0,9276.746765012585,8902.590176949296
10929,train,10396.0,7556.761501667538,7501.173923819252
10930,train,1598.0,7670.377539077843,7943.733305219481
10931,train,34518.0,8006.136866054606,8907.762255876327
10932,train,47742.0,4561.555803926492,6095.898826309527
10933,train,8364.0,12777.980484080816,13566.291050605565
10934,train,16400.0,17478.30225081678,20148.422187365624
10935,train,11596.0,11134.246581495307,11884.038671202752
10936,train,15199.0,12211.023661920837,13633.000375581187
10937,train,6792.0,7987.9204223727875,8998.96324819109
10938,train,3842.0,8547.957830370922,8821.20832409473
10939,train,5169.0,8384.077431957548,9554.988249349513
10940,train,0.0,4504.136144741541,5222.565181864998
10941,train,3335.0,3961.4739582189673,4025.619475895082
10942,train,2501.0,1501.5972891135084,2472.0064351751143
10943,train,3378.0,2255.893350721804,2973.78533663465
10944,train,262.0,1311.6248125699842,1495.8075729303375
10945,train,418.0,3527.0765813327753,2779.5327582234363
10946,train,3144.0,1361.928564398816,2014.892284674629
10947,train,551.0,849.8722513977216,937.6463665612024
10948,train,2141.0,1278.964081542626,1029.0621661990003
10949,train,1144.0,1150.0803584246335,714.8629154915715
10950,train,2850.0,1284.3294188357213,1231.409309414581
10951,train,0.0,202.07896457867673,249.17117672795197
10952,train,1895.0,614.6674694310715,557.1125902131698
10953,train,4138.0,489.1561658713996,312.671423928236
10954,train,5903.0,396.1028761431754,393.1682618411161
10955,train,6107.0,861.5922098849809,341.00790236730404
10956,train,7691.0,1964.1024446692345,1560.0979625189088
10957,train,4302.0,1799.8154359950095,1647.5814668790654
10958,train,10115.0,2790.8615461888994,2560.895293936835
10959,train,4774.0,3229.9401079983795,2770.4592255224306
10960,train,2466.0,1933.3600107626842,2493.446749161663
10961,train,4338.0,2783.734225933775,4068.524487557821
10962,train,7004.0,1917.1181949135844,2858.438097913675
10963,train,1950.0,1317.607259067076,1140.532347121503
10964,train,0.0,239.992262178652,410.0922205757618
10965,train,6603.0,1036.1634144874745,647.8745100982735
10966,train,7683.0,227.9014502877253,629.459259482454
10967,train,0.0,248.96387061828958,295.0520094723399
10968,train,0.0,200.07448189211027,173.03196314431872
10969,train,2020.0,470.9517043921347,306.81431888525367
10970,train,0.0,43.73532366516126,78.46176114827573
10971,train,1298.0,664.7376165906749,171.8718508969421
10972,train,0.0,53.60358003445407,84.65588805950767
10973,train,3350.0,915.1384121651733,336.7620270620398
10974,train,3439.0,116.0336962410639,185.49543449695696
10975,train,6340.0,1080.1070106206948,698.035014338068
10976,train,6852.0,770.3012126277799,738.4476242482601
10977,train,0.0,49.335589550468924,105.9303199628968
10978,train,5291.0,287.8605203016283,231.31713301174207
10979,train,3293.0,106.27381593807682,114.36568894276483
10980,train,1381.0,133.67446567538042,133.80466895562785
10981,train,0.0,76.27673925860408,184.68773220673918
10982,train,667.0,243.45013893205996,241.79961736291426
10983,train,4464.0,294.96443209395335,189.91131920000313
10984,train,1617.0,311.3945670735932,201.72435818741002
10985,train,0.0,33.44161592125401,52.21785295111197
10986,train,1129.0,171.82086061464193,164.98653881167778
10987,train,1228.0,83.2827054443607,187.36698415052632
10988,train,0.0,76.64163082104895,84.33385162205987
10989,train,2979.0,117.73445667329783,93.574784080662
10990,train,8621.0,204.09244444556526,452.3513158446437
10991,train,4858.0,193.90986480582723,261.7944545029953
10992,train,3488.0,88.73185960587129,86.37206837433524
10993,train,0.0,26.559287643212947,78.73232991538148
10994,train,1273.0,47.43878517413572,73.3088553677307
10995,train,0.0,12.398319888048178,16.15632396339755
10996,train,0.0,18.693325158167788,7.723064127239889
10997,train,0.0,4.401430321989698,3.4466881496361754
10998,train,0.0,4.775558892934743,3.8879671061111942
10999,train,0.0,3.7859139815899727,11.751626934242573
11000,train,0.0,5.853012285770854,10.582736649353489
11001,train,0.0,2.796892741021912,3.489283291478798
11002,train,0.0,4.103806460877879,1.9497942922440146
11003,train,979.0,12.42191342430119,18.465282766277088
11004,train,1270.0,9.210341259133989,4.971066540649829
11005,train,0.0,5.413580921133636,3.8410664593816124
11006,train,0.0,7.617118084134612,6.802092509147282
11007,train,0.0,3.6816718937836086,2.629147243282288
11008,train,0.0,2.9892138746112766,3.1753516091674676
11009,train,459.0,3.2020538223508304,3.0408964593305043
11010,train,767.0,4.62137486845685,3.2422741469879997
11011,train,0.0,1.4547290166333204,2.216482180718563
11012,train,0.0,1.6017135108387746,1.867941358810144
11013,train,0.0,4.335100444930172,3.827587773985268
11014,train,0.0,2.7182861713292,5.077537203021426
11015,train,2509.0,3.5109304027622725,4.128717237357378
11016,train,1506.0,4.4299627418116705,5.75372758205
11017,train,0.0,6.719404180863177,5.356692542599847
11018,train,0.0,6.966861788734873,6.267853391023049
11019,train,0.0,1.5457747719645134,3.1676613170081733
11020,train,0.0,0.38959087994314406,1.2423586486402969
11021,train,0.0,0.5849797404329062,1.5085368489362456
11022,train,0.0,0.6107158035464337,1.357370801385001
11023,train,0.0,0.3332872666748667,1.403419664852965
11024,train,0.0,0.3797494912645876,1.470248955060991
11025,train,0.0,0.637187979184374,2.5517797279542522
11026,train,0.0,0.7320439401096255,3.8179439473708587
11027,train,0.0,2.115796571201629,6.338819154962345
11028,train,0.0,2.0775305442712853,2.281551770291428
11029,train,0.0,4.115159294755658,5.63133941777248
11030,train,1140.0,10.287656876402128,10.678634338747989
11031,train,3646.0,26.472373490378242,17.304278757253
11032,train,0.0,47.89609213411843,48.16047624494633
11033,train,4370.0,189.56428424617795,165.54774291721054
11034,train,6688.0,271.38449219559544,178.48297549230796
11035,train,1930.0,131.7654074059866,99.02554453924658
11036,train,0.0,12.5162846492557,50.12519247278734
11037,train,0.0,6.217763222680156,14.565829298693087
11038,train,1850.0,54.69013390165035,33.53221051635739
11039,train,1698.0,68.89871659862627,40.159427381712916
11040,train,0.0,13.870138506118515,19.234207015307824
11041,train,0.0,15.895312524019747,16.5511945790685
11042,train,0.0,4.774305997125551,10.185858031670715
11043,train,0.0,3.2629795838694964,10.599265676182005
11044,train,0.0,1.2751544134904305,4.889469129195817
11045,train,0.0,1.3675952756124299,3.372462987914857
11046,train,0.0,0.4465309422527453,1.387711468243754
11047,train,0.0,1.2318004180317987,5.366886962824197
11048,train,0.0,6.849233541394481,13.343015058286113
11049,train,0.0,7.873626949754618,11.197262188810477
11050,train,0.0,9.91873974803338,14.167114756542507
11051,train,878.0,12.486419316753215,28.688196005865258
11052,train,0.0,19.386551680674813,26.20137261742874
11053,train,3274.0,474.40400924070804,358.2873502039951
11054,train,3726.0,523.3290491227906,366.69456280815893
11055,train,379.0,921.743744437651,536.0663833625536
11056,train,5204.0,1393.2714388231236,1143.6940089873722
11057,train,7118.0,890.1157002032057,879.9218124887351
11058,train,10244.0,3529.928262375552,3957.4539146669226
11059,train,12966.0,4703.212842879018,3343.9447108707272
11060,train,17799.0,4523.0215436952185,4676.08147600882
11061,train,15968.0,4536.616287370512,4667.83228642453
11062,train,0.0,4209.430566088922,5882.122966741656
11063,train,6910.0,7370.626873939701,8351.56851560378
11064,train,3774.0,3759.5258972247393,3025.403878320299
11065,train,4870.0,4780.2046201049425,5920.271573103099
11066,train,6030.0,4674.410072882348,5116.351859676839
11067,train,6371.0,4840.958216982615,5404.485632656438
11068,train,7862.0,5861.773268489461,6284.943539427397
11069,train,9148.0,5060.3683112969875,6299.5215675405625
11070,train,7017.0,7248.0105969397455,7644.436038947242
11071,train,6066.0,6963.374360145316,7049.373133431807
11072,train,6264.0,6675.071377606223,6139.135505785562
11073,train,31723.0,7811.470931622811,8226.575110665559
11074,train,10325.0,7060.657228001685,7447.65999555272
11075,train,4978.0,12005.65125611503,13722.557191337013
11076,train,16085.0,9134.94912706909,9914.193764515529
11077,train,5044.0,8306.569876134337,9023.957594443642
11078,train,4929.0,9881.256040139824,10658.501351224697
11079,train,2324.0,7226.739527526221,6986.024560129967
11080,train,4941.0,6989.148316754809,7874.983827388796
11081,train,415.0,4244.274066439969,4377.282985626783
11082,train,170.0,3926.946425807771,3524.1997205451703
11083,train,2160.0,1843.433490249871,2848.811851589425
11084,train,842.0,1173.6273138177396,1634.0878306120333
11085,train,2805.0,1260.2004999482504,3132.8659941420747
11086,train,2238.0,1165.6503142222157,1954.0968463504325
11087,train,0.0,1009.5300316742004,1769.7154103509065
11088,train,391.0,1163.5703064630125,2189.0118658127653
11089,train,195.0,1055.5871014882318,1388.9138488959347
11090,train,1094.0,1275.4240281323453,1567.8132456763824
11091,train,1999.0,340.57368359867905,975.8923670974652
11092,train,689.0,1523.0960333258208,1571.1052179493402
11093,train,3102.0,1625.081224984143,2034.8962613498447
11094,train,4358.0,2203.6320717058125,2057.328058812236
11095,train,2096.0,1461.1705698247079,1836.090622048926
11096,train,0.0,1799.6567078834103,1902.449922613896
11097,train,1135.0,2845.4280001000607,3277.936847442429
11098,train,1692.0,2670.305835862053,1632.3831264669761
11099,train,3330.0,1793.1616037341391,1676.948572232959
11100,train,2213.0,1784.1658641361844,2489.615627685367
11101,train,9101.0,3431.8933017274862,2829.5963883353083
11102,train,1342.0,3188.548650698257,3078.193375915798
11103,train,3506.0,3337.075652039607,4819.163413635869
11104,train,1593.0,4301.648905157261,4667.675607342789
11105,train,4398.0,3867.726817203669,4337.808112433583
11106,train,2857.0,2965.9041989668585,3188.183697463118
11107,train,9878.0,3882.6030680472827,3836.615770481625
11108,train,9779.0,4493.274234010284,4630.150199795578
11109,train,11265.0,4860.752102612903,5325.5441477079
11110,train,13177.0,6046.162112359251,6021.550607475749
11111,train,1904.0,7174.595602137304,6897.133426603093
11112,train,6890.0,8721.094812164953,8055.766666496479
11113,train,7728.0,6359.36551319351,5801.958692330229
11114,train,3710.0,7941.668494767487,7982.563395691007
11115,train,9391.0,7125.1489385369905,7337.271146947503
11116,train,6020.0,7078.066737765038,6517.371111921251
11117,train,6262.0,7941.668494767487,7982.563395691007
11118,train,12183.0,6730.022372174428,6502.676585940615
11119,train,10331.0,8297.303137106323,8162.530713485829
11120,train,9026.0,8718.22603892939,8552.211204237801
11121,train,6617.0,7463.804863167051,7427.061396056166
11122,train,5366.0,8950.344670076618,7860.834592081679
11123,train,4012.0,8169.534296182698,7940.2874157964025
11124,train,16297.0,7741.886076188805,7262.981736199861
11125,train,65856.0,6625.12252498593,6245.165186127109
11126,train,69235.0,9061.18279553615,9022.202274326753
11127,train,69212.0,26207.661266172683,21644.900778554027
11128,train,60823.0,26066.006071995125,22207.369008454123
11129,train,2697.0,24135.9823958838,15663.9430743897
11130,train,4301.0,25455.823119544624,17940.19147206985
11131,train,7669.0,9974.84315687249,8705.810637124076
11132,train,5515.0,12151.500527718648,10415.236559403464
11133,train,13862.0,10068.196970255634,9673.855710708965
11134,train,16298.0,8843.205826652838,10326.644176292142
11135,train,8741.0,10585.167451132585,12756.188936661425
11136,train,9100.0,12816.733416365018,13736.073090286569
11137,train,10441.0,11821.123029225078,12503.828553887166
11138,train,8539.0,12474.652406247531,13734.474602246315
11139,train,16404.0,10750.3834577256,13380.74343280359
11140,train,11245.0,10947.145181015989,12453.234817250097
11141,train,16079.0,13104.093073134683,14027.752806821176
11142,train,11291.0,10201.792106128521,10075.850195293919
11143,train,6913.0,12322.599341771589,11631.703764025373
11144,train,19813.0,11851.56267788047,11084.512497652282
11145,train,10737.0,12003.837021955667,11370.468593962729
11146,train,23452.0,13783.921046054611,12215.279062451948
11147,train,14188.0,11517.30135223927,10939.023523920845
11148,train,26987.0,13849.40125037915,12243.148867277128
11149,train,26834.0,12617.26773201757,11804.57810154616
11150,train,13983.0,15147.509817971733,14133.131607291818
11151,train,26551.0,17123.060942017943,15424.19872965913
11152,train,26175.0,14942.177034220884,13997.35103007139
11153,train,28148.0,16972.55258955472,15302.494073761012
11154,train,11001.0,17561.563898339416,16080.594901055294
11155,train,17214.0,16890.524563188308,15018.180989645882
11156,train,13655.0,12720.368702404912,13113.402039828943
11157,train,9849.0,12198.69600000294,11211.784814952725
11158,train,10769.0,9807.537921939953,10662.167662334447
11159,train,9902.0,10803.990784275711,11268.128007562495
11160,train,6407.0,10585.750981277459,10582.999701098124
11161,train,18334.0,10144.767161870901,10227.431935187562
11162,train,13523.0,8920.09127281331,8836.59621657849
11163,train,14921.0,12248.03063987253,12415.992949770189
11164,train,8411.0,11566.153056823536,12104.38109518687
11165,train,8300.0,12022.119361546287,12179.818317149822
11166,train,20151.0,10883.954503595218,11152.019442408095
11167,train,10800.0,10635.028107540948,10429.052171464584
11168,train,6415.0,12423.070705313981,12320.634856569328
11169,train,18400.0,10883.954503595218,10791.628798306094
11170,train,22532.0,10883.954503595218,10791.628798306094
11171,train,8787.0,11644.972270871454,11501.08092781698
11172,train,4643.0,12802.643966779073,12761.737440574398
11173,train,0.0,9099.78843178805,10288.187140909313
11174,train,4444.0,8739.71123116899,9056.36830067111
11175,train,6897.0,4493.456280143308,4790.078311391849
11176,train,7639.0,6136.872235101707,6098.7555677936725
11177,train,7643.0,6833.72635960373,6669.569825734817
11178,train,6266.0,6859.082583348369,7216.125779134755
11179,train,6039.0,6958.7273200623185,7736.192508999805
11180,train,4133.0,3781.2088585435718,5311.072470237813
11181,train,12157.0,6779.879189820381,6692.116461153633
11182,train,16947.0,6646.167261327996,6780.886081633688
11183,train,22244.0,7680.525604001875,7898.289497328808
11184,train,13490.0,9426.838074084231,9444.88854170454
11185,train,13256.0,9996.353416121114,10703.351325151845
11186,train,11007.0,7749.1643964555715,8331.53528651388
11187,train,12942.0,9992.422582233521,9789.360130243555
11188,train,3747.0,10196.933884042732,10223.722645815598
11189,train,10896.0,10453.877018114204,10436.069916494083
11190,train,7861.0,7842.582471669586,7438.200633006603
11191,train,7264.0,8262.74471441886,8384.72713168734
11192,train,3510.0,8049.650396643059,8017.807232341393
11193,train,2713.0,8049.650396643059,8017.807232341393
11194,train,6067.0,7094.459759275381,6938.047561355513
11195,train,3904.0,6066.663200027205,5189.403016668944
11196,train,11731.0,6450.639414146388,6356.125560283061
11197,train,10232.0,5115.507274250808,5087.905727691837
11198,train,7672.0,7203.98255527052,6913.087312996613
11199,train,10133.0,5867.779250152703,5822.59232737463
11200,train,6521.0,6309.284836680946,6450.891288739011
11201,train,16023.0,6395.789314088718,6496.574556939939
11202,train,4659.0,4282.8350653659645,4970.891240615459
11203,train,13551.0,8854.854145879945,8664.010940357442
11204,train,11300.0,5829.05624246013,5722.6560266010865
11205,train,3686.0,7446.460061414425,7355.064077913328
11206,train,13636.0,6805.288449797297,7037.573010240859
11207,train,8580.0,6346.927203401928,6401.629156478321
11208,train,1502.0,6916.603594177249,7079.859633948172
11209,train,6787.0,6211.819285560369,6870.427014559235
11210,train,6221.0,4726.365754327394,5302.481066124225
11211,train,10676.0,6323.527325905379,6148.986135896778
11212,train,2606.0,5211.986074879134,5131.138565664924
11213,train,8327.0,7104.907522651763,7070.3964680521
11214,train,5005.0,5387.235485084999,5570.838487283836
11215,train,5527.0,4268.518519142882,6208.096437226183
11216,train,8294.0,5070.644972434304,4686.775974198306
11217,train,6815.0,5589.26751701314,5235.901735252721
11218,train,2117.0,5358.343884599823,5848.509251576675
11219,train,6188.0,3920.0499384193877,4768.281743767473
11220,train,2728.0,4807.172291960467,4921.154038159998
11221,train,2832.0,3779.5404530425494,4926.293514347581
11222,train,7758.0,4435.995576722326,4434.702746148761
11223,train,6743.0,4631.490763477807,4139.620750139886
11224,train,9984.0,4186.255204200137,4304.320041930698
11225,train,3735.0,4520.626675265552,4831.628608362678
11226,train,3987.0,5527.301126783557,5478.63432323438
11227,train,4956.0,5078.038339176627,4209.496955328948
11228,train,10871.0,4307.005180995031,3273.0096467473104
11229,train,5849.0,3729.8417317395874,3209.114807240331
11230,train,4621.0,4348.675582342021,4718.240347530203
11231,train,7290.0,4689.352108140022,4891.70059067384
11232,train,8297.0,4345.970920177845,4142.553087197545
11233,train,5872.0,3678.2917414401027,3716.6309427886213
11234,train,7727.0,4333.106265775965,4531.479446388269
11235,train,4856.0,4922.542731439054,4504.396833683725
11236,train,2128.0,5249.417985249261,5152.4849067250525
11237,train,1684.0,3700.9895173760965,3511.2680851101277
11238,train,3726.0,3325.575215022063,2866.411197846654
11239,train,2269.0,1196.9984515662698,1400.4446896354348
11240,train,7367.0,1687.20965673973,2090.019537508027
11241,train,0.0,824.33005509191,1170.289917386181
11242,train,7455.0,2375.4933656057465,2053.057319854922
11243,train,13228.0,1724.8806670834288,2240.069063297006
11244,train,3000.0,1263.5917735574735,1763.7840758567788
11245,train,4188.0,4803.655575696579,4727.077560965124
11246,train,2818.0,2030.4072851371004,2255.212485603797
11247,train,3470.0,3003.440491660429,3343.0089444116816
11248,train,9131.0,1125.7590553146576,1990.9462290348656
11249,train,7427.0,1599.5662533787802,2445.5055841696817
11250,train,2401.0,2599.1322259836074,2153.8327564882143
11251,train,2084.0,2251.9628833398738,3239.0328665729594
11252,train,10066.0,1526.614995740693,1895.5200494674768
11253,train,0.0,166.72002067837843,194.29147102716752
11254,train,0.0,261.0909563884529,277.3125666580089
11255,train,0.0,150.7308973542284,157.46689036015945
11256,train,3697.0,373.0052886278795,227.177490494736
11257,train,1506.0,54.34825823976059,57.27005045155524
11258,train,670.0,668.5978911850918,471.12498244116193
11259,train,3398.0,1318.5521582062324,317.3445733292002
11260,train,2969.0,980.8196096275306,435.24203999261306
11261,train,5938.0,807.090476449454,228.42727266158755
11262,train,697.0,581.6988100536101,325.55570526163933
11263,train,0.0,171.45653841480194,108.57959591140678
11264,train,677.0,211.67173976160703,177.1675707792474
11265,train,1373.0,60.2796878984962,20.374639147604366
11266,train,1125.0,121.01772992541025,117.56423317676763
11267,train,3582.0,207.1146458733794,297.4783081821136
11268,train,4014.0,681.3003916317772,821.2715463958313
11269,train,6424.0,533.5279806265253,375.25224078692037
11270,train,1642.0,773.464829645727,583.9289885681035
11271,train,1034.0,383.7800844071116,274.6129571329235
11272,train,1235.0,345.7697165860574,311.06031948792923
11273,train,1818.0,473.69920131130505,278.65065709567193
11274,train,2518.0,117.37160126625852,80.49145603106834
11275,train,5342.0,298.9556740821604,233.34264633384126
11276,train,1294.0,44.27121194272486,48.75571165323033
11277,train,4429.0,46.77016655908903,57.470430946880654
11278,train,0.0,19.669762473669262,110.75044041483116
11279,train,0.0,4.698899983280691,28.15837176797168
11280,train,809.0,82.87961297015734,137.54083715280314
11281,train,0.0,7.137986141312918,22.66487057880748
11282,train,0.0,2.628089103902218,4.682356051104084
11283,train,0.0,4.047911403988088,3.160362587599166
11284,train,0.0,3.873209694900564,1.6176398618295456
11285,train,0.0,2.2808531728896138,2.475745481360512
11286,train,0.0,4.217693560817657,3.0572849680308307
11287,train,322.0,2.8700350878377336,1.9167984102902063
11288,train,0.0,2.392753887008665,0.8260966736048165
11289,train,2618.0,9.146468392117955,5.845274814021458
11290,train,0.0,2.8036205075488403,1.6900375836939472
11291,train,0.0,3.621666366513006,3.4254470962633814
11292,train,0.0,9.383622554206994,4.944753765758631
11293,train,0.0,4.948491043893643,3.903255636905275
11294,train,0.0,1.4783074308596347,2.1944557120725268
11295,train,367.0,2.606576457221581,3.857151291086284
11296,train,0.0,1.592992309049333,1.2623895243167667
11297,train,0.0,1.1639927273576758,1.5225355405770888
11298,train,0.0,0.8991866702830265,1.6312316041785242
11299,train,0.0,0.4982135273044548,1.5039977711646464
11300,train,0.0,1.1052750265722744,1.912669602255891
11301,train,0.0,1.166549200634544,2.133838260827686
11302,train,0.0,0.9790035900592553,4.0056637350591675
11303,train,0.0,0.777395297362965,4.15962699604944
11304,train,0.0,0.8457961703066421,3.032484721771718
11305,train,0.0,0.5579290529150858,2.823210616604313
11306,train,0.0,0.7183499008985335,2.9301415816300826
11307,train,0.0,0.8764594026784145,2.7871311816462705
11308,train,0.0,0.6633847651507736,1.441297841350044
11309,train,0.0,0.6519387586566696,0.96943416320682
11310,train,0.0,1.5457666160475205,0.96943416320682
11311,train,0.0,0.533114806332533,1.1094976009514772
11312,train,0.0,0.7070136856352418,1.005116895802785
11313,train,189.0,0.8310941061129626,0.9704273282230458
11314,train,0.0,1.4075530053942624,1.2641272439763478
11315,train,0.0,1.5922803926604647,1.4600319571784035
11316,train,0.0,1.145876817190628,0.8528366490295756
11317,train,0.0,1.1881402691934957,1.0822220421583557
11318,train,0.0,1.2234023358670236,1.0822220421583557
11319,train,0.0,1.3506909116716925,1.7830221102170487
11320,train,0.0,1.4560506356526117,1.4456611203599672
11321,train,0.0,1.5849431345235474,1.92129058181207
11322,train,0.0,1.5237906074545902,1.6083646164018535
11323,train,0.0,1.2804926665616065,3.402283417095332
11324,train,0.0,1.4877332357876725,3.6992821930550166
11325,train,0.0,1.6497625011357764,3.4255839647784576
11326,train,0.0,1.8608215699430017,2.20294290368012
11327,train,0.0,6.934825897210707,6.18530441108526
11328,train,0.0,17.112857347841114,8.05156209153913
11329,train,411.0,18.69171113673635,11.706670463020945
11330,train,101.0,30.352998601848977,15.413743220198608
11331,train,0.0,32.85440257499903,43.2545788292345
11332,train,255.0,47.446964771279994,56.75161305985116
11333,train,0.0,50.32760364393588,75.22553326096661
11334,train,508.0,54.48358698602896,70.06702762791359
11335,train,0.0,26.942889330343235,16.14558076015501
11336,train,0.0,49.402722382145015,35.46459095131549
11337,train,1802.0,62.02575201458347,46.81819232402688
11338,train,885.0,51.28710396773661,86.6849890444706
11339,train,96.0,363.6790156697819,302.1361833222558
11340,train,0.0,110.7010711270573,117.67639648452372
11341,train,1772.0,131.09642235990685,96.33984493031362
11342,train,3373.0,675.7619573520687,267.70080889158254
11343,train,1395.0,918.5802313556107,531.9215880960408
11344,train,2569.0,409.31148557560533,343.74224781776894
11345,train,0.0,444.3039114672291,363.7934421742194
11346,train,337.0,1121.683337702421,1414.372629116073
11347,train,910.0,1149.5545624149122,386.35431163452563
11348,train,6241.0,976.9536083587845,567.8664981373712
11349,train,0.0,669.0641517760287,822.5548529018415
11350,train,1931.0,3616.724698893383,2997.472221758312
11351,train,10536.0,1378.8341185682516,1579.9852004041113
11352,train,768.0,2580.8652546665235,2482.1838848522525
11353,train,4481.0,3742.529336733775,3699.538760034278
11354,train,2257.0,2756.08451719434,4000.5981034540437
11355,train,6237.0,4658.7014124731495,4580.757976655639
11356,train,5526.0,2876.3285496485296,2969.3548768827836
11357,train,2915.0,4376.624226013377,4082.620288605012
11358,train,820.0,5120.690897000015,5892.442421786342
11359,train,6415.0,3730.137863831928,4667.916459983749
11360,train,2119.0,3069.492818740738,4426.658222551137
11361,train,10078.0,4139.593178458454,3716.9601327842092
11362,train,18381.0,5308.117442097183,5092.126109327535
11363,train,8608.0,6431.12876237563,6661.033996920966
11364,train,10615.0,8998.196765043711,8905.041908703048
11365,train,18390.0,8024.605401080224,8361.631218106839
11366,train,7210.0,9340.560049664467,8677.968946907007
11367,train,4585.0,9465.11225592263,8989.11760046378
11368,train,9066.0,8737.38756770232,8037.189531146467
11369,train,9899.0,7167.98220977774,7519.06254194078
11370,train,5752.0,6317.199643675426,6589.287537261269
11371,train,2266.0,7680.730018399586,7076.053812263898
11372,train,8129.0,6701.446624997541,6819.9004424642835
11373,train,5713.0,5622.545989845236,6172.324837117774
11374,train,0.0,3566.6318055151673,3551.4950861093103
11375,train,7276.0,4836.81960108141,5326.601105367875
11376,train,10224.0,3613.7150444715753,3924.2086054868787
11377,train,13711.0,3626.9057739074433,3991.2876549049
11378,train,2889.0,5529.667127217511,5583.539222638452
11379,train,2114.0,7881.3376244402125,7630.757037060103
11380,train,2973.0,5090.715881076937,5687.499481359648
11381,train,3616.0,2445.8532432758534,4142.957999725671
11382,train,5224.0,2592.740667858792,3250.4613739643396
11383,train,1431.0,2968.1078997676736,3503.539914004137
11384,train,2646.0,3695.472133703099,3951.222145516048
11385,train,2338.0,2803.321024898593,4946.497697244719
11386,train,4202.0,3095.5036205055844,3764.6321284405103
11387,train,1158.0,2893.9857531297766,2967.9731965593437
11388,train,1014.0,3413.9951593443066,3682.631671403308
11389,train,2154.0,3065.5053248808963,4103.597777005458
11390,train,3902.0,2847.833590006748,3239.477119868146
11391,train,4966.0,2649.4218928322957,3113.0501263952438
11392,train,3913.0,2909.7820056020378,3186.5545833439505
11393,train,10748.0,3997.9859011701283,4397.426369514973
11394,train,3078.0,3826.6865478219825,4969.361995893054
11395,train,0.0,2667.659162733621,3266.6257292995256
11396,train,4862.0,5634.691610998712,6128.527178229836
11397,train,5566.0,5535.90734528031,6082.949630338477
11398,train,4464.0,4726.722094727965,5441.298838160359
11399,train,4994.0,6318.491047164058,6425.072269872822
11400,train,12371.0,6256.423145982189,5979.109368963533
11401,train,17777.0,6468.118129750404,6424.905248262828
11402,train,5899.0,7093.029173989017,7194.562178660868
11403,train,3113.0,11002.291911345987,10372.686729756228
11404,train,5846.0,10368.929037840115,9746.731489102222
11405,train,4920.0,7147.1358919530085,6712.952852914828
11406,train,2878.0,7036.352709042858,5941.667110067781
11407,train,1590.0,7350.8552525442265,7057.900863206281
11408,train,924.0,6640.3118967983855,6432.145073000754
11409,train,5880.0,5375.708192089517,5905.193445205022
11410,train,10737.0,3076.716231536735,4347.863410751489
11411,train,13087.0,4991.5857858885665,5156.1864192717885
11412,train,11654.0,7383.291624393168,7294.894777316316
11413,train,2035.0,9081.986491423193,8431.424515528797
11414,train,11852.0,10503.058152579475,9384.153860249213
11415,train,8601.0,7134.326718375355,6452.037391985289
11416,train,9036.0,8747.213988587693,8653.460924356603
11417,train,22384.0,8678.61636749811,8601.776813751821
11418,train,20370.0,7903.507005669144,7948.685058770308
11419,train,19766.0,12101.225404461138,11632.082750294187
11420,train,17531.0,12114.181037866867,12755.140551539807
11421,train,29847.0,15133.561102156087,14453.964641620716
11422,train,25257.0,14483.835422713455,13897.847173846885
11423,train,11840.0,18386.50706542047,17817.787155891587
11424,train,26529.0,19176.83389397707,18885.546947212577
11425,train,14536.0,14871.8092810711,14656.649085249943
11426,train,15797.0,17998.407252129637,17454.36124804581
11427,train,6372.0,14239.599527173785,14018.851961101567
11428,train,19166.0,15344.373523330447,15357.2140522382
11429,train,17603.0,13916.417503842573,13911.84789664533
11430,train,19409.0,14889.448855652745,14826.40724565076
11431,train,28615.0,14889.448855652745,14826.40724565076
11432,train,20061.0,15487.994977627226,15331.698229342512
11433,train,18166.0,19396.991433175233,19257.442012444895
11434,train,23080.0,18113.679017438135,17849.7210147373
11435,train,21268.0,17728.608509754136,17512.093257055203
11436,train,16195.0,17065.852245205668,17185.56155766719
11437,train,20010.0,17786.75996702505,17903.9892391772
11438,train,15241.0,16524.08077971412,16747.25691053028
11439,train,23048.0,13750.965465198005,16184.718821007851
11440,train,15314.0,12542.849523049257,15023.353516340758
11441,train,7980.0,14798.906522266825,17426.587493739295
11442,train,8227.0,12542.849523049257,15023.353516340758
11443,train,6796.0,10368.095967877245,13000.785807769154
11444,train,11542.0,9677.570403407068,11867.207562378448
11445,train,10284.0,8151.088359087533,10057.649606161578
11446,train,9610.0,7284.682008976777,9915.01818688273
11447,train,10717.0,9764.62329682959,9922.521662792968
11448,train,10083.0,7724.308055769239,10155.969343646002
11449,train,9131.0,7610.518365577497,9960.149585316869
11450,train,10475.0,7484.5202479456875,10318.498091769728
11451,train,27694.0,10360.920748320936,10554.71272415299
11452,train,14759.0,9471.331392607104,9812.849352738865
11453,train,9380.0,14276.42988880603,13565.881601066549
11454,train,9421.0,12539.460701049316,12482.978607867562
11455,train,7605.0,12828.098208169193,12400.861964163272
11456,train,8882.0,11433.626832792555,11243.902908041131
11457,train,8303.0,9521.566790536455,9523.451075072522
11458,train,4760.0,10063.597587506527,10027.977919820354
11459,train,4207.0,10339.226262546727,10161.35109785233
11460,train,18591.0,9304.085342770044,8851.96398439727
11461,train,19278.0,7636.490677185153,7794.4088907216565
11462,train,8094.0,10210.38434972485,9310.87975355597
11463,train,22997.0,12013.557343443696,11701.147556438249
11464,train,8325.0,11705.981275577196,11220.66121326934
11465,train,12991.0,13891.414527507706,13235.088632942901
11466,train,10169.0,10994.39291363985,11256.70793854859
11467,train,24627.0,11955.445256466577,11304.598861136723
11468,train,15002.0,11503.065707338386,10843.671311522328
11469,train,12729.0,13095.500496887884,12712.024855785814
11470,train,2963.0,13258.637926301566,12647.63479516538
11471,train,14322.0,12644.331811439943,12741.39346346729
11472,train,14058.0,10465.122060124613,9740.067327081939
11473,train,14557.0,12599.863046550401,11950.040080190029
11474,train,10168.0,12571.30327041555,11967.528447963383
11475,train,11528.0,12659.152922210738,12453.971400637234
11476,train,3065.0,12506.501760304567,12181.946189526707
11477,train,20047.0,11223.803681500862,10702.019540362384
11478,train,10705.0,8719.875849309728,8266.114720548925
11479,train,15051.0,14065.601042273753,13005.291221007808
11480,train,13814.0,12628.668574824453,11634.805935037719
11481,train,21323.0,11445.800565469903,10967.687060096478
11482,train,16733.0,10942.610946575103,10582.987594733
11483,train,9980.0,12046.874194505252,12089.18508159524
11484,train,20796.0,12403.8889802167,12413.640090699208
11485,train,19762.0,12436.697073584008,12506.072590790593
11486,train,23616.0,14413.552715097814,13797.187353636346
11487,train,30048.0,13521.425616699204,13658.898490613059
11488,train,19810.0,16078.761447046434,16102.069478646528
11489,train,17761.0,19072.68997381391,18699.083347398628
11490,train,25155.0,18119.97969013217,18715.890502129932
11491,train,10990.0,14685.881295370653,15520.916500475594
11492,train,35259.0,17806.703628907573,17616.708480743113
11493,train,5332.0,13114.317845834259,13660.014739367902
11494,train,16221.0,18850.458099942934,18794.535488260786
11495,train,10596.0,12188.028754152867,12414.52102135047
11496,train,23340.0,14261.724819678806,14574.26124689575
11497,train,10548.0,11278.4146816976,11151.037741408978
11498,train,6322.0,14330.77820389433,14269.053456895166
11499,train,17060.0,11959.853929594006,12324.175022699157
11500,train,18642.0,11171.18759655207,10553.158211877817
11501,train,6709.0,12300.75065221698,11482.837390945138
11502,train,10646.0,11944.39747924805,12796.431867229345
11503,train,15272.0,10828.779862696518,11306.9942468495
11504,train,22518.0,9918.341930537199,11005.848883794297
11505,train,10881.0,11104.089081511589,11651.614964603297
11506,train,2695.0,11884.590219048314,12742.699109703537
11507,train,14405.0,9864.61253048739,10473.222202996149
11508,train,4936.0,7182.838745534508,8929.29984752421
11509,train,10375.0,7814.392918350603,8100.907379998874
11510,train,4714.0,6827.591553927166,6926.420491933216
11511,train,14716.0,8705.483503909876,9251.297316807602
11512,train,6645.0,5636.289376729861,6243.174646551164
11513,train,23934.0,8180.718178965347,8562.040022032823
11514,train,13738.0,6876.860661887089,7692.89560475007
11515,train,15561.0,10462.104974215743,10856.387996229909
11516,train,14424.0,9994.288056734144,10372.204428125266
11517,train,6364.0,10505.59890378875,10529.80176927622
11518,train,11511.0,10297.647137674716,10600.167550735787
11519,train,11680.0,9900.670038962166,9679.475457413773
11520,train,10166.0,9775.000805587917,9964.725977969423
11521,train,8929.0,8790.683601877456,9115.572373510407
11522,train,4105.0,9384.376141199831,9610.023189403822
11523,train,8270.0,9602.305857605075,9964.725977969423
11524,train,6993.0,5957.286032225445,7032.1333636518275
11525,train,9287.0,6423.7951627462535,7126.124213143461
11526,train,11742.0,5864.443406634901,6500.038301237946
11527,train,10290.0,6770.38836160758,7259.628564914589
11528,train,8586.0,7393.550364768689,7009.8328803647355
11529,train,1162.0,5301.523135143465,7618.667395224604
11530,train,3120.0,5398.044130900852,6339.086329489225
11531,train,0.0,1002.0851874970922,2470.549280690531
11532,train,5155.0,2289.694678004639,1962.0949401655353
11533,train,3751.0,353.64404177801595,447.1864903092254
11534,train,16233.0,3069.719423103523,2302.4124270328234
11535,train,9528.0,2943.243963364821,2375.8426625282063
11536,train,5922.0,2762.5122133971026,4154.0167387689835
11537,train,1875.0,4231.530153340109,4991.674110469565
11538,train,3615.0,4879.708158813975,4372.6348170098
11539,train,5479.0,3064.8031725951455,3774.207533959851
11540,train,12196.0,2213.9990067384147,1682.990060360716
11541,train,4618.0,1010.0467735678104,1440.2929267796844
11542,train,1922.0,3813.155563133278,3260.484952904288
11543,train,1864.0,2542.4520336621704,2670.9739808883123
11544,train,9118.0,1459.2429417170383,1387.1717069360107
11545,train,8431.0,1481.445648948712,1696.27733955987
11546,train,2507.0,1234.1035959978497,1201.008979811928
11547,train,1969.0,2029.8385719043224,2303.4565988203635
11548,train,159.0,1344.1110373253077,1915.5497593916912
11549,train,0.0,345.0392399712042,345.39442972457107
11550,train,518.0,474.5763928099139,856.1422549383635
11551,train,0.0,38.14489983750019,55.523773608541276
11552,train,1058.0,335.18118294045604,88.21682344757447
11553,train,1666.0,41.334749368802605,52.23287290509812
11554,train,4345.0,345.3899972908879,248.9651925338096
11555,train,828.0,243.95806877277133,141.35663154503615
11556,train,0.0,51.43024103680151,59.86113692484909
11557,train,0.0,18.13994516915656,23.538475760431385
11558,train,0.0,3.002645727592741,4.338763422604656
11559,train,0.0,7.552791426860951,8.32746081512459
11560,train,2346.0,10.074518746404557,9.94798903489684
11561,train,0.0,5.391704786029999,8.273555279883812
11562,train,3919.0,56.093222709966895,69.02853548864998
11563,train,0.0,15.18226646921688,10.9202008297047
11564,train,0.0,7.906622148070017,19.55986600911164
11565,train,170.0,3.269471078187415,4.867127026122127
11566,train,0.0,10.831140229833428,9.331972999221067
11567,train,0.0,0.910896895635098,1.9354046728765377
11568,train,0.0,1.2915604822878808,3.011905078189465
11569,train,0.0,2.0254397881386796,1.4617522014164566
11570,train,257.0,4.063386055424038,3.624513880611415
11571,train,0.0,3.670977207896043,6.507254636234598
11572,train,0.0,1.8613429995245538,1.8686931602576347
11573,train,4852.0,12.617127227681806,4.636118428238904
11574,train,417.0,10.853858504958497,7.076129612706916
11575,train,0.0,3.310505435483548,3.6677192899853903
11576,train,0.0,9.209957321737763,3.861451492387946
11577,train,0.0,3.011038372319077,2.1269314345965
11578,train,0.0,2.2879792779222314,4.40155462892225
11579,train,0.0,3.72414709664557,5.891914796504174
11580,train,0.0,1.6242131524286068,1.5464895281203574
11581,train,0.0,5.197002231958097,4.271672400319635
11582,train,0.0,3.308453439240181,2.4347011982812163
11583,train,0.0,7.638973511623151,4.296475072951566
11584,train,564.0,6.987322301209804,2.5827391540617866
11585,train,3000.0,12.44394736959231,5.138980225697491
11586,train,0.0,2.1820564580087307,1.1107041552441124
11587,train,0.0,1.0751042328871572,2.5282566000751663
11588,train,955.0,7.883457039909791,5.367348259403918
11589,train,0.0,4.487174854918651,3.1158940850434
11590,train,0.0,1.2559486092507481,1.4480194943238982
11591,train,0.0,1.3130463323827541,1.4622027295374198
11592,train,0.0,1.4051011512406224,1.2775766308357075
11593,train,0.0,1.3698022510026742,1.6800888873857103
11594,train,0.0,1.3664305547821165,2.6196735451066906
11595,train,0.0,0.9886465993639186,1.4452852959793994
11596,train,0.0,2.2014244939515923,4.258198985658803
11597,train,0.0,1.9482695069540394,1.6083879318492738
11598,train,0.0,0.7362903778109284,1.1540168424726316
11599,train,0.0,0.8062964097655292,0.9704378281593471
11600,train,0.0,1.232350552694566,0.9704378281593471
11601,train,5113.0,1.249472885958033,2.14351406547826
11602,train,4341.0,3.235821177660375,2.9584562808948283
11603,train,0.0,4.014078132231348,4.920209834381168
11604,train,2220.0,32.739675714402104,36.352844963547724
11605,train,0.0,9.935779034990704,7.378579112687081
11606,train,450.0,18.734915007154974,24.138476087785918
11607,train,0.0,2.410930042824308,4.849890247488985
11608,train,0.0,4.362204565083383,4.867875881565359
11609,train,0.0,5.345537478139016,3.8596384894539124
11610,train,0.0,7.014595912015915,4.313971104346622
11611,train,0.0,4.715100637193054,3.7600027735018324
11612,train,896.0,8.21188226284484,5.704421211426241
11613,train,0.0,7.321217906435866,3.8393942127147334
11614,train,0.0,1.989320611719121,0.8025681411570869
11615,train,278.0,35.07470780382685,38.072206930191335
11616,train,0.0,56.08206733190643,65.23860258024153
11617,train,950.0,71.26560747916898,121.92145040777196
11618,train,0.0,56.25652320933043,180.38896016349233
11619,train,2436.0,319.8719046419016,257.4307696886173
11620,train,7267.0,446.1657851076072,420.4357927956633
11621,train,750.0,339.973404464113,738.2765193339378
11622,train,3303.0,1788.2151626018156,1678.4283872054027
11623,train,2186.0,1120.1629238953828,637.5022630132951
11624,train,599.0,1300.8629437823054,803.0347386968123
11625,train,523.0,1447.8078221910682,1322.6864901571505
11626,train,806.0,2854.197063420013,1480.0527233520265
11627,train,4404.0,1190.8799540349833,1358.5142259761221
11628,train,1816.0,962.2571500306932,1780.583018519645
11629,train,2334.0,2568.587565738429,2460.6347069712083
11630,train,1925.0,4068.383835738074,2751.072798532654
11631,train,2625.0,3252.716069849646,3138.8338006890976
11632,train,5228.0,3345.922892025263,2575.627065901381
11633,train,2951.0,3276.332686028004,2447.1492562313624
11634,train,2713.0,4222.851071958114,3809.812260258776
11635,train,8403.0,4521.803473021232,3729.5499414669675
11636,train,7958.0,3400.99931010943,3999.895671187152
11637,train,8798.0,5573.544311450944,5158.047530668491
11638,train,10867.0,7248.9421449374095,6179.264973453381
11639,train,12026.0,8747.671558539694,6854.502702152212
11640,train,14585.0,8355.487106724766,7467.732045401096
11641,train,14478.0,10555.557588874073,7941.903485816223
11642,train,16903.0,11358.439655170148,10409.289641253486
11643,train,11002.0,11549.955160658106,9773.326754920945
11644,train,3403.0,12129.432853608285,10888.371105323402
11645,train,12318.0,11336.757522460815,10267.234763067418
11646,train,26331.0,9896.213782464956,8480.836365811732
11647,train,22459.0,9720.059470453769,8536.7208301439
11648,train,29579.0,14812.722428620225,13191.508315675354
11649,train,34326.0,15912.946974877646,14103.198887688804
11650,train,14377.0,19824.59867307666,18859.418479033488
11651,train,15533.0,24626.243534127418,21435.395928557515
11652,train,17961.0,17976.038524260275,16543.979779148973
11653,train,17751.0,16871.397548870496,15509.198860429127
11654,train,12953.0,15393.499696233439,14432.136791159035
11655,train,10699.0,15658.382480831822,14363.522408017201
11656,train,22294.0,13666.782588994649,12193.383106826059
11657,train,13514.0,13029.819274809923,12131.25866003691
11658,train,11577.0,15042.162417031152,14295.468161318488
11659,train,20030.0,13045.017736152058,12426.073284489748
11660,train,20008.0,13289.722785530852,12055.290397966251
11661,train,20081.0,15042.162417031152,14295.468161318488
11662,train,13414.0,13712.335992953576,13855.784038402395
11663,train,7602.0,12440.004681385652,13915.11524361366
11664,train,14451.0,12647.144368245481,12700.211787735181
11665,train,10059.0,12146.39753541546,12131.25866003691
11666,train,10874.0,12101.180411073101,12164.82557550821
11667,train,20327.0,11007.49721178864,9893.2191889955
11668,train,14843.0,11265.140902572153,10237.168822209347
11669,train,16172.0,12599.87511044067,11903.568549451456
11670,train,12973.0,11775.03278885621,11330.068628020143
11671,train,3858.0,12485.569413440217,12340.1395870072
11672,train,19332.0,12034.233300884714,10526.979691623328
11673,train,18944.0,9765.664874459204,8660.660912167188
11674,train,14301.0,13434.571386821966,12592.286006352246
11675,train,53171.0,12809.878166896406,12331.877253337017
11676,train,105272.0,13008.051443794724,11656.242131546647
11677,train,83698.0,34392.497582502714,35134.62979934442
11678,train,81511.0,48957.367512933735,51808.662694946484
11679,train,107227.0,47995.511476675136,48935.66844568039
11680,train,97083.0,40586.84288904362,39261.48542771813
11681,train,102885.0,77375.95569588362,59500.62045493794
11682,train,125788.0,59523.02499795048,54872.383759059834
11683,train,113528.0,74002.98377933705,67672.3513692384
11684,train,115315.0,75219.97691917782,69871.7910660064
11685,train,51648.0,75610.54604563591,69196.12672774003
11686,train,10212.0,76624.59697107857,70331.28489325616
11687,train,19408.0,40723.847453193855,37722.52515848166
11688,train,10457.0,23126.121390040822,21306.546484476694
11689,train,3800.0,28019.849401372892,26654.33177308304
11690,train,27232.0,19581.98839305182,18165.641214118175
11691,train,13953.0,14991.35394180828,12514.868073521573
11692,train,24954.0,22917.864868580156,19936.99395907939
11693,train,16083.0,19699.090375998636,18185.253507040386
11694,train,15692.0,24548.550711918993,23259.737577261425
11695,train,28368.0,19746.957552486954,17728.304909703154
11696,train,16296.0,18167.24408438602,15981.957365603475
11697,train,22760.0,20985.617675253812,20620.868337787848
11698,train,19594.0,19800.388326300967,19352.428968486012
11699,train,11016.0,19206.689883612475,18012.90677705164
11700,train,55742.0,18657.45323953854,17471.949026906157
11701,train,181599.0,15518.745323165595,14541.654480449639
11702,train,172002.0,40908.103594423286,39378.768632812724
11703,train,131997.0,119749.47964870166,113581.48778610144
11704,train,154256.0,103950.1844190594,95105.61359543161
11705,train,130769.0,78870.47415912114,72059.23983762185
11706,train,134427.0,111647.79275003975,105278.89289028061
11707,train,146607.0,80028.99686597957,73175.7482387049
11708,train,185982.0,81343.71307885868,74119.12107013781
11709,train,219203.0,103737.38836399853,96738.6276523347
11710,train,159859.0,142701.2883772681,136344.43951343212
11711,train,108494.0,142701.2883772681,136344.43951343212
11712,train,137055.0,111879.94520286979,108625.15072849827
11713,train,131475.0,80285.45214364082,74569.27837349051
11714,train,125098.0,79267.06540370107,72529.09027098396
11715,train,155030.0,79267.06540370107,72529.09027098396
11716,train,140060.0,79267.06540370107,72529.09027098396
11717,train,159211.0,110584.83221957608,106779.02547471116
11718,train,130150.0,79267.06540370107,72694.07417024557
11719,train,154196.0,110584.83221957608,106779.02547471116
11720,train,191753.0,80285.45214364082,74569.27837349051
11721,train,129843.0,110584.83221957608,104585.90508259606
11722,train,160954.0,143751.92661985612,133723.03734776104
11723,train,152865.0,81314.91292665737,72694.07417024557
11724,train,162842.0,113376.9400988855,105989.01569546179
11725,train,160442.0,113376.9400988855,103576.51371238117
11726,train,154018.0,111979.18599344457,105989.01569546179
11727,train,158851.0,108885.26368632307,105748.46781416677
11728,train,176753.0,107928.23064323854,102993.0366242319
11729,train,149660.0,107928.23064323854,104914.10562426604
11730,train,141579.0,106490.04741090037,107375.87662526628
11731,train,89485.0,99425.77846188446,100707.18695470461
11732,train,15650.0,88396.05957702184,86368.91501939138
11733,train,10419.0,63050.13598719757,60899.261698200135
11734,train,62210.0,22359.663817963494,22596.658457532943
11735,train,137329.0,20554.36190174015,21063.440328166762
11736,train,119236.0,47984.96191241216,47602.45889042381
11737,train,16149.0,67250.61947514112,65031.46193258891
11738,train,9755.0,63383.59365260764,65962.70519590193
11739,train,11990.0,26326.826403081162,24619.120026376455
11740,train,15695.0,22871.950736791096,21939.622201947266
11741,train,9645.0,19507.688815647383,18222.738899570224
11742,train,40507.0,21474.64106100769,19959.57048832088
11743,train,125721.0,19204.039355751043,18052.030304349824
11744,train,134285.0,31825.390581150707,30279.818644299452
11745,train,131452.0,63056.89643546016,57961.76266387257
11746,train,131770.0,70954.47973001843,65019.63006645907
11747,train,388901.0,78580.1365595822,72072.2056704862
11748,train,445675.0,78580.1365595822,72072.2056704862
11749,train,383097.0,257274.18655055962,252208.43355565262
11750,train,271066.0,319432.735470708,329032.3312162217
11751,train,155440.0,274386.50929018355,268955.3586078511
11752,train,199027.0,190111.44308315098,185998.07226487683
11753,train,178106.0,115881.57674865407,119774.71738214034
11754,train,117036.0,140091.22438977746,136775.45796091677
11755,train,97476.0,117168.5281523164,116169.88110522182
11756,train,160774.0,81202.35213247658,77449.86425378128
11757,train,164675.0,73864.08795767905,71114.53151775786
11758,train,73432.0,112266.06669762636,113506.49476680614
11759,train,69295.0,115756.81124046461,113506.49476680614
11760,train,82048.0,57418.922505354196,56564.00330161084
11761,train,97849.0,57418.922505354196,56564.00330161084
11762,train,113379.0,56364.76778909555,54919.22411455225
11763,train,134609.0,69886.87176774876,66089.17956249756
11764,train,130770.0,76653.23235218924,71424.45013478606
11765,train,155073.0,76257.27726153363,71424.45013478606
11766,train,122424.0,75414.32501273465,70675.77736176913
11767,train,135968.0,106938.30821508117,104914.10562426604
11768,train,146642.0,76653.23235218924,71424.45013478606
11769,train,134529.0,76653.23235218924,71424.45013478606
11770,train,138781.0,97755.64852104927,93433.66729815859
11771,train,121884.0,76653.23235218924,71424.45013478606
11772,train,56516.0,78696.02302277509,72958.59531552815
11773,train,203967.0,81053.43293792575,73124.55620815537
11774,train,178630.0,60052.02203353571,54238.41752626947
11775,train,71432.0,142100.97232946404,133166.765674871
11776,train,177515.0,112154.55021021592,106111.91177300326
11777,train,179150.0,56334.647360585135,52565.73717362714
11778,train,181246.0,110709.47925092818,106541.52069039961
11779,train,60238.0,107132.61777307349,104761.34681728545
11780,train,5233.0,135639.43076580143,130070.73004874312
11781,train,19147.0,57058.412674722145,53921.72129805361
11782,train,84135.0,19053.91381677061,17146.17865073113
11783,train,164409.0,30740.39794383812,25949.064575962126
11784,train,232624.0,73942.15176766604,64503.12963679313
11785,train,189668.0,107286.63053042894,103188.22809795874
11786,train,103019.0,145190.30577330771,143159.5154752873
11787,train,214565.0,115547.94167325871,95548.92003271832
11788,train,216299.0,77910.6365166835,72455.38744723881
11789,train,202057.0,139996.41330899842,135002.23845797806
11790,train,100389.0,140404.41495249877,134648.3182143604
11791,train,89278.0,142052.83341348107,134367.09759659792
11792,train,91399.0,77605.75881775485,73044.19826526928
11793,train,87372.0,69712.60692053029,66327.35042375232
11794,train,86247.0,67746.57111057219,64681.08109777884
11795,train,203023.0,70196.42633344833,67221.80499220359
11796,train,155482.0,70592.51511538414,67221.80499220359
11797,train,136827.0,139694.67461571156,134367.09759659792
11798,train,143692.0,108267.1653200109,107293.31423791384
11799,train,94931.0,73395.62596738349,70536.02982955625
11800,train,7922.0,93601.24409212948,90650.81287503062
11801,train,2323.0,66762.84767999485,63918.469253456446
11802,train,31252.0,21463.537559704848,21759.055078392605
11803,train,143446.0,18546.613039939544,13641.413151061706
11804,train,147931.0,31228.65068910705,25873.665321900036
11805,train,159967.0,93276.82106063124,91230.22318313844
11806,train,156476.0,104194.15565052735,100564.15652603835
11807,train,156158.0,107395.69822969308,104303.90427820521
11808,train,134538.0,81714.1891802101,90821.51903512006
11809,train,142624.0,105306.4121314119,104756.98211498615
11810,train,122823.0,71570.41973265918,74307.5183540357
11811,train,128377.0,91273.57034351518,96984.5188196973
11812,train,54476.0,71570.41973265918,74307.5183540357
11813,train,12255.0,68685.0519680548,71498.98591979266
11814,train,4436.0,42258.986634244146,51421.92689500114
11815,train,1175.0,18776.948989647823,18163.853702266242
11816,train,3465.0,16525.455418880458,11690.64371065875
11817,train,7759.0,4632.487915366674,3008.702732482172
11818,train,7981.0,7964.084229468874,4768.070158813689
11819,train,1019.0,9224.58504155044,7441.442119925514
11820,train,5450.0,12281.90898463856,8267.354570424994
11821,train,1014.0,1882.6763178085143,2215.402853674967
11822,train,6069.0,9507.530472765973,5317.414393221173
11823,train,8467.0,1606.4580598156763,1398.308951777023
11824,train,92856.0,12332.937142387009,6117.239527791774
11825,train,176495.0,9630.972160835612,6715.785525485393
11826,train,300205.0,39733.18563781409,39798.231243978415
11827,train,172672.0,66700.16437255393,65855.93093195565
11828,train,98109.0,73232.87361427293,102753.28436756412
11829,train,79555.0,98095.22470748138,79049.81661531367
11830,train,148035.0,57369.32716885737,47761.04353386722
11831,train,193443.0,46709.72720626008,39358.866152566465
11832,train,448816.0,77258.95286680189,84358.97244379016
11833,train,537898.0,120814.08198679578,107861.03202801067
11834,train,448853.0,205538.46653956964,246628.76998689276
11835,train,365825.0,304487.26668242353,297737.4854749208
11836,train,279345.0,314405.5992284845,270471.0457128149
11837,train,407754.0,290204.57193986623,241889.3289348111
11838,train,332056.0,212924.311108712,210852.79007194843
11839,train,324358.0,290204.57193986623,280523.56844720297
11840,train,323770.0,212924.311108712,210852.79007194843
11841,train,287147.0,227669.53155088736,210224.7070046749
11842,train,317802.0,261466.2014461847,233194.49484277004
11843,train,304543.0,195150.49770212814,233194.49484277004
11844,train,218777.0,273430.1882544333,236390.76331342827
11845,train,174929.0,211550.90730618552,186849.52686925902
11846,train,183934.0,131405.7312971146,139576.43534651978
11847,train,201078.0,98274.22217359034,93781.76882206858
11848,train,177153.0,134583.65716754756,128878.40297714938
11849,train,208789.0,173949.89081790607,163049.27250936034
11850,train,198270.0,102348.05604922547,109672.8151716333
11851,train,202568.0,129751.02104280534,125319.9106498747
11852,train,191275.0,108751.28886569159,120647.4428589224
11853,train,209275.0,52837.13120200368,51435.060402672534
11854,train,138838.0,35312.67470191966,50085.87507467354
11855,train,0.0,18487.675665922183,31312.184066776113
11856,train,221.0,12490.34682391597,21411.716194219585
11857,train,0.0,15.397611702288788,45.334617771359
11858,train,5457.0,109.28043807170556,97.53209909523544
11859,train,0.0,11.621307083334287,20.04384662502625
11860,train,2144.0,682.7959856628084,665.2855970911961
11861,train,2203.0,185.88009198911945,234.8977073172703
11862,train,4202.0,348.67139109334806,558.8724953540402
11863,train,3355.0,363.7372253569446,203.9499446117109
11864,train,0.0,92.4203748043101,91.87601911879511
11865,train,0.0,89.17264952430776,49.39348716207835
11866,train,1307.0,44.49221193560575,23.38144301986224
11867,train,0.0,5.357817093215127,6.777735976826817
11868,train,0.0,8.473687531178822,8.257488856305589
11869,train,943.0,10.242272999196484,10.06976258184029
11870,train,0.0,3.693565507285073,10.06976258184029
11871,train,0.0,1.0886400799391045,3.9779434849329247
11872,train,0.0,4.044471577015593,10.319205052552409
11873,train,0.0,2.408813163839313,3.7112244470829028
11874,train,0.0,1.9180563757683502,1.9418315485235267
11875,train,1403.0,4.690330455906749,2.7435007786706764
11876,train,0.0,3.5446170098986363,1.7504478906434273
11877,train,0.0,2.405426245170887,2.8333121466641886
11878,train,0.0,2.0896159185979712,2.404880633979299
11879,train,3955.0,5.063250355166752,3.117516471929262
11880,train,0.0,0.8060828078329161,1.105948461504639
11881,train,100.0,26.494255126616565,14.185854568508464
11882,train,0.0,3.9119034694689674,7.165322528149536
11883,train,0.0,8.086961871683156,7.388030113364813
11884,train,0.0,2.4551349049857145,2.122724964087148
11885,train,2077.0,7.774086405224828,4.04171091445359
11886,train,0.0,5.151509817217623,2.4499911308815228
11887,train,0.0,10.73896288739374,10.696144310901389
11888,train,0.0,9.650432831723638,7.711140725192017
11889,train,0.0,3.4281681742057835,5.2294126756918144
11890,train,0.0,0.7428907636936319,1.1986495517059024
11891,train,1583.0,3.840249779898496,2.219218090081429
11892,train,0.0,0.9500219488177097,1.2148352205603405
11893,train,0.0,1.134383495216524,1.0993299237045284
11894,train,0.0,1.7950789036591992,2.277414615949135
11895,train,0.0,1.7484120305388848,2.10084654860208
11896,train,0.0,1.5221369979541306,1.7502901311106536
11897,train,0.0,2.462935892867651,1.6755288089172047
11898,train,0.0,3.010569336504174,1.3874219423023506
11899,train,0.0,2.074498355919427,0.9923338689167123
11900,train,0.0,2.9339094964420305,2.3191855786684714
11901,train,0.0,2.6966587927686545,1.8488940253290336
11902,train,0.0,2.2386501706267414,1.6221286496543903
11903,train,0.0,5.226290888541834,2.487762593865703
11904,train,0.0,4.9811508412541095,3.0068082443476403
11905,train,0.0,2.631460787356443,3.3245217156906577
11906,train,0.0,4.189671072280887,3.8737888682461943
11907,train,0.0,4.742801521733728,6.0410727876704815
11908,train,0.0,6.217203567179085,7.00364070221522
11909,train,0.0,16.92337146398432,30.015093483800438
11910,train,3541.0,53.648901511298085,74.59175171238216
11911,train,1813.0,61.78120628679315,87.69720069246561
11912,train,4505.0,1441.744867465759,2068.515808780758
11913,train,2883.0,1145.214866125793,1672.6853855466125
11914,train,4918.0,2826.3445561430035,3376.7504740122745
11915,train,6176.0,2951.498782763818,3663.4411611637624
11916,train,339.0,3231.4086903756556,2728.4370004199395
11917,train,6142.0,5021.230998937467,2781.548914626357
11918,train,11534.0,4300.310325160655,4118.254576301355
11919,train,12409.0,4756.7685997987965,3736.9177616531483
11920,train,8148.0,6280.322099852087,5119.068237747466
11921,train,12118.0,9830.558819877371,7575.800512448512
11922,train,9664.0,10183.084234435937,8740.752364874654
11923,train,19998.0,9978.185789725185,7156.552386723835
11924,train,52530.0,11576.880162156365,11291.890996232933
11925,train,122886.0,14018.43278252355,14828.006610573351
11926,train,39872.0,42411.41111745818,35978.3675969271
11927,train,15727.0,65085.78432433382,51520.24578621898
11928,train,67872.0,34447.659124575795,30238.403089845993
11929,train,110723.0,20524.806028091043,23668.565751905586
11930,train,137898.0,45362.77981623053,40416.41202765337
11931,train,84282.0,67818.79839731447,53133.02619765566
11932,train,17348.0,70019.21372470475,57786.79726711939
11933,train,27794.0,69730.41105161278,59025.9323969594
11934,train,31846.0,27351.484499598522,26704.286180983607
11935,train,131704.0,33338.46313798833,30055.879175800295
11936,train,213561.0,37977.751233102696,29095.84208227658
11937,train,295436.0,82838.48341073135,62942.87929952915
11938,train,308687.0,149737.65514133513,130768.41502037962
11939,train,296650.0,204963.8298675025,177849.29276688476
11940,train,276886.0,206994.3436132828,191197.66175593412
11941,train,321266.0,217103.99846469978,197728.07278931866
11942,train,437541.0,218361.1173661156,200277.13707194282
11943,train,461015.0,217487.4069546537,202097.0685175449
11944,train,519884.0,380956.39850360435,349545.6463751383
11945,train,502422.0,360616.6785304973,337820.45831194415
11946,train,484813.0,400055.1801649719,370924.7232418724
11947,train,506511.0,400055.1801649719,370924.7232418724
11948,train,542181.0,362236.75329932047,344446.6718789793
11949,train,468548.0,414939.4392697481,379170.63631579955
11950,train,582911.0,398041.12778676633,379170.63631579955
11951,train,552279.0,358801.17628586804,343565.16282995127
11952,train,458054.0,421804.39787423547,378200.2618414307
11953,train,358599.0,398041.12778676633,378200.2618414307
11954,train,271141.0,358801.17628586804,343565.16282995127
11955,train,257984.0,296011.1321540661,281473.5103340308
11956,train,254015.0,203250.09920300107,194711.636487231
11957,train,213984.0,180544.82462980135,171223.13487669235
11958,train,206563.0,165429.01175846736,156129.6229985842
11959,train,262043.0,150905.24924925074,143141.50359815947
11960,train,266928.0,150905.24924925074,145633.19655282734
11961,train,176544.0,165429.01175846736,159254.96839337924
11962,train,158114.0,192963.7134568045,181039.14231073356
11963,train,167433.0,126663.26464351686,119316.90788855401
11964,train,12170.0,107577.60048408994,116846.56082866598
11965,train,13011.0,107577.60048408994,116846.56082866598
11966,train,19800.0,24205.23356140987,22661.20100940477
11967,train,3408.0,23230.540603974845,22185.958489854667
11968,train,5980.0,27324.2838695587,21879.580823228862
11969,train,13002.0,15417.654369225007,13261.622637520364
11970,train,199197.0,26822.012675639347,17173.034101503094
11971,train,229011.0,25745.700573566253,18253.542922075456
11972,train,226647.0,143121.22772035323,134008.68345035648
11973,train,220725.0,158223.00834823225,135571.9269432024
11974,train,173902.0,141972.9574800679,107428.30460571643
11975,train,200874.0,159544.96676050356,139470.64764385961
11976,train,205058.0,125924.76279265576,114413.17379747337
11977,train,230294.0,158808.39806388406,140768.52932050938
11978,train,219867.0,158808.39806388406,140768.52932050938
11979,train,214738.0,156840.5693859075,141088.73719227334
11980,train,225898.0,162360.24884314218,138835.70300083145
11981,train,222800.0,169234.15511656014,139151.51428048275
11982,train,233105.0,160166.24721349654,138835.70300083145
11983,train,107742.0,153156.98316171672,136698.14850970873
11984,train,16894.0,165924.68519616695,153295.71184904498
11985,train,12918.0,87980.20235365037,81688.8114586692
11986,train,24469.0,32030.450836028307,29318.20838451939
11987,train,27806.0,27286.836046189594,24741.880639938492
11988,train,22459.0,26347.36382265752,23617.361228787264
11989,train,20882.0,31338.323474722507,29197.03039891173
11990,train,17904.0,33967.783446199624,30050.79499122663
11991,train,21744.0,32012.321241370286,27420.02488606176
11992,train,40590.0,29297.949712634952,25028.001166900096
11993,train,14888.0,30027.232772350402,26250.331993533524
11994,train,19747.0,43677.43177334561,44229.73855071197
11995,train,174218.0,31605.097272493807,31783.280212717487
11996,train,89404.0,31430.44666254962,32779.79616099526
11997,train,176025.0,94736.43487676383,99564.22893436653
11998,train,250083.0,73090.57167637201,66958.87088233707
11999,train,98022.0,119544.9476333743,113583.25148182701
12000,train,351360.0,164622.11534922483,151593.80521929392
12001,train,346319.0,84319.54118002192,76386.98097379606
12002,train,400126.0,227392.14171544896,212601.47015076014
12003,train,377570.0,248169.70282336883,233154.2473504305
12004,train,577550.0,307784.00071512675,289207.0150284876
12005,train,530345.0,313993.2292510991,294879.6981151479
12006,train,171925.0,433687.0101308547,388591.3314641446
12007,train,31403.0,420215.6879471797,388591.3314641446
12008,train,104292.0,124036.28622673507,134401.10026582703
12009,train,112865.0,43563.75679127128,45847.71184305025
12010,train,200345.0,94036.78918153034,88382.98935102075
12011,train,109863.0,91320.27666345624,84601.50797598362
12012,train,19623.0,159759.01060886928,148849.6786176319
12013,train,138760.0,93420.21988929721,87729.08225925933
12014,train,148463.0,36823.19922742418,33829.709047262964
12015,train,37162.0,86568.52551973413,87729.08225925933
12016,train,24594.0,107051.78443401359,110556.47705576717
12017,train,47255.0,43703.291306569554,45149.43162437712
12018,train,18862.0,33227.933583460464,33995.479423875215
12019,train,13391.0,43963.2777777162,45571.164255705684
12020,train,22623.0,26427.161141218254,26541.374387115622
12021,train,40351.0,22432.472077878134,22486.37425592333
12022,train,9342.0,20437.838734187695,21059.114941968946
12023,train,17433.0,37679.60255813549,40577.526803117915
12024,train,8448.0,19482.842224936743,22241.189271892836
12025,train,10795.0,23733.149334204747,23515.584603472547
12026,train,11238.0,17396.56412060408,16616.36338002073
12027,train,5714.0,18691.200166357256,15734.830200248847
12028,train,15587.0,15026.179465087645,13941.86024282574
12029,train,6744.0,13836.924023579953,11326.211999724017
12030,train,13570.0,18190.411433161767,15857.728224169554
12031,train,17059.0,15020.412295426262,12443.676729853387
12032,train,18011.0,16911.02693830337,13953.32948608024
12033,train,10844.0,15894.144827224789,14760.202326116194
12034,train,11941.0,18023.944556423117,15889.21886028808
12035,train,5560.0,14855.460606998506,13402.16410911884
12036,train,11232.0,15399.501192582034,13502.419325162042
12037,train,15767.0,13029.598788880916,11605.669371252206
12038,train,14892.0,14339.194087493008,12041.548401693251
12039,train,22033.0,15741.538569037359,13415.759097306985
12040,train,15859.0,14402.638489520994,13882.161678681958
12041,train,15090.0,16893.998533231712,16035.332747312921
12042,train,14850.0,16473.324889513427,13534.742924932641
12043,train,22271.0,15919.610208233526,14859.352134020943
12044,train,5443.0,15293.735122699665,14345.752308273304
12045,train,24919.0,17123.21055799819,16035.332747312921
12046,train,23218.0,13806.200683372028,12917.0377071437
12047,train,16089.0,19292.764377192787,16035.332747312921
12048,train,22954.0,19168.993935547926,16836.142820508358
12049,train,47445.0,19477.663918018152,18023.30085904589
12050,train,25584.0,19318.011903642226,18097.13882948307
12051,train,17850.0,30832.001897443868,29698.00138569755
12052,train,5362.0,24778.50803378902,25000.987283521274
12053,train,10559.0,23111.494989387185,22301.82614915596
12054,train,9681.0,16186.993493906353,14834.653811950684
12055,train,13907.0,19042.18015618142,15758.745527055024
12056,train,11778.0,14361.961099603068,13126.4431597054
12057,train,37442.0,17339.24953338557,16825.64511688135
12058,train,34180.0,16847.240716038945,15735.69268912822
12059,train,13979.0,23738.887537098864,22859.767547173888
12060,train,13760.0,28668.652951607903,28094.436868963337
12061,train,21795.0,21294.392415693343,20824.463218569275
12062,train,26584.0,20048.849765168565,19572.743445593034
12063,train,35746.0,17088.187903495702,17036.131126632295
12064,train,36985.0,19232.332495122108,19250.68937488529
12065,train,9547.0,28486.936870327965,27812.857417896706
12066,train,161208.0,29636.775524650515,28935.820972263034
12067,train,362939.0,18923.069451071493,19063.008497353378
12068,train,187570.0,100736.5671845091,84710.54699504575
12069,train,331263.0,237550.0486476482,226456.31267136152
12070,train,390948.0,144937.1467149493,139248.35291957782
12071,train,415523.0,211761.08352257757,201883.9743107493
12072,train,479550.0,276983.571857495,263468.89810107823
12073,train,467872.0,278054.2243069883,266865.47351268545
12074,train,386806.0,337035.25213941134,325734.6773936952
12075,train,191407.0,337035.25213941134,325734.6773936952
12076,train,129929.0,289734.7847411265,277348.0370660995
12077,train,104648.0,148388.02349140655,154678.61658488188
12078,train,132692.0,70391.45130703138,79958.12062283346
12079,train,162466.0,83794.09971402322,82925.37179751485
12080,train,87255.0,82417.55097731728,82925.37179751485
12081,train,9984.0,98935.38241090417,111054.14815934259
12082,train,15799.0,69369.65025014224,76438.59046287941
12083,train,15887.0,24477.081194665192,23265.112907808223
12084,train,98031.0,33797.977871596515,28975.799278191633
12085,train,35091.0,22709.931260568195,21627.018730602253
12086,train,12402.0,74323.31719830022,73168.14646308607
12087,train,26998.0,43512.25175765206,40701.30917869144
12088,train,132377.0,25087.02554949223,22918.561855053318
12089,train,138099.0,32439.504198503255,24421.832560028746
12090,train,139879.0,60772.149238525715,61817.12974900032
12091,train,141599.0,73421.16507343177,75101.34511968444
12092,train,135875.0,96090.82489106689,79123.37237520846
12093,train,135175.0,127423.42623683061,95824.05659821644
12094,train,143370.0,89447.00346250007,76132.82201735939
12095,train,132490.0,85596.78743018946,77114.31656273107
12096,train,147214.0,104565.66617310338,96159.82750219257
12097,train,149430.0,85437.61015149228,80784.3481552389
12098,train,145304.0,109735.80237380898,107200.95729783001
12099,train,152468.0,105352.93949467286,103149.19875447129
12100,train,198391.0,93499.11388989899,94137.82245336163
12101,train,169271.0,103098.29088706207,104946.78681561544
12102,train,176803.0,127541.15369396993,130475.35129639973
12103,train,164307.0,84834.86006663082,105666.2816821998
12104,train,100018.0,83110.94004924234,108145.70205023875
12105,train,8245.0,81437.50662574425,105666.2816821998
12106,train,6511.0,56158.06169788671,71775.56506196047
12107,train,14806.0,16039.93548078298,22105.033603074346
12108,train,5107.0,15598.69585129541,17686.115455889605
12109,train,10467.0,15330.918837944928,13735.010768667145
12110,train,2746.0,12488.64096714472,7938.850585812361
12111,train,1772.0,14990.389918487359,12701.608577228564
12112,train,2203.0,10639.777131647097,7628.727424804054
12113,train,3820.0,7397.604895425488,4036.0180720380295
12114,train,10499.0,2954.546863620881,2722.8522268757183
12115,train,267364.0,3361.3934385161187,5258.05893721999
12116,train,330323.0,11253.52871055463,8204.342658143129
12117,train,517171.0,129837.62730880987,114013.85708998713
12118,train,577216.0,130375.74961724516,90570.0968630045
12119,train,582265.0,301311.90847986523,194775.9662351497
12120,train,557739.0,323346.960542273,191982.22099653338
12121,train,613044.0,188065.68876554677,167669.11617426126
12122,train,99695.0,164563.3292676749,169830.66934585103
12123,train,1710.0,104931.94494605483,169830.66934585103
12124,train,9715.0,21597.483340825722,38742.72714173181
12125,train,38114.0,1265.8335579540621,5179.786068801364
12126,train,696.0,4483.976140818759,9679.712510995434
12127,train,0.0,5091.699220577901,13334.40015887041
12128,train,0.0,144.5430910850696,318.16215928598524
12129,train,740.0,327.2245204925325,271.67080126016594
12130,train,587.0,6.746950521042071,24.364408978162786
12131,train,0.0,40.45806952781188,71.12824794808559
12132,train,3646.0,180.93959729663288,144.4047074811662
12133,train,0.0,18.171318885781815,29.43377877589419
12134,train,760.0,352.9044298846348,265.3958060626866
12135,train,0.0,8.452551351182624,7.800882133285382
12136,train,0.0,79.0277549080197,31.1298217029518
12137,train,0.0,15.064064436784989,6.6795322481160335
12138,train,0.0,9.796230209188012,6.592329982992024
12139,train,900.0,50.66520890032175,27.90594085006515
12140,train,2620.0,66.2298029088267,58.06712364397251
12141,train,5737.0,71.00151994422015,58.72718621096352
12142,train,0.0,44.640893019833506,14.804030508967628
12143,train,2396.0,209.2691447571125,117.84409326587306
12144,train,2336.0,133.96241063392114,118.53859926139181
12145,train,0.0,21.241977558231948,18.603053977104555
12146,train,0.0,13.98745193583972,12.036297043831189
12147,train,0.0,13.566258553753492,9.077390539556838
12148,train,2827.0,55.98816997968668,46.95911701876395
12149,train,0.0,1.796160424167108,10.18791366473728
12150,train,847.0,23.576592422286414,48.14898563022189
12151,train,18.0,29.20642769348276,28.10427371656927
12152,train,35.0,41.31075143336209,32.98773890966895
12153,train,0.0,3.38394441222694,2.2059768296650923
12154,train,0.0,4.0134456273885055,4.430299151233907
12155,train,0.0,1.1485627279937671,3.0266515907113236
12156,train,0.0,1.103574392458742,1.8064849406090544
12157,train,584.0,6.988418476956197,5.074644648791903
12158,train,0.0,1.0257283478707047,3.33563255068126
12159,train,0.0,1.9054686048881093,3.625880823415052
12160,train,560.0,2.6133873917526005,6.218200901822825
12161,train,0.0,2.542648967481785,2.5549798707039875
12162,train,0.0,3.5553054914895297,3.228682327608996
12163,train,0.0,2.6907396492975204,1.8558796937233653
12164,train,0.0,3.5977475243078345,1.7095087568624039
12165,train,0.0,2.147727429554236,1.3766122488380743
12166,train,0.0,2.8969995579389227,2.161667383854201
12167,train,0.0,2.4548454653904677,2.5377410037031645
12168,train,0.0,2.7330313363739775,1.2181038352192535
12169,train,0.0,3.1499249110805385,2.1455958220436964
12170,train,0.0,2.2937692249920283,1.9092612744467279
12171,train,0.0,1.1159149323095372,1.8237443329143495
12172,train,0.0,2.667997939230503,6.203455304066019
12173,train,0.0,0.9449081928848864,1.2419510384035113
12174,train,0.0,2.0938207223333007,2.6383772848671834
12175,train,0.0,1.1520414856891303,1.1935695141205462
12176,train,0.0,0.5754532994553849,0.7667527301607486
12177,train,0.0,0.6709839846625929,1.0134071878871285
12178,train,0.0,3.223443693975468,2.4724767916364945
12179,train,0.0,3.207175942272663,2.6130367337578884
12180,train,6075.0,9.207111325318866,10.359692419064295
12181,train,0.0,3.207175942272663,2.4724767916364945
12182,train,2631.0,68.64464869107647,33.597725727958974
12183,train,0.0,26.224996727734517,26.558645401602337
12184,train,0.0,18.49365704033537,15.726838568332049
12185,train,0.0,23.01304008806128,18.561517457639532
12186,train,0.0,14.916076896434388,21.881547402797086
12187,train,7513.0,3.414390188338353,6.0487292540790145
12188,train,0.0,3.081672662676201,3.3811843863914373
12189,train,0.0,17.761589826015722,18.695143567126276
12190,train,0.0,2.1628386403826405,3.9706830081673052
12191,train,0.0,2.5827665474157993,4.032485587699616
12192,train,0.0,4.334947972243698,2.851501348639187
12193,train,0.0,2.960334801203357,5.642899123309147
12194,train,0.0,6.139043379755911,6.930692980531421
12195,train,0.0,5.925269177506307,12.401481735893533
12196,train,0.0,14.58654985471145,26.100785166297072
12197,train,0.0,19.2723044247213,28.249177324491342
12198,train,334.0,21.200746559837825,40.11024327780031
12199,train,1524.0,154.4104423296369,123.99709387484022
12200,train,4114.0,434.50462706238693,766.468621288539
12201,train,3357.0,1847.3141340084455,1607.9227794255062
12202,train,9033.0,3229.903354259335,2714.979910208787
12203,train,2308.0,2927.9026835535524,3218.1457244163353
12204,train,652.0,3712.7505436476545,4605.395987790056
12205,train,6337.0,4693.0288655814475,4336.102269349321
12206,train,10415.0,4615.921282436166,2228.1920584442605
12207,train,18811.0,5746.105445784854,5888.294417933883
12208,train,34081.0,7985.023402886063,7686.028950876009
12209,train,19084.0,12833.65863902712,12462.66629574313
12210,train,25752.0,21221.245181577837,20775.08960270634
12211,train,6004.0,13152.728260000333,12079.818979663234
12212,train,7717.0,22164.623585966856,20831.433896372637
12213,train,8017.0,15912.973558105852,14009.728862408063
12214,train,8718.0,15874.232560690652,14033.469971416944
12215,train,19773.0,12895.353019674296,11791.734628394463
12216,train,10749.0,12159.647674297681,11545.283674247772
12217,train,16427.0,17719.018919440765,16262.342829296447
12218,train,22341.0,15842.044883228147,14502.11313214744
12219,train,7107.0,17898.618985093653,16060.181554331519
12220,train,26623.0,19362.057147578667,17685.775117565314
12221,train,46245.0,15746.367656259343,14805.645516574587
12222,train,20258.0,18874.392329948507,18089.830720822454
12223,train,56616.0,28137.589531558715,31152.09287459537
12224,train,25872.0,23915.558292839727,22831.805305734524
12225,train,94853.0,54029.71420110936,50192.3778499101
12226,train,61718.0,30005.98704272582,29079.63590316304
12227,train,84353.0,64178.91891173146,60812.14142116401
12228,train,99691.0,52224.11555565926,50036.74905895927
12229,train,50588.0,70212.68009209228,62633.40473393839
12230,train,11923.0,68193.61394595329,63932.341499677386
12231,train,32005.0,44298.87093567962,40109.92562651882
12232,train,15832.0,26814.778909819557,22994.684082787222
12233,train,88096.0,37548.5753392061,34099.72302122604
12234,train,100992.0,26638.85193447067,22895.49891903629
12235,train,153384.0,73709.74282568424,67698.88699444257
12236,train,121824.0,71537.02101792912,73078.98907896437
12237,train,84177.0,110120.64430774799,103043.43423462728
12238,train,163588.0,82455.6400476552,79174.43290088112
12239,train,89499.0,79175.77818485748,73832.40964082134
12240,train,145216.0,113104.77795145258,108650.6390462516
12241,train,45193.0,80476.47789795986,74784.24795536353
12242,train,41752.0,106882.90957678927,99208.1426388999
12243,train,57348.0,48745.50422280655,45798.40144132187
12244,train,57172.0,48745.50422280655,45798.40144132187
12245,train,84658.0,61793.163804143245,58748.31168573072
12246,train,72448.0,63078.990804017754,59900.652594124105
12247,train,135480.0,75073.6464400696,71772.41836187246
12248,train,371822.0,60102.118924202754,60167.68862582624
12249,train,375015.0,85951.35226390937,80552.64596396772
12250,train,373741.0,259852.21672137344,243547.4488505385
12251,train,227565.0,296961.5478381666,275090.8803269271
12252,train,205634.0,300299.89413369173,278637.2828700092
12253,train,232380.0,165826.53839823845,155044.9561377324
12254,train,218050.0,165826.53839823845,155044.9561377324
12255,train,135469.0,162521.4941135877,154556.4007540624
12256,train,348237.0,156667.41014530254,141377.56057867297
12257,train,371918.0,87374.75873615663,83325.14177140512
12258,train,274672.0,222990.05068689524,204794.30253084956
12259,train,349804.0,301825.60821414745,279220.4483046813
12260,train,350663.0,203378.13651842953,190504.46640934012
12261,train,357665.0,236441.74857451735,222586.163679355
12262,train,301214.0,232132.3254806492,222586.163679355
12263,train,199239.0,297085.26067583263,276098.26223008713
12264,train,85453.0,211229.1842162119,203565.1644960314
12265,train,80909.0,158976.06051329436,153981.6078824296
12266,train,77118.0,80937.69510510462,77170.15111875936
12267,train,70292.0,71331.50625295269,65156.87955903884
12268,train,123558.0,68947.71624441254,65156.87955903884
12269,train,131369.0,68947.71624441254,65156.87955903884
12270,train,169434.0,88240.67582782282,83719.0138169785
12271,train,199260.0,85691.59828050423,81284.62986525863
12272,train,201879.0,119083.81125305146,113424.86858980563
12273,train,192398.0,153907.13760001207,144023.35549058986
12274,train,176083.0,153907.13760001207,143696.4874045648
12275,train,195241.0,151312.41352772867,137854.4460964074
12276,train,154592.0,118828.66344301515,112103.62889224934
12277,train,10562.0,143740.20749461392,133723.03734776104
12278,train,6216.0,113432.509121817,104585.90508259606
12279,train,10493.0,24908.380765055204,23224.699522844945
12280,train,30340.0,25631.251471490585,23533.573007475476
12281,train,98979.0,22339.653189710778,17305.54589071857
12282,train,124829.0,33577.29579918952,29116.31673858265
12283,train,145034.0,79685.3333825103,72525.00589963501
12284,train,175514.0,84536.21069832127,76782.5645487571
12285,train,115096.0,111015.75155436162,99232.17088655934
12286,train,131967.0,120575.0133089543,111227.01826883265
12287,train,72946.0,86384.09261904945,80214.5623251411
12288,train,21634.0,85528.34709125216,80133.08435416353
12289,train,33064.0,66828.40490240818,62366.01093166264
12290,train,25834.0,34103.490591469876,30696.770456011942
12291,train,61736.0,43559.0941209225,39582.96369196236
12292,train,93183.0,32003.493508523952,30619.23574039805
12293,train,72479.0,62426.52246442463,59916.55621511099
12294,train,92527.0,78264.4468185232,72166.2395496246
12295,train,147623.0,62656.60387622553,60314.24553488538
12296,train,157767.0,77292.12516441972,74432.32898374528
12297,train,123698.0,108218.11324235065,102838.40676275684
12298,train,125756.0,111437.28172705238,108139.35407865187
12299,train,150773.0,83931.14331124487,80846.75747877234
12300,train,160606.0,83380.83281748022,80248.60704047956
12301,train,170206.0,108900.99598262472,101815.04583538814
12302,train,173731.0,109150.89852705988,104613.79085107328
12303,train,135516.0,106135.11952364493,104613.79085107328
12304,train,152655.0,112172.80484851745,110396.26478908498
12305,train,77753.0,79345.05264105479,77613.33947969925
12306,train,95094.0,113174.51743429097,107946.06971012622
12307,train,130206.0,56257.78765676811,57403.28201928145
12308,train,65876.0,67785.91452464508,66025.9707390578
12309,train,67931.0,74520.33128539234,74346.33909167832
12310,train,75290.0,53644.65749675404,57060.20296394147
12311,train,88561.0,50867.143998916756,52974.32232482664
12312,train,82847.0,49983.609631262385,53298.987454256814
12313,train,80884.0,62974.15711196786,63555.16884620545
12314,train,56514.0,46557.22550025912,51433.922740246155
12315,train,61868.0,53096.55330927693,52753.40645611211
12316,train,73341.0,51326.807885147304,51116.2309170999
12317,train,76944.0,55490.37982444885,56521.323103818824
12318,train,76678.0,54735.41826241321,54973.87360163425
12319,train,62163.0,55802.99955712241,55996.03390397095
12320,train,65899.0,56309.33877465869,56123.41012763268
12321,train,68364.0,55036.29934925311,57068.529530415864
12322,train,73092.0,54239.57357745216,56197.78013665059
12323,train,69150.0,54324.43478450596,55996.03390397095
12324,train,65659.0,53951.964382246675,54973.87360163425
12325,train,19256.0,55004.265161089395,55996.03390397095
12326,train,10272.0,54115.254539945614,55283.32486271283
12327,train,7862.0,27589.108053007847,26452.43722285706
12328,train,19995.0,24003.808695101052,22503.42893956993
12329,train,18332.0,19448.943352400696,18367.222705580196
12330,train,12076.0,23571.582863098865,20405.283285761692
12331,train,8973.0,20164.721679507627,19455.113247786277
12332,train,15005.0,19296.06704641687,17853.424586966485
12333,train,26863.0,17107.92907303995,16034.396356671094
12334,train,18886.0,21710.683337980994,18737.85514680551
12335,train,13697.0,22247.51743844318,22135.82766550736
12336,train,12992.0,21675.887435445453,20603.74005849976
12337,train,13283.0,20873.817817067993,19190.608596552796
12338,train,18916.0,15078.597714089043,13953.32948608024
12339,train,26564.0,15078.597714089043,13953.32948608024
12340,train,61373.0,16225.47948832565,14909.313306843187
12341,train,70184.0,17855.68804296208,18248.000329221304
12342,train,76714.0,45185.55018472791,44518.129640673724
12343,train,81066.0,45185.55018472791,44518.129640673724
12344,train,84900.0,45849.28374609119,45751.217635532696
12345,train,96985.0,47082.94731144595,45751.217635532696
12346,train,86273.0,64419.62538310087,60660.38896503909
12347,train,79342.0,67973.06205039138,63772.80292998473
12348,train,91491.0,71334.75501697279,68571.10985201514
12349,train,81029.0,57313.69239206509,55493.23818966783
12350,train,85326.0,74510.06654802497,69641.09035378933
12351,train,75546.0,58720.89187654861,57233.566103912315
12352,train,86995.0,74859.69293552276,70721.56656260605
12353,train,100687.0,59769.54827019309,59481.75025660551
12354,train,100475.0,75522.11644817593,70550.39287853084
12355,train,71892.0,81662.54201475311,76525.64337915904
12356,train,67315.0,85766.57000505956,78817.5027499977
12357,train,127186.0,65461.3610745744,61342.11588188734
12358,train,143484.0,65461.3610745744,61342.11588188734
12359,train,177723.0,83288.96308138146,76525.64337915904
12360,train,142510.0,105263.03684764358,94668.6782980573
12361,train,147452.0,118636.61551699527,109289.83596352335
12362,train,168996.0,108394.30137051536,97503.89463267016
12363,train,158376.0,112850.25305568588,103259.75147118949
12364,train,170467.0,114704.1500673838,106784.18466218193
12365,train,154335.0,112861.3455687658,106784.18466218193
12366,train,161947.0,110099.60557557933,106746.50701398584
12367,train,172130.0,107962.55098598749,104335.68699298364
12368,train,167832.0,108558.88203091364,106523.56047207104
12369,train,173853.0,114326.60744831497,109023.09638069035
12370,train,157998.0,112908.09177914882,103609.12665688068
12371,train,94845.0,114239.7487548057,106040.27709700257
12372,train,93450.0,110887.5369683831,103609.12665688068
12373,train,91311.0,77898.93972801711,73320.17341413256
12374,train,86426.0,75295.67919864463,73320.17341413256
12375,train,91537.0,73116.59953284093,70378.20232898662
12376,train,93661.0,76205.10357253166,73320.17341413256
12377,train,87470.0,78174.89512292552,73320.17341413256
12378,train,94350.0,80150.44341245906,73320.17341413256
12379,train,91618.0,80433.42452172407,73320.17341413256
12380,train,67156.0,80115.15703615603,73320.17341413256
12381,train,91930.0,79394.75731652309,73320.17341413256
12382,train,102541.0,64442.28338914544,61192.39942125497
12383,train,65903.0,66536.82712711225,72474.73288399272
12384,calibration,73450.0,72919.88232182043,73872.3830084412
12385,calibration,93971.0,54787.34312124731,59215.28460850512
12386,calibration,79973.0,56511.28635901707,59215.28460850512
12387,calibration,68990.0,66351.25160218742,68011.29857307131
12388,calibration,87322.0,54878.79016088855,57493.41230630315
12389,calibration,25842.0,57636.791949272185,59215.28460850512
12390,calibration,14742.0,76198.48499810706,70048.16595590781
12391,calibration,82189.0,29884.77631745643,25208.96967444337
12392,calibration,55876.0,24237.990935573558,20711.14700023157
12393,calibration,5013.0,50566.87051295761,43783.08889250707
12394,calibration,4142.0,42643.75219438409,35903.99607668264
12395,calibration,718.0,9174.007301251988,8168.247600628951
12396,calibration,48927.0,9539.60229588223,6572.570172574371
12397,calibration,86299.0,2650.041607683442,1115.776958727933
12398,calibration,15102.0,21805.657330539147,24253.214626089557
12399,calibration,10616.0,42244.2904008126,43894.23487240504
12400,calibration,8943.0,12193.624027576267,13281.135786371724
12401,calibration,3306.0,12144.68248112278,12988.055020990294
12402,calibration,1683.0,10197.127716464584,6671.692961154429
12403,calibration,5291.0,6765.208153065596,5546.79805352763
12404,calibration,2206.0,3016.9004363539593,1766.6730147114506
12405,calibration,2648.0,5626.970747412865,2216.5519850237506
12406,calibration,2090.0,2824.5154158539417,967.020373598506
12407,calibration,682.0,4082.031647524147,868.5151497355974
12408,calibration,1413.0,1662.2608316235865,831.5615930214412
12409,calibration,3174.0,266.3712536621662,121.04015945141877
12410,calibration,4663.0,212.83050407208992,153.70300283377645
12411,calibration,7684.0,755.2775868446752,443.6534706130144
12412,calibration,15771.0,1182.532400324834,593.363078851973
12413,calibration,15273.0,1257.6639392425948,1099.4096543671355
12414,calibration,4374.0,2486.876318478959,3860.9641955133347
12415,calibration,12072.0,3327.3147983606605,2957.333735056111
12416,calibration,6690.0,1418.1425813358085,1427.5678047786112
12417,calibration,1630.0,1396.584160679338,1853.6942802013752
12418,calibration,6838.0,1331.3074778505147,1225.752004902512
12419,calibration,2083.0,441.4185288670977,514.5469864056793
12420,calibration,0.0,574.5523689025914,242.21198930298308
12421,calibration,0.0,521.4256963340355,349.00548411044554
12422,calibration,0.0,97.8131535007644,89.19499923465138
12423,calibration,0.0,174.86385951733018,242.2289321678557
12424,calibration,1929.0,25.675672723384967,37.33239831932862
12425,calibration,0.0,15.127050888736704,34.63525159308282
12426,calibration,2114.0,148.7250629309077,74.63978211868134
12427,calibration,4055.0,33.205194770232616,43.77452184392968
12428,calibration,0.0,128.11037725596825,122.55515176978527
12429,calibration,1908.0,43.534013213317145,86.70449959021278
12430,calibration,0.0,160.7773825068438,68.66409157755437
12431,calibration,1998.0,65.63132310225636,19.94550699393443
12432,calibration,6436.0,17.175275270540062,10.82485144716707
12433,calibration,3733.0,31.394371749692247,37.56288256058386
12434,calibration,0.0,53.0328021066978,40.55851195993104
12435,calibration,141.0,41.49319040940073,43.23651721489588
12436,calibration,0.0,53.0945670576919,22.045398873487795
12437,calibration,0.0,35.56640867585975,28.338715072381188
12438,calibration,0.0,12.41108518167998,21.500183402462245
12439,calibration,0.0,12.054774632332103,10.450258395331556
12440,calibration,0.0,6.018709986392911,6.842443003741092
12441,calibration,0.0,5.221641121999582,7.436062710033903
12442,calibration,0.0,13.080638031206433,3.427490815580506
12443,calibration,0.0,6.941793252217306,4.4940970929615345
12444,calibration,0.0,8.618257760996471,4.126032102955799
12445,calibration,0.0,3.829603485338522,2.561904004029775
12446,calibration,0.0,3.3641437400966803,2.9800066893850605
12447,calibration,0.0,1.8450649278306464,2.881833013174393
12448,calibration,0.0,2.883628658004422,2.7437451816547522
12449,calibration,0.0,3.950869275324286,2.843533452337539
12450,calibration,0.0,4.8109493183209935,3.245924408963911
12451,calibration,0.0,4.59838691751145,2.843533452337539
12452,calibration,0.0,4.07014364361563,3.142454625595877
12453,calibration,0.0,2.453406261637003,2.7941437945709433
12454,calibration,0.0,2.799595045136803,2.6065360587807334
12455,calibration,0.0,2.3476569828264475,2.669603694563587
12456,calibration,0.0,2.9120631874597156,2.321831290048398
12457,calibration,0.0,2.277156713150122,2.5266374485232252
12458,calibration,408.0,2.5976769503437596,2.5266374485232252
12459,calibration,1957.0,2.1992185649321123,2.956456078290948
12460,calibration,1957.0,2.423605783009801,3.0203224248192653
12461,calibration,0.0,15.743031530649631,16.012311411955352
12462,calibration,0.0,13.231643253872528,15.446658556870581
12463,calibration,0.0,2.8949421601024588,6.81970564065591
12464,calibration,2842.0,2.1358574623935604,3.3968586874330544
12465,calibration,0.0,1.3568062812240074,2.5011312133273544
12466,calibration,1754.0,23.854289610549134,29.70170941161999
12467,calibration,2240.0,15.749432063557649,24.86261351197802
12468,calibration,0.0,30.036444680813393,110.16052704752492
12469,calibration,0.0,32.33707713383711,99.81283654052956
12470,calibration,0.0,11.276713349905094,47.00403339872773
12471,calibration,0.0,65.69388748230628,19.667719751279062
12472,calibration,2246.0,18.858293984419884,13.521178118916069
12473,calibration,0.0,9.798177471644888,7.90381302608499
12474,calibration,0.0,53.04487626628491,43.55984682502139
12475,calibration,0.0,80.55828048654053,37.10673935188519
12476,calibration,2337.0,26.530062389565412,21.543943557262384
12477,calibration,0.0,14.706294940554049,14.090716863137178
12478,calibration,0.0,45.92584657000381,51.25001296116971
12479,calibration,144.0,24.700177647536307,28.670030794977315
12480,calibration,445.0,51.624049582167196,61.93587574278362
12481,calibration,0.0,101.10597246515164,67.770365183231
12482,calibration,0.0,104.50752168843265,91.01229103262199
12483,calibration,247.0,139.3679968147723,83.39718807250323
12484,calibration,544.0,427.27756782855766,347.8016591110015
12485,calibration,127.0,128.4946947389735,74.35125546554093
12486,calibration,2251.0,210.76910819641205,313.62553346198507
12487,calibration,225.0,1963.920952907437,1821.6836303449563
12488,calibration,254.0,2843.409486802805,2916.0095647485373
12489,calibration,620.0,2230.747206346278,1549.3600124524303
12490,calibration,4795.0,2309.6945182889485,2055.5510679053978
12491,calibration,5914.0,2010.5351253130686,2288.3621719732632
12492,calibration,8403.0,3347.0330425517827,3170.5740841789993
12493,calibration,4122.0,6427.709687195077,4789.618352194798
12494,calibration,4690.0,6432.75846937236,5676.754748382716
12495,calibration,11492.0,7797.031048059833,6991.918118302715
12496,calibration,11730.0,7878.220623293442,6890.6255821837385
12497,calibration,10135.0,9541.865355318094,8362.003067807593
12498,calibration,8723.0,10078.167868075318,9543.142972374193
12499,calibration,13910.0,12983.647195198615,11138.953229403765
12500,calibration,17372.0,12028.098927992185,10513.12632368615
12501,calibration,34215.0,13782.07259681082,12094.972313635333
12502,calibration,67667.0,13982.837919629697,13152.00357727476
12503,calibration,157788.0,22778.60023780552,21071.53493617916
12504,calibration,204991.0,40996.68162009323,44335.15710621875
12505,calibration,260655.0,90307.56824134859,87188.37359023078
12506,calibration,254045.0,132481.93045014187,125179.7586873699
12507,calibration,117558.0,145042.03000960694,145732.17017067698
12508,calibration,163779.0,156719.46726780388,142116.13588217366
12509,calibration,196889.0,82339.70518985263,72632.07524553439
12510,calibration,143320.0,114423.25556147458,107045.88218439464
12511,calibration,279364.0,142682.07008345658,131486.81145728842
12512,calibration,318732.0,102928.87787362002,93292.05011294747
12513,calibration,293107.0,192779.88035850934,173826.87461798638
12514,calibration,278322.0,196669.02551090694,177236.42896328494
12515,calibration,230442.0,217246.96134209243,196637.75704854808
12516,calibration,154628.0,226457.0910779264,196637.75704854808
12517,calibration,107703.0,170436.95981435076,148741.54125707233
12518,calibration,60382.0,123375.84475917277,106077.199724873
12519,calibration,89742.0,86967.59003854904,74400.62702176973
12520,calibration,17796.0,63854.411958703255,56292.48839759246
12521,calibration,15989.0,79036.61113272555,67298.62363973712
12522,calibration,25183.0,31135.42413601574,27868.565893628474
12523,calibration,10552.0,31135.42413601574,27868.565893628474
12524,calibration,8528.0,30074.885635788753,25683.891186474448
12525,calibration,16229.0,21631.29733688797,19860.94293376871
12526,calibration,157375.0,21312.219137462922,18832.648090137875
12527,calibration,66420.0,24677.69586581871,21131.665283631002
12528,calibration,3815.0,108241.49933284165,100647.20149511551
12529,calibration,4976.0,60736.74697351368,53802.35196014153
12530,calibration,2630.0,16755.241338607953,15247.16033483907
12531,calibration,823.0,17717.14085501866,14411.19692273648
12532,calibration,24353.0,9203.476440197723,7054.014124334048
12533,calibration,14187.0,5583.788422053929,3222.4560666520233
12534,calibration,692.0,17152.11551897974,16038.708215919687
12535,calibration,2366.0,18529.546544254226,17289.145034945013
12536,calibration,2783.0,4661.964861141552,3539.972147254375
12537,calibration,10944.0,10071.124640536964,9825.045196230449
12538,calibration,23563.0,5104.57601866918,5532.746132354975
12539,calibration,24344.0,15723.001417851016,11786.020605979162
12540,calibration,92562.0,21252.105210446483,16554.23840407273
12541,calibration,136908.0,13853.913668900854,16577.102910292306
12542,calibration,86763.0,60189.11674293226,57246.93359756819
12543,calibration,14631.0,56021.99898487323,56983.35163572423
12544,calibration,57654.0,56104.58805055933,57131.674177778455
12545,calibration,156317.0,26464.16490698957,24233.35928116176
12546,calibration,44492.0,51662.54556475889,48315.32612526323
12547,calibration,6358.0,82977.47463385704,92947.82514458064
12548,calibration,10862.0,42326.13323926414,41347.19832362632
12549,calibration,10250.0,23387.541536964447,24014.730016111927
12550,calibration,6077.0,23704.28372327748,21912.36426396492
12551,calibration,5181.0,17122.64196296477,17195.200008597938
12552,calibration,7518.0,16991.612854852046,17416.88829459665
12553,calibration,11834.0,14330.31709409015,13053.840332945121
12554,calibration,9491.0,14979.462510729443,15400.656012187043
12555,calibration,10201.0,16813.61980440769,15644.145564851477
12556,calibration,5979.0,15775.825242434781,15703.89348926278
12557,calibration,6803.0,18173.501800639962,17761.086609321617
12558,calibration,7963.0,15943.663222708266,15584.558391455841
12559,calibration,11575.0,13186.763448653272,12004.714597214792
12560,calibration,13479.0,10576.819735856747,9762.118575063292
12561,calibration,9879.0,10884.09532984702,10173.0138519711
12562,calibration,13902.0,12922.334102516275,11583.272445082788
12563,calibration,14269.0,13089.24633031008,11896.976405949717
12564,calibration,3533.0,14144.25407232277,13629.473690927076
12565,calibration,14335.0,15968.089383987008,14122.20335487431
12566,calibration,12202.0,12059.201981751412,10213.721679299335
12567,calibration,19232.0,14451.690453837373,12451.09367669976
12568,calibration,22040.0,14884.908968598935,12575.856966907524
12569,calibration,32447.0,16429.64477627047,14530.195474390513
12570,calibration,16596.0,17700.117153120835,15785.457003660993
12571,calibration,26686.0,24731.69263560523,23870.627109879988
12572,calibration,16737.0,19010.751950587593,17462.84717885647
12573,calibration,25650.0,22999.45782152893,22365.397617410665
12574,calibration,24152.0,19127.344994342275,18101.79827595928
12575,calibration,26786.0,21420.781450856924,20378.68529301994
12576,calibration,19444.0,21417.701308996173,20208.22239403178
12577,calibration,21677.0,23106.87080003983,21903.03582312629
12578,calibration,14813.0,21417.701308996173,20208.22239403178
12579,calibration,21768.0,21417.701308996173,20208.22239403178
12580,calibration,29613.0,17734.540430703924,16678.2219052341
12581,calibration,30002.0,20504.048271138614,19346.16184392313
12582,calibration,22764.0,23420.868529010644,21405.27962838399
12583,calibration,14102.0,26548.470471429937,23691.62098015778
12584,calibration,74893.0,23977.046347467585,22549.081505628707
12585,calibration,165237.0,20509.043210120606,19311.941997632963
12586,calibration,123445.0,49757.00896000084,45470.552042490875
12587,calibration,51811.0,94581.25591247696,87317.0820787175
12588,calibration,85928.0,67145.62508714038,62920.475773965656
12589,calibration,222072.0,41883.0593647925,37087.541457340005
12590,calibration,159466.0,71288.38034288844,65569.35271748368
12591,calibration,33796.0,131482.47050029837,126079.03941378504
12592,calibration,8377.0,105906.72985434231,102872.19390864823
12593,calibration,20729.0,40615.7089728241,35706.02769284429
12594,calibration,21417.0,22811.12086411051,21637.56255003053
12595,calibration,25839.0,24877.079562319614,23891.62102032718
12596,calibration,15735.0,22687.8956346336,21146.054338016103
12597,calibration,6209.0,25581.00579194246,24586.659509534482
12598,calibration,8376.0,22084.76438967126,21701.93527772051
12599,calibration,18103.0,18299.227950742566,18102.90585746999
12600,calibration,2769.0,16205.890882765361,17178.561763776735
12601,calibration,15844.0,18300.042512663098,18430.642723598645
12602,calibration,5511.0,10214.261174391992,11861.948919915103
12603,calibration,6042.0,17707.209363431484,18124.190162211948
12604,calibration,5700.0,10416.242948062649,10321.521324552183
12605,calibration,3886.0,11126.548850213694,10956.527669167423
12606,calibration,8936.0,10930.7706155656,9994.408125086384
12607,calibration,8955.0,9320.551373189986,8470.704954285042
12608,calibration,15816.0,11022.480652233433,10354.623809300798
12609,calibration,32969.0,9792.243088554711,8843.270416085837
12610,calibration,33771.0,12964.576079249624,12422.909941215412
12611,calibration,3560.0,19686.623713553934,18926.714551635687
12612,calibration,21993.0,22966.49179668683,22611.16922861276
12613,calibration,18969.0,14068.537794566082,12858.92869336366
12614,calibration,15698.0,19044.35303770643,16751.03685485037
12615,calibration,13554.0,14226.784310191171,13743.501842701364
12616,calibration,10988.0,14186.40301195896,13835.82255529259
12617,calibration,11407.0,14456.33932657386,13847.625400700957
12618,calibration,48722.0,15089.031732419166,14605.360814327172
12619,calibration,40180.0,14226.170490183948,13718.358328134329
12620,calibration,17964.0,25139.591014826274,25078.411230395166
12621,calibration,20197.0,28845.245882044903,27683.39975221923
12622,calibration,26107.0,21932.59308400571,21908.646519816186
12623,calibration,27277.0,21329.574004097427,21531.419043704125
12624,calibration,19479.0,19951.9366575815,19849.962359795736
12625,calibration,18438.0,21258.261461005586,21477.566225468705
12626,calibration,12936.0,20728.017519051078,20901.281405207148
12627,calibration,14465.0,19140.354940764904,18705.236862463844
12628,calibration,9192.0,16304.855432177372,15672.619637505613
12629,calibration,7023.0,16283.510059366821,16035.357102144679
12630,calibration,93695.0,15659.297852620772,15018.566013027224
12631,calibration,203069.0,15299.288116841646,14803.625091350825
12632,calibration,318223.0,58617.55240780479,55660.181322268865
12633,calibration,195639.0,116978.06881391,113101.92527945593
12634,calibration,316175.0,168938.72761533744,168147.34366667163
12635,calibration,290969.0,132384.18576633927,127190.67025131964
12636,calibration,221722.0,195412.36287380446,184402.6366622048
12637,calibration,302569.0,200776.0419795663,186779.91339329272
12638,calibration,341940.0,149488.01323600713,141284.81838816416
12639,calibration,274142.0,196234.99002588377,184907.94865722887
12640,calibration,175158.0,219352.37965856542,211233.31143844183
12641,calibration,33263.0,186793.74870344053,170530.09868915056
12642,calibration,227312.0,112347.61463810234,102716.4467834358
12643,calibration,346813.0,38525.549207380594,35104.955810884465
12644,calibration,297142.0,141047.74638366664,130623.17982511368
12645,calibration,310466.0,195335.18827791756,183330.25246412554
12646,calibration,279704.0,207984.89960720603,193647.8018511883
12647,calibration,281172.0,207984.89960720603,193647.8018511883
12648,calibration,263768.0,203343.3040508829,191183.11323670155
12649,calibration,290820.0,187608.67478601937,191414.90597575955
12650,calibration,273050.0,159729.89484764903,157928.6175893374
12651,calibration,319590.0,187608.67478601937,191414.90597575955
12652,calibration,289731.0,184348.89540012463,181223.39653761673
12653,calibration,299683.0,183096.76733263067,191414.90597575955
12654,calibration,331840.0,181042.85724601467,184115.24790880695
12655,calibration,249232.0,202699.3705119692,202064.43711565936
12656,calibration,217672.0,187491.1129583178,199734.4919944446
12657,calibration,221368.0,161738.9504291698,161122.25322012918
12658,calibration,243001.0,148628.0649129648,144612.65673415104
12659,calibration,226550.0,139881.58921921573,134697.21804279415
12660,calibration,169945.0,149185.30308139857,146919.14021816367
12661,calibration,94826.0,147123.01294986843,133403.11036326914
12662,calibration,118910.0,107127.72627654558,109866.7187967012
12663,calibration,127776.0,81346.75083704316,63695.45831526587
12664,calibration,115395.0,88279.59707531329,68304.04897305733
12665,calibration,120048.0,83917.62189981891,66867.77645469722
12666,calibration,103972.0,83917.62189981891,66867.77645469722
12667,calibration,125264.0,83917.62189981891,66867.77645469722
12668,calibration,120532.0,86124.8756819501,68304.04897305733
12669,calibration,106781.0,82499.0493813773,71447.19794176325
12670,calibration,115148.0,82499.0493813773,71447.19794176325
12671,calibration,130034.0,78143.39592992488,71447.19794176325
12672,calibration,132573.0,82499.0493813773,72704.00564975348
12673,calibration,120608.0,80347.42662907847,71175.21380885829
12674,calibration,77702.0,82499.0493813773,72704.00564975348
12675,calibration,85482.0,81737.09674107631,72704.00564975348
12676,calibration,77361.0,60573.45150629811,54868.01606323023
12677,calibration,10348.0,77221.39984167932,67798.54675835739
12678,calibration,4574.0,61230.19729239725,54121.78105525856
12679,calibration,12737.0,21583.346613931182,21180.764282631895
12680,calibration,44168.0,17630.22845064881,13661.267737940027
12681,calibration,21433.0,15660.01889369872,12637.70546797233
12682,calibration,10766.0,25755.35083367907,25603.98880027193
12683,calibration,30849.0,18824.621020597988,21141.62040810281
12684,calibration,9047.0,17290.53170749938,15998.082507086168
12685,calibration,6301.0,28090.1814363182,25151.993271018226
12686,calibration,10116.0,13480.651126397759,13849.009104993567
12687,calibration,52377.0,14054.255278346449,11653.962494342722
12688,calibration,23738.0,13007.983591578146,9899.751771075433
12689,calibration,6911.0,34953.26953741359,29872.472740560504
12690,calibration,12975.0,15411.821356597411,16887.08533933248
12691,calibration,17486.0,11207.494220492123,12560.693134359086
12692,calibration,50820.0,13096.669288161962,8995.00846592985
12693,calibration,11301.0,14773.209816377313,11665.976555658997
12694,calibration,3599.0,21778.283788909677,17269.066035023112
12695,calibration,8914.0,11045.454314162003,10354.48777512631
12696,calibration,6100.0,7388.0146931687905,4861.90047752625
12697,calibration,5920.0,6152.293988644368,4791.305244073011
12698,calibration,1573.0,5368.554143208819,4022.7725688527566
12699,calibration,1230.0,6930.289710983879,5935.174259175927
12700,calibration,3683.0,2084.322893779237,745.4787645502793
12701,calibration,265.0,531.5186016347798,668.8722809241386
12702,calibration,1933.0,3123.8513172539033,1391.1821474211329
12703,calibration,1940.0,643.801439357148,617.0462014764888
12704,calibration,5338.0,1997.8544637081677,1303.9499808359506
12705,calibration,2489.0,673.3671711434722,926.2634702233806
12706,calibration,2460.0,485.3756171965015,361.17446792118943
12707,calibration,2056.0,234.7967388797411,237.1609477341003
12708,calibration,0.0,221.75320022275238,304.27644545365393
12709,calibration,997.0,300.9154671597594,206.96903988712043
12710,calibration,3220.0,191.7752570220736,157.64447795690586
12711,calibration,155.0,280.6511285529718,178.98579462313464
12712,calibration,297.0,540.5921627221549,631.076458360053
12713,calibration,475.0,256.48358624616475,437.07284291418017
12714,calibration,2168.0,320.5543984580852,508.33326186476387
12715,calibration,4895.0,362.7797492917612,588.9974102226392
12716,calibration,2218.0,190.85191208241173,618.0513005912461
12717,calibration,2730.0,164.5056686222301,350.15322895554283
12718,calibration,2819.0,206.70288206247156,460.0508157868378
12719,calibration,3068.0,126.60278079068311,265.16615201726563
12720,calibration,1541.0,221.12881928440834,540.4991710772161
12721,calibration,1592.0,202.09458618870428,418.14788587069063
12722,calibration,0.0,205.66381999848008,223.59592523179856
12723,calibration,1842.0,80.98099947445547,110.07861804385867
12724,calibration,6730.0,42.42559460411439,147.27991155147183
12725,calibration,0.0,100.34693532878505,194.06891635823484
12726,calibration,2510.0,205.6019720987975,242.98017092002098
12727,calibration,3530.0,108.03611893579772,157.51214234895406
12728,calibration,0.0,94.34926066988275,95.97656346944645
12729,calibration,0.0,244.02231723777663,98.692895376982
12730,calibration,0.0,51.090329946349044,17.745192179902972
12731,calibration,1828.0,43.91781952571925,34.42378423268377
12732,calibration,0.0,16.145469726461382,15.005372102202504
12733,calibration,0.0,18.7049544327396,30.30943785416263
12734,calibration,262.0,5.033769924009726,16.974490130802288
12735,calibration,387.0,6.95209838716597,12.917071151104212
12736,calibration,417.0,9.784175908789777,14.911383879611384
12737,calibration,0.0,9.516515247313004,11.843650901788715
12738,calibration,2580.0,9.115237039411081,13.635355925504987
12739,calibration,0.0,5.409471687581589,7.109153517139708
12740,calibration,1397.0,35.55378743651302,51.367626988068125
12741,calibration,0.0,6.173917845100096,21.33604553925069
12742,calibration,0.0,17.788598861054595,13.27148974486733
12743,calibration,0.0,4.236666452050013,3.8863124324878493
12744,calibration,102.0,1.4692238912368407,2.348165922766421
12745,calibration,256.0,4.866887193223586,4.271204000527311
12746,calibration,0.0,1.978422417507245,2.7260336796492877
12747,calibration,470.0,4.9385256418995676,6.674357000496626
12748,calibration,0.0,3.1459529356733915,5.814590407613707
12749,calibration,0.0,3.655504287676022,4.123992842840377
12750,calibration,0.0,14.469055258860877,6.161420018299041
12751,calibration,0.0,5.7980324529243505,4.763113168517014
12752,calibration,0.0,3.389115547551948,3.1473614320569956
12753,calibration,0.0,2.059072722363416,0.9222727631084038
12754,calibration,0.0,1.6231687936230013,1.4305000480476973
12755,calibration,1662.0,2.648743345197797,1.5342928683468546
12756,calibration,0.0,5.99145324174786,18.24418081944132
12757,calibration,0.0,6.760156253095159,8.846826906885136
12758,calibration,0.0,4.328465701517025,2.955237975665582
12759,calibration,3154.0,6.556580614604406,4.62600683871838
12760,calibration,0.0,13.401893898055096,5.99630815364216
12761,calibration,0.0,105.35011976221173,27.668176790948028
12762,calibration,1308.0,98.31176447042883,24.587680822453482
12763,calibration,0.0,26.52647686769091,13.010069315589467
12764,calibration,0.0,19.100170698518824,7.514386780256805
12765,calibration,1753.0,17.626429713982265,9.09017715507972
12766,calibration,0.0,29.33296058946943,13.018032486060504
12767,calibration,1788.0,34.58488717651008,31.843387881460444
12768,calibration,0.0,29.319452482829995,35.64189233557515
12769,calibration,253.0,96.946348845515,102.2288328374779
12770,calibration,569.0,57.98483341318783,80.11364057768392
12771,calibration,2004.0,175.9243761430294,154.52938738889446
12772,calibration,5819.0,87.77158306147956,61.21116732952291
12773,calibration,0.0,576.8192661610261,414.37384226909336
12774,calibration,3535.0,708.0719500431994,588.5374891294689
12775,calibration,3047.0,1431.8876199822903,1292.0609771810437
12776,calibration,5604.0,1594.844088970067,1393.7815845886432
12777,calibration,1244.0,2995.6026243464976,2425.96314149736
12778,calibration,12553.0,4231.458953172158,3356.714953835038
12779,calibration,4138.0,4544.243889292418,6262.367252231882
12780,calibration,4089.0,4984.379578868457,6610.964320548794
12781,calibration,3784.0,6014.331939240977,5041.177205207909
12782,calibration,3477.0,6128.685277630382,4682.017541200466
12783,calibration,2981.0,5826.130042265436,3963.87182167231
12784,calibration,4644.0,6203.466872817098,3682.356949916472
12785,calibration,3776.0,3549.7118483041877,5477.384585214953
12786,calibration,9026.0,5513.230189662186,4740.300880677848
12787,calibration,8381.0,5663.612725232807,4666.175898749263
12788,calibration,16730.0,9520.759634491857,6978.3497497836
12789,calibration,6687.0,9636.455252826223,6736.37745766152
12790,calibration,8646.0,13244.90062623785,10587.759567335694
12791,calibration,6311.0,11487.145105579753,8963.125291372256
12792,calibration,14668.0,11487.145105579753,8963.125291372256
12793,calibration,15014.0,10063.839807042525,9777.023935339026
12794,calibration,15373.0,12106.379916660922,11599.372322400743
12795,calibration,8924.0,13594.147232581065,12910.029192305807
12796,calibration,23924.0,14206.772985363827,13103.812804719952
12797,calibration,19875.0,14045.05379292878,13113.842225467502
12798,calibration,18947.0,17791.53700875898,15960.542113122921
12799,calibration,9016.0,17791.53700875898,15662.090779384838
12800,calibration,55778.0,18478.938563647833,17326.3726749642
12801,calibration,96268.0,15382.44246128507,14185.55926403639
12802,calibration,12562.0,43653.953346059876,42335.8377448573
12803,calibration,13410.0,48773.87465386883,52719.64576457095
12804,calibration,8297.0,21804.714191303745,20741.29441556511
12805,calibration,14134.0,22376.014654445054,20741.29441556511
12806,calibration,24089.0,17655.920204544964,16990.276252455318
12807,calibration,23320.0,16666.30108804449,17214.950319793978
12808,calibration,15240.0,19713.052167995967,18816.84870107944
12809,calibration,27607.0,18963.278354097733,19558.37274710612
12810,calibration,22739.0,18046.042554815805,18883.193159251303
12811,calibration,25707.0,23128.172233737907,21821.131023694965
12812,calibration,15872.0,20695.994751220256,20112.319614497086
12813,calibration,11777.0,21762.10397106386,22800.062996448967
12814,calibration,33103.0,19802.527284855525,19809.8261990268
12815,calibration,43220.0,13920.556741820677,15227.295804906827
12816,calibration,38879.0,21869.75735886977,20986.665730667675
12817,calibration,27727.0,23155.500285931048,24711.186632444078
12818,calibration,27862.0,21979.904290316532,22329.435668847334
12819,calibration,31285.0,20726.772568064163,19696.568643648505
12820,calibration,25937.0,21443.40167790706,19696.568643648505
12821,calibration,34564.0,26288.490254794688,24056.417850581103
12822,calibration,31456.0,21300.464178978942,20622.27454441782
12823,calibration,27934.0,23894.54355935298,21432.306840929945
12824,calibration,17691.0,23894.54355935298,21805.398119259848
12825,calibration,21308.0,20726.772568064163,20045.265647480806
12826,calibration,28645.0,18807.925072913324,19701.826933980996
12827,calibration,34874.0,19662.800309474576,19651.941922519043
12828,calibration,42311.0,20965.782184846477,20589.893341109266
12829,calibration,37353.0,26608.483250698213,25222.83379740185
12830,calibration,39396.0,30871.170185265717,29792.963764054988
12831,calibration,33679.0,27135.06256857407,26104.950779497973
12832,calibration,36274.0,28873.616309369318,28127.286314099892
12833,calibration,33167.0,27135.06256857407,26104.950779497973
12834,calibration,56545.0,28398.072266753228,27506.95580934095
12835,calibration,61280.0,27135.06256857407,26159.58823985354
12836,calibration,50738.0,39558.990419294525,40118.95889984218
12837,calibration,59301.0,43318.20109822725,40864.91840155861
12838,calibration,32933.0,32895.03287528214,30573.96552070144
12839,calibration,63606.0,42489.46535954826,40118.95889984218
12840,calibration,85129.0,28809.96471651205,26450.18294003968
12841,calibration,48287.0,45675.65844628522,43804.359628541206
12842,calibration,48131.0,60318.757394207416,55799.04268368406
12843,calibration,65796.0,35409.823690600926,32773.18965857603
12844,calibration,61349.0,35742.102798002685,33105.36182571742
12845,calibration,68127.0,49218.74144852639,47560.29992155534
12846,calibration,73334.0,49416.14152505579,46645.35301804785
12847,calibration,26317.0,53008.06696443401,49716.37046192827
12848,calibration,19573.0,52238.75699729678,49083.586598830065
12849,calibration,18726.0,28724.071998474832,27442.96608161646
12850,calibration,52437.0,27050.577332561916,26358.953478059986
12851,calibration,73307.0,22218.57818341208,21360.84519660479
12852,calibration,67020.0,51001.16836954626,47260.31334641058
12853,calibration,67264.0,50554.876397871194,46167.70246153711
12854,calibration,68710.0,51001.16836954626,47937.079662205186
12855,calibration,73437.0,51001.16836954626,49083.586598830065
12856,calibration,63839.0,53754.75574495031,49849.489102220105
12857,calibration,49034.0,53551.37064419462,49849.489102220105
12858,calibration,63187.0,55339.81000994375,51794.64162000077
12859,calibration,59351.0,38582.84087827727,36722.98912243399
12860,calibration,53975.0,51907.202035699156,50151.68431859264
12861,calibration,52338.0,51011.97622175837,48139.33590356698
12862,calibration,44259.0,54040.205154843905,50798.23777919814
12863,calibration,44286.0,52310.21693436694,49849.489102220105
12864,calibration,51046.0,40233.80672419373,37115.5522611778
12865,calibration,57800.0,39723.45170715237,36182.18958199456
12866,calibration,59775.0,39723.45170715237,36182.18958199456
12867,calibration,81644.0,50834.956503893285,49083.586598830065
12868,calibration,61636.0,52310.21693436694,49849.489102220105
12869,calibration,66586.0,52982.27887261104,51135.406308651145
12870,calibration,58378.0,52982.27887261104,51135.406308651145
12871,calibration,51018.0,53866.30638941902,51342.43725132092
12872,calibration,61513.0,50834.956503893285,49083.586598830065
12873,calibration,68619.0,40233.80672419373,37115.5522611778
12874,calibration,78402.0,57309.27839804924,53414.587415942944
12875,calibration,135762.0,56383.01350236405,52734.73404798167
12876,calibration,91466.0,52634.88807324191,50757.07467893008
12877,calibration,102936.0,73387.92909843792,68431.01148231683
12878,calibration,169157.0,71670.38555576932,65725.01473877995
12879,calibration,112800.0,72577.0875088757,70480.44864375124
12880,calibration,122129.0,105245.82986122783,106492.36625592034
12881,calibration,106674.0,71347.22622888834,68888.03805139572
12882,calibration,103606.0,66774.43510668592,69044.73966408691
12883,calibration,114433.0,72193.48612595104,67665.91081867824
12884,calibration,77210.0,70209.17679188958,66871.74655593658
12885,calibration,98620.0,64115.34481424476,62908.95366615655
12886,calibration,103603.0,46127.30529802215,43441.44768648391
12887,calibration,92679.0,59951.90813532042,57396.92293300422
12888,calibration,91319.0,66689.78682897455,64629.9044878496
12889,calibration,92869.0,59642.22322364169,57396.92293300422
12890,calibration,96862.0,57174.775857442095,57396.92293300422
12891,calibration,98457.0,68638.35752419912,57894.43526202399
12892,calibration,195373.0,63999.0479145201,57894.43526202399
12893,calibration,216442.0,61018.88934717432,61240.04211418734
12894,calibration,131108.0,130433.49965665033,129503.69468590144
12895,calibration,109329.0,134663.9679991057,129503.69468590144
12896,calibration,106031.0,82007.6235473565,70975.76432467157
12897,calibration,106729.0,82007.6235473565,70975.76432467157
12898,calibration,99229.0,80451.83916110182,55886.07519116129
12899,calibration,99332.0,70690.08589825638,55886.07519116129
12900,calibration,196683.0,63486.16100181805,49275.78701077244
12901,calibration,137307.0,65328.55962889846,50044.68855697529
12902,calibration,118245.0,124359.82464708776,102354.58685156188
12903,calibration,99770.0,82007.6235473565,69913.90733111366
12904,calibration,85048.0,82007.6235473565,69913.90733111366
12905,calibration,97377.0,72253.1221141466,49275.78701077244
12906,calibration,105989.0,72253.1221141466,49275.78701077244
12907,calibration,146385.0,66167.87312687955,51335.64102669213
12908,calibration,149131.0,70690.08589825638,55049.96942886178
12909,calibration,102891.0,94010.0152860497,70043.24884139004
12910,calibration,131488.0,107863.53927490818,77209.5273031685
12911,calibration,142494.0,81764.65771409556,55049.96942886178
12912,calibration,147574.0,81764.65771409556,55049.96942886178
12913,calibration,124165.0,94010.0152860497,70043.24884139004
12914,calibration,116879.0,102628.68830827078,100814.86483042006
12915,calibration,145588.0,70932.30653274494,53543.81529735001
12916,calibration,132287.0,80727.50811568621,53543.81529735001
12917,calibration,129756.0,86637.49597634979,69884.28107876504
12918,calibration,121298.0,70932.30653274494,53543.81529735001
12919,calibration,107401.0,71843.61348120059,55049.96942886178
12920,calibration,120602.0,79509.8704535581,55049.96942886178
12921,calibration,126074.0,79509.8704535581,55049.96942886178
12922,calibration,100894.0,73274.47956913596,55049.96942886178
12923,calibration,111596.0,73274.47956913596,55049.96942886178
12924,calibration,107767.0,72948.86937519904,55049.96942886178
12925,calibration,101315.0,79156.5523981771,55049.96942886178
12926,calibration,89020.0,79156.5523981771,55049.96942886178
12927,calibration,106731.0,79156.5523981771,54498.23493102278
12928,calibration,112385.0,74787.52860915253,50821.132451249076
12929,calibration,86296.0,81689.52380248392,54498.23493102278
12930,calibration,122686.0,72544.2399745536,54498.23493102278
12931,calibration,90401.0,71045.9714904659,50821.132451249076
12932,calibration,69087.0,77602.67028969777,54498.23493102278
12933,calibration,76097.0,74515.84406867779,50821.132451249076
12934,calibration,68424.0,52866.310206896596,40405.066031008064
12935,calibration,77081.0,52866.310206896596,40405.066031008064
12936,calibration,67260.0,53846.51452924799,39230.1512858546
12937,calibration,75882.0,51339.108097788005,39230.1512858546
12938,calibration,71974.0,53846.51452924799,39230.1512858546
12939,calibration,73895.0,54552.116567135614,37062.652145844855
12940,calibration,71222.0,53846.51452924799,36448.846896891904
12941,calibration,77678.0,52976.21580059902,35984.92704927213
12942,calibration,88819.0,53786.28517763364,37095.56944837854
12943,calibration,82215.0,49518.94411217251,36546.92676276581
12944,calibration,66862.0,63068.897059560506,46561.047944850485
12945,calibration,59929.0,50628.45310119802,38126.75858871126
12946,calibration,53877.0,48431.67377285438,38126.75858871126
12947,calibration,49971.0,46813.15046712327,38126.75858871126
12948,calibration,75507.0,49612.01426508863,44910.309229625156
12949,calibration,56210.0,36647.32156871249,33600.6363976535
12950,calibration,61078.0,40969.6457084138,43548.27447354804
12951,calibration,58509.0,44143.90456857806,44338.69509381959
12952,calibration,55462.0,45300.48234466463,36546.92676276581
12953,calibration,49979.0,47741.66654868186,44338.69509381959
12954,calibration,56373.0,47741.66654868186,44338.69509381959
12955,calibration,45765.0,35522.21322019721,33600.6363976535
12956,calibration,45609.0,46635.1611411498,44338.69509381959
12957,calibration,49955.0,35095.44023235421,32182.266854167297
12958,calibration,51945.0,35413.888806409705,32182.266854167297
12959,calibration,29094.0,34293.659093911294,32182.266854167297
12960,calibration,3520.0,34105.274862920385,31142.448602168795
12961,calibration,7535.0,27915.98832414695,20845.07306014868
12962,calibration,252175.0,8573.633880467762,8301.399494413368
12963,calibration,617023.0,14993.382261051402,11237.177130917687
12964,calibration,592216.0,135347.102439268,100667.13638693458
12965,calibration,390622.0,300706.2612256732,353197.35109016765
12966,calibration,388353.0,384020.0527261793,349933.32541612565
12967,calibration,147063.0,224672.4317585466,197918.10094184492
12968,calibration,37167.0,235782.2938352971,245972.934454582
12969,calibration,64911.0,88343.48771965662,107474.96984969209
12970,calibration,61492.0,28637.968148428303,33018.60951242121
12971,calibration,40306.0,47908.69297168356,33284.74330154214
12972,calibration,57040.0,47440.17180035537,42046.224422812425
12973,calibration,46628.0,35926.459036190616,30119.598955022597
12974,calibration,38712.0,55810.81425583794,37760.811376637525
12975,calibration,48329.0,43747.0883126569,29142.2049148503
12976,calibration,53199.0,34989.130988374985,26920.336886428315
12977,calibration,34705.0,46546.653628191205,32908.798721554514
12978,calibration,32268.0,59244.803329206756,38240.22655516403
12979,calibration,53602.0,36455.68974877428,22368.71153527659
12980,calibration,66876.0,32044.88580243729,19000.491420336257
12981,calibration,24938.0,43369.69822740117,28097.599379127078
12982,calibration,61502.0,43489.16702856278,24575.87232555754
12983,calibration,42612.0,18466.20763061513,10612.279771562233
12984,calibration,27854.0,43082.54680247916,24706.021118870267
12985,calibration,9406.0,32987.36141718318,17890.611866160965
12986,calibration,4139.0,23222.165333933655,13344.218698890261
12987,calibration,0.0,7978.504319390162,7022.009510538038
12988,calibration,2003.0,7257.676022823604,3872.327661515397
12989,calibration,2326.0,1070.330209286856,249.35876716155278
12990,calibration,613.0,2659.905614443783,744.9027621696993
12991,calibration,1395.0,1903.87868167898,896.937804804124
12992,calibration,1945.0,388.72200036247466,230.63794768836397
12993,calibration,198.0,193.57620536522967,140.52042597072565
12994,calibration,5353.0,552.8676804209886,271.1367504633235
12995,calibration,3219.0,111.7276145958719,60.26912925878252
12996,calibration,2124.0,415.2802747329776,122.52190325887346
12997,calibration,1418.0,230.84875789807586,67.30999118023338
12998,calibration,3570.0,550.4720559834616,135.95898294744663
12999,calibration,0.0,257.13608461827585,139.04609401979988
13000,calibration,398.0,241.04801887167955,150.2437280148141
13001,calibration,0.0,335.21693394054927,138.42442083340666
13002,calibration,192.0,239.56423888214,135.3044455817467
13003,calibration,1731.0,40.209311286621514,75.92771865436784
13004,calibration,3944.0,101.95482387920504,75.09237778337467
13005,calibration,8732.0,17.980967470114066,14.459313970671964
13006,calibration,3442.0,49.02379155378996,43.37581461356741
13007,calibration,3284.0,101.05902240717349,26.033727393144133
13008,calibration,7301.0,69.05134071011142,36.52971459630845
13009,calibration,1034.0,63.051981143540274,15.127929378075645
13010,calibration,0.0,84.16020664106622,27.257762607307555
13011,calibration,0.0,14.267760586081867,16.5090994531978
13012,calibration,0.0,16.111852356038263,9.840013972434576
13013,calibration,1820.0,13.399054525752584,9.020201056319646
13014,calibration,5231.0,9.57811641111503,5.614461010695632
13015,calibration,1353.0,8.492917135636473,15.622369151103406
13016,calibration,0.0,49.18288284378814,32.05070825306164
13017,calibration,0.0,27.064752482575322,13.710955380836664
13018,calibration,2996.0,14.254604664417187,11.099812532197145
13019,calibration,6185.0,6.981902550082679,8.942679910041624
13020,calibration,1519.0,23.007320907215675,30.929145742465465
13021,calibration,1106.0,37.82887027062453,10.000638973954269
13022,calibration,0.0,22.6449230730686,8.770420009868108
13023,calibration,0.0,15.51994494905432,7.3191888937320115
13024,calibration,1632.0,15.33416705352871,9.871904612266695
13025,calibration,1558.0,8.540304061268861,6.898655980718724
13026,calibration,0.0,7.930492762407912,11.466277577023908
13027,calibration,0.0,17.79408141717242,14.077677461349607
13028,calibration,0.0,13.751856624240679,6.013564482893018
13029,calibration,1432.0,6.600889005285772,3.502978907105277
13030,calibration,0.0,5.244012645377695,2.225641769325787
13031,calibration,0.0,6.170490908348925,2.5623356029177073
13032,calibration,0.0,4.703598573248108,2.428608597021642
13033,calibration,0.0,3.4566059290337154,1.916751943192851
13034,calibration,0.0,1.173612392484762,1.5035953395438648
13035,calibration,0.0,1.7579766375016814,0.26345950977526883
13036,calibration,0.0,0.0,0.13014083687852912
13037,calibration,0.0,0.0,0.7974692003651744
13038,calibration,0.0,0.43519753561306246,1.3830182775380808
13039,calibration,319.0,0.6087987999517241,1.4822853815068369
13040,calibration,0.0,0.5843012761015303,1.6889827782585867
13041,calibration,1080.0,0.6533109403688493,1.6889827782585867
13042,calibration,0.0,0.5654297003376059,1.9974763819119499
13043,calibration,0.0,2.9190265480887665,3.0023780644183837
13044,calibration,0.0,4.133049348438731,3.0865561625218554
13045,calibration,0.0,3.252002031051787,3.5584526368473384
13046,calibration,0.0,2.235052515512648,2.272540962083736
13047,calibration,1154.0,6.265421329879632,3.6369006955134777
13048,calibration,0.0,24.12629669002557,3.96081041095767
13049,calibration,0.0,16.115974535830766,4.688167441390033
13050,calibration,0.0,21.43784215236182,5.7408418786176245
13051,calibration,0.0,33.20840699955691,5.83718005657902
13052,calibration,0.0,14.217707712480792,4.387086425293361
13053,calibration,0.0,14.217707712480792,4.387086425293361
13054,calibration,0.0,20.322819473207797,4.010136188100499
13055,calibration,693.0,20.23418279528883,8.094326374098706
13056,calibration,307.0,23.57445558259001,8.880816517136548
13057,calibration,148.0,54.07476502227321,28.109461846360475
13058,calibration,0.0,145.5956766276997,31.03416749976757
13059,calibration,0.0,139.52642973056888,110.38798668026126
13060,calibration,0.0,168.99798681346698,152.12304096372452
13061,calibration,0.0,87.29970008493808,81.54847373237794
13062,calibration,0.0,30.98200717774621,28.947740306870205
13063,calibration,1259.0,28.25908069026978,56.45861185291231
13064,calibration,576.0,48.0474383798442,59.71608976970524
13065,calibration,0.0,311.59609155794163,1116.501790692657
13066,calibration,0.0,302.68396993780476,896.6034916020676
13067,calibration,1274.0,1308.5503320112064,1006.0210783020589
13068,calibration,2347.0,363.6305736531841,406.3838088867949
13069,calibration,3770.0,1041.0336931730292,1963.7583512153026
13070,calibration,0.0,1502.8540229273049,1942.3293832621177
13071,calibration,0.0,1553.1169481480254,1838.7338901407982
13072,calibration,3656.0,520.4595371686441,1304.0208995682697
13073,calibration,5098.0,484.81313943508576,1301.830758984294
13074,calibration,5747.0,1136.9027093832617,1791.6701712775784
13075,calibration,1240.0,2120.827962225504,2203.7396282786567
13076,calibration,2865.0,4950.584554322478,3510.5833694978087
13077,calibration,1156.0,2690.2726425272526,2988.887801028983
13078,calibration,2887.0,3220.2359071898327,3145.2905111764667
13079,calibration,854.0,1454.4785429483047,1962.330306715631
13080,calibration,4820.0,2081.2561851662967,2194.91188162606
13081,calibration,17690.0,1711.4386367363697,2306.3025267486555
13082,calibration,3614.0,1799.5802060945548,2515.71670557002
13083,calibration,5824.0,7974.287721675118,6016.217865656935
13084,calibration,9477.0,4070.1789989549948,4671.412110343446
13085,calibration,3722.0,6574.859857445204,5128.819281372129
13086,calibration,2442.0,4895.710239060543,5407.5697614062
13087,calibration,4453.0,5599.898845013783,4538.248158349913
13088,calibration,2078.0,4778.254820424773,4737.383256757969
13089,calibration,1780.0,3839.4689370776564,3435.5677258724895
13090,calibration,10486.0,3067.9367632091776,3672.217831963455
13091,calibration,1551.0,2206.2416097788787,3223.349123768559
13092,calibration,4555.0,4869.411690802519,4708.164869427453
13093,calibration,6288.0,3476.8427350826623,4435.995053928012
13094,calibration,2008.0,5323.652702754795,4916.532611651075
13095,calibration,0.0,4592.170830237758,3579.646850226246
13096,calibration,5503.0,3670.4896313765503,3330.9547761713357
13097,calibration,635.0,2477.438592328972,1690.1081653192532
13098,calibration,4059.0,2095.359930371951,2436.5749994000366
13099,calibration,4796.0,1447.2697820856488,2346.1000344165145
13100,calibration,21417.0,3985.011770295093,4419.638068212934
13101,calibration,52408.0,3787.1216604214837,3341.478396926807
13102,calibration,48951.0,6006.11310614449,6621.478110170798
13103,calibration,46326.0,21185.191284222426,15830.527755760431
13104,calibration,51474.0,13433.504016675652,15711.242767112624
13105,calibration,42951.0,21168.09639354101,18328.338316812235
13106,calibration,45616.0,19352.336100436118,18721.646619059175
13107,calibration,54046.0,24087.401952836128,22609.62808173414
13108,calibration,46439.0,21775.018715984632,24265.487458253465
13109,calibration,51350.0,26420.536252059122,23652.682090242084
13110,calibration,51122.0,22752.682494335582,24265.487458253465
13111,calibration,48584.0,26003.463228686353,24265.487458253465
13112,calibration,55901.0,26977.45850765052,24687.89613711804
13113,calibration,50978.0,26026.14114582343,22343.48698875946
13114,calibration,57969.0,24760.02353166837,23776.335030076414
13115,calibration,55346.0,21795.194836016934,24274.312582893348
13116,calibration,61008.0,25050.411350892493,24389.68275823118
13117,calibration,41660.0,25936.077565906122,24389.68275823118
13118,calibration,40112.0,27910.06314596266,26343.30238354423
13119,calibration,39916.0,26289.145816208314,23551.86012275936
13120,calibration,42587.0,24429.798199552384,22220.75171318425
13121,calibration,130087.0,24429.798199552384,24274.312582893348
13122,calibration,398622.0,24429.798199552384,24596.955380223877
13123,calibration,414274.0,32092.93058585276,25204.270716997606
13124,calibration,707897.0,116146.68932977726,161472.30036798934
13125,calibration,837271.0,159753.80477493952,186782.70427497986
13126,calibration,984093.0,251919.8442970516,317103.4350681357
13127,calibration,1270377.0,251919.8442970516,317103.4350681357
13128,calibration,1068564.0,332689.81295215024,337119.27817017864
13129,calibration,1393455.0,315724.0526532787,337119.27817017864
13130,calibration,1411898.0,332689.81295215024,337119.27817017864
13131,calibration,1427742.0,287807.882082253,342231.2712808331
13132,calibration,1320633.0,267585.38623782515,342231.2712808331
13133,calibration,1302747.0,275394.6932662525,354755.9619541667
13134,calibration,1328806.0,285367.41380979813,365357.5089615474
13135,calibration,1540410.0,285367.41380979813,365357.5089615474
13136,calibration,1453693.0,281300.6844586869,365357.5089615474
13137,calibration,872896.0,267766.03915959876,365357.5089615474
13138,calibration,793878.0,267766.03915959876,365357.5089615474
13139,calibration,545583.0,170359.17150699793,348095.51796886465
13140,calibration,370201.0,170359.17150699793,348095.51796886465
13141,calibration,382035.0,171767.5294033239,307275.01665102656
13142,calibration,720539.0,109504.27115308437,191089.28386063912
13143,calibration,623664.0,132971.62971079495,205037.9394821178
13144,calibration,423727.0,197877.90838462638,348095.51796886465
13145,calibration,167531.0,182022.1775216889,307275.01665102656
13146,calibration,115451.0,152100.9875137438,260145.70759587985
13147,calibration,3560.0,36752.5282217925,63007.14006769706
13148,calibration,96840.0,22323.16204724172,43387.70358434187
13149,calibration,54930.0,11007.923832118724,9139.527264819191
13150,calibration,179978.0,27179.88401335049,28789.648396578195
13151,calibration,239567.0,32767.23774257346,34333.72055229356
13152,calibration,328647.0,37441.10533234612,43089.00051929023
13153,calibration,285854.0,54335.28299117098,79834.32231444247
13154,calibration,262454.0,61272.83386384278,81771.90429894436
13155,calibration,209895.0,82782.70901063012,111929.33009540546
13156,calibration,342969.0,66239.00258598059,91172.85790974257
13157,calibration,295025.0,48179.15671875143,68844.50279592368
13158,calibration,335143.0,103023.16101700542,154588.47488709496
13159,calibration,336448.0,82782.70901063012,111929.33009540546
13160,calibration,292400.0,152329.20655354895,124831.6277140874
13161,calibration,258897.0,145239.6892882196,127280.16267542762
13162,calibration,203526.0,116705.24482498504,92156.77829372078
13163,calibration,205454.0,109383.63258722273,80063.25773318006
13164,calibration,255176.0,77159.33059557706,59686.159677314696
13165,calibration,344898.0,76573.22382853692,59686.159677314696
13166,calibration,115235.0,81904.40772022893,65101.909277010454
13167,calibration,107250.0,171172.25669038945,134023.8280177365
13168,calibration,120902.0,32093.056738605635,35723.066229139826
13169,calibration,128684.0,33870.79676763508,39275.56574589549
13170,calibration,42708.0,27304.893996258244,38449.68460175569
13171,calibration,7736.0,29059.56196348022,38449.68460175569
13172,calibration,9070.0,33852.972573798696,29819.033416113256
13173,calibration,35104.0,20603.118234207235,14448.340116531183
13174,calibration,96656.0,19753.776795195234,14722.045968007686
13175,calibration,5502.0,29626.35660477561,24800.62166128909
13176,calibration,1568.0,72427.89062267228,66389.77582436144
13177,calibration,20427.0,23203.030979537925,16731.824656359368
13178,calibration,80250.0,17324.513244605216,7949.342138318183
13179,calibration,124139.0,21775.254544381958,20175.472516438553
13180,calibration,14517.0,57642.13855999873,55177.430938849546
13181,calibration,0.0,94604.19377396442,87443.3518181615
13182,calibration,19391.0,25355.1912534716,21842.19453907084
13183,calibration,108055.0,5034.968495415364,3585.9999281361597
13184,calibration,151132.0,24664.527733342253,23068.95070174662
13185,calibration,147600.0,102946.53699882176,78887.36475793441
13186,calibration,148718.0,109418.58819438041,113597.460641739
13187,calibration,2150.0,119495.90126755009,112010.16733579735
13188,calibration,5519.0,97025.30084569388,68343.39028394908
13189,calibration,27890.0,16286.879730789358,13552.085807620486
13190,calibration,155429.0,27354.674478851983,18737.49157176217
13191,calibration,170662.0,23798.402678573373,24391.868565900582
13192,calibration,133555.0,119832.24916733701,107111.18183592701
13193,calibration,6862.0,115001.2286906332,103062.81640687252
13194,calibration,13020.0,43231.97692301462,68764.1904657931
13195,calibration,38296.0,26494.330243078028,20320.081607662196
13196,calibration,161196.0,28848.66403713305,20895.05547667232
13197,calibration,164793.0,29206.115499444786,31331.834372886762
13198,calibration,122540.0,112782.11136349817,83148.25978510366
13199,calibration,2602.0,112782.11136349817,84338.92957866933
13200,calibration,6786.0,46599.74293685169,82323.75499783605
13201,calibration,29768.0,13238.781681987586,9725.450652814268
13202,calibration,123541.0,19562.56749565969,18766.64035078873
13203,calibration,169354.0,29130.111138377233,25156.379892643905
13204,calibration,164854.0,74675.79304594008,77073.96531088634
13205,calibration,176929.0,97424.63078390162,83148.25978510366
13206,calibration,142128.0,80007.4458925802,91224.35017907109
13207,calibration,120372.0,97816.05447612295,110274.28721124103
13208,calibration,184855.0,79238.35551438811,105841.80217517632
13209,calibration,27320.0,56122.47696224242,86660.4808367702
13210,calibration,13487.0,108595.6362043569,142042.2405466521
13211,calibration,34951.0,17581.872140850144,22581.03724967242
13212,calibration,92875.0,12637.479250535038,15349.619348060347
13213,calibration,150177.0,27853.28488092125,29750.802057206634
13214,calibration,141681.0,50104.44737737211,56077.821292850254
13215,calibration,149529.0,78629.5002955035,73882.05208395892
13216,calibration,106324.0,78886.3597190104,70035.66428724225
13217,calibration,89077.0,78775.95673531116,98094.63707096344
13218,calibration,95567.0,38140.625723049256,56613.440100887674
13219,calibration,83668.0,34184.20064936284,51969.373221014685
13220,calibration,83607.0,30924.63697752684,51969.373221014685
13221,calibration,55270.0,35439.68611709731,51969.373221014685
13222,calibration,50136.0,35954.06096938141,50005.12360274722
13223,calibration,67249.0,31143.307333023204,38550.57131626614
13224,calibration,39909.0,25846.68939003191,29975.39771717365
13225,calibration,60002.0,33053.31806202618,47193.25883629838
13226,calibration,67727.0,25100.01539437077,35308.68819826764
13227,calibration,61175.0,33053.31806202618,47193.25883629838
13228,calibration,67366.0,36959.59860350227,46592.58818246004
13229,calibration,59237.0,32519.084843701592,38404.74557185855
13230,calibration,9327.0,32482.71058127364,39086.17125351476
13231,calibration,7146.0,44090.10291642451,36421.10030398838
13232,calibration,7076.0,15976.939348737887,16233.02923464723
13233,calibration,1968.0,16295.381204763502,17838.863497223858
13234,calibration,2626.0,12122.463182368174,14102.817175267352
13235,calibration,36483.0,7823.761199205291,8218.413939834023
13236,calibration,207176.0,7675.67608901217,7489.270262277677
13237,calibration,221479.0,23556.322458414492,21585.902852333897
13238,calibration,222544.0,102691.00212478655,86687.57660432273
13239,calibration,229467.0,127085.24775550795,126814.71444816334
13240,calibration,220725.0,150869.57395824508,104902.59385302218
13241,calibration,225265.0,152811.3213291789,104902.59385302218
13242,calibration,249676.0,162305.0292617001,119966.12972878333
13243,calibration,223208.0,149855.2601355354,132906.80659096903
13244,calibration,227936.0,163293.38343202078,144966.27472838576
13245,calibration,205243.0,151624.7058509433,132906.80659096903
13246,calibration,194188.0,123968.25634283533,132906.80659096903
13247,calibration,178140.0,122230.52460946735,132906.80659096903
13248,calibration,160208.0,137423.17914222434,144483.61630195103
13249,calibration,131634.0,112802.10621998982,114814.69107580917
13250,calibration,7188.0,114382.61324763478,112182.37443899129
13251,calibration,5218.0,65724.71453702856,82131.7682775312
13252,calibration,1887.0,21389.084400795822,18649.02723102329
13253,calibration,4041.0,23208.68281572728,13636.74905991206
13254,calibration,216.0,9460.205063272118,5722.897955903788
13255,calibration,6338.0,9692.566426512229,4829.07926133298
13256,calibration,5882.0,1643.957283700685,897.656522393707
13257,calibration,1755.0,11376.586680443139,5568.23773192485
13258,calibration,1646.0,12311.142985048155,4499.709327371142
13259,calibration,0.0,4191.193688157841,3736.5643618614554
13260,calibration,0.0,4108.1678773637095,1908.8942364673915
13261,calibration,4644.0,217.40971698148923,111.46352614266401
13262,calibration,1978.0,259.4582353036717,108.88127293527126
13263,calibration,228.0,772.2833206068838,392.74824257434915
13264,calibration,0.0,516.2908186843322,175.55375319288936
13265,calibration,8676.0,250.36385657633025,214.0018241444795
13266,calibration,12048.0,143.48006675031667,128.00953377270366
13267,calibration,5231.0,986.8596970133516,258.7624148981026
13268,calibration,7135.0,1897.1131746337596,395.09446732712416
13269,calibration,1636.0,1505.8249002976313,496.9563763941805
13270,calibration,1269.0,1495.5037719625464,2395.1806597679256
13271,calibration,2735.0,460.9644974555041,428.5765394595738
13272,calibration,284.0,649.6792288388616,437.69657304380996
13273,calibration,0.0,594.5294421502358,742.1881835231694
13274,calibration,1563.0,264.5516384503411,474.42958209010027
13275,calibration,6951.0,439.6492004854525,352.5484621608432
13276,calibration,3105.0,936.217538331449,711.0811717145498
13277,calibration,3546.0,449.6018030141703,820.9592654562812
13278,calibration,4566.0,438.7399138744978,970.737684381477
13279,calibration,1381.0,237.58315042456374,553.9579368122903
13280,calibration,1076.0,96.47801063451494,331.8743885505608
13281,calibration,512.0,233.89812817832293,336.34708875927015
13282,calibration,6434.0,174.6632037465976,188.4296607195049
13283,calibration,2952.0,148.78924433362542,331.95651060243733
13284,calibration,1949.0,215.85275017402319,298.3255077040551
13285,calibration,5258.0,106.44051471528196,286.6598697193811
13286,calibration,1731.0,243.69968684745794,387.25855301726153
13287,calibration,5632.0,154.10805916793558,396.83928508610467
13288,calibration,6623.0,98.61665678166217,171.7270274704643
13289,calibration,11954.0,104.57006049318036,137.24668411810592
13290,calibration,4898.0,74.19480815378068,175.73408308667288
13291,calibration,1471.0,243.90922286066714,345.2888750801421
13292,calibration,2136.0,77.44525879221966,104.87121419003788
13293,calibration,0.0,64.40108731035353,99.71696210555771
13294,calibration,1461.0,23.918114903250633,75.0492363465872
13295,calibration,2117.0,18.34653341105405,71.63256110850124
13296,calibration,0.0,38.850399105212844,137.56717140442942
13297,calibration,2192.0,11.773168089678737,84.53331801911881
13298,calibration,0.0,3.132531623468184,37.33931851951563
13299,calibration,0.0,9.573977202730292,70.12516325138256
13300,calibration,0.0,1.9375312158122906,23.44271436177658
13301,calibration,1050.0,2.229679838527709,15.083463740290359
13302,calibration,0.0,0.3124747261455386,11.032162865162356
13303,calibration,0.0,1.1276057915124218,15.35283069179819
13304,calibration,3689.0,2.3631094759176574,5.128436381347666
13305,calibration,0.0,2.127892419643395,10.276910060105715
13306,calibration,7460.0,23.377081672688824,31.297124623571094
13307,calibration,0.0,15.449402148280804,50.6865287666601
13308,calibration,0.0,39.841227561212975,15.021874497490789
13309,calibration,0.0,7.224190493372898,7.587616006244449
13310,calibration,0.0,5.979162993664386,4.975879652063579
13311,calibration,688.0,1.8012704760854898,2.482332896529009
13312,calibration,0.0,2.0877918319246156,3.0194272975481367
13313,calibration,0.0,1.4293611147364382,1.942299089838078
13314,calibration,518.0,2.486463150544772,2.4338127156796268
13315,calibration,437.0,2.718860142473168,3.54006064245024
13316,calibration,3416.0,2.88680066064773,3.0833298523451322
13317,calibration,2023.0,2.8314385629244536,4.0020679354009285
13318,calibration,3322.0,13.580584598113424,18.96022039643946
13319,calibration,0.0,14.099542257310002,12.299965573511312
13320,calibration,4605.0,9.627686337277602,17.692520052640194
13321,calibration,4922.0,7.5521707212757185,25.108233177598866
13322,calibration,1555.0,18.870017984560015,47.09417588775224
13323,calibration,3409.0,22.907978828971004,46.231785326393094
13324,calibration,0.0,7.631567812753426,58.508473963662695
13325,calibration,2045.0,7.919080642473963,31.863490429034165
13326,calibration,1432.0,12.902711045366484,55.92828222842013
13327,calibration,0.0,6.469663728844905,48.754206315103865
13328,calibration,0.0,3.305813196457737,76.87376370207488
13329,calibration,3235.0,2.1239248073395385,16.13642165309352
13330,calibration,2222.0,0.7955399978676789,12.539921809646657
13331,calibration,0.0,27.833529182567645,31.71004682331685
13332,calibration,0.0,14.860856718353086,44.76677079759855
13333,calibration,2692.0,7.52758158667724,18.178630403173944
13334,calibration,1886.0,5.343858770484353,11.213159547709845
13335,calibration,3291.0,19.406728584794358,23.584289424609466
13336,calibration,5769.0,14.694191060556381,15.22868674490962
13337,calibration,4270.0,27.674200506205253,67.74104120307199
13338,calibration,3733.0,12.018490707418097,48.242915634506964
13339,calibration,0.0,15.248967033406693,73.89070744334842
13340,calibration,0.0,16.73853320006958,53.90293606766122
13341,calibration,0.0,46.00404754924476,62.49656091475926
13342,calibration,0.0,18.914651507351934,24.802329538082628
13343,calibration,0.0,4.145927026956512,12.099171846986097
13344,calibration,1276.0,6.383650678830314,16.588830790958653
13345,calibration,3792.0,5.864807894903474,26.66676768977993
13346,calibration,6274.0,13.289458479095476,45.20193995498262
13347,calibration,3573.0,162.31150248765738,211.8903065669904
13348,calibration,2110.0,608.7954990070106,766.6816340725397
13349,calibration,3431.0,119.41770383527705,524.1477362005901
13350,calibration,2541.0,153.61816405719986,392.6231284995489
13351,calibration,1730.0,215.60301347591292,528.3446814177945
13352,calibration,5916.0,191.99043618606876,809.868161659527
13353,calibration,4312.0,234.95896261181764,2345.2521884817384
13354,calibration,2401.0,1886.0989989247867,2682.3278908399784
13355,calibration,3825.0,730.847459510223,1866.8603356903159
13356,calibration,3174.0,745.3238999554485,1956.4456778392635
13357,calibration,2382.0,2379.9900852114997,1670.2434655996638
13358,calibration,7753.0,1618.6926262520358,1840.345541897011
13359,calibration,6449.0,1239.722293613027,2540.568344446727
13360,calibration,7608.0,4362.766271882669,4067.7783890538694
13361,calibration,9093.0,5922.064423045693,5584.377977851419
13362,calibration,3765.0,6524.728979292174,6576.78993123038
13363,calibration,11151.0,7651.527368843214,6464.829551003618
13364,calibration,4900.0,5504.241766493393,4836.279110834457
13365,calibration,11167.0,8734.930758683618,7549.847347664908
13366,calibration,6694.0,7473.76512233108,6792.956529890657
13367,calibration,5303.0,8805.695974732878,7838.285532188901
13368,calibration,11122.0,8805.695974732878,7838.285532188901
13369,calibration,13360.0,7258.064489441748,6348.233174282888
13370,calibration,152686.0,9564.89375297583,9143.226049562998
13371,calibration,236464.0,8133.90895290686,7374.663272483258
13372,calibration,436300.0,81339.67840003726,79280.70280983899
13373,calibration,93387.0,120728.7953151292,119428.42729608256
13374,calibration,91529.0,322280.5766987389,266658.6878658234
13375,calibration,440829.0,67780.47537925855,70872.47666413512
13376,calibration,586813.0,65736.48532148039,70872.47666413512
13377,calibration,538220.0,304452.6010737553,304285.3465504678
13378,calibration,584853.0,434002.59335520474,405202.41734062834
13379,calibration,329478.0,399867.29126588104,389403.1733917589
13380,calibration,82623.0,417028.1455992834,404622.26841976924
13381,calibration,82041.0,247982.71168245186,218430.2929526235
13382,calibration,91347.0,53181.01568509562,66436.33831429384
13383,calibration,76722.0,59572.062687658305,60994.378076574685
13384,calibration,79112.0,73626.414956335,83623.27667908986
13385,calibration,70240.0,64057.3436791526,63848.790151385765
13386,calibration,84108.0,62511.75136270272,60994.378076574685
13387,calibration,59776.0,71940.32619959184,60207.470962100466
13388,calibration,65482.0,95781.51770241518,80362.69127738767
13389,calibration,75603.0,75760.33978005144,63984.60230358986
13390,calibration,74545.0,77274.0757239136,65900.87611050003
13391,calibration,74243.0,65321.865699483926,63984.60230358986
13392,calibration,77607.0,64038.4141812233,61243.94512933277
13393,calibration,83351.0,60306.83112040388,64062.213895930756
13394,calibration,60588.0,59332.118931540346,63246.8415704254
13395,calibration,86205.0,79322.14297886443,78151.94130621204
13396,calibration,72831.0,56070.54084651348,65980.81205482264
13397,calibration,68659.0,91958.16776535523,82665.24738837522
13398,calibration,75409.0,50259.866036511885,64062.213895930756
13399,calibration,92400.0,65034.19138657715,65980.81205482264
13400,calibration,91771.0,58994.78481839169,64954.07507719541
13401,calibration,83128.0,77596.40297999732,79239.95376006573
13402,calibration,82807.0,89301.70133244031,80261.50452193109
13403,calibration,87678.0,70461.38693485716,66899.38315456158
13404,calibration,93613.0,69799.2695310486,66047.90041317824
13405,calibration,76119.0,85458.90079698227,81530.20417644925
13406,calibration,82578.0,75477.19512830014,81530.20417644925
13407,calibration,84250.0,65481.41729129801,65980.81205482264
13408,calibration,94148.0,65481.41729129801,65980.81205482264
13409,calibration,80240.0,82990.18165408295,79159.46573575285
13410,calibration,6342.0,85755.34602610327,81530.20417644925
13411,calibration,5212.0,68164.18786475493,68044.44049350545
13412,calibration,1848.0,24385.989110744697,26488.78760609001
13413,calibration,11763.0,22771.694543366255,20194.101324264215
13414,calibration,12648.0,12028.034661194071,10762.238874993569
13415,calibration,81490.0,19186.256426389697,17617.981844251804
13416,calibration,94884.0,16482.05492810695,17525.067950083252
13417,calibration,33153.0,60806.19938894651,56860.847450535744
13418,calibration,22889.0,71905.82917015778,58177.978408518524
13419,calibration,10186.0,33090.61014423194,30859.99483658847
13420,calibration,3826.0,32569.902309015517,29811.558880807625
13421,calibration,28465.0,21240.151844569973,20321.813258597733
13422,calibration,176960.0,15092.757782622864,12728.924648945018
13423,calibration,193995.0,23818.94961736322,22329.62594065276
13424,calibration,168209.0,98282.8180310545,90721.08354516231
13425,calibration,165959.0,121175.23617158261,123388.57651829338
13426,calibration,144219.0,116643.92135879761,101393.24212081454
13427,calibration,84192.0,111591.23633275503,92978.63788692234
13428,calibration,121689.0,110146.52633760813,91045.20819237198
13429,calibration,90238.0,67068.1295219526,69515.69525837105
13430,calibration,87325.0,67489.50763850118,73111.32900743086
13431,calibration,132721.0,72955.84560148044,68178.38771686934
13432,calibration,118312.0,72955.84560148044,68178.38771686934
13433,calibration,176961.0,75978.04959871358,73111.32900743086
13434,calibration,222617.0,70342.6672263517,76475.69145170698
13435,calibration,237280.0,121191.08641002329,112103.62889224934
13436,calibration,224610.0,148717.24524305933,133419.5461778508
13437,calibration,169915.0,151031.70366829113,149619.03234947418
13438,calibration,149051.0,149052.1307092137,137172.51284209985
13439,calibration,114450.0,113039.65642986185,109533.46729732832
13440,calibration,130806.0,99629.76422082554,103473.95026261843
13441,calibration,114662.0,62376.99798693475,77975.74681524557
13442,calibration,106209.0,65845.32036922693,77975.74681524557
13443,calibration,107373.0,65845.32036922693,77975.74681524557
13444,calibration,106964.0,65845.32036922693,77975.74681524557
13445,calibration,121945.0,58606.05831582774,77975.74681524557
13446,calibration,125172.0,87514.14679759723,77975.74681524557
13447,calibration,108215.0,65845.32036922693,77975.74681524557
13448,calibration,126087.0,59890.68748205096,77975.74681524557
13449,calibration,39289.0,56516.88065034874,77975.74681524557
13450,calibration,10693.0,57289.30701320875,77975.74681524557
13451,calibration,108994.0,38297.88442374789,45404.396886634066
13452,calibration,109253.0,22581.0522988616,23441.49783896713
13453,calibration,121318.0,72658.76209104524,75148.22961584035
13454,calibration,115494.0,72658.76209104524,74087.30962029009
13455,calibration,52874.0,64624.68461048549,77398.83748914051
13456,calibration,5957.0,65761.28087271437,75810.81031811766
13457,calibration,21779.0,57845.95016834213,59002.05769967307
13458,calibration,27971.0,21764.13201276687,21136.114795121557
13459,calibration,25453.0,22331.134104227694,26599.207245217436
13460,calibration,16907.0,19082.78159236629,21235.695037761343
13461,calibration,17383.0,21510.15874872802,25798.334888492973
13462,calibration,17539.0,19080.885355427763,22107.102357299817
13463,calibration,17583.0,18409.171669550513,19888.413536715507
13464,calibration,15649.0,15577.044887418704,17399.28410586968
13465,calibration,42276.0,12568.137745833905,15642.868253127677
13466,calibration,67973.0,14565.916746773593,17330.26351517295
13467,calibration,64596.0,29269.116765720333,32447.209103792986
13468,calibration,68347.0,43531.95509247099,46530.85910376466
13469,calibration,67133.0,38728.02522435616,43245.279172375514
13470,calibration,72498.0,24934.21418391206,35192.346950356456
13471,calibration,50454.0,41673.52586199468,44815.049363899074
13472,calibration,61013.0,45076.77191297625,47408.911174382934
13473,calibration,58864.0,34230.46847586763,35470.0344510694
13474,calibration,64507.0,46426.09410911864,49841.41844356243
13475,calibration,73167.0,47395.91966070992,49841.41844356243
13476,calibration,65507.0,38154.0887919319,47452.711332533225
13477,calibration,58055.0,47123.97886404009,51017.62246380501
13478,calibration,75728.0,49966.544611282945,55549.0189066874
13479,calibration,68725.0,53173.71417381373,57286.38554175284
13480,calibration,58355.0,58858.53526543215,57286.38554175284
13481,calibration,75955.0,59066.343582676316,57286.38554175284
13482,calibration,75293.0,52906.76579511359,53021.64322124591
13483,calibration,79374.0,53066.89263001695,53320.10545927544
13484,calibration,61823.0,55308.49248850334,55549.0189066874
13485,calibration,73253.0,61961.77291898803,58024.917444367886
13486,calibration,82205.0,58858.53526543215,57286.38554175284
13487,calibration,71443.0,60609.41600427485,59002.05769967307
13488,calibration,234546.0,52633.47235052545,50611.34741871414
13489,calibration,93700.0,53093.560912157074,53021.64322124591
13490,calibration,63551.0,153002.87523255704,147340.30510268657
13491,calibration,28963.0,65775.27856903688,68640.03595281173
13492,calibration,40162.0,56020.72948719266,59762.70753647327
13493,calibration,28437.0,40373.9011903992,35608.03162665593
13494,calibration,15287.0,47434.64204661325,43412.69274355893
13495,calibration,17169.0,32997.005779899526,31124.529363223843
13496,calibration,14266.0,29299.13537804088,24796.386838453767
13497,calibration,15737.0,26643.237614455094,21971.53322606263
13498,calibration,15116.0,21537.330504407197,18433.188764570135
13499,calibration,13284.0,21223.053329469316,18799.75303022067
13500,calibration,18219.0,20503.404284701533,18433.188764570135
13501,calibration,10546.0,19782.29763859739,16987.20956495571
13502,calibration,6576.0,20403.850147050554,19005.885422051884
13503,calibration,12600.0,17004.528217113577,17127.52334553481
13504,calibration,13412.0,15566.439447090648,15462.310601433086
13505,calibration,11259.0,14401.452895621347,13242.418612197396
13506,calibration,8071.0,13775.434547055902,12984.827697983157
13507,calibration,14819.0,13745.085972969518,13589.19952702817
13508,calibration,2492.0,12076.596384608043,12471.916015235929
13509,calibration,33058.0,13287.801114582217,13621.024594167975
13510,calibration,16459.0,8080.702940766848,8465.368292651243
13511,calibration,8616.0,19075.10966006637,19853.8018864173
13512,calibration,12525.0,13395.632154322178,15001.046662139666
13513,calibration,14988.0,13257.090959707502,14850.710680012104
13514,calibration,25638.0,12824.68137779737,13007.06271860161
13515,calibration,14048.0,10693.374646417491,10470.06122229911
13516,calibration,12623.0,14512.603418737806,16553.603670817025
13517,calibration,15442.0,12307.689267509615,14149.154369414155
13518,calibration,9871.0,12340.107429062033,13917.745046713593
13519,calibration,15345.0,11734.392088535118,12915.930542925496
13520,calibration,10600.0,10502.164666829109,12325.548451248394
13521,calibration,8412.0,11611.55148165679,12766.989983227833
13522,calibration,17207.0,9286.217805224947,11269.203578859626
13523,calibration,4323.0,11916.528302361703,10733.168893573185
13524,calibration,14883.0,12478.530398650026,13513.86673196021
13525,calibration,8876.0,9717.499041775205,9253.73139483553
13526,calibration,28295.0,12598.757966963245,13268.219323037343
13527,calibration,14929.0,10149.837097137204,10669.90471366735
13528,calibration,13404.0,15543.18643109494,16102.250038222435
13529,calibration,14801.0,13417.633782988089,13763.35693787141
13530,calibration,12472.0,11160.642232781529,10467.985627676497
13531,calibration,13475.0,13642.994324432508,13059.608181349256
13532,calibration,13385.0,12812.844439189863,12702.364910401635
13533,calibration,11217.0,12812.844439189863,12702.364910401635
13534,calibration,19521.0,12812.844439189863,12702.364910401635
13535,calibration,13903.0,12432.70257403167,12584.075576306914
13536,calibration,5848.0,14283.161695574694,13637.792888930973
13537,calibration,13467.0,12867.908732330165,12637.629305472354
13538,calibration,6845.0,12003.643092782266,10001.247822160447
13539,calibration,5272.0,11426.097788080502,10875.221981065588
13540,calibration,5735.0,8313.26194711908,8425.608140588787
13541,calibration,1404.0,4855.181854633263,5974.970475453425
13542,calibration,1209.0,7096.390207823925,6595.787113674469
13543,calibration,4265.0,2801.4359152841375,2354.3542366980273
13544,calibration,2063.0,1349.1272166174633,1637.5376804563778
13545,calibration,7441.0,1583.9781141800252,1505.9426359653298
13546,calibration,453.0,1242.4571387762692,1828.5893699924056
13547,calibration,6115.0,3044.7002614428184,3198.554278299243
13548,calibration,1210.0,1237.186173710164,876.7195560640986
13549,calibration,4363.0,1798.6373146447409,1641.9479823137765
13550,calibration,4049.0,1055.2919710702859,771.1581636532682
13551,calibration,1794.0,1749.1609722232554,930.3776902063241
13552,calibration,2444.0,1661.132222306118,1634.646145060063
13553,calibration,5514.0,1269.7624379815322,730.358279575752
13554,calibration,4645.0,1690.8308299489886,1501.6289305708783
13555,calibration,5696.0,1130.278343206229,1270.7271228281618
13556,calibration,4575.0,1022.2717996734157,768.9513224102819
13557,calibration,9813.0,855.5593704025562,687.3176547235906
13558,calibration,5521.0,538.9938084102462,549.0757861725072
13559,calibration,4734.0,747.5486371676004,1225.9313875979049
13560,calibration,0.0,1462.1841116327482,1992.8133803581572
13561,calibration,328.0,1827.547488735998,1205.1913383991207
13562,calibration,1130.0,1264.6349753170143,329.2274829698702
13563,calibration,0.0,522.3369621502031,467.7853288400105
13564,calibration,454.0,706.3517446455124,354.1644709848224
13565,calibration,0.0,183.52832996083575,145.13708708589309
13566,calibration,0.0,955.1393743639975,198.05676817135324
13567,calibration,1396.0,40.776591307336815,66.60229519022616
13568,calibration,661.0,46.27882833509986,37.406249098394234
13569,calibration,0.0,214.69346933620682,88.02631010074069
13570,calibration,907.0,135.07965920616607,62.883575591556074
13571,calibration,0.0,46.25793092692181,33.7255638564672
13572,calibration,2954.0,64.7066850189916,29.078333689895143
13573,calibration,2162.0,10.597322091886763,19.83545116510216
13574,calibration,4301.0,130.3969527025883,49.81103537012822
13575,calibration,1258.0,69.20327410087303,45.078794620933984
13576,calibration,5936.0,101.51930146046973,104.24019722497047
13577,calibration,0.0,111.93345101676337,121.98237118193444
13578,calibration,774.0,62.46052141741199,48.49309848282362
13579,calibration,0.0,83.07919840316784,68.60038647223539
13580,calibration,2344.0,61.24621138474563,46.52489436371418
13581,calibration,0.0,21.373116783046857,28.12981812257492
13582,calibration,7327.0,47.57124587613273,23.050169052629904
13583,calibration,0.0,32.556590588718585,25.44792610189194
13584,calibration,0.0,36.1841688287112,37.65230569180181
13585,calibration,501.0,14.260006556261096,10.664378045128176
13586,calibration,0.0,13.229552488644858,15.470588994134097
13587,calibration,0.0,1.6722126556813008,6.272444709022709
13588,calibration,0.0,4.358299691842135,5.187802909527788
13589,calibration,0.0,0.2917759253565335,2.4163271355498845
13590,calibration,0.0,6.241533323879238,6.868364313797933
13591,calibration,8305.0,7.375030868207588,8.579864195118747
13592,calibration,991.0,4.636053454824797,7.582913438830802
13593,calibration,468.0,31.917207535276575,13.707822197592993
13594,calibration,0.0,20.67123384987084,35.58961477467256
13595,calibration,0.0,8.34746456836826,5.287252278814867
13596,calibration,0.0,7.896597737028751,26.821894067236794
13597,calibration,1718.0,3.4692201529003794,8.817682854198125
13598,calibration,794.0,4.119459541728596,15.080749089807135
13599,calibration,558.0,2.430385343940067,8.760065193527923
13600,calibration,526.0,36.95978096018229,15.188414493444402
13601,calibration,0.0,14.105788915374411,17.51862554596737
13602,calibration,0.0,4.005887305248823,10.7496471934525
13603,calibration,1296.0,4.005844975644391,17.344691372292555
13604,calibration,2726.0,0.4805611685793268,4.914240167052073
13605,calibration,7428.0,1.0948445475226474,9.207854450146675
13606,calibration,0.0,0.8525269127937474,2.7267666416496623
13607,calibration,0.0,6.639004622752015,9.359490552012714
13608,calibration,0.0,4.649597472366333,12.97720860333668
13609,calibration,0.0,5.56327399953439,14.507814121238049
13610,calibration,0.0,3.3130003923790268,7.881467105635073
13611,calibration,1191.0,1.8773357623801323,4.601648812842975
13612,calibration,4602.0,2.9128756864174496,6.549226282979511
13613,calibration,2258.0,1.3450721878488148,8.230355943311418
13614,calibration,6647.0,18.010309088985032,18.17656141042296
13615,calibration,2789.0,48.1485836713151,46.62672429970661
13616,calibration,5209.0,20.995315425653548,23.37548534986462
13617,calibration,2583.0,16.953019729353834,18.078758173093743
13618,calibration,2919.0,14.290456513602638,21.293798421362773
13619,calibration,0.0,13.958513502142244,39.87458161453427
13620,calibration,0.0,19.789576755402205,30.604953458184212
13621,calibration,0.0,21.384619389736727,12.07489279172259
13622,calibration,0.0,14.099880446179853,12.61662078255128
13623,calibration,843.0,4.963817236718163,9.05565756430891
13624,calibration,525.0,9.402986628968957,10.813670647672055
13625,calibration,0.0,3.028190495744017,6.234346903140584
13626,calibration,0.0,26.007956901198025,9.71656235445177
13627,calibration,0.0,12.53149475171174,5.522432169416102
13628,calibration,312.0,6.837488851153363,5.321587951094097
13629,calibration,0.0,2.562183181239806,3.2774554333192336
13630,calibration,1089.0,9.382304626905167,5.88338608853368
13631,calibration,646.0,18.807535715262365,57.936212844149956
13632,calibration,4038.0,136.0124459722596,172.0762524796638
13633,calibration,6304.0,304.9357641927842,601.8195915780718
13634,calibration,3715.0,248.6430810599392,340.7713861787657
13635,calibration,6585.0,1862.582114923137,1799.5122057218416
13636,calibration,12097.0,1676.4610316472706,1786.948885625476
13637,calibration,2314.0,1092.8044178741743,1399.2821584615895
13638,calibration,1197.0,1685.6234012586021,2005.3775173374604
13639,calibration,8741.0,1483.139500296043,1619.5721908931678
13640,calibration,8473.0,1369.3989611408217,2352.701081644843
13641,calibration,15847.0,1921.6188356353666,3240.4548250522625
13642,calibration,17600.0,4285.541971266706,7634.231517162744
13643,calibration,14430.0,7299.927063046713,10281.031273649083
13644,calibration,7820.0,6858.921707451224,8609.25219819085
13645,calibration,1328.0,4215.749285495944,8170.588599897178
13646,calibration,5274.0,5232.040016089092,5950.945137662103
13647,calibration,7073.0,4704.902857806066,4961.908186246278
13648,calibration,3595.0,6010.837725392593,6411.225204074452
13649,calibration,8575.0,6590.841010783576,7363.496893818553
13650,calibration,5798.0,6465.118383433746,6241.2514609752425
13651,calibration,14658.0,8313.060729185985,7808.406964646849
13652,calibration,5722.0,9068.800964720234,7048.63354996016
13653,calibration,4419.0,10800.96369931563,9119.431904734396
13654,calibration,6211.0,10219.204080028694,9291.014176658438
13655,calibration,5328.0,7565.963122857402,6194.469997862605
13656,calibration,3574.0,6811.60443414893,7481.488299987159
13657,calibration,7137.0,7500.2161257211155,6881.36335135207
13658,calibration,9141.0,6074.541962441869,6032.969565050458
13659,calibration,9188.0,7551.196533528615,7140.876108325812
13660,calibration,7213.0,8687.1978282617,6923.115769423107
13661,calibration,5475.0,10030.8701443062,9072.561238242135
13662,calibration,15628.0,9377.949408571112,7617.890725890006
13663,calibration,6154.0,9226.977761120348,7087.143349736365
13664,calibration,9364.0,12260.076695268632,11081.788901573254
13665,calibration,5167.0,10030.8701443062,9072.561238242135
13666,calibration,10484.0,12391.498109717768,10743.073216148969
13667,calibration,4163.0,9114.449591663131,8299.7979885728
13668,calibration,2901.0,9752.689798721834,8059.504761466277
13669,calibration,3782.0,7839.437811596565,7445.904100997261
13670,calibration,8487.0,6938.91714918177,7001.777102528986
13671,calibration,15252.0,5342.921792911288,5192.433516161014
13672,calibration,10501.0,6782.8970478618085,4300.339862390957
13673,calibration,3011.0,10787.969939992538,10037.432929178776
13674,calibration,9778.0,11550.52078108331,8639.131391891597
13675,calibration,8548.0,7592.858163021744,6211.06326706981
13676,calibration,7003.0,8406.519283385685,6506.753941012815
13677,calibration,10878.0,9983.286845801553,9046.688593618464
13678,calibration,4517.0,8948.810222493123,8699.07303237936
13679,calibration,7088.0,9306.40415209541,9046.688593618464
13680,calibration,1993.0,7104.225393912095,5859.2589047951
13681,calibration,5133.0,8859.730012886235,8713.78850197541
13682,calibration,7069.0,6616.507645167425,5878.014855333421
13683,calibration,651.0,6743.431568592806,6177.555327763453
13684,calibration,0.0,7457.6635540167,7044.165611075896
13685,calibration,4709.0,4906.7478441628955,3885.5717433480568
13686,calibration,7763.0,2926.6941514921155,2348.647568809617
13687,calibration,2157.0,3292.8240757270682,4129.652280455507
13688,calibration,2491.0,6316.96187213203,5458.702688030356
13689,calibration,5938.0,5821.996454599035,5710.911930918473
13690,calibration,6517.0,5228.121502512624,3477.6320173077843
13691,calibration,1596.0,4898.677992965065,5812.953660295201
13692,calibration,5437.0,5835.609964354788,5581.348756430075
13693,calibration,942.0,6971.190719348461,6917.535724764857
13694,calibration,1174.0,5613.574334540638,3790.773587644203
13695,calibration,1796.0,4730.153545290047,3913.7604910590862
13696,calibration,281.0,4897.881394345105,3917.031174912217
13697,calibration,553.0,3554.385643384494,4749.951204466789
13698,calibration,8365.0,3423.7950334503807,4303.366678211851
13699,calibration,10296.0,2850.7871131305487,3468.2702355976603
13700,calibration,7713.0,4670.328766776292,5068.98283968216
13701,calibration,2746.0,5511.287447309162,6129.910597951265
13702,calibration,6262.0,8106.5212125311255,6377.54119574946
13703,calibration,10070.0,6754.043288188561,5925.336578985387
13704,calibration,9373.0,7636.552603444211,7283.2746037439665
13705,calibration,5010.0,9523.287035060248,8716.08879372502
13706,calibration,9352.0,9660.030627358927,9042.676286800512
13707,calibration,7611.0,9231.454921762303,8335.751098845096
13708,calibration,13299.0,9299.465625071503,7409.597560046199
13709,calibration,17290.0,8792.684829583364,8415.661820266218
13710,calibration,18250.0,12290.997610120445,11006.391063488925
13711,calibration,18227.0,14532.446413526828,13305.410287096385
13712,calibration,17703.0,14394.063228619156,12202.614305157575
13713,calibration,40273.0,16907.601458090114,15050.398186696913
13714,calibration,18490.0,16907.601458090114,15050.398186696913
13715,calibration,17486.0,27725.448613138837,26635.88077436046
13716,calibration,17866.0,20226.718222829862,18894.7286495199
13717,calibration,23739.0,21421.691681277356,20751.796072541223
13718,calibration,15476.0,17906.49464709448,16329.722570878665
13719,calibration,11769.0,20768.14598099438,19346.16184392313
13720,calibration,17400.0,19013.74532417486,17747.25727888618
13721,calibration,12835.0,17904.423254715755,16729.385611519494
13722,calibration,22032.0,18397.827828674184,17085.11048972254
13723,calibration,21621.0,17269.553313093074,16151.154149891121
13724,calibration,16799.0,19701.782375061208,18561.07557603717
13725,calibration,19409.0,19701.782375061208,18561.07557603717
13726,calibration,9225.0,20508.324316214712,19395.36069161401
13727,calibration,13638.0,19052.209841534703,18225.07511495155
13728,calibration,18995.0,15914.962976381279,15255.521080917073
13729,calibration,17938.0,16079.76906196114,15369.63934467797
13730,calibration,8227.0,17027.721932271845,16258.406621785774
13731,calibration,11944.0,17547.973923404665,16840.47761794381
13732,calibration,9752.0,15914.962976381279,15255.521080917073
13733,calibration,13019.0,16079.76906196114,15369.63934467797
13734,calibration,11816.0,14424.077945746736,13615.849137742907
13735,calibration,13720.0,15182.771966247845,14194.60166294486
13736,calibration,8055.0,15182.771966247845,14194.60166294486
13737,calibration,21360.0,15626.17432581069,14593.809526916988
13738,calibration,26670.0,14683.482167837234,13175.844073936492
13739,calibration,22135.0,15892.905746131248,14437.878664785487
13740,calibration,19609.0,17647.73409172833,16638.352544974347
13741,calibration,24951.0,19320.55000057764,18180.205873079263
13742,calibration,23282.0,18883.523535011453,17836.174466958913
13743,calibration,19001.0,19601.029645296047,19845.127872560362
13744,calibration,18325.0,19084.91248854646,18579.150549939397
13745,calibration,13594.0,15810.054628038297,16184.50977867223
13746,calibration,17687.0,17810.565037130076,17372.479342148912
13747,calibration,9485.0,15304.061948070475,15359.620762074674
13748,calibration,7437.0,15594.077536074563,15881.012254188743
13749,calibration,2100.0,13569.657763719357,13840.480568610486
13750,calibration,6543.0,13135.376170104217,13721.536696721363
13751,calibration,6348.0,6779.22779183754,7503.93476328766
13752,calibration,3338.0,8019.195030659868,8048.028273888403
13753,calibration,6686.0,8304.273158520431,8173.46515926246
13754,calibration,3006.0,7386.814381700862,8500.481358775929
13755,calibration,3930.0,9428.724332783448,9792.7236606307
13756,calibration,1175.0,6249.115450438897,5372.930795370849
13757,calibration,0.0,7971.363430468187,7477.604113917354
13758,calibration,2934.0,3762.242285144688,4248.6324605311975
13759,calibration,1859.0,573.375940715188,865.9741868092275
13760,calibration,11246.0,2690.4030647683885,3381.385921537797
13761,calibration,13779.0,1322.0603597106328,2134.5502753931505
13762,calibration,4645.0,6104.212883357508,5247.536447991351
13763,calibration,4370.0,7182.948916314004,5549.989874778068
13764,calibration,3918.0,7020.041847869656,5120.736084729923
13765,calibration,1542.0,7217.368897907046,5554.73028974122
13766,calibration,63.0,5495.215462314674,3241.3391603669684
13767,calibration,10711.0,4740.538730691387,5163.364500428131
13768,calibration,4971.0,2031.1177873643835,2797.066379602779
13769,calibration,22382.0,4046.2599171358097,3907.535143590139
13770,calibration,10696.0,3923.9411477580006,4437.332087449243
13771,calibration,13703.0,12600.67570177719,10444.37671002653
13772,calibration,6743.0,10195.477543394827,8196.938325560574
13773,calibration,3949.0,8354.986074822727,7594.7401008718325
13774,calibration,14055.0,10478.605182940939,9840.651543422748
13775,calibration,23268.0,8041.6920951673765,6428.554560857431
13776,calibration,5921.0,9799.509096950085,9544.379331726936
13777,calibration,2880.0,13203.518003084295,13021.365758481266
13778,calibration,8751.0,11793.665002639285,11271.644830793508
13779,calibration,7258.0,10393.712439359988,8502.343063309894
13780,calibration,16291.0,8208.53647978441,7288.192638340896
13781,calibration,14288.0,9886.861163251773,9488.456205471999
13782,calibration,11044.0,14764.566531115694,12413.485806238103
13783,calibration,15745.0,12921.866559822487,12210.475798652109
13784,calibration,9665.0,10711.480228317594,9943.0834201685
13785,calibration,12966.0,12921.866559822487,12210.475798652109
13786,calibration,22024.0,12120.801551956287,11683.62963319929
13787,calibration,9364.0,12431.88993482329,11771.0302692524
13788,calibration,25175.0,13762.336334325622,13059.865458522705
13789,calibration,13220.0,12120.801551956287,11710.208612366565
13790,calibration,13105.0,14335.066622875194,13719.451892178493
13791,calibration,11364.0,11578.323776737816,12114.084211118992
13792,calibration,10274.0,12237.426541059423,12473.338476259658
13793,calibration,8301.0,11577.465113429318,11952.789523173904
13794,calibration,10997.0,11577.465113429318,11952.789523173904
13795,calibration,8444.0,10951.93575361847,11188.800698702393
13796,calibration,18923.0,9918.956140214701,10273.783647782493
13797,calibration,11634.0,8242.834207200156,8038.76420043725
13798,calibration,3667.0,13105.869671938543,13271.106252614547
13799,calibration,3588.0,11874.609557906504,12042.203466137224
13800,calibration,9775.0,10415.246840117416,10112.471144908854
13801,calibration,1638.0,7908.100178195386,7443.799291326235
13802,calibration,11435.0,8731.975342997439,8359.04719439571
13803,calibration,207227.0,6217.538241437706,5808.436418361819
13804,calibration,166332.0,7815.928522028103,7459.878168685008
13805,calibration,169011.0,86484.66497832793,78116.29567534327
13806,calibration,186775.0,68353.31938103808,45290.500291936376
13807,calibration,192051.0,79742.70328631003,88828.32778322324
13808,calibration,139088.0,88150.17030626877,68784.45691421011
13809,calibration,6531.0,118352.71520196114,119893.32349105837
13810,calibration,9271.0,65436.814271804644,66886.9331075113
13811,calibration,81306.0,18300.21405167059,20703.810262944928
13812,calibration,196173.0,17654.60334414023,19113.38466819346
13813,calibration,171951.0,44595.566185040705,46865.84601798397
13814,calibration,83358.0,97545.42925212593,118907.26459554768
13815,calibration,95732.0,95826.27428491677,103420.09206858832
13816,calibration,168995.0,60821.73701313988,64792.74159341394
13817,calibration,97536.0,60821.73701313988,64792.74159341394
13818,calibration,160418.0,100045.01440133373,104749.511157548
13819,calibration,163109.0,61820.92033932154,65628.04320133346
13820,calibration,152790.0,102751.05758390023,105944.7698063164
13821,calibration,7114.0,102751.05758390023,105944.7698063164
13822,calibration,843.0,95802.80880726095,99846.746309954
13823,calibration,128576.0,21066.00801753899,18782.900654818815
13824,calibration,108204.0,6291.084963132456,2746.610730585609
13825,calibration,93774.0,76822.13093463807,66809.51159757086
13826,calibration,168435.0,72707.90706079658,66809.51159757086
13827,calibration,182236.0,65533.35995590347,65225.19913528145
13828,calibration,288912.0,104063.22209623142,105050.68025024729
13829,calibration,277802.0,82980.27547494615,66713.36797895437
13830,calibration,174333.0,172103.96152878134,178487.4167491587
13831,calibration,163317.0,173674.87405179482,181023.86368579205
13832,calibration,197184.0,106830.71435448427,111906.08692288963
13833,calibration,203138.0,92460.57956495437,109340.45426480244
13834,calibration,266109.0,122559.20739257954,131755.38184386006
13835,calibration,545860.0,94355.11279252589,133676.60212079063
13836,calibration,354925.0,145340.43456620205,149355.38368359805
13837,calibration,212230.0,371129.3708470081,377980.6208106493
13838,calibration,173180.0,264139.2811451588,281310.0435299079
13839,calibration,42248.0,145858.4811729735,156888.25699759639
13840,calibration,0.0,116243.04928119756,116913.83017382673
13841,calibration,1465.0,41618.44460898391,42344.59696845218
13842,calibration,1981.0,2377.0244998985218,1744.7841886342665
13843,calibration,3973.0,5643.124663280882,2895.3106174941327
13844,calibration,2471.0,1547.511553293494,1891.5143140339164
13845,calibration,1798.0,6725.9508923244175,2630.5749730535117
13846,calibration,288.0,3816.134163356884,3136.2987862050945
13847,calibration,0.0,1299.940050918033,1701.5855835543264
13848,calibration,1102.0,302.3549520815698,268.702993782853
13849,calibration,1191.0,126.0883644723873,71.9352093243964
13850,calibration,0.0,428.441873978803,98.11870475320974
13851,calibration,274.0,857.9031884426419,129.27492324160067
13852,calibration,0.0,164.64620612606183,34.71618292455856
13853,calibration,1083.0,166.67890031267422,251.0149982967357
13854,calibration,0.0,69.6571152225263,130.60744097800838
13855,calibration,0.0,156.69476097302487,177.28032248125461
13856,calibration,0.0,73.01382940103989,55.34793637180705
13857,calibration,538.0,45.34290981536871,93.58730693996202
13858,calibration,482.0,10.496993269043895,56.94070601620953
13859,calibration,0.0,24.697690243915506,35.42938961406464
13860,calibration,758.0,36.289327541774284,54.04278552942004
13861,calibration,0.0,43.13598759935723,77.87172926994451
13862,calibration,991.0,96.12293475137055,44.97985517304717
13863,calibration,750.0,9.92315179715329,26.855711309299654
13864,calibration,1980.0,47.611039749724746,67.77174009278866
13865,calibration,0.0,44.59424892603845,125.89515053948786
13866,calibration,0.0,18.10892854818555,26.579273145305468
13867,calibration,6294.0,48.838702765220496,52.228905294923955
13868,calibration,0.0,29.119417232294296,106.98520165958732
13869,calibration,0.0,8.396689787336888,16.72314008605355
13870,calibration,0.0,27.08002187188676,56.41361012356774
13871,calibration,2706.0,54.37124508718497,57.921375942220536
13872,calibration,0.0,9.718920062874345,38.893367918347884
13873,calibration,0.0,14.139295033985086,31.208414936101093
13874,calibration,0.0,81.96399768016359,157.53731691984845
13875,calibration,3867.0,28.466753714290782,29.538275962279215
13876,calibration,0.0,17.472790768724106,13.295014184032413
13877,calibration,3009.0,12.500312258183047,10.415961302298081
13878,calibration,3337.0,58.75035363991053,35.3023698599838
13879,calibration,6869.0,10.121405431758511,12.244966571105735
13880,calibration,8590.0,18.80076109346252,12.058166250757859
13881,calibration,5953.0,10.155623447425393,8.077077490864461
13882,calibration,7221.0,17.746576082629716,10.814006293572161
13883,calibration,75.0,16.47826276898784,61.3736173506522
13884,calibration,0.0,19.434051206965883,22.774592333198477
13885,calibration,0.0,19.631968865770766,23.64645635947872
13886,calibration,0.0,39.009539674410284,29.699752941457913
13887,calibration,0.0,40.2802850999853,20.536655744895103
13888,calibration,0.0,23.31412808075282,15.720670857785525
13889,calibration,0.0,24.438877661921484,19.691836302399395
13890,calibration,0.0,23.620112750605365,20.766556877988503
13891,calibration,2376.0,25.825710076418495,19.88896309920105
13892,calibration,1908.0,8.199385615922576,16.102424382209993
13893,calibration,1691.0,7.893251152618692,9.939371483869543
13894,calibration,0.0,10.813344310597785,16.73360685363887
13895,calibration,613.0,28.20939427620519,13.319598645483355
13896,calibration,0.0,7.279265527459096,36.784559712795215
13897,calibration,0.0,9.219999347185432,55.279624918462545
13898,calibration,0.0,1.7430371365450723,10.625409275254999
13899,calibration,0.0,3.010179775705242,20.520988899655784
13900,calibration,0.0,5.477175333066397,23.76996610392857
13901,calibration,0.0,5.015393236879813,20.941970680150863
13902,calibration,0.0,3.837929513742628,20.697626022926368
13903,calibration,0.0,5.502829644850045,35.118384880632185
13904,calibration,0.0,4.497561923689239,20.66447025647807
13905,calibration,0.0,3.211417272838341,4.038474847932898
13906,calibration,0.0,3.272131119932067,2.761424882477513
13907,calibration,0.0,4.33846628926736,6.1757098391997545
13908,calibration,0.0,3.1646108070778833,6.985611069809227
13909,calibration,0.0,2.9541750242892797,8.757999777098233
13910,calibration,90.0,2.9325489473826005,10.36633536023034
13911,calibration,0.0,3.146855529378887,13.423924151267341
13912,calibration,0.0,3.498394788259171,6.586773457331051
13913,calibration,0.0,6.5789267120465125,15.296246671689154
13914,calibration,0.0,9.23039559659538,7.959761340759224
13915,calibration,0.0,7.88076952676481,6.53443185680055
13916,calibration,0.0,8.710811831771302,6.100151759429774
13917,calibration,0.0,7.3551132074991195,6.458099485144235
13918,calibration,1119.0,8.55056414231284,12.65799683615049
13919,calibration,1411.0,13.48581774743785,21.3750711262628
13920,calibration,1573.0,68.58358141477406,94.9828679877603
13921,calibration,3387.0,106.09245528258118,207.00808799157002
13922,calibration,0.0,186.09669681059992,244.2914290583807
13923,calibration,0.0,299.915890220569,400.4362314406453
13924,calibration,1175.0,534.1917094625107,230.91013853591753
13925,calibration,3648.0,535.2609963129693,261.21370567049536
13926,calibration,10861.0,676.3723804834661,338.89876725289264
13927,calibration,5280.0,1811.572171543328,892.3371164767862
13928,calibration,1305.0,2282.3205789520753,2204.8655222649977
13929,calibration,3514.0,3886.2578078721267,3880.6437355970784
13930,calibration,2759.0,3515.1869855253035,5383.289078141023
13931,calibration,1174.0,6044.318128910415,4719.806405772343
13932,calibration,10525.0,4416.44321744243,2782.4272330816343
13933,calibration,15019.0,3375.478269834189,3167.9298559011468
13934,calibration,8744.0,6682.486771052922,4179.243801641649
13935,calibration,8754.0,9900.724466784859,8675.703856640512
13936,calibration,15233.0,11097.746122866847,9134.614245871493
13937,calibration,18886.0,10841.151638917754,8412.921150703467
13938,calibration,13854.0,11762.863564696792,10284.773202523244
13939,calibration,31370.0,13139.286024608615,12313.069844285646
13940,calibration,6265.0,13483.56265678422,13022.836458691327
13941,calibration,13287.0,22127.04987179565,21772.79866939649
13942,calibration,3434.0,14324.755141131944,12259.434975277713
13943,calibration,8787.0,14565.03367196245,12904.235096454535
13944,calibration,18726.0,8012.169075135968,7612.985002630684
13945,calibration,9153.0,10082.993531317354,9315.612518361597
13946,calibration,7415.0,14625.94201773456,13541.403861769426
13947,calibration,7523.0,14241.68980190966,12940.046934113365
13948,calibration,16922.0,14716.408514471439,13063.051125875858
13949,calibration,18854.0,11172.23925493171,9933.638923848586
13950,calibration,21778.0,14110.897170788856,12491.646031195414
13951,calibration,34424.0,15360.188683284487,13579.793573928477
13952,calibration,33908.0,17538.22100255924,14973.380930086143
13953,calibration,12962.0,25791.483084669104,23336.194524569924
13954,calibration,196383.0,25662.832241789285,24386.023023034264
13955,calibration,255295.0,18295.16322543374,16994.21587157142
13956,calibration,35418.0,110606.51610709571,113283.03680170787
13957,calibration,27980.0,132804.98806911762,131604.3926310971
13958,calibration,17402.0,37442.90899051054,34956.9013872472
13959,calibration,20668.0,31047.672953763176,31006.2291244887
13960,calibration,103787.0,26887.09115421972,25783.517504456115
13961,calibration,187755.0,26516.46856430743,24248.329446684656
13962,calibration,453140.0,82083.63489502485,75170.56629678867
13963,calibration,103440.0,134935.39764457918,124279.2822879737
13964,calibration,267150.0,319286.04940936953,302924.4127898437
13965,calibration,289296.0,84726.53756985007,80940.13835068846
13966,calibration,124981.0,189603.2954025518,186329.62881036784
13967,calibration,4706.0,194541.98668576594,189973.4455919667
13968,calibration,7694.0,84975.86079396577,84694.23553389145
13969,calibration,9653.0,15537.354257440682,14249.79420682531
13970,calibration,3845.0,24331.16356453855,20970.70589981747
13971,calibration,8291.0,16687.44151194979,15898.309109927923
13972,calibration,4860.0,11872.61985703268,10215.496391323864
13973,calibration,1712.0,12656.477123616514,11906.469810795756
13974,calibration,3203.0,11390.676335773374,8872.433867202955
13975,calibration,646.0,9779.171029022682,8822.36365913328
13976,calibration,15041.0,10728.810962599493,7389.120685784341
13977,calibration,13217.0,3396.33427810885,2135.002339043646
13978,calibration,29205.0,13429.808404204196,13765.758361508486
13979,calibration,12378.0,13287.580651796026,12510.23870618985
13980,calibration,20220.0,20219.18239169637,13291.705643687495
13981,calibration,19296.0,12315.511773321909,9663.650521406462
13982,calibration,10156.0,13443.523965038084,12278.72221467581
13983,calibration,9083.0,15431.514742642872,12885.688730964268
13984,calibration,12917.0,13680.997192988327,11247.078371008143
13985,calibration,12683.0,13275.384516521095,10858.32506023566
13986,calibration,14513.0,13172.69102241406,10712.532008818847
13987,calibration,6015.0,14607.664374900478,13189.582854546603
13988,calibration,5297.0,14948.663040232745,13825.833320224516
13989,calibration,14798.0,14337.154608539868,13078.926050874565
13990,calibration,16853.0,11643.072619132205,9128.913341219135
13991,calibration,18403.0,12897.69183469137,11316.90940970468
13992,calibration,5532.0,16421.459785528634,13765.566627501645
13993,calibration,7589.0,16010.189878323363,14734.55033759123
13994,calibration,20747.0,12873.656301228888,11298.40163708312
13995,calibration,11510.0,14139.954291091408,12059.144399287692
13996,calibration,19362.0,17166.79829706717,14437.878664785487
13997,calibration,11752.0,14733.57593367473,13086.813562880623
13998,calibration,19730.0,16982.720917497547,15186.502788435551
13999,calibration,3942.0,14753.7986214795,13383.733662235285
14000,calibration,3335.0,16982.720917497547,15495.200889530677
14001,calibration,3963.0,12595.747002839795,11123.733745131796
14002,calibration,12530.0,11023.595709222103,9799.216606913526
14003,calibration,17922.0,7413.115039553621,7581.993897465138
14004,calibration,13194.0,12255.657989066964,10388.05965827649
14005,calibration,24591.0,16662.685054446778,13978.867156729835
14006,calibration,17787.0,14326.069128964748,11916.098835509321
14007,calibration,7549.0,16343.76440928195,14370.72937015043
14008,calibration,9026.0,15634.157844394515,13492.481573723346
14009,calibration,17468.0,15183.738458994052,13586.181163423696
14010,calibration,27904.0,14733.57593367473,13086.813562880623
14011,calibration,43207.0,16221.231646507584,14164.78234430573
14012,calibration,16716.0,17922.636318211702,17240.329887933076
14013,calibration,30714.0,31688.271884732498,30413.363264843123
14014,calibration,13747.0,22306.284335623797,20120.288748660187
14015,calibration,10804.0,27066.74691550018,25679.534391843394
14016,calibration,18613.0,18290.19646512446,17208.023982450526
14017,calibration,24637.0,16838.366140261794,15696.625366843571
14018,calibration,11246.0,16988.53039780382,15938.332072155143
14019,calibration,15043.0,18037.258362340544,17051.028159715654
14020,calibration,24367.0,16363.468938536302,15455.447180184436
14021,calibration,16138.0,16769.41281696339,15800.564300608305
14022,calibration,20881.0,18302.217679099227,17275.93417971671
14023,calibration,24379.0,17507.585031088904,16471.47483865217
14024,calibration,24309.0,20069.915347512047,18934.126880488264
14025,calibration,17402.0,19388.210364485494,18328.117727913344
14026,calibration,146372.0,21146.017596272297,19700.025031702073
14027,calibration,145440.0,20487.810202606433,19267.228027703986
14028,calibration,226645.0,82014.7497384495,77148.61413506955
14029,calibration,203792.0,84559.83861037767,77148.61413506955
14030,calibration,185483.0,136442.22226687224,131084.88033116944
14031,calibration,97971.0,132672.40597944686,131084.88033116944
14032,calibration,12538.0,133726.23425599374,130050.61411272961
14033,calibration,14606.0,71098.91978391187,71448.8687912598
14034,calibration,12190.0,23064.558757286934,22230.083488658755
14035,calibration,7322.0,22526.851559775587,24172.031257957195
14036,calibration,16068.0,17661.806862263915,16855.3001802209
14037,calibration,4608.0,17184.925606373967,16730.151728886936
14038,calibration,12664.0,19104.631576747575,15829.478111210117
14039,calibration,168.0,11783.752810015043,10411.570132154344
14040,calibration,2642.0,18189.234850737008,15242.481862234872
14041,calibration,3576.0,6898.6123747613665,6150.46848023954
14042,calibration,8618.0,10933.812429393143,9390.930219352957
14043,calibration,12312.0,4999.122312329018,4166.32977990217
14044,calibration,14578.0,9031.991444668893,6749.828034866994
14045,calibration,28851.0,8162.390407738125,7642.477902423036
14046,calibration,6933.0,7109.273131137561,8119.418247880893
14047,calibration,13837.0,15199.404776833802,14095.687061529981
14048,calibration,16380.0,10102.82439602503,9429.435795640251
14049,calibration,0.0,14722.69068089076,13565.311662149154
14050,calibration,1726.0,14371.771700274385,13474.795826242505
14051,calibration,2249.0,4795.750246521012,4689.943423020158
14052,calibration,241308.0,8284.149106601404,8002.629602353386
14053,calibration,280155.0,2739.187746347627,5330.352080012222
14054,calibration,129568.0,100589.82907432177,120820.88731299512
14055,calibration,308710.0,164491.6298811415,136477.73897450275
14056,calibration,328525.0,52562.243647289324,58779.98837573438
14057,calibration,302522.0,133305.36318101815,144202.86253264968
14058,calibration,202035.0,132242.6455626091,146104.82495537293
14059,calibration,216009.0,197924.48925362126,190546.30256255815
14060,calibration,273935.0,148962.61804991198,144133.81064588748
14061,calibration,95209.0,136490.95785119882,131428.23921403725
14062,calibration,28410.0,120065.41137218317,162601.70468605237
14063,calibration,13445.0,61902.86712686283,71286.71092720279
14064,calibration,21613.0,27544.12023474927,31331.272099204733
14065,calibration,32427.0,23672.18956170158,22280.989180008048
14066,calibration,23366.0,26387.384868959005,22653.661865532955
14067,calibration,23769.0,34316.17333583917,33398.72424664409
14068,calibration,31617.0,27799.02453001686,27209.63277406205
14069,calibration,21662.0,27349.7126868167,27247.99408959611
14070,calibration,25856.0,35971.972521209675,35677.25369819594
14071,calibration,25532.0,26953.780874530097,26513.59455181788
14072,calibration,11559.0,28353.45885676083,29123.419623617225
14073,calibration,21931.0,27280.98802928565,28072.860485150522
14074,calibration,260996.0,20111.99052213622,18780.7812474301
14075,calibration,267764.0,18980.21454306609,18059.196544195678
14076,calibration,206259.0,115810.02050175022,120820.88731299512
14077,calibration,362793.0,153151.58988588577,154013.3386633602
14078,calibration,348002.0,137863.5783351936,132542.49283621652
14079,calibration,245409.0,267778.2129358172,263897.4814099111
14080,calibration,348286.0,221666.5315438833,217319.7478275867
14081,calibration,369035.0,169153.15192056366,166093.49671270428
14082,calibration,373221.0,225308.0398407994,220121.38214643433
14083,calibration,365442.0,272177.234384091,267299.58198981686
14084,calibration,262660.0,272177.234384091,267299.58198981686
14085,calibration,156304.0,276849.8557375055,273662.01081593515
14086,calibration,12972.0,164762.3057339908,162600.97361718013
14087,calibration,13313.0,108762.28457699106,112807.70832881547
14088,calibration,13505.0,21941.750546745934,21616.17105095637
14089,calibration,12588.0,23291.126053567597,23769.594935861165
14090,calibration,17818.0,17793.467765925372,16462.082554100998
14091,calibration,8486.0,19151.677363286024,19279.944651546026
14092,calibration,7586.0,23249.30972697206,22018.499014210738
14093,calibration,17158.0,19256.067310134396,19373.19366989465
14094,calibration,14024.0,19032.63128703856,19366.357758569622
14095,calibration,50503.0,21469.976528771498,20918.274122087034
14096,calibration,57797.0,21861.929875964346,21076.30285516718
14097,calibration,51056.0,39186.7772260371,37415.31726531181
14098,calibration,17578.0,39889.23306031454,44040.11428989593
14099,calibration,17104.0,31166.763306029374,32378.430435400434
14100,calibration,120687.0,22637.354389858505,23503.87086476735
14101,calibration,12753.0,21125.905870057315,23298.218498673814
14102,calibration,29562.0,62204.24120943425,60687.30880496803
14103,calibration,94267.0,20343.986410247264,19975.010594446936
14104,calibration,10248.0,25762.36209592731,28878.015042420826
14105,calibration,3791.0,62887.10270453502,56049.12524126188
14106,calibration,9235.0,19600.906102388057,18762.30859781246
14107,calibration,7062.0,13514.11586316155,14275.746008713279
14108,calibration,9932.0,19028.325208940165,13875.626187527736
14109,calibration,6653.0,13596.279798710766,12037.407486653605
14110,calibration,2793.0,12511.927407049096,11221.306626095584
14111,calibration,83263.0,9950.996479633799,9665.212685404158
14112,calibration,63801.0,6236.492280348498,5308.252251115052
14113,calibration,57354.0,56026.73927900946,50125.09457893365
14114,calibration,679.0,43067.22558111287,38362.17827957174
14115,calibration,656.0,45990.67774468412,41330.363644536126
14116,calibration,1131.0,2934.83949629569,3146.944187417028
14117,calibration,1062.0,2952.0913174143448,1356.3250437333406
14118,calibration,334.0,1035.5337229032077,872.9903500089941
14119,calibration,4505.0,1183.7304766825457,1060.4776731684262
14120,calibration,7193.0,1035.3351994400057,1288.1897787484963
14121,calibration,8121.0,1814.474796035034,1987.3665468533788
14122,calibration,3386.0,5277.2959838711895,3433.128338287263
14123,calibration,4882.0,8357.799377937132,9076.069691350576
14124,calibration,7246.0,5607.6668393292075,4170.727151461112
14125,calibration,0.0,6604.542557946887,3840.1172972686345
14126,calibration,7212.0,6812.083782784461,3710.1438157775965
14127,calibration,1725.0,1800.5421521596543,1506.6782592804984
14128,calibration,7082.0,3078.8640961763113,3718.203230661145
14129,calibration,6700.0,775.1065221281674,1104.3224764427264
14130,calibration,7277.0,2430.5005230944594,1696.9347851141872
14131,calibration,3878.0,2081.3546857674023,2791.842351305504
14132,calibration,0.0,2603.533313941073,3887.4556226588147
14133,calibration,610.0,2979.20598299768,2446.503584041183
14134,calibration,0.0,499.7389469744198,337.3545901473132
14135,calibration,5832.0,655.8623335962343,992.1459384033901
14136,calibration,5609.0,55.47753752743936,95.66331690090594
14137,calibration,2690.0,661.2064110752862,696.0556925763004
14138,calibration,4917.0,459.07558199641676,550.9765018099143
14139,calibration,2016.0,467.1009800886526,905.4552533347619
14140,calibration,3727.0,366.8557439568926,578.9067422281232
14141,calibration,7901.0,389.0608516416155,838.9215803898898
14142,calibration,0.0,527.7674874883165,681.864821551478
14143,calibration,2281.0,698.3434825048624,596.806179926768
14144,calibration,0.0,692.1411944018745,313.6064786137331
14145,calibration,2178.0,384.2364792644822,81.08888721352827
14146,calibration,0.0,80.57320353302934,100.54661765488177
14147,calibration,0.0,100.52200295034815,45.75909462385623
14148,calibration,0.0,85.85850171441963,151.9280620715607
14149,calibration,0.0,167.92979537573484,77.74388921518475
14150,calibration,0.0,14.443854822511213,18.058519590753672
14151,calibration,0.0,19.664925902695952,26.573871440213214
14152,calibration,0.0,21.152930850844502,12.000636870282591
14153,calibration,0.0,17.352374699782334,7.855725922444334
14154,calibration,1008.0,17.269941357900876,10.095312213419263
14155,calibration,0.0,18.53022869549393,21.900041038673603
14156,calibration,3161.0,60.496031826706194,22.33363899921249
14157,calibration,247.0,5.756335855869665,12.263629481282651
14158,calibration,0.0,30.208596768963687,45.32774217024584
14159,calibration,0.0,21.49538212941622,34.58720581858889
14160,calibration,0.0,29.39499861839661,17.245669056336645
14161,calibration,0.0,4.4764489387374615,8.120520077524779
14162,calibration,559.0,3.0462139597545956,6.8230938420780225
14163,calibration,0.0,3.83815054782409,13.528812646797865
14164,calibration,2307.0,4.862311254074025,13.11899075287817
14165,calibration,3944.0,5.55060370793961,13.003427507187764
14166,calibration,2305.0,13.234283616350355,22.68619812780995
14167,calibration,0.0,40.85769465496883,31.692365067073126
14168,calibration,2512.0,118.97338040028711,34.71655673658642
14169,calibration,566.0,25.68846437659525,19.04368624672966
14170,calibration,0.0,48.17477886433442,23.711429042727975
14171,calibration,0.0,9.560841791808533,23.237272730069165
14172,calibration,8561.0,44.19066595350567,43.90141664529797
14173,calibration,3140.0,5.901003433472334,8.954542416491693
14174,calibration,0.0,47.97561233684216,42.16939219961413
14175,calibration,0.0,21.829227401436814,74.9718352673404
14176,calibration,0.0,20.0713565252387,29.72064573528323
14177,calibration,0.0,47.85681836597954,49.656503265100326
14178,calibration,0.0,25.447028994030266,27.844926469526534
14179,calibration,0.0,27.67426520636437,13.507941096031528
14180,calibration,0.0,40.403239026251626,59.4936941919771
14181,calibration,3075.0,31.635028505765725,10.603235007292678
14182,calibration,3012.0,63.783055587878565,73.72288989738672
14183,calibration,0.0,23.706503677739764,42.980855707874035
14184,calibration,0.0,89.37791081432677,47.16179459113964
14185,calibration,0.0,62.89185952368077,59.58840454857744
14186,calibration,0.0,26.1726669486782,27.81265361039597
14187,calibration,0.0,7.510762314281973,7.036553585056447
14188,calibration,2913.0,6.758867808947224,5.686755509354491
14189,calibration,2297.0,5.4363240477756545,8.508521038697825
14190,calibration,0.0,22.095516303606097,13.562738142945722
14191,calibration,0.0,45.5250296544704,30.277072444809193
14192,calibration,0.0,15.879808485272683,31.669685333653995
14193,calibration,0.0,11.31306670742486,15.140145990411849
14194,calibration,0.0,11.720019582529465,19.92149934209098
14195,calibration,31.0,9.768700641830941,13.361405329859654
14196,calibration,0.0,14.287009649567118,55.452056112416244
14197,calibration,0.0,4.027995579790566,9.86115296750104
14198,calibration,0.0,3.0404332876774127,10.324182865813627
14199,calibration,0.0,10.649639679688265,9.221873484261485
14200,calibration,0.0,15.451840828105869,15.449156871223707
14201,calibration,0.0,12.396999580337113,4.074881339629747
14202,calibration,0.0,20.325756733123782,9.252365575203175
14203,calibration,0.0,16.897193406550052,13.063553692881074
14204,calibration,0.0,19.12737928949443,13.063553692881074
14205,calibration,0.0,15.380780757231587,13.012045327511183
14206,calibration,0.0,14.917389073437171,12.125622298664686
14207,calibration,0.0,32.455259168773914,18.3647943256895
14208,calibration,0.0,58.499824178100845,19.425939194210912
14209,calibration,0.0,33.13376658561435,24.260450360612314
14210,calibration,422.0,62.85930737587616,27.81651955098944
14211,calibration,4143.0,56.33206461702461,36.49410838974926
14212,calibration,0.0,257.8149356898681,204.0882792765418
14213,calibration,402.0,520.6896347015789,805.8569925223785
14214,calibration,0.0,728.3618503883879,551.3356020160589
14215,calibration,0.0,2071.150364097946,954.1247384878884
14216,calibration,0.0,196.11737153657808,305.5262306587689
14217,calibration,1516.0,737.4917572776363,625.2967944694226
14218,calibration,2848.0,73.30344537001211,50.26295567971651
14219,calibration,301.0,1584.3132582598294,1532.774405103791
14220,calibration,474.0,2106.925646388906,2020.593915014529
14221,calibration,1027.0,3113.1112594552305,1551.2609604446407
14222,calibration,4116.0,3159.079058696331,1551.2609604446407
14223,calibration,6757.0,2504.169768833109,1708.3286836565444
14224,calibration,5940.0,2900.6335825835145,2187.5451662342775
14225,calibration,23022.0,6501.6078913775955,4464.276031040398
14226,calibration,24778.0,8705.43396329969,7592.214243286049
14227,calibration,25513.0,12822.925344718495,12745.476950806164
14228,calibration,92812.0,14392.153728706633,13399.766338212545
14229,calibration,14831.0,16155.266089573108,16312.341818247789
14230,calibration,7597.0,48228.494572893,58121.25316332481
14231,calibration,2560.0,21280.732968500342,19893.404996173584
14232,calibration,27329.0,17742.119191823494,20604.66196844025
14233,calibration,18203.0,8641.281029816735,9714.521073907603
14234,calibration,19140.0,21040.98288788688,20884.350799020325
14235,calibration,16576.0,20671.712059580957,20598.254464136204
14236,calibration,23296.0,21908.655762719758,22087.02283323931
14237,calibration,34325.0,19799.243803767462,20388.25505103676
14238,calibration,32518.0,21678.665420013604,19934.657889707967
14239,calibration,31958.0,30125.154432265244,28028.03298516532
14240,calibration,68092.0,32382.764516801744,29316.00635806779
14241,calibration,61542.0,33036.07183935722,30319.09021878773
14242,calibration,39076.0,45375.7758204479,42811.186766678344
14243,calibration,74595.0,50328.03709322231,45359.57235498413
14244,calibration,56477.0,32119.391695110877,30665.856383016784
14245,calibration,14030.0,45997.05393010103,44613.76204762247
14246,calibration,19179.0,48618.74828058919,44613.76204762247
14247,calibration,14948.0,24142.573531864866,21917.331561017676
14248,calibration,98311.0,27512.4932791678,23773.02627067846
14249,calibration,114785.0,20629.00442165421,18739.855097518994
14250,calibration,24438.0,66462.17653430643,57568.770920226176
14251,calibration,27332.0,75119.27416289382,64563.78865894114
14252,calibration,13023.0,31356.597587965465,28072.51946906132
14253,calibration,2287.0,33223.269978870565,29412.349277475638
14254,calibration,257.0,22554.148295852425,20374.53370430002
14255,calibration,2846.0,11328.264561430842,10438.115388094617
14256,calibration,2797.0,5790.168607814537,6327.1181847408625
14257,calibration,3740.0,3230.9887816370965,3964.1190563844343
14258,calibration,6435.0,4829.523931692456,3525.4225894786455
14259,calibration,36813.0,8338.641139436839,5768.73866823331
14260,calibration,8165.0,10783.797277915763,6152.737829668745
14261,calibration,579.0,18736.188241229243,19447.614831416817
14262,calibration,0.0,16358.281923924884,13138.0500162858
14263,calibration,1850.0,4675.622925267734,2658.9987855365157
14264,calibration,4262.0,1282.2005358267022,1645.1322518432535
14265,calibration,2230.0,3473.196015100148,4903.072280585424
14266,calibration,6136.0,4569.43249804979,4293.28934909589
14267,calibration,3047.0,5538.84968114938,5284.119741746892
14268,calibration,17208.0,7753.280638841389,7123.572542653571
14269,calibration,1963.0,6434.345949546019,6701.58775896686
14270,calibration,8270.0,10307.490845936365,10589.39561515631
14271,calibration,110954.0,7684.142032880288,7091.434612996543
14272,calibration,55770.0,9320.784842170056,8970.955290748845
14273,calibration,13800.0,58206.04714873602,57039.61051740114
14274,calibration,33560.0,36362.81908971651,38734.08163834491
14275,calibration,54944.0,19934.536902207314,22463.09037328876
14276,calibration,10561.0,26772.946421081317,25768.20781969371
14277,calibration,77354.0,42780.90950777611,41008.87999188176
14278,calibration,83052.0,20192.057480145428,20408.127528825524
14279,calibration,14392.0,45503.30057713543,43800.9690365845
14280,calibration,11960.0,46727.65499988749,42418.61143102243
14281,calibration,19976.0,23377.58193472599,21389.06702805124
14282,calibration,26727.0,20662.807052075284,20034.82397912083
14283,calibration,143017.0,21282.876402810103,19295.138939835564
14284,calibration,42324.0,24364.891169506816,22448.040464772006
14285,calibration,21764.0,89509.17491623791,82120.27107538149
14286,calibration,20527.0,36675.34424683205,33965.708557655584
14287,calibration,27001.0,29638.3956974441,28307.46271148242
14288,calibration,22608.0,26346.111528566493,23738.37274370475
14289,calibration,23641.0,23454.411646775006,20549.46465623934
14290,calibration,37043.0,24187.355445332956,21114.159048793255
14291,calibration,33853.0,26013.17165237701,24375.942473262465
14292,calibration,34296.0,29948.78464602842,27175.465914053657
14293,calibration,11730.0,31995.991610797046,28208.52717038424
14294,calibration,19899.0,32924.544919595144,29058.95514471215
14295,calibration,24252.0,22051.194499388967,20345.26099467501
14296,calibration,14932.0,24061.226496398125,22553.838421588734
14297,calibration,25630.0,18739.64090193383,17385.495901646478
14298,calibration,23595.0,18626.635687796374,17247.16927881654
14299,calibration,35513.0,22369.62976104314,20765.39928153025
14300,calibration,37778.0,21811.66630919615,20208.22239403178
14301,calibration,26233.0,26893.967753467135,23803.072287413303
14302,calibration,30339.0,28938.026576056775,25799.369172357103
14303,calibration,42546.0,24570.180521570794,23205.0015218982
14304,calibration,28739.0,26116.9927026153,23685.551836426243
14305,calibration,29872.0,32114.630905713784,28785.574393689603
14306,calibration,39489.0,24938.32817223946,23375.232321100197
14307,calibration,21723.0,25512.842375173397,23459.879520144867
14308,calibration,19474.0,30591.74306687575,27798.032382282494
14309,calibration,48446.0,24007.84609224928,22175.966351334726
14310,calibration,31758.0,21983.0567671172,21288.384454506864
14311,calibration,42372.0,31479.545056059385,28231.800902478575
14312,calibration,38498.0,28957.711638305795,25643.90893627077
14313,calibration,46729.0,32114.630905713784,29197.788581517376
14314,calibration,32890.0,27584.521433453017,24820.47695692383
14315,calibration,37858.0,33588.24130632457,30293.541502126456
14316,calibration,24218.0,30694.895748144172,27313.076162158348
14317,calibration,24112.0,30087.885128008893,26787.629434504706
14318,calibration,9236.0,24220.754262278337,23172.459222172405
14319,calibration,10763.0,23737.73295158046,24082.71690966467
14320,calibration,26230.0,16549.163860264,16051.327872952957
14321,calibration,18818.0,14757.38396998497,14415.91432505997
14322,calibration,10918.0,17658.45944722519,17738.47869809082
14323,calibration,8502.0,15713.02265303035,16075.953248411559
14324,calibration,16987.0,14511.882711913826,14190.589510581152
14325,calibration,20503.0,14457.981469512642,13880.812625315684
14326,calibration,4659.0,15027.86616961165,13806.011734014204
14327,calibration,11716.0,17600.483558346794,14801.067845587495
14328,calibration,15838.0,9616.45532773884,8721.29094447346
14329,calibration,25585.0,12791.33878254545,10661.312496927463
14330,calibration,15284.0,11868.59899005805,11072.147465081729
14331,calibration,50992.0,14697.685198896017,14214.59826290573
14332,calibration,28364.0,14318.180653743317,13636.399420817557
14333,calibration,13428.0,27303.275797516442,27543.432396224296
14334,calibration,8462.0,25585.12399327681,25724.72433086154
14335,calibration,10234.0,19192.103212869697,19014.459267470495
14336,calibration,16952.0,16570.04715301455,16500.95818844711
14337,calibration,21312.0,15545.441554422634,15395.401317160266
14338,calibration,59917.0,13035.134001607761,12938.97052836938
14339,calibration,25107.0,17257.794508396462,16903.868720139915
14340,calibration,15279.0,38244.506833898944,37008.1084454091
14341,calibration,22248.0,27827.16633996742,26529.314788164684
14342,calibration,34760.0,24197.09635534501,23324.990852284544
14343,calibration,80452.0,23526.17066778019,22934.99004206236
14344,calibration,24679.0,32352.654261591983,29249.740215652935
14345,calibration,15039.0,46850.446427542614,43930.69113670079
14346,calibration,30293.0,27133.08218071591,26187.200229072118
14347,calibration,66704.0,24247.209750755424,23324.990852284544
14348,calibration,48744.0,27107.254591057244,24850.767035449844
14349,calibration,65389.0,46596.77983147924,43930.69113670079
14350,calibration,59946.0,34028.382657199305,32281.77474863261
14351,calibration,117830.0,45938.42218687768,44905.64630383896
14352,calibration,95925.0,42299.60887601461,41474.62225495374
14353,calibration,141634.0,62552.76406666135,59702.71110999755
14354,calibration,85674.0,65365.37288768433,63160.412769696435
14355,calibration,18809.0,94347.05964632104,92244.4662368213
14356,calibration,22714.0,71129.34458785066,65907.16448805996
14357,calibration,20926.0,26396.389618575486,26061.586011796277
14358,calibration,6662.0,28515.770314256413,27798.890183669202
14359,calibration,25002.0,23745.55394851878,23213.95492684195
14360,calibration,19218.0,20232.34686151346,19479.974498528765
14361,calibration,13253.0,23167.009033995426,22138.178479265207
14362,calibration,30876.0,21388.922866961515,20413.145024888374
14363,calibration,33984.0,22368.291535913482,19957.47488623413
14364,calibration,35383.0,31857.86634413651,28167.968810818486
14365,calibration,34980.0,32169.171803108635,29249.740215652935
14366,calibration,31384.0,34141.31832528369,30430.71683126182
14367,calibration,25685.0,32979.04355095808,30557.12726698214
14368,calibration,19625.0,27333.735329146017,25812.038942483945
14369,calibration,18890.0,23710.03949585605,23386.711671956047
14370,calibration,14862.0,21336.49203977494,21567.090350876097
14371,calibration,18557.0,18831.957853508196,18835.83749755063
14372,calibration,15619.0,16203.571702270176,16304.795850181239
14373,calibration,32661.0,16671.93325182269,16775.838859486772
14374,calibration,44944.0,15887.141536891064,16304.795850181239
14375,calibration,17854.0,22033.836756250672,20854.42101805344
14376,calibration,32720.0,27631.999897669768,26587.46452232736
14377,calibration,20233.0,20091.869270700667,20990.385102220178
14378,calibration,37591.0,25962.419581778664,24513.752544128325
14379,calibration,22858.0,18253.837162350836,18093.988631092914
14380,calibration,40691.0,24555.019635033168,23280.139362086324
14381,calibration,39821.0,19167.42680866912,19451.56110106409
14382,calibration,48923.0,24825.415397608835,26201.951548424957
14383,calibration,39658.0,25266.91022041925,26511.330150835194
14384,calibration,33683.0,28646.425508569086,30958.609692357863
14385,calibration,37244.0,28646.425508569086,30958.609692357863
14386,calibration,45180.0,25231.745045298157,26756.11978100245
14387,calibration,32831.0,25530.814454525465,26752.075062596505
14388,calibration,40011.0,26848.357005053862,28161.76464112397
14389,calibration,21218.0,27573.807683798008,26893.257083932443
14390,calibration,33751.0,27570.775075000078,28097.848305973144
14391,calibration,28285.0,23179.009598740933,23896.606396757394
14392,calibration,39109.0,26850.862058200277,26077.629271794955
14393,calibration,11701.0,21286.117446296685,21706.85392454836
14394,calibration,20265.0,27697.87956978325,27139.559078625593
14395,calibration,22064.0,16970.45845170674,18505.966227561734
14396,calibration,30216.0,16982.69130474217,17713.99072701394
14397,calibration,17560.0,14321.94577772256,15235.110412956523
14398,calibration,26527.0,19876.25466068572,20645.169591833124
14399,calibration,2925.0,14737.947367726027,14725.40236093761
14400,calibration,2806.0,19566.927938107034,19606.301442836622
14401,calibration,1131.0,6557.080842131303,7708.277681591062
14402,calibration,8670.0,7260.82583337851,7742.454159446056
14403,calibration,3568.0,852.3668660678443,1488.077364034633
14404,calibration,5590.0,5731.720657152261,4434.6465907901575
14405,calibration,3792.0,4749.459408117288,3815.6208996813994
14406,calibration,6300.0,5893.508260626609,5503.003228735325
14407,calibration,179.0,4578.212026601551,3337.539603481424
14408,calibration,9291.0,4570.6413766150945,3608.535089594837
14409,calibration,7508.0,1172.7872496627335,1524.9995069426566
14410,calibration,5858.0,2876.031023471066,2763.902001173038
14411,calibration,1649.0,3928.3015921713627,3344.876591829973
14412,calibration,13796.0,3825.8352573216916,3879.789882573081
14413,calibration,6331.0,1932.3156173308873,2958.7250920656775
14414,calibration,7037.0,3532.8966610296607,5354.28366581365
14415,calibration,13594.0,4863.258282937229,6085.294960164394
14416,calibration,16296.0,3794.2184870223305,5152.731120044445
14417,calibration,13009.0,5666.082259742219,6103.792276659758
14418,calibration,9890.0,5233.819092032244,7614.046490633536
14419,calibration,5074.0,7140.487365088661,8261.346002042515
14420,calibration,17022.0,5274.542485715598,5005.042430826417
14421,calibration,6469.0,2625.6132943131515,2708.9542692524933
14422,calibration,5832.0,5822.7494247873865,5111.1173609082625
14423,calibration,11584.0,4187.5938888973815,3680.657180571644
14424,calibration,16417.0,5377.523085878541,3257.646606401401
14425,calibration,12589.0,7913.612146519506,5852.672368276658
14426,calibration,7461.0,6812.9479259653035,9677.420712671203
14427,calibration,0.0,7898.405829271174,9961.19797698555
14428,calibration,10428.0,11173.687664557336,8130.270221577257
14429,calibration,15517.0,1379.3955235797919,957.1174156008993
14430,calibration,11248.0,2141.97245193654,2523.8591288800585
14431,calibration,9635.0,2402.228149055079,4123.692484430296
14432,calibration,7606.0,2711.408660260591,6689.586035591312
14433,calibration,3327.0,2490.971574546494,4906.251868348955
14434,calibration,0.0,1073.283134752873,2445.502895738048
14435,calibration,3018.0,582.7169120858368,450.973135315057
14436,calibration,8506.0,137.59406244721083,284.01126050784427
14437,calibration,1128.0,198.84176696864148,256.72047520642906
14438,calibration,0.0,284.7645821805424,163.4571128672591
14439,calibration,0.0,131.78982853252825,310.13025299188934
14440,calibration,0.0,42.88309420592585,106.0945373179005
14441,calibration,4447.0,79.88451550597145,87.13937702492314
14442,calibration,0.0,16.1100893029823,12.803990145532573
14443,calibration,4491.0,220.1527149774736,254.62283376445185
14444,calibration,4947.0,28.8994021200037,31.52908711872209
14445,calibration,6051.0,29.333836676135146,59.29468794326809
14446,calibration,10268.0,30.966519889457036,60.22320558379992
14447,calibration,10872.0,20.098444245361677,34.937354731195605
14448,calibration,4599.0,49.30093780518318,56.926565400561714
14449,calibration,0.0,31.96091996315986,47.289627061479116
14450,calibration,11989.0,26.965405183942234,44.66588257025963
14451,calibration,3873.0,11.829055786320662,17.13880269453871
14452,calibration,0.0,22.159495132625384,41.81064257439925
14453,calibration,1696.0,80.20146685686828,82.77913058149704
14454,calibration,0.0,30.534200086254103,35.90114188950411
14455,calibration,0.0,78.97406075332866,151.50925093653441
14456,calibration,0.0,21.70248364419493,18.277632788686805
14457,calibration,5193.0,20.170102173801016,17.465256404865148
14458,calibration,0.0,27.44418324841276,14.739590853985806
14459,calibration,0.0,96.04393123751836,106.9559166996614
14460,calibration,0.0,45.423221223276705,20.456288442016096
14461,calibration,0.0,18.229904104965307,9.02209280945284
14462,calibration,487.0,50.605643455366774,18.671265610271988
14463,calibration,0.0,19.326625496496327,14.308279033420295
14464,calibration,0.0,7.6473981747962565,5.869810020124726
14465,calibration,738.0,7.664206425719522,4.676533491691437
14466,calibration,1334.0,6.248132555649669,5.498987392493527
14467,calibration,1992.0,11.102151420891872,15.700960372977026
14468,calibration,6715.0,35.13932973022975,43.545497415144304
14469,calibration,3771.0,53.388711384470504,72.6424038844224
14470,calibration,0.0,53.21880003550281,19.658351026588093
14471,calibration,0.0,67.54411579568409,26.477828758444474
14472,calibration,0.0,44.563601006855144,25.857390068152856
14473,calibration,1850.0,59.16902829507825,15.029394200990172
14474,calibration,1814.0,13.393602102130373,9.698157566397905
14475,calibration,1700.0,24.664838465772554,25.58395818607756
14476,calibration,4284.0,81.32427607014404,47.748612895203685
14477,calibration,786.0,37.57838810157077,36.32474082250936
14478,calibration,0.0,62.09188178825315,49.77911036716266
14479,calibration,0.0,85.28987579757323,19.366661387092787
14480,calibration,2406.0,23.816933447945573,21.825937686551637
14481,calibration,0.0,4.983966773439078,7.719879803319156
14482,calibration,350.0,18.309829596250086,44.70127810424959
14483,calibration,0.0,77.91570839155817,46.37848258639295
14484,calibration,0.0,35.494487705770396,35.562094724762574
14485,calibration,1192.0,13.622018303668856,7.142043661027307
14486,calibration,4045.0,12.894437192839222,10.67124970980188
14487,calibration,2927.0,36.44303859293449,15.508787441133983
14488,calibration,0.0,107.6486164332218,78.8279934324018
14489,calibration,1778.0,198.18630956058013,89.94325751543948
14490,calibration,1038.0,137.55115188233094,43.90427681672333
14491,calibration,337.0,75.8697034847322,52.26681399181918
14492,calibration,0.0,38.08805357119909,25.922017996874455
14493,calibration,3206.0,23.60729060076571,13.367698869442762
14494,calibration,824.0,66.722478893933,13.660632712486109
14495,calibration,0.0,154.66677115835606,111.05575656383105
14496,calibration,5618.0,170.03835117471505,44.2790948780925
14497,calibration,17866.0,390.86314695724917,85.68641898527811
14498,calibration,9153.0,838.4329510144713,585.9030394158627
14499,calibration,14433.0,3355.9001677200085,2323.027921552554
14500,calibration,11440.0,2466.037943349751,1386.4786192553318
14501,calibration,12229.0,1959.0923711699766,2532.920540765031
14502,calibration,0.0,1768.1064857723932,2689.7684515530286
14503,calibration,6239.0,2876.6621187275387,3033.549451082742
14504,calibration,11824.0,961.5816605853034,1003.536667895913
14505,calibration,10617.0,1551.1257889547792,2509.621829172309
14506,calibration,3448.0,5570.776343553691,6442.215863955524
14507,calibration,4839.0,5545.176608174622,5507.58565312565
14508,calibration,12837.0,3407.632870015472,3610.635865514054
14509,calibration,12539.0,3416.685648974861,4223.286460124547
14510,calibration,36410.0,7243.453610785,7046.284142185092
14511,calibration,23871.0,8827.424266067916,9927.087734052107
14512,calibration,28495.0,14777.249249037326,17931.198552951188
14513,calibration,6379.0,17390.026312022626,16449.87377045856
14514,calibration,31118.0,20146.475296980534,21563.32611323137
14515,calibration,22623.0,17097.068260999968,15025.04091318042
14516,calibration,47968.0,25012.00038848051,22323.63332134342
14517,calibration,29204.0,20252.482893978053,18843.68982398149
14518,calibration,42431.0,30756.392071148748,27912.637883697967
14519,calibration,33705.0,26983.643842697005,23833.267874223835
14520,calibration,26090.0,28766.89475535397,27633.42715499838
14521,calibration,29315.0,29192.667705241278,26202.842021426874
14522,calibration,32453.0,24296.217954861782,23167.08368848032
14523,calibration,42972.0,26302.958990515388,23936.366015060794
14524,calibration,51707.0,27360.31406539387,24393.196303710265
14525,calibration,27691.0,31223.68003030254,27816.988885078197
14526,calibration,30701.0,35216.99930723888,32968.79974593534
14527,calibration,12489.0,27630.861250559312,25816.17923007151
14528,calibration,36069.0,30602.13083868329,27222.062189057073
14529,calibration,28904.0,20469.059909705677,19358.410495184296
14530,calibration,25560.0,29227.326791565403,27000.988947336227
14531,calibration,19650.0,27577.63962303811,25712.45088638039
14532,calibration,15705.0,26906.868840953794,25816.17923007151
14533,calibration,33071.0,24720.238273651095,23807.53937525789
14534,calibration,9502.0,19903.032400724485,19307.869766423937
14535,calibration,6764.0,27206.07263007237,24462.4903765717
14536,calibration,12453.0,19195.749962656348,17929.51821233389
14537,calibration,30407.0,18152.947735067206,17138.27292926621
14538,calibration,17146.0,14366.910644598389,13558.142196188202
14539,calibration,26452.0,20387.899381362993,17762.209847155656
14540,calibration,18087.0,18692.978579275084,17233.557526631357
14541,calibration,28736.0,21617.17956491415,20539.00156078584
14542,calibration,30525.0,16054.586564395193,14820.82798692963
14543,calibration,26585.0,15421.21953265551,19056.177322784846
14544,calibration,28790.0,21216.852870510957,20093.942161681814
14545,calibration,30390.0,19542.427625594304,19056.177322784846
14546,calibration,22884.0,19643.90276947507,19573.548033614352
14547,calibration,17809.0,22660.213175734592,20581.646480556363
14548,calibration,33308.0,21975.989540318886,20657.0922222047
14549,calibration,34516.0,18288.202259081805,17239.777910420096
14550,calibration,19753.0,22856.969839483303,21267.4660669715
14551,calibration,202176.0,18770.27806403635,21267.4660669715
14552,calibration,235772.0,20517.402665210488,19777.52175811934
14553,calibration,327863.0,115853.7145460871,114639.03468533396
14554,calibration,383251.0,143919.1828736976,136363.42460383053
14555,calibration,314059.0,182650.99198956857,172664.62558242484
14556,calibration,142372.0,290387.06415937026,268319.8611533321
14557,calibration,173481.0,209668.4790953392,200895.41666441326
14558,calibration,173471.0,119303.59638089268,108961.8137788347
14559,calibration,215001.0,119953.53032862641,114442.44202917439
14560,calibration,206367.0,117490.23567320402,114702.76605800641
14561,calibration,117293.0,143947.0880739307,140352.87014677498
14562,calibration,208186.0,147597.18393185522,143079.89172156662
14563,calibration,293812.0,81839.00477069903,76457.87200709121
14564,calibration,361545.0,149517.98286061242,145239.80590849766
14565,calibration,389684.0,202015.96760041738,191572.66477850053
14566,calibration,265798.0,300495.5239278613,285599.5986759899
14567,calibration,25716.0,302131.35144216195,285599.5986759899
14568,calibration,37701.0,182895.05377682683,173338.78587936147
14569,calibration,24878.0,34055.55108474149,32239.92094129411
14570,calibration,164089.0,42752.7395913504,39033.253236939156
14571,calibration,66497.0,32631.81953481972,30501.10172596231
14572,calibration,9776.0,115207.29638924802,112602.96263474507
14573,calibration,6889.0,60633.221366602826,56057.26158231298
14574,calibration,18395.0,25552.606081498052,23348.810543439657
14575,calibration,10345.0,25552.606081498052,23348.810543439657
14576,calibration,18917.0,24005.79041370188,21440.963730066836
14577,calibration,22691.0,21571.335347922544,19354.606600532243
14578,calibration,10289.0,24670.07803297411,22517.757494695412
14579,calibration,5745.0,25354.978092522208,23122.199884244925
14580,calibration,10625.0,19315.09138327471,18041.086961840556
14581,calibration,4681.0,18747.153583091957,15918.334775145726
14582,calibration,7252.0,14198.741863581245,14367.289715687875
14583,calibration,11935.0,12762.005035971013,10853.205709607511
14584,calibration,5341.0,14441.307712106734,14137.124833765642
14585,calibration,18595.0,13245.076860632986,11190.44902776717
14586,calibration,32670.0,11745.44034308765,11152.834115815716
14587,calibration,28802.0,16590.724828468792,14164.78234430573
14588,calibration,36616.0,21675.691006251844,19648.904432760763
14589,calibration,27666.0,22149.045736970045,20647.448894957328
14590,calibration,25914.0,29156.48132758865,26026.586821611232
14591,calibration,19330.0,24298.354712530545,25121.81907350633
14592,calibration,20427.0,24635.870955110247,23257.308765000103
14593,calibration,34091.0,23361.44873583299,22538.309802267497
14594,calibration,31158.0,21417.701308996173,20208.22239403178
14595,calibration,41516.0,26980.632188102325,24798.123240831832
14596,calibration,47021.0,27174.605581731248,24174.504539757905
14597,calibration,38233.0,31353.585112522756,28636.085237771684
14598,calibration,49071.0,31756.409295909663,28960.079503552963
14599,calibration,36391.0,28634.702685706277,26168.821892871543
14600,calibration,61279.0,34518.60648400723,32461.148271549453
14601,calibration,42807.0,31753.320907024598,29485.583324664774
14602,calibration,38749.0,47821.854089174354,44722.91702722645
14603,calibration,49043.0,36315.04785924087,33460.4337458768
14604,calibration,59324.0,32530.529437499496,29588.02510218234
14605,calibration,55976.0,34793.757816604215,31410.697976951375
14606,calibration,50041.0,46285.513558753264,44635.21183895009
14607,calibration,136713.0,47109.92926831238,43377.28785906709
14608,calibration,109165.0,36556.24953186746,32463.02078895524
14609,calibration,152209.0,73081.63544744869,70390.7890433898
14610,calibration,85304.0,72154.62491363687,68620.6604939566
14611,calibration,45734.0,97493.00934079303,98131.10766998453
14612,calibration,75808.0,61824.47736111115,59341.45485708079
14613,calibration,77179.0,37811.07001572004,37076.73785321413
14614,calibration,37321.0,50411.98332535958,50425.74130023789
14615,calibration,41433.0,46117.836144214176,45903.66080333896
14616,calibration,35158.0,32194.350438467434,31077.120030661416
14617,calibration,31639.0,37202.317040875234,35929.15422076629
14618,calibration,97290.0,31482.736494065088,33048.054695544895
14619,calibration,89165.0,34157.461829137865,31346.49820826651
14620,calibration,77476.0,66280.76655113295,63688.95737789051
14621,calibration,34997.0,67047.95686731895,63422.33842568545
14622,calibration,43105.0,53810.000269085715,51616.656992387965
14623,calibration,24781.0,36312.163904908164,33955.54822860183
14624,calibration,11576.0,40636.23263671915,38115.44268906109
14625,calibration,9766.0,28844.41347110772,27682.607932951683
14626,calibration,1113.0,23612.724151536946,22042.771427575663
14627,calibration,8274.0,19074.041414753563,18367.37227506362
14628,calibration,4368.0,7691.956453123807,7387.214515891096
14629,calibration,8336.0,15081.549930192823,13361.232339137554
14630,calibration,11270.0,11789.353341085975,9300.421100999649
14631,calibration,13261.0,15988.060191983091,15007.105662902768
14632,calibration,21885.0,16871.128072917803,15029.067539831727
14633,calibration,28140.0,18196.327779119663,17257.119439980554
14634,calibration,29301.0,17442.371972251283,16427.228624173487
14635,calibration,35787.0,21278.74602085727,20920.209071478985
14636,calibration,37285.0,21780.84418813488,20812.408513843486
14637,calibration,14051.0,24684.308078513746,23183.845865663076
14638,calibration,10566.0,26762.910658251658,24449.78654115364
14639,calibration,18019.0,17185.159077882698,19476.765222660742
14640,calibration,33760.0,17803.526965381334,17491.345306816773
14641,calibration,34944.0,16762.367765046598,16498.61654541855
14642,calibration,38673.0,22997.834322699746,21861.166737285384
14643,calibration,36562.0,27307.416534161184,24925.658510219608
14644,calibration,12962.0,26247.80227680823,24646.798241167533
14645,calibration,11579.0,26131.436527129616,24646.798241167533
14646,calibration,13784.0,18371.894949032314,18023.88947711668
14647,calibration,48149.0,15910.05172749552,15612.298010756927
14648,calibration,39572.0,16967.590728459956,16665.26812197342
14649,calibration,43121.0,29128.46139979415,28085.812175721338
14650,calibration,31739.0,28831.160017035276,27683.39975221923
14651,calibration,22092.0,30049.037015932463,29253.65795770302
14652,calibration,15209.0,27095.162588852698,26060.907506837768
14653,calibration,14301.0,22916.859665299802,22978.638732578947
14654,calibration,9753.0,19633.204395096633,19209.539734815495
14655,calibration,50765.0,16702.18423344997,16937.195583649365
14656,calibration,41917.0,15353.083329544786,15314.927729306199
14657,calibration,27644.0,30233.151036675856,29564.341745575442
14658,calibration,20857.0,32086.612565660726,30758.020161116023
14659,calibration,31237.0,24389.015731929107,24795.068434854442
14660,calibration,18405.0,24975.949024633697,25468.95403033673
14661,calibration,30487.0,27605.275059789557,26951.70992945644
14662,calibration,53455.0,21037.70144950695,21622.241483329133
14663,calibration,62975.0,26526.480549021337,25811.593263971026
14664,calibration,56000.0,41061.982787702276,40571.359428722164
14665,calibration,94194.0,42796.49252314027,42171.42403710391
14666,calibration,78793.0,43390.54903399923,40939.97870197202
14667,calibration,76791.0,57031.60010715533,52799.209311640356
14668,calibration,84608.0,47569.323983954644,44731.25904945777
14669,calibration,116153.0,50650.133535973335,47259.37111371938
14670,calibration,93070.0,65303.85025101932,61728.19434510341
14671,calibration,27245.0,70197.26137289246,68891.04171728258
14672,calibration,50679.0,66786.00574949666,65071.05875878312
14673,calibration,18583.0,28915.412966174885,28937.741472783455
14674,calibration,35684.0,39782.341506626035,38723.21441940628
14675,calibration,27526.0,25437.855924691066,26710.75976627496
14676,calibration,24094.0,35372.07764106872,34809.552816531
14677,calibration,107335.0,27427.1360907403,27670.476288542886
14678,calibration,21440.0,25771.0711729742,26378.01127730612
14679,calibration,23466.0,63831.44294083576,66100.06750933581
14680,calibration,22533.0,26319.156744133878,26676.458145060453
14681,calibration,50247.0,27153.276178090862,26722.042009618806
14682,calibration,53877.0,21630.674825922186,21286.07687628864
14683,calibration,19985.0,31334.724882856473,29429.79623199088
14684,calibration,47074.0,40250.50385857577,38336.84232870798
14685,calibration,50944.0,23708.07757223619,24052.9171550297
14686,calibration,67094.0,29223.348866529304,28345.97317745236
14687,calibration,39427.0,31479.155462579736,30188.977695508303
14688,calibration,22947.0,30288.778784988117,35343.865812379605
14689,calibration,58899.0,23772.81403084016,28523.34083672835
14690,calibration,101938.0,17629.137922481135,22873.831443904535
14691,calibration,63167.0,38639.7055536327,36874.81058786134
14692,calibration,66560.0,43900.384369067404,53571.63179038253
14693,calibration,26486.0,36144.513600676466,39049.38851317046
14694,calibration,16136.0,36742.06322006555,47216.59852448402
14695,calibration,38496.0,22370.08591140212,21743.633978411486
14696,calibration,39458.0,15294.772921565118,14994.53534715579
14697,calibration,46966.0,26165.73372238669,26253.287221233277
14698,calibration,45936.0,26580.778928599815,29875.17538858501
14699,calibration,56818.0,31238.291613865884,29749.828396085486
14700,calibration,68596.0,31118.954527472637,29044.884670186435
14701,calibration,57993.0,41896.11978510718,39946.528696225265
14702,calibration,53468.0,38556.89101111857,39028.810028275715
14703,calibration,36317.0,42373.721711077895,43746.96738237031
14704,calibration,40037.0,40976.574305209164,41036.960778451175
14705,calibration,42801.0,26761.95071479123,27351.791745554012
14706,calibration,25093.0,26436.076796746387,29437.234931351573
14707,calibration,30831.0,27983.55273160837,25571.34697780465
14708,calibration,10239.0,15435.639056747797,16992.741006047603
14709,calibration,4756.0,24061.91487691265,22064.947996026756
14710,calibration,0.0,12802.813664466303,11567.13027505527
14711,calibration,19594.0,8064.250033475105,5892.447617328786
14712,calibration,48765.0,1341.2315079650136,746.3534974637131
14713,calibration,49745.0,7624.104418405437,9091.357564955737
14714,calibration,4502.0,27960.871373450507,20479.67116985553
14715,calibration,12730.0,21429.180552860955,18356.098938665968
14716,calibration,6083.0,5700.536692480685,5718.080795062545
14717,calibration,9605.0,10249.261767244816,14442.6214454837
14718,calibration,17258.0,6065.463877320462,7552.755726314285
14719,calibration,52085.0,6981.03817494774,8477.405605228878
14720,calibration,2035.0,4271.328133808161,6602.65120390017
14721,calibration,2044.0,19864.087259176147,18246.59358985371
14722,calibration,5059.0,740.6045085375516,1638.8752626708365
14723,calibration,1688.0,525.2659366324107,397.33363686514474
14724,calibration,39513.0,788.7279832364286,348.82017247892054
14725,calibration,34223.0,231.59547099304223,451.4831300369793
14726,calibration,50915.0,14939.41510227537,9646.064472516096
14727,calibration,54070.0,5778.2841197127855,3496.9716386475166
14728,calibration,50848.0,12604.868301725703,6698.258437617499
14729,calibration,43500.0,18138.90172969656,12986.312545343779
14730,calibration,51981.0,17053.837948385295,13517.930783150005
14731,calibration,36658.0,15135.471018808856,9543.024687999183
14732,calibration,40896.0,17478.326473585777,11063.979845433028
14733,calibration,16031.0,8325.836457239526,4084.626874572355
14734,calibration,1049.0,15749.938033312224,9988.099460331343
14735,calibration,1949.0,1910.7017125646503,1993.565871383823
14736,calibration,0.0,62.25680431175571,119.85174298230073
14737,calibration,0.0,80.3799225773093,70.29169215074448
14738,calibration,0.0,35.41720854781003,62.81233817571457
14739,calibration,1865.0,22.229704084227784,40.63304531783437
14740,calibration,470.0,10.11963610511768,28.373798450578736
14741,calibration,0.0,75.78185304391295,24.437182933073107
14742,calibration,0.0,37.68072337851165,14.689950171304478
14743,calibration,0.0,20.089388582172738,12.770760623433274
14744,calibration,0.0,6.669886951722877,3.584781546348368
14745,calibration,0.0,18.77731411261671,35.4883153317881
14746,calibration,1646.0,21.26553114620384,17.923587848851998
14747,calibration,0.0,2.3174794819849285,8.697710730305626
14748,calibration,0.0,3.5755520218469696,5.415665949979046
14749,calibration,3662.0,1.3769450412660547,2.849430094089622
14750,calibration,1730.0,2.7982213242824607,5.176001418249757
14751,calibration,0.0,31.49409402053392,201.50524030888505
14752,calibration,0.0,27.871892259855322,75.58027043434028
14753,calibration,3041.0,9.447770783319088,14.495527337764099
14754,calibration,0.0,3.4137757218955302,21.51003468705964
14755,calibration,0.0,64.82129789532887,223.5788582999704
14756,calibration,0.0,38.48663461569835,130.7658717703878
14757,calibration,0.0,17.234332811024675,51.60583319901228
14758,calibration,0.0,3.3635904122998124,18.92978933357416
14759,calibration,0.0,3.971031585629441,4.2968159778764985
14760,calibration,0.0,6.307892475217101,5.863118446707787
14761,calibration,0.0,3.639959623395499,4.055431920592807
14762,calibration,0.0,3.120927060794547,2.7622882460026967
14763,calibration,0.0,1.1922586103005712,1.6452556841620343
14764,calibration,0.0,1.0213393872418353,1.8482800371666448
14765,calibration,5356.0,1.9845465123193002,1.6470330748360391
14766,calibration,0.0,1.1254131250800103,1.5313937304017649
14767,calibration,2194.0,17.464235065272096,32.823969225751
14768,calibration,0.0,4.858642846958157,14.60075707555394
14769,calibration,0.0,45.82893686159619,49.261743670667805
14770,calibration,157.0,23.86431570672472,30.943941703661064
14771,calibration,0.0,80.17617617500825,41.80323271150508
14772,calibration,0.0,11.218699125533496,11.277882294994809
14773,calibration,0.0,11.117294886104748,14.929837853394053
14774,calibration,0.0,8.160912726249759,10.728808985169815
14775,calibration,0.0,15.326698136217324,14.60212968891089
14776,calibration,0.0,20.186655044274186,15.358476510028261
14777,calibration,0.0,20.366012797838447,9.357286642491612
14778,calibration,0.0,10.977742238390336,7.452849812191687
14779,calibration,0.0,27.770389816414237,9.080058565599094
14780,calibration,0.0,14.424324828022002,7.58093217549086
14781,calibration,0.0,8.052507881073423,10.545185813058014
14782,calibration,0.0,14.202241124397899,14.668994248466461
14783,calibration,386.0,23.76826497858339,21.72798715975813
14784,calibration,1094.0,18.18953845297287,14.022989458288246
14785,calibration,0.0,48.72873818203118,38.247691769040024
14786,calibration,0.0,78.00107067514749,33.75075914557848
14787,calibration,0.0,139.40740742012315,101.37007198475752
14788,calibration,0.0,293.8935134874378,312.1885249332028
14789,calibration,0.0,22.455499745824156,27.932586820798118
14790,calibration,2072.0,16.981665279058085,22.81666410366603
14791,calibration,0.0,61.37208273137094,29.179393746251346
14792,calibration,1107.0,1286.266436368942,922.4910166766184
14793,calibration,0.0,574.8524556707694,706.4378937843418
14794,calibration,1292.0,2229.8521757301605,1215.9981275221526
14795,calibration,36606.0,404.08036205880694,483.4740320155572
14796,calibration,19818.0,2371.9197377351234,1091.722999706571
14797,calibration,13424.0,12929.427285572787,7699.373026459078
14798,calibration,11358.0,8032.185703885602,4805.877125610132
14799,calibration,8343.0,10772.304818596082,8335.258208323694
14800,calibration,21028.0,10486.488158489152,8259.507241823718
14801,calibration,45618.0,10987.243906905798,7602.063300127041
14802,calibration,44934.0,13492.900522432197,12725.177248697908
14803,calibration,46420.0,27487.867657873347,27602.274110001334
14804,calibration,48757.0,28431.55948102006,29223.669675750054
14805,calibration,42293.0,29722.630812861804,30440.55435208795
14806,calibration,21577.0,29722.630812861804,30440.55435208795
14807,calibration,3780.0,29722.630812861804,30440.55435208795
14808,calibration,27043.0,24811.399965172193,24379.972083443787
14809,calibration,58484.0,12271.347679534321,9479.442100549011
14810,calibration,28989.0,19349.286898140097,19165.40113761165
14811,calibration,11408.0,44472.13847613264,42752.53836528252
14812,calibration,28298.0,28164.55516281172,26613.39138442209
14813,calibration,28881.0,21118.521373227777,20288.063068478685
14814,calibration,8082.0,19225.76859477935,20437.398405883465
14815,calibration,10175.0,26287.926561052212,23655.030025270607
14816,calibration,14293.0,18382.69414986083,18454.556404204097
14817,calibration,16250.0,17824.228190086764,17535.13684788468
14818,calibration,24760.0,17462.125723627698,17523.981920552105
14819,calibration,46675.0,18451.416118720917,18298.13028522467
14820,calibration,41473.0,20028.359857149728,19016.595766897128
14821,calibration,8512.0,32402.583057312186,30119.919352635745
14822,calibration,11932.0,35683.2672398489,32003.821865069614
14823,calibration,11513.0,18560.798189224864,17258.089541458838
14824,calibration,4481.0,16563.869742636256,15547.297466279038
14825,calibration,19701.0,14561.346642142904,13592.566524792572
14826,calibration,46397.0,9518.618082560322,8639.212011798154
14827,calibration,29091.0,16060.96655514523,15510.878631398748
14828,calibration,21981.0,27535.32636776515,25917.662124449544
14829,calibration,402864.0,24914.900840632978,22602.785659279987
14830,calibration,473209.0,22726.3979311295,22497.975168980167
14831,calibration,169387.0,203727.47923322755,200032.52749513363
14832,calibration,504877.0,291695.85518784367,323172.9475935185
14833,calibration,717587.0,129742.374744657,124556.11668801508
14834,calibration,321313.0,392436.4056514884,368577.0447311281
14835,calibration,683491.0,389551.2206896977,416943.4824576816
14836,calibration,639345.0,223911.911507063,204561.80778338265
14837,calibration,282486.0,388681.42274056526,372794.1293177581
14838,calibration,4596.0,441353.1763115913,372794.1293177581
14839,calibration,9657.0,199092.75287653736,194384.98791144174
14840,calibration,11472.0,17878.745000486426,17830.461335256856
14841,calibration,1234.0,26699.264622354007,24376.861612985213
14842,calibration,12510.0,17726.13145622204,18239.855087128297
14843,calibration,9732.0,7230.634827210263,6962.069965740013
14844,calibration,6362.0,18488.932041295284,18742.507965651217
14845,calibration,19934.0,17714.46535633427,14943.551208490939
14846,calibration,3937.0,19007.817400035397,18363.6991920797
14847,calibration,11770.0,26620.59350839846,24189.95430464448
14848,calibration,10180.0,12951.397026157425,11724.105337307155
14849,calibration,19932.0,20237.191221308407,20678.71851624053
14850,calibration,6123.0,13802.057660805865,16505.761919495802
14851,calibration,15333.0,17598.3849069534,15234.471850782975
14852,calibration,2134.0,15358.29554410212,13633.906564727808
14853,calibration,11076.0,13603.811101298881,12293.016136170452
14854,calibration,6428.0,10980.64704516014,9869.03997988356
14855,calibration,11440.0,16091.452631964186,12402.165673979676
14856,calibration,6960.0,11519.872086384843,10733.28631737438
14857,calibration,13173.0,15849.427395178707,12420.315652676505
14858,calibration,15206.0,13621.903579238304,11732.817661087707
14859,calibration,4575.0,12426.986181424032,11322.353024389757
14860,calibration,16571.0,17211.099130912433,14318.82066551659
14861,calibration,28005.0,13265.762424716648,10874.931581127563
14862,calibration,27011.0,16248.7541960874,13440.744555024354
14863,calibration,15711.0,17467.016826772833,16464.23836721672
14864,calibration,46659.0,19360.372368306795,18203.90751020692
14865,calibration,21910.0,17957.114294496772,16011.00770246876
14866,calibration,22651.0,28260.515990581553,26788.203307807213
14867,calibration,74239.0,22246.13411653068,20319.12572791129
14868,calibration,46002.0,22846.819346962937,21730.516440009273
14869,calibration,17983.0,44984.870525018894,46880.264032959654
14870,calibration,26331.0,32588.65630409616,33037.353088241536
14871,calibration,21786.0,23623.438380628944,24575.328551060968
14872,calibration,20387.0,26226.20143758592,28312.732157525592
14873,calibration,38502.0,21261.25107713739,21770.951211444473
14874,calibration,45395.0,23652.852075613922,23528.60332308659
14875,calibration,81193.0,30693.675192001258,31702.069315227916
14876,calibration,67983.0,36126.66479365261,37022.69241156159
14877,calibration,51998.0,49839.43850715243,51177.30342199541
14878,calibration,266489.0,48853.84500194025,50192.775448202585
14879,calibration,179647.0,38202.32509775873,38677.54173741334
14880,calibration,91797.0,158302.8299003817,145349.85544935
14881,calibration,6712.0,123151.37118123018,108904.89617879884
14882,calibration,16023.0,80798.0423261909,77571.65010846478
14883,calibration,27516.0,25912.99551639571,23704.82949101609
14884,calibration,37223.0,31156.48328463894,28299.463959307435
14885,calibration,181240.0,24751.484303420733,25423.945274678885
14886,calibration,38337.0,38739.96550497219,38579.15224359186
14887,calibration,242964.0,153361.69776252686,133070.87460109024
14888,calibration,463203.0,44147.00851440383,40193.382766456445
14889,calibration,46146.0,170324.91063211014,149702.89780703594
14890,calibration,10956.0,322215.3042898208,304700.79204739997
14891,calibration,12705.0,48795.99623841805,48548.15976453439
14892,calibration,225680.0,25158.63738762601,24300.278759402576
14893,calibration,400010.0,24908.85735656079,22817.2917243561
14894,calibration,71813.0,156538.4395385281,132781.41954203212
14895,calibration,46463.0,266413.28243346635,238085.16165711943
14896,calibration,39875.0,69793.98869021932,63408.44024590283
14897,calibration,61893.0,51316.144994548486,49304.03569468096
14898,calibration,30600.0,53441.46212763347,47870.35953814686
14899,calibration,6383.0,61945.23386770981,61587.373466222954
14900,calibration,18985.0,36937.61688953556,34284.67781639107
14901,calibration,10251.0,26073.746747256104,20222.935482130222
14902,calibration,14477.0,20285.83719459583,19452.48367372064
14903,calibration,15335.0,15446.923015765617,16450.211491635677
14904,calibration,116709.0,18589.890293817294,17562.9060892613
14905,calibration,295099.0,17009.0963745923,18252.819510769175
14906,calibration,56932.0,69460.02393209985,73455.30320086442
14907,calibration,6342.0,179069.09841951384,161488.18652962174
14908,calibration,36282.0,54662.4141509384,52151.61752092644
14909,calibration,34704.0,21866.40913630712,19032.03190906138
14910,calibration,55977.0,42538.72471871905,32984.782271490956
14911,calibration,33121.0,30532.05752099192,30463.40606484267
14912,calibration,72677.0,49823.92831950274,50035.06400614983
14913,calibration,37748.0,35848.8189127163,31002.800084270533
14914,calibration,20615.0,48862.19931273813,48006.07021200281
14915,calibration,26901.0,34171.16079711705,31245.234722777703
14916,calibration,18035.0,24251.257389099967,22217.7942877091
14917,calibration,23943.0,24914.226195957504,22995.644054429817
14918,calibration,17559.0,22024.246825097853,19923.556549872486
14919,calibration,34877.0,20409.558375689496,19161.10311673453
14920,calibration,14683.0,16595.878143614624,16266.591561200776
14921,calibration,29237.0,26827.316546993035,24739.427855810754
14922,calibration,12113.0,18297.824795156732,17880.550676623414
14923,calibration,13733.0,24191.133824056327,24041.04588753562
14924,calibration,16691.0,15195.846568587423,14458.81572745072
14925,calibration,6017.0,16535.929434615675,15925.022311254017
14926,calibration,4548.0,14165.705951903125,13820.74251705792
14927,calibration,5246.0,12522.214699411008,12315.585793415545
14928,calibration,23217.0,9009.755448206355,8319.624137653369
14929,calibration,11666.0,7470.401117308801,7647.228014932482
14930,calibration,16907.0,16007.459349653347,13682.759451858907
14931,calibration,9461.0,12963.282924048732,12463.186567732815
14932,calibration,8577.0,14797.263733971835,14192.347854822072
14933,calibration,11168.0,11002.300350160811,10053.749870083524
14934,calibration,8210.0,11002.300350160811,10078.86040206181
14935,calibration,15548.0,10215.422299666581,9976.302989622129
14936,calibration,21563.0,10357.954135504653,9818.061141618156
14937,calibration,33350.0,12597.595781247584,11809.818957261772
14938,calibration,13909.0,13692.005182442319,12901.322851731704
14939,calibration,35440.0,20116.618565252396,19565.52501495155
14940,calibration,40549.0,14250.320813959524,13713.67920792448
14941,calibration,26662.0,23429.06094328831,20592.706325920917
14942,calibration,22397.0,25951.63200491344,27431.79914675232
14943,calibration,72732.0,19822.96352455087,19992.146477772727
14944,calibration,54160.0,20021.742788638363,19464.931916960533
14945,calibration,37971.0,40804.211966070034,40304.165713774244
14946,calibration,15868.0,40804.211966070034,40304.165713774244
14947,calibration,26750.0,27585.55675610614,24868.35002168595
14948,calibration,25945.0,20268.806932275067,19366.25555951656
14949,calibration,13306.0,20118.79537780512,20798.541275078045
14950,calibration,24990.0,20003.448073831416,20431.92420704746
14951,calibration,42390.0,16124.537331267047,15249.411301081798
14952,calibration,13740.0,20692.975640554734,20964.255356990743
14953,calibration,5343.0,30106.25159059738,30122.71123600219
14954,calibration,35429.0,18072.845444141396,17511.619027276603
14955,calibration,10393.0,14054.573055856676,13698.905246670292
14956,calibration,20267.0,23437.88043171636,20791.248274215082
14957,calibration,3129.0,14748.40674283052,14368.043291029742
14958,calibration,18344.0,18339.5563901963,18963.306881302582
14959,calibration,16799.0,8563.775708116553,8387.232500863976
14960,calibration,5430.0,13303.947835146539,10680.424136115975
14961,calibration,4043.0,11084.81426298534,13046.2853641747
14962,calibration,15941.0,10923.900338163165,9641.981898922297
14963,calibration,3631.0,8135.165312295578,7874.748515963202
14964,calibration,31506.0,9030.819422392467,7740.002660656848
14965,calibration,31912.0,8242.31315208391,7600.4328911081075
14966,calibration,44813.0,18715.55530428324,16136.5774665548
14967,calibration,53893.0,18558.391967545365,16972.60471035793
14968,calibration,73184.0,24214.457701905314,20167.20402057599
14969,calibration,87564.0,37247.03079639199,35084.64264274391
14970,calibration,81396.0,32405.17586722517,29938.12106422385
14971,calibration,19806.0,46450.15992353222,39030.58722242837
14972,calibration,7800.0,38640.462696034505,29333.20522187662
14973,calibration,6355.0,21624.088426819973,15727.056606170398
14974,calibration,5680.0,14024.124106268724,14158.573590903097
14975,calibration,517.0,12038.410094541616,12792.718140328154
14976,test,4935.0,7859.305723535533,8975.516729766428
14977,test,2512.0,4849.537401776376,3136.5251642828584
14978,test,5697.0,8613.186058818777,5680.156348480262
14979,test,3619.0,3959.4645122540214,2816.501662916103
14980,test,5743.0,10345.432537512692,6321.787361457428
14981,test,6694.0,6463.632838265152,4512.2909255165805
14982,test,1709.0,6179.950867212128,4523.6089514817295
14983,test,3840.0,8137.09360462604,4097.012586038508
14984,test,4887.0,2229.752920007368,1589.828519630081
14985,test,2326.0,1451.38451257971,1235.0181333831943
14986,test,2377.0,1645.1137519836989,960.4894370990977
14987,test,9187.0,2263.8704972320447,1288.5042043865008
14988,test,4989.0,1857.9261410073802,1150.4606455392016
14989,test,5129.0,2541.9584378620193,1758.4911186395482
14990,test,7661.0,3007.449373439093,2579.9648870095507
14991,test,20693.0,2425.2825454636422,2888.864642204182
14992,test,10398.0,2375.249514947877,3772.8552390004515
14993,test,10263.0,4908.29398488793,7229.480894809417
14994,test,4839.0,5409.792995210896,5652.428894615794
14995,test,3847.0,3295.5666389312523,6434.102319443576
14996,test,0.0,2587.013713693687,2832.161347055118
14997,test,3379.0,1793.2917030857936,1296.5450834164535
14998,test,2274.0,445.6539797193947,324.0859968471467
14999,test,3474.0,1084.998788098982,788.3927707240767
15000,test,3309.0,667.5179113795195,393.20946392943426
15001,test,1454.0,465.447875512031,530.1788836510477
15002,test,2264.0,407.473302456735,393.74510048245986
15003,test,0.0,430.3596361912882,189.11852921044573
15004,test,0.0,343.3988020648364,252.6745568091763
15005,test,1633.0,223.2567777135886,155.51990159882342
15006,test,1874.0,115.93750928010537,89.82597924839382
15007,test,0.0,96.38560602904619,77.20603793444998
15008,test,2776.0,71.00261798604058,78.55470029855638
15009,test,1998.0,68.67856340640608,37.41219116584108
15010,test,0.0,126.43414139178223,43.04797523502057
15011,test,3551.0,53.904275219395025,28.40328761138973
15012,test,0.0,98.33756560567377,44.323927220176174
15013,test,2588.0,165.35095749536453,68.93528577621552
15014,test,0.0,22.146551337313724,12.308912463038185
15015,test,2445.0,68.68151340203491,49.17511864542765
15016,test,0.0,14.138666831223539,13.36272788120947
15017,test,0.0,110.99023377208954,54.197835565319416
15018,test,1896.0,41.27607684277272,25.975853278312265
15019,test,0.0,26.901069202137872,31.720914386448307
15020,test,0.0,19.9888716060051,32.49699802012217
15021,test,1729.0,3.3016135240907234,2.7189116206194397
15022,test,0.0,5.8985464544198685,2.85804367228446
15023,test,0.0,10.61794580188839,5.779576182612168
15024,test,4722.0,6.640321649101656,4.580399485825849
15025,test,0.0,3.6587618975273806,1.8276172624303895
15026,test,0.0,30.52001396272087,24.142560925187883
15027,test,0.0,16.944719711775438,6.488612415581909
15028,test,0.0,9.599769619183135,2.8995627851564003
15029,test,0.0,5.629647832601283,1.7971963507077362
15030,test,0.0,9.174925386790944,10.749534444185572
15031,test,0.0,5.3524738166948085,1.6457071843971636
15032,test,0.0,4.4585045925995335,1.8286867302733851
15033,test,0.0,7.949801976209576,7.434672639078771
15034,test,0.0,10.594606404321238,3.943164352748065
15035,test,0.0,11.520050310929161,3.709088833035694
15036,test,0.0,23.67066255722778,7.316496655886883
15037,test,0.0,2.7519086385042915,1.6899770022906413
15038,test,0.0,2.5088530462279044,1.308526882306496
15039,test,0.0,4.103165922241855,1.3780873887266791
15040,test,0.0,5.709753795478128,1.255084733026825
15041,test,0.0,5.825562204370571,1.255084733026825
15042,test,0.0,6.617568367606817,1.3240569329400156
15043,test,0.0,5.381482367124543,1.412136301029793
15044,test,0.0,9.348768013434054,4.091407677529151
15045,test,0.0,3.540956361958375,2.580826255764185
15046,test,0.0,5.879234859162585,2.540781617386095
15047,test,0.0,7.447152790058057,4.2428474952775765
15048,test,0.0,5.761112291113964,4.812462502785644
15049,test,0.0,1.4226188152425898,2.082902473506236
15050,test,0.0,1.2263359627605324,2.5655188842322807
15051,test,0.0,1.9186180081188904,1.8098016518586948
15052,test,0.0,9.271055226967587,4.5875552498865
15053,test,0.0,2.4362892618935414,1.8098016518586948
15054,test,0.0,2.677074132015007,1.5021773038551554
15055,test,0.0,2.9642291701249595,2.3333407061033475
15056,test,0.0,2.879072536325178,1.5021773038551554
15057,test,0.0,3.288059228404558,2.0066769400276034
15058,test,0.0,4.009428492273386,2.9046381990367345
15059,test,0.0,5.570685651136594,3.0829838380590653
15060,test,0.0,6.884094368240325,2.030994090334183
15061,test,0.0,8.388081895571101,3.579287094388997
15062,test,0.0,8.85201016154499,3.579287094388997
15063,test,0.0,14.568466757251176,6.2308232885395585
15064,test,0.0,9.689718751270622,4.630378460512485
15065,test,0.0,34.03757862614056,7.594213200651605
15066,test,0.0,16.13427859633847,5.0227170454434455
15067,test,0.0,21.295368212330597,5.178698955131303
15068,test,0.0,13.666833610305344,4.425168190095111
15069,test,0.0,7.05404261853479,4.028167149687555
15070,test,0.0,14.632626859549346,6.3046002546680775
15071,test,0.0,18.209836132918284,7.054820290673884
15072,test,0.0,28.652198836225192,5.34642991292221
15073,test,0.0,24.72781107253302,10.551243664890427
15074,test,0.0,40.16754349408476,14.047555233090934
15075,test,1859.0,31.003935357174065,20.896308997871216
15076,test,0.0,37.00080183925268,22.48134808485787
15077,test,0.0,135.90794662615139,126.53510707462064
15078,test,313.0,231.9746287230752,173.65365770591563
15079,test,0.0,166.00788851149875,402.5026730035106
15080,test,0.0,137.33761976630973,244.32931145810053
15081,test,0.0,90.79807524011602,130.6702717877602
15082,test,2392.0,87.02100392338811,231.42106656118384
15083,test,5439.0,112.28455548114026,61.00724956145184
15084,test,6136.0,851.4171511119052,1358.6536234665168
15085,test,4004.0,2581.030706582921,1975.964522058589
15086,test,8457.0,4238.984912722012,3078.228871922055
15087,test,0.0,3019.2014206453196,2467.259731939438
15088,test,0.0,4377.957954938457,3970.31037124075
15089,test,0.0,1961.5771172955187,2091.5308000432497
15090,test,1284.0,1690.9495318710071,1305.023563577639
15091,test,1591.0,122.0441278827312,84.12662617327408
15092,test,2888.0,1032.675883763662,1901.0427157051677
15093,test,2656.0,1062.0158982141188,2475.479726299983
15094,test,2767.0,1508.0552887260374,2298.463557730275
15095,test,2832.0,1767.8678112917905,2341.540384259804
15096,test,6464.0,1086.4790037012638,1942.933706501849
15097,test,3256.0,2003.6348497100958,2139.0918271932564
15098,test,6804.0,3902.3791269822755,3981.3876107826786
15099,test,3087.0,3785.807727822519,3862.635776728781
15100,test,4375.0,4440.587169206781,4913.297025107364
15101,test,1280.0,3923.1933250927304,3784.4817653089576
15102,test,12672.0,4017.0440727752325,3646.743353168018
15103,test,28822.0,2226.4463505585904,3496.9903930872842
15104,test,64524.0,6163.76837930745,5781.722958225439
15105,test,33604.0,15157.28252993607,12106.61278791467
15106,test,66156.0,23235.45053296683,19623.173760866324
15107,test,50584.0,19107.656695597947,16320.73874692489
15108,test,55889.0,25105.524839892918,20507.465490877115
15109,test,52466.0,27052.586516060837,22987.151933389086
15110,test,47240.0,27900.00149005861,23624.33703908201
15111,test,56310.0,27587.03721856096,23350.16375237911
15112,test,69464.0,26684.06445890167,24442.059130139776
15113,test,19920.0,26905.804880383494,22088.265481145194
15114,test,7326.0,28335.99799005288,20722.037445724112
15115,test,15238.0,19908.911685937564,14496.837095007235
15116,test,61906.0,16192.250191011564,12007.811525902845
15117,test,52108.0,13542.254167394993,14126.999396952802
15118,test,41445.0,29549.711916638553,23102.346836411438
15119,test,14162.0,26081.855106256084,24165.796280828865
15120,test,2926.0,26081.855106256084,22473.720503320474
15121,test,3745.0,14719.66005897962,14568.63889780556
15122,test,0.0,7094.051476954359,8034.68451820491
15123,test,8792.0,6734.372836425927,7340.54731261178
15124,test,5206.0,2165.2586434629993,2045.81651045387
15125,test,5013.0,6809.166791269257,7662.078491490216
15126,test,6741.0,7373.054982067833,7490.916293649516
15127,test,3392.0,5502.679195365173,6546.932975244567
15128,test,112.0,7279.867399884131,9053.18044002848
15129,test,0.0,4298.296832003563,5983.221514302148
15130,test,8303.0,4941.256590819039,6089.154403696828
15131,test,0.0,1326.3535058781702,2034.9593576437026
15132,test,0.0,3640.3775181887036,2927.868385154074
15133,test,4123.0,2107.9919658437466,3137.612555801219
15134,test,0.0,3132.616725127912,2846.5211253870716
15135,test,3896.0,1825.6257698238862,2815.728192605134
15136,test,29516.0,718.4304418775492,2127.211704083997
15137,test,11719.0,3066.052575471249,3939.20360185805
15138,test,35793.0,9396.370052204229,8826.125558385977
15139,test,11686.0,5707.938390520602,6663.997963026845
15140,test,14114.0,15719.668474549555,13824.437836114259
15141,test,10344.0,5355.577959424555,7237.195489349391
15142,test,5582.0,11828.994333934774,11197.138133240938
15143,test,8478.0,11973.045799614956,10663.447591436634
15144,test,5738.0,11231.549216896557,10550.74310998772
15145,test,1625.0,9414.441314473679,9530.51647297531
15146,test,2738.0,9614.28156543339,8885.40351634796
15147,test,4595.0,6884.710597065176,7049.894893687765
15148,test,3001.0,6662.183518853648,6613.295788713284
15149,test,2938.0,5779.975342439844,5593.713844311435
15150,test,7831.0,6142.5005496334525,6517.675780078392
15151,test,3974.0,6142.5005496334525,6475.347861419061
15152,test,2440.0,5557.021479877138,5332.4009500847515
15153,test,13582.0,5124.13998878348,5518.11918132406
15154,test,10652.0,4391.330357017307,3099.054701934402
15155,test,6491.0,6729.131465554305,4189.693170491567
15156,test,38876.0,7127.0718353132615,6823.328834736632
15157,test,13489.0,9928.602686993088,9456.07064823034
15158,test,30168.0,14251.965714306087,13013.881804658651
15159,test,69881.0,9939.53632217007,9469.249234612334
15160,test,69286.0,19607.592812003757,15404.915123814717
15161,test,56170.0,26993.60620411299,23650.363669993934
15162,test,48778.0,27089.876567577838,24781.06086270684
15163,test,47354.0,27089.876567577838,18995.897581218524
15164,test,56675.0,25516.591054339526,23642.991767748197
15165,test,67974.0,23782.51377962629,23642.991767748197
15166,test,58672.0,30150.04923233809,23045.906379868342
15167,test,48672.0,31276.82022339938,23766.71488675869
15168,test,52352.0,32326.79998038585,23046.38907278734
15169,test,65904.0,25464.215923429976,23376.126400951704
15170,test,3844.0,29471.559784278423,22449.871235971088
15171,test,3291.0,30510.263775850017,22011.19891876267
15172,test,6206.0,13136.985921047035,9899.860262475946
15173,test,4646.0,11273.318461748277,8926.093456206294
15174,test,169572.0,9331.348548203032,10726.789047183209
15175,test,443700.0,8211.508948567669,8361.211768583546
15176,test,91796.0,45834.4140067898,48488.269264580194
15177,test,5987.0,146442.24926830467,189841.18386801178
15178,test,674188.0,22052.201416994412,28605.66059661151
15179,test,511536.0,10403.178828342096,12251.0458441144
15180,test,91168.0,172936.1544245892,228070.88905799564
15181,test,11758.0,195185.186030587,321730.84961402894
15182,test,7427.0,20794.77693767943,36262.51427774747
15183,test,7521.0,13268.054927761634,13808.806280822113
15184,test,6269.0,16462.185607826363,12211.969269459853
15185,test,7531.0,10456.301138520561,11248.810020320869
15186,test,6344.0,10456.301138520561,11248.810020320869
15187,test,1183.0,11322.894207571324,11690.704601343397
15188,test,729.0,10921.082896874432,9443.430019873027
15189,test,549.0,7253.348326341044,5836.654607431087
15190,test,1537.0,4978.3557987472,4290.071923623982
15191,test,2813.0,3239.5919445320396,3373.7495103599786
15192,test,1209.0,3002.2883432506055,4566.136095564372
15193,test,2721.0,3275.562236992523,4508.657638623663
15194,test,1030.0,1882.0333701386146,1728.2298094926782
15195,test,2967.0,1507.4862119169763,2317.3232138728904
15196,test,201219.0,1972.0213904907523,2648.530660485558
15197,test,6357.0,1707.6938194004636,2391.834376771598
15198,test,175140.0,88743.39505141039,60498.65401039271
15199,test,208182.0,11362.914366961471,8734.845372747202
15200,test,7326.0,55483.01977140661,61623.83902332832
15201,test,10096.0,57119.43645016999,74988.20356524907
15202,test,470253.0,10187.07884185156,11231.437783422201
15203,test,137888.0,18370.682477678354,13049.371808298974
15204,test,49545.0,200588.7433494168,278358.8097157027
15205,test,162941.0,36084.66747076832,71690.89798606295
15206,test,86590.0,21042.896750415715,37428.25480634256
15207,test,33055.0,74749.65605059118,79547.27272578358
15208,test,69220.0,57954.41372373522,47637.34698265041
15209,test,72949.0,33376.159662364276,24464.38889896929
15210,test,63761.0,47165.317317362475,38312.70108601504
15211,test,9442.0,52813.20681758944,45593.65074450414
15212,test,79031.0,46380.92684679891,38065.85082834262
15213,test,67710.0,20038.509698727255,15625.568849705674
15214,test,11694.0,50456.28932277406,42508.87482040999
15215,test,13772.0,49865.40847091694,42399.17804611153
15216,test,5742.0,19740.830040233992,15912.423925306603
15217,test,81670.0,21176.63778057454,18517.93100174898
15218,test,91903.0,14774.121069606263,13043.826905322456
15219,test,70394.0,46139.81169285502,40273.23089941803
15220,test,75132.0,53264.7711815762,48868.20782324153
15221,test,82233.0,47146.13105822558,36416.48837671445
15222,test,124425.0,47838.663085508204,37779.27655593188
15223,test,77246.0,45121.72324744113,36203.20198136869
15224,test,72290.0,69094.49149783664,54232.980039503534
15225,test,89963.0,51249.83854023715,38863.4415825841
15226,test,65063.0,51157.223041309226,39865.96843937984
15227,test,71282.0,67600.61378898103,48786.2160430805
15228,test,80871.0,47676.55072072559,37243.74890066241
15229,test,77103.0,49390.82704108897,38359.17384305263
15230,test,75814.0,49679.392112873924,38706.72940264586
15231,test,33614.0,49344.9739926161,37355.170631933346
15232,test,60841.0,51465.68185507005,39466.411773249034
15233,test,104817.0,34670.72938627802,29497.181760532374
15234,test,108368.0,49978.94033615634,46488.30858385528
15235,test,101603.0,72415.16856188759,55798.40359704376
15236,test,98175.0,72300.2794217994,57367.97670691196
15237,test,84432.0,74451.00855960927,59086.092399112415
15238,test,98763.0,63150.15526635274,48513.51265434611
15239,test,103601.0,65817.6744327015,50541.5022978185
15240,test,97750.0,66898.92998406426,51193.08117564541
15241,test,89807.0,73506.62832789426,57469.512904523464
15242,test,90915.0,64187.589365341366,49138.94729403554
15243,test,106788.0,67474.24608594367,51193.08117564541
15244,test,105431.0,62129.602816106744,47281.675222820886
15245,test,102618.0,73066.06998958437,57600.240844832486
15246,test,108174.0,73083.21671087675,58489.20104878364
15247,test,90928.0,73373.22217411194,58499.81141327588
15248,test,85241.0,60275.87344146893,54501.178108058455
15249,test,99388.0,64692.430835556115,49906.376079808644
15250,test,97410.0,58443.26874495166,49906.376079808644
15251,test,68801.0,52634.18311735382,46600.88371886495
15252,test,53440.0,50347.98710097923,46600.88371886495
15253,test,5074.0,49418.00487531683,40082.7825583766
15254,test,8074.0,48282.84323793503,40082.7825583766
15255,test,11660.0,15601.595675006462,13637.194223517092
15256,test,79190.0,16409.06772701478,17079.67234742966
15257,test,74994.0,12567.374205394233,13815.437628708314
15258,test,61047.0,41922.234334787914,45955.32350881789
15259,test,166011.0,41922.234334787914,45955.32350881789
15260,test,75909.0,46009.39541071723,32095.189824899502
15261,test,88171.0,95503.02433816144,77546.09651147644
15262,test,82439.0,42282.54781155063,35725.26185447879
15263,test,75870.0,55898.87740258334,49891.886904088824
15264,test,69273.0,43275.25896088359,34190.97965343961
15265,test,90908.0,49877.444806403706,34661.487302955255
15266,test,61797.0,32243.893178743958,33883.97087753246
15267,test,62690.0,54838.81382494695,45104.24513220572
15268,test,103078.0,42304.24376905745,33231.66828374822
15269,test,110888.0,43907.76845273475,35542.91541515069
15270,test,105677.0,57113.2569839468,54822.91933654787
15271,test,79302.0,48040.28124097471,51930.89727877788
15272,test,122009.0,60634.49903434917,58575.33470508764
15273,test,111866.0,47524.80396706901,36966.86530515104
15274,test,114842.0,64981.996362515165,58679.876840771685
15275,test,58280.0,41674.185879165394,54170.392809312616
15276,test,67024.0,56266.35357159384,54890.27975223616
15277,test,92777.0,36181.60076244576,34579.48934432633
15278,test,51720.0,41992.013315920914,32517.964173755794
15279,test,37453.0,49134.76653299273,41715.040224692755
15280,test,16587.0,30104.44699762104,26816.85033203959
15281,test,52751.0,27164.297803750498,25074.93303333001
15282,test,48845.0,15590.828410333534,16674.085047011475
15283,test,43792.0,34122.58904364301,36333.36280005171
15284,test,6152.0,32406.020963266725,21695.474183228296
15285,test,2241.0,20825.892028471666,22857.089337561607
15286,test,12684.0,8495.180984205537,9738.308380275896
15287,test,9651.0,6212.5790205544845,4145.748722654757
15288,test,0.0,6032.533968866984,4876.780997455621
15289,test,4824.0,4887.961208539741,6015.986993333102
15290,test,2667.0,1320.2796092871326,690.0706602469986
15291,test,1464.0,2216.9262338656217,1198.4951462472657
15292,test,4244.0,1825.4514561915398,1735.745663010449
15293,test,4058.0,626.5266487343578,625.2892296917282
15294,test,3530.0,1251.114614806514,1859.0721769456654
15295,test,5432.0,422.6846371557643,575.0483753386333
15296,test,8416.0,177.50350186815797,271.4301825258309
15297,test,283.0,141.3954066719961,169.8558341252989
15298,test,6087.0,163.99723195237456,457.92535633492264
15299,test,3064.0,163.63123929440818,149.82315771365984
15300,test,6030.0,195.64609525242093,162.661243394484
15301,test,0.0,103.26152847241939,263.07032206933656
15302,test,1691.0,141.23834293332533,124.24079704901929
15303,test,149.0,87.28345333371182,228.37642230773892
15304,test,1137.0,120.65064645870876,246.16763709784777
15305,test,5242.0,90.20610409854015,295.6901877295629
15306,test,2067.0,210.0531099155571,273.0702515023399
15307,test,557.0,115.66281344168301,284.89404490311426
15308,test,2814.0,42.23751686671373,70.8724557359113
15309,test,1924.0,8.595775390159128,14.465391547568347
15310,test,1888.0,42.73784257607435,80.98415793874862
15311,test,1978.0,30.304182455992287,36.14957985804982
15312,test,3894.0,56.04492135142073,54.181423071500966
15313,test,392.0,9.943110597651767,33.081469582027225
15314,test,0.0,39.823580458999146,100.04173770074335
15315,test,1713.0,28.014612052556,39.37640279272007
15316,test,0.0,11.687724625302646,66.80751278558564
15317,test,3563.0,6.870626079699902,35.81458490050074
15318,test,0.0,5.5308739493214585,22.94115937830926
15319,test,0.0,37.561578500877324,153.41903555266623
15320,test,0.0,32.999328163745375,18.361823138001235
15321,test,2687.0,12.353912749882177,9.862361648006381
15322,test,0.0,6.723280770792266,5.5031933809434905
15323,test,2996.0,17.277827897246702,27.251659981487375
15324,test,1674.0,25.069897680031403,18.842535569779766
15325,test,1976.0,25.682014191668966,26.167684311659166
15326,test,1879.0,12.632487326722764,19.48569470225892
15327,test,1696.0,15.285421614103957,27.29823040103302
15328,test,3853.0,13.631030966530881,5.982234350742065
15329,test,0.0,15.945147590857129,7.721215613699314
15330,test,2195.0,7.838293200190845,17.57198973373862
15331,test,0.0,6.876067531011887,31.241012082481348
15332,test,3888.0,16.12788430966824,10.088446155564048
15333,test,0.0,8.535475495709637,279.9319093837929
15334,test,0.0,11.140132198540334,12.14646552916972
15335,test,0.0,13.324113348482708,36.65063520952304
15336,test,0.0,12.417078824052853,20.076658247101964
15337,test,0.0,4.3787236858410985,8.150341945228064
15338,test,0.0,5.385533522084316,6.677018415385201
15339,test,0.0,3.722350633700679,3.679003550202121
15340,test,0.0,5.277250152332174,5.221725929334632
15341,test,0.0,1.644743253325755,2.0747720016840554
15342,test,0.0,8.629739423828413,5.599167624476967
15343,test,4550.0,1.725932277757567,2.3245159508291904
15344,test,0.0,2.8913331337786135,3.204211352182954
15345,test,0.0,6.043242974362737,5.063737813648165
15346,test,3756.0,6.602692480689307,5.746374612353412
15347,test,1356.0,8.674026712538721,7.900948698315631
15348,test,0.0,67.06999493932014,16.543903121858857
15349,test,1311.0,25.75131958048068,11.696383775318257
15350,test,1311.0,22.230664675745224,10.229237774110414
15351,test,1550.0,21.3891388405406,23.223474519516035
15352,test,0.0,22.323738700304006,29.20822821550792
15353,test,0.0,49.18205526400055,28.253157625793634
15354,test,1609.0,20.855502726311865,18.82302362750301
15355,test,0.0,21.597423899136082,10.315510516702519
15356,test,0.0,3.7248353600826745,4.064992901601237
15357,test,1965.0,28.240454321879625,12.61015223186498
15358,test,2137.0,15.774517877808911,11.421696041967829
15359,test,2197.0,20.090648470337495,19.747962093472186
15360,test,2131.0,16.74851560926951,41.59466025302705
15361,test,2592.0,35.13182974948356,74.92564501699837
15362,test,2768.0,75.03251239050398,77.34371603560085
15363,test,0.0,48.776573461795635,326.14070316358146
15364,test,0.0,78.28354725934132,322.5361178854615
15365,test,6862.0,63.280997939615915,325.4076272893153
15366,test,0.0,59.32914029149584,333.7032524633171
15367,test,85.0,678.948084029062,1181.8664807767611
15368,test,1067.0,181.05520081467347,245.36449775795398
15369,test,4395.0,195.712478107078,1646.8181772808068
15370,test,10124.0,166.88842767644914,2095.3522941636033
15371,test,5401.0,672.2629524843094,2365.750238997194
15372,test,1157.0,2692.3558242189965,5438.655317179682
15373,test,486.0,3898.600265446082,4304.946432058433
15374,test,370.0,1063.374169212765,4405.798948993654
15375,test,5143.0,531.149793032219,1409.558656137284
15376,test,7281.0,555.4367988244754,3044.41719846793
15377,test,8823.0,2180.382041297577,2650.1351273083615
15378,test,13916.0,5450.627917697453,3622.7856649620776
15379,test,1206.0,4751.3879288654025,6439.746562466029
15380,test,462.0,6124.042664362162,7621.718218201899
15381,test,4993.0,3240.1892099129273,6392.564209722612
15382,test,5407.0,5088.992582363781,4846.245566116293
15383,test,1070.0,3500.4456950492345,3452.2563467810464
15384,test,407.0,6022.607442553747,5251.341460301998
15385,test,6498.0,4579.235986315632,4780.91118365586
15386,test,14614.0,2114.3890175272304,3125.4992805253178
15387,test,26145.0,3184.928212310161,3497.187338668248
15388,test,26383.0,8877.7922162556,7689.47826226704
15389,test,18333.0,12075.162785968409,12555.28328998102
15390,test,8210.0,9705.85644767308,13345.153079539292
15391,test,2685.0,10168.446974694072,13551.078012931453
15392,test,6250.0,13284.043789962616,13064.900424824538
15393,test,2235.0,8924.579395312228,8842.885823968894
15394,test,10170.0,9518.014823469834,9456.413596985425
15395,test,4906.0,5928.549156547437,6190.054420075096
15396,test,17266.0,10103.087692375184,9930.342155486596
15397,test,19195.0,8997.182771288042,9065.233567043715
15398,test,15807.0,12923.091532794699,12088.753609352876
15399,test,15270.0,15526.467428300066,14250.191198775423
15400,test,5192.0,13629.658644267123,12424.613498679526
15401,test,4355.0,15167.299924189963,13836.779182324919
15402,test,6277.0,10273.845301566364,9843.833016770353
15403,test,1715.0,7883.406332705767,7328.686615361552
15404,test,2350.0,6668.68871500762,6480.553786698755
15405,test,783.0,5077.652016593596,5451.857616225617
15406,test,944.0,5067.734158133703,5170.659219150149
15407,test,5978.0,2355.380267329419,2466.4722798221605
15408,test,4447.0,2355.380267329419,2682.9608988061073
15409,test,0.0,3774.1840456297573,3713.306671512193
15410,test,0.0,4468.359853598576,4670.465662447492
15411,test,1532.0,3594.692985992048,2245.63307687721
15412,test,0.0,983.9412663357972,1204.884214771486
15413,test,2043.0,1571.8374525169222,2277.738505546884
15414,test,3517.0,617.078806200239,1266.8946993567738
15415,test,6725.0,2695.813486803699,3356.4973634778635
15416,test,7011.0,1864.5390074280956,2558.7580656142636
15417,test,11394.0,2553.700097963379,3947.454332607851
15418,test,533.0,5316.158710831092,5986.604558030715
15419,test,1622.0,4809.4021884019785,6993.8379686018325
15420,test,4041.0,5287.603440195876,5533.97535075665
15421,test,6567.0,4458.381413217906,5367.589597358473
15422,test,13555.0,3870.1044367314876,3805.4294600732983
15423,test,10006.0,5218.7683466412545,5228.191879053619
15424,test,16195.0,7094.113388926923,7419.47925586889
15425,test,8609.0,8015.562305658007,9006.36522915489
15426,test,17375.0,10676.81929332128,10909.44978956345
15427,test,12717.0,9602.845806565956,9587.216305017162
15428,test,25352.0,13222.16720149788,12771.49801470795
15429,test,14906.0,12015.334135118175,11307.56323233859
15430,test,13530.0,16587.202907351533,16542.579622445304
15431,test,5038.0,14145.78395283351,13636.430789665945
15432,test,12342.0,14316.476634430275,13478.953109475535
15433,test,15146.0,11542.233734600186,10791.096309338738
15434,test,10308.0,12374.041523617407,11368.85565997775
15435,test,3546.0,13340.014881047866,12078.94056961292
15436,test,6261.0,13116.87464530303,12595.839711898483
15437,test,9623.0,9727.215707409769,9190.42433250812
15438,test,11051.0,9467.819163789514,7752.478575881329
15439,test,18116.0,10496.194893973103,10168.450135554784
15440,test,4613.0,10491.35672174825,10345.159905468347
15441,test,4886.0,14046.869530622012,12196.46563942776
15442,test,10910.0,11621.957341975058,10099.690801128716
15443,test,13221.0,9627.973519658812,9474.389363137136
15444,test,20715.0,9260.178109500259,9067.25784237173
15445,test,7396.0,11757.455614967617,11752.415472204086
15446,test,11774.0,15924.499078779278,14628.318810870092
15447,test,10072.0,12226.42966107059,11181.378438560152
15448,test,8612.0,13565.739008861534,12255.165939316872
15449,test,14976.0,12779.351300421384,12249.765634256983
15450,test,11195.0,13957.410857387842,13175.844073936492
15451,test,7749.0,14774.80407945088,13647.736612034907
15452,test,5441.0,14540.981467018302,13633.906564727808
15453,test,634.0,14540.981467018302,13633.906564727808
15454,test,13184.0,11122.062852796276,11152.834115815716
15455,test,15300.0,6376.2039235014645,6224.048581748925
15456,test,7153.0,9646.77622180646,9570.880245096809
15457,test,3771.0,13148.23207435341,12720.187711158853
15458,test,7398.0,12394.553753976816,11692.811211892356
15459,test,7044.0,7810.940929388382,7972.270963598683
15460,test,9510.0,4866.353800026365,7150.02729463852
15461,test,4632.0,8925.769383676812,8739.782654032133
15462,test,11069.0,8942.662323137156,8872.257776153463
15463,test,4382.0,9098.381978129522,8583.410553911124
15464,test,3224.0,8716.483427355404,6613.821805123909
15465,test,167.0,8432.837499951165,7955.502339406739
15466,test,374.0,7470.008012146502,7212.39309877596
15467,test,21825.0,3879.707238173554,3677.8889586425184
15468,test,15240.0,2778.5865280973167,1962.0021022568064
15469,test,9170.0,9278.117784254333,9711.935080207346
15470,test,9287.0,10089.084735723462,11078.405249496722
15471,test,5427.0,8116.331944972108,9861.924927485896
15472,test,3105.0,7776.265429220518,7777.032856708934
15473,test,8524.0,7185.180548092969,6955.970009473009
15474,test,9363.0,6668.883563638912,7240.823800504129
15475,test,17703.0,7223.242259197972,7988.6091391531045
15476,test,5077.0,8450.888136983005,6931.731961844677
15477,test,29014.0,9380.434200176802,9996.893983050208
15478,test,42282.0,9465.409150968533,8481.477219311962
15479,test,40262.0,14016.973360591397,14062.47906040679
15480,test,34497.0,16708.88886775376,20542.838563381916
15481,test,32664.0,18780.934891345638,21866.166902595858
15482,test,5633.0,23934.93147211196,19206.041532845695
15483,test,852.0,24852.816409557392,21029.711144791374
15484,test,1850.0,12483.969948123851,13223.3549208786
15485,test,31340.0,5130.865507475702,5659.41550366794
15486,test,25306.0,5289.3892313641645,5378.704538841581
15487,test,24161.0,23470.685833512292,20239.417707928547
15488,test,9394.0,19663.781037195546,20416.806574085265
15489,test,1563.0,22165.667216999358,20599.46068742261
15490,test,3832.0,14681.040643435534,12659.99085637745
15491,test,9908.0,8592.687294195424,6547.343112070417
15492,test,8907.0,8637.32034892197,8397.213925614724
15493,test,3979.0,10470.128675462036,9730.424273561362
15494,test,27874.0,10659.000276493935,11179.806004794373
15495,test,17762.0,9514.920406639045,9664.08096004257
15496,test,3308.0,13914.385684132973,14484.47394807444
15497,test,1314.0,13379.988571527496,12872.426998813102
15498,test,5311.0,12054.71735274382,10355.86326719758
15499,test,4852.0,8690.376137921741,7458.251976502191
15500,test,4373.0,6290.635844554708,6758.124222805653
15501,test,4144.0,7551.88483860779,7323.534305823754
15502,test,9855.0,8246.473912246336,7641.160137061656
15503,test,13252.0,7082.20337171855,6898.691485543184
15504,test,13257.0,8476.178433178267,7916.5375655317275
15505,test,302.0,8531.865381170734,8073.069385946036
15506,test,2800.0,10474.537785504586,10182.369101439914
15507,test,8210.0,3921.51817352446,2763.586906899832
15508,test,13318.0,5799.859156185164,5346.181971618713
15509,test,7578.0,8876.392654030047,7185.049535543026
15510,test,55.0,9141.416066360176,8813.130959493486
15511,test,18406.0,10047.714680069366,9630.326137449792
15512,test,2564.0,4858.6487374433245,2868.5658421038243
15513,test,13394.0,7417.500345929465,8379.68747532751
15514,test,8085.0,9478.061535562896,7636.8650818694205
15515,test,14471.0,12361.706655000458,10989.373571403796
15516,test,905.0,9231.105948271123,8681.817846553047
15517,test,8075.0,9036.034553028183,8477.325120719634
15518,test,30732.0,6414.671024690191,5425.932712037342
15519,test,37514.0,7636.142765949464,7317.791652165345
15520,test,3269.0,20314.35313855757,16600.51028496621
15521,test,21865.0,23464.39373167113,22739.88398464838
15522,test,19990.0,10970.519019066016,10413.025189426267
15523,test,2723.0,11770.7294199965,13139.039050211768
15524,test,6875.0,15767.380435176154,15388.804426867446
15525,test,7674.0,10243.221377910551,10651.402200497349
15526,test,8007.0,12073.293295498162,11463.122958050686
15527,test,12193.0,8045.375433229968,8199.405417250051
15528,test,3065.0,10610.942214787174,10614.938863206793
15529,test,2382.0,10432.044932833018,10694.3457282998
15530,test,3996.0,7144.738432857378,6344.389230613878
15531,test,20378.0,8408.172121879306,7697.673456195658
15532,test,5800.0,9154.6145504218,7197.358200065936
15533,test,13744.0,10562.764197204042,9963.16390471489
15534,test,4954.0,10259.96911524672,10459.569574754301
15535,test,10454.0,8954.911501866536,9811.818954963068
15536,test,390.0,6204.090656115335,6275.130031028106
15537,test,1249.0,6199.998515009496,7479.508996968861
15538,test,6108.0,5667.954136491778,4764.193675227213
15539,test,3898.0,3613.6311687148072,4241.904911216414
15540,test,9150.0,5002.996596003768,4024.9644132161343
15541,test,20449.0,4517.601290211321,5243.212254932012
15542,test,7739.0,5979.0887217678155,6270.1219442104875
15543,test,128.0,8750.331836708006,8404.846253056914
15544,test,8478.0,8852.283088215412,8123.264686731838
15545,test,21258.0,2641.5536182263145,2868.0925860534244
15546,test,52807.0,3281.44013141092,4206.261032382926
15547,test,21823.0,9077.847749592751,7979.782018674094
15548,test,5621.0,34827.69354826293,35879.87340428793
15549,test,3640.0,16147.088097340507,19234.674854179288
15550,test,5334.0,11047.585180571936,9935.431439936969
15551,test,6395.0,9727.352002037354,8597.424162119143
15552,test,3384.0,7124.325827991634,6095.560595829682
15553,test,588.0,7411.540137880369,6780.060903338315
15554,test,3030.0,5744.972624980004,5062.267110319575
15555,test,4171.0,4380.891512914086,2737.38088162323
15556,test,1351.0,1424.0721644496768,2001.877623219361
15557,test,4705.0,3982.130484519324,2982.1455318900053
15558,test,4445.0,2521.681934305314,2077.287585614229
15559,test,1300.0,4595.399754367373,4002.353495408907
15560,test,257.0,3051.8690447160616,3427.9367137641916
15561,test,10988.0,1145.2400376874878,1826.54721782145
15562,test,0.0,429.5562799695444,783.4982413273734
15563,test,1972.0,2023.254205046673,988.3193364644899
15564,test,6739.0,1917.06050868746,1070.9569157789035
15565,test,4801.0,1694.2817398170941,1594.95033902083
15566,test,9988.0,1421.7688265298802,1096.622900563523
15567,test,0.0,1767.613778795464,1683.9515915678614
15568,test,383.0,3626.106544541548,4068.6592347317583
15569,test,1451.0,863.6269217725444,992.9669392715805
15570,test,0.0,778.1172470581839,456.2655287111555
15571,test,0.0,686.2762936909004,168.08982612412296
15572,test,995.0,84.88098079494614,78.59571300871492
15573,test,1951.0,97.09469480248833,56.32919835525289
15574,test,0.0,873.7547348451639,294.45541457514656
15575,test,833.0,440.45056422570565,425.6908741932844
15576,test,794.0,86.51080786479167,135.86578689995116
15577,test,0.0,403.1371394051485,109.12992226778567
15578,test,0.0,1147.8465384456815,94.23971016645281
15579,test,0.0,168.12131280617743,21.73339484843533
15580,test,0.0,9.144119629486703,5.314819460539937
15581,test,728.0,3.463541605709911,6.190094920805565
15582,test,0.0,5.735998109330937,9.549348690264223
15583,test,0.0,27.105638183685333,16.669387854704738
15584,test,1950.0,1.8322202248191495,3.4153348338986866
15585,test,5353.0,3.132816746660186,4.537550261778714
15586,test,1762.0,18.26590066083657,14.256859616646997
15587,test,0.0,18.104804649370816,24.449951778778455
15588,test,0.0,58.472846108833885,32.64700508626675
15589,test,0.0,15.080010094204976,13.471670127286911
15590,test,2972.0,16.40806196968647,15.557170634003693
15591,test,6241.0,7.260391384615458,6.6119054432387285
15592,test,3717.0,10.326987646693542,11.254616710798915
15593,test,432.0,10.063475823876612,21.01226925339208
15594,test,577.0,63.03542835914746,44.06117935866853
15595,test,92.0,28.499127722471012,48.40374606987034
15596,test,727.0,40.46827205001113,84.76923579955755
15597,test,4189.0,53.321488449135174,127.25951800245699
15598,test,719.0,14.610425067378925,85.52562612521241
15599,test,640.0,21.43033299668886,125.97320804547574
15600,test,1123.0,23.811121680844323,84.87737631415209
15601,test,869.0,22.236262602007372,370.60552045038906
15602,test,0.0,27.36005295269854,225.9455400882361
15603,test,239.0,23.869041249320777,241.73703925033382
15604,test,0.0,8.814967461116892,67.1556888262496
15605,test,1220.0,15.63281260562481,41.679791173715074
15606,test,1137.0,9.23515083912807,79.37101835793987
15607,test,2687.0,5.901555531874645,37.30744741324746
15608,test,4473.0,9.928449104709069,110.31371407444809
15609,test,0.0,9.174935435152477,73.86801878680633
15610,test,741.0,13.312762569763118,166.46514040202254
15611,test,1164.0,21.42724040362308,123.79331900318199
15612,test,2852.0,6.422176380284404,89.83541408514661
15613,test,1667.0,4.849050581142696,69.90629061439535
15614,test,1938.0,3.524804409594143,83.45334870097722
15615,test,2950.0,6.383233557299197,145.21946618070876
15616,test,0.0,12.261070373089932,199.41219323189995
15617,test,4989.0,18.122601549508737,390.18334051704824
15618,test,5446.0,14.689267716802288,195.21120134300966
15619,test,1798.0,8.343714071334231,100.80081840226651
15620,test,0.0,12.493451840197565,62.674917906610084
15621,test,2111.0,4.38620777885516,14.127803463469403
15622,test,1873.0,13.956004640648278,54.49991033383777
15623,test,0.0,1.9455722701890426,29.67309318548279
15624,test,0.0,4.038675472886459,23.073195700595157
15625,test,0.0,3.0088028750092324,12.825252590848097
15626,test,1865.0,1.5912339459030207,1.1634706360881766
15627,test,0.0,1.3133857974977285,1.5390238523536346
15628,test,2080.0,0.37192154553781454,1.6885416999177933
15629,test,0.0,2.730902771961524,1.3762815690931824
15630,test,0.0,1.1329759539414006,3.260635414718113
15631,test,0.0,0.9716258124453847,2.8101594996414523
15632,test,0.0,4.090600244555018,5.270287627483436
15633,test,0.0,2.4349972427785467,1.8643811304192686
15634,test,0.0,1.2213436162090172,2.709297517662642
15635,test,0.0,2.0272904713960487,3.931019973127139
15636,test,2007.0,1.7674976345107103,2.617899985797815
15637,test,2062.0,1.6555112521332958,3.4454100421270555
15638,test,0.0,7.02424287616515,14.673348042820008
15639,test,0.0,15.185059233032707,21.313123035586216
15640,test,0.0,5.4358020359640085,5.926717150474082
15641,test,0.0,8.587276557425568,14.11717911785553
15642,test,728.0,6.754199841770857,7.9716398274069125
15643,test,0.0,6.333598594898994,11.169297480472704
15644,test,0.0,11.594528398465604,8.074647574220291
15645,test,0.0,14.547773793764694,9.85026499270888
15646,test,0.0,10.49624381019369,9.957783831668566
15647,test,0.0,17.95025306010549,75.1578607207638
15648,test,0.0,27.95202865800059,73.41980866354734
15649,test,0.0,46.94643214516709,79.5118618127429
15650,test,1345.0,35.39182800500958,32.45854522064209
15651,test,639.0,22.29686801967746,42.33783590306003
15652,test,0.0,160.8418258915627,305.856203701046
15653,test,0.0,167.58626885843992,380.0262697865043
15654,test,0.0,436.63859118313496,398.07145108638787
15655,test,0.0,127.80751154295697,128.17971933645853
15656,test,0.0,43.58889202793771,42.331218934629945
15657,test,445.0,32.37932859426853,36.94715663451112
15658,test,0.0,19.8628449183596,34.96118609925302
15659,test,5049.0,258.09257816219844,362.81299824661266
15660,test,1585.0,88.6537872500019,194.27253333090513
15661,test,1297.0,2372.857160911526,2278.237093679503
15662,test,5930.0,643.3007150143493,866.7482486566596
15663,test,9067.0,1563.0188317173954,1519.3736255456442
15664,test,10633.0,3826.7992653590945,3452.8597014886186
15665,test,1261.0,4960.382669803818,4480.6175801289855
15666,test,1395.0,7084.836540939611,6857.519290964255
15667,test,6588.0,5457.9206907776,4715.774926077489
15668,test,4776.0,3713.054533851137,4080.541251532502
15669,test,8831.0,3943.104486714492,4647.990955574469
15670,test,6427.0,5586.599246185103,5197.050615206133
15671,test,3885.0,6542.277435857711,7026.063640565512
15672,test,13613.0,6790.771311005545,6179.264973453381
15673,test,20062.0,6067.778072223714,5477.114508486247
15674,test,2874.0,7527.9891166673415,7843.061887866254
15675,test,11868.0,12299.615908799467,11305.290590652849
15676,test,27054.0,7547.173870379,8473.022279841873
15677,test,8874.0,11348.547100357826,10077.54849510315
15678,test,15859.0,13335.047875173273,12016.083585796241
15679,test,5345.0,11453.040574453806,11377.254967878383
15680,test,5377.0,13612.987358607701,11674.273626337692
15681,test,23031.0,11077.012380574048,9942.07356519979
15682,test,2671.0,8869.393932827434,8623.279561511643
15683,test,5376.0,14461.842113191464,13342.059753632258
15684,test,10608.0,7109.4992022024,9197.85900677905
15685,test,23178.0,11086.827176361166,10775.644978648108
15686,test,15021.0,9280.172693498369,9545.979428576282
15687,test,7368.0,13857.876586203012,13349.056727377572
15688,test,5401.0,13273.135568716449,12405.424074764112
15689,test,11166.0,11360.908314664746,10234.694681178958
15690,test,11412.0,8291.6013334043,8914.404921975258
15691,test,6369.0,8967.658278189183,9151.855184035216
15692,test,8126.0,8668.109509269027,8407.913203341399
15693,test,9616.0,9427.519782428073,8900.60118484237
15694,test,19112.0,8080.388995296108,8407.913203341399
15695,test,6792.0,7373.634220516425,8017.058361370961
15696,test,9203.0,11068.75365116593,11528.608090063699
15697,test,5841.0,10280.084570105873,10550.95734585045
15698,test,6913.0,10289.507336589813,9906.34000268526
15699,test,70549.0,7407.738646898181,7481.080817708901
15700,test,21151.0,7128.4498790417965,7210.8017846517105
15701,test,10805.0,31433.744951554963,27991.9459398082
15702,test,980.0,18667.53299412864,18637.82895258401
15703,test,9104.0,15176.63028085541,15458.264760729578
15704,test,36104.0,6541.825709494352,7125.456481761704
15705,test,3906.0,9488.50833470715,10863.135841603238
15706,test,9278.0,19399.534381378126,19079.390377057913
15707,test,15331.0,11450.717286310517,10661.944424237945
15708,test,43536.0,13928.435463181106,13224.301011404868
15709,test,0.0,8950.3591674016,11983.693796268362
15710,test,5149.0,23720.6575320352,25584.47666018947
15711,test,6959.0,3871.6121468004353,2862.8550066255984
15712,test,23526.0,12779.141909830258,12609.818502881702
15713,test,3167.0,9018.990010356249,7821.937956727924
15714,test,3666.0,14453.805829237646,14157.83731974186
15715,test,3482.0,10133.110762855225,9637.60118737483
15716,test,9919.0,11092.902067125198,10049.709858755094
15717,test,41234.0,8080.413268766722,6199.061481772826
15718,test,31017.0,10513.50780153326,9591.568707292632
15719,test,18936.0,21550.021691366393,21562.39744434983
15720,test,22217.0,22891.60423250791,19415.61396073442
15721,test,8937.0,20908.140024163076,17982.87526394176
15722,test,16046.0,15883.359452263632,16646.708550616546
15723,test,6002.0,14034.678139238253,12890.369154727541
15724,test,8623.0,15171.25870948473,14030.327800393556
15725,test,25128.0,12983.039707694887,11067.500660853619
15726,test,152046.0,13059.902170286565,12026.705486055653
15727,test,30708.0,16544.726884940595,15784.619802022346
15728,test,15721.0,84915.69399290775,77733.27680030242
15729,test,120054.0,25908.634700719635,24287.926948442906
15730,test,45124.0,20794.763737071826,20284.014860664352
15731,test,16088.0,59417.6525908982,53205.27211951704
15732,test,11708.0,32667.574724108355,29522.40850906504
15733,test,12520.0,24926.75641734319,23070.136460952635
15734,test,30555.0,20006.959090564585,19059.221273965068
15735,test,17324.0,17200.213596072364,15488.59707319222
15736,test,25060.0,22654.940915252417,20136.534188709637
15737,test,21881.0,19884.50754644563,16634.643924471424
15738,test,58638.0,24075.26193225059,22904.336237701435
15739,test,73671.0,22476.73104488191,21004.710437135003
15740,test,42626.0,41285.058147968324,38945.74309238937
15741,test,26312.0,41322.33987275253,34270.99821514185
15742,test,27706.0,31603.143317521834,28733.13144099099
15743,test,26222.0,25189.252274351093,24644.471589494675
15744,test,18559.0,24530.46092709642,24170.36137901932
15745,test,24708.0,22778.854401494664,22606.161344145647
15746,test,33198.0,20904.23388570742,18562.305427281193
15747,test,21228.0,20845.835523595633,18224.513795247087
15748,test,27312.0,25702.639901802988,22363.876486751495
15749,test,32728.0,22210.684156392133,21999.595534534645
15750,test,74575.0,22168.02166529,20128.56830803415
15751,test,56140.0,27329.303775213037,22802.55332137914
15752,test,47744.0,41560.880918467206,34858.46743566936
15753,test,57544.0,40599.74372080356,39687.73272759734
15754,test,36581.0,24327.98716813861,29688.718794478875
15755,test,26016.0,33612.394553573846,39681.71443507942
15756,test,24754.0,30585.152747927867,27791.371713079
15757,test,72988.0,26205.756999793008,25112.828916875387
15758,test,14025.0,24214.783340965245,23363.207756110136
15759,test,42971.0,38784.80648536804,39193.33751906621
15760,test,57844.0,18940.81863799491,19629.491629467255
15761,test,67813.0,27647.968690944715,28135.758748584372
15762,test,87055.0,39734.48178298576,40879.21067017498
15763,test,268815.0,40383.02746648886,42232.79244844573
15764,test,165659.0,52855.96110980194,54778.48409950331
15765,test,94037.0,129090.06373229687,145884.5695576698
15766,test,117005.0,90440.0175647908,100943.84044893312
15767,test,88978.0,60680.078922139495,64084.76425715437
15768,test,59625.0,63730.32770351443,66124.11557733436
15769,test,62419.0,60633.33006050661,62457.55542992539
15770,test,65327.0,48676.577273004725,52218.82446734519
15771,test,61987.0,48665.28926920501,47384.2950777603
15772,test,93659.0,51686.67671991757,46436.9298236752
15773,test,91868.0,53143.88777586646,49120.44114914022
15774,test,91614.0,71382.91796199982,67120.43270088338
15775,test,104918.0,70084.04729537686,66266.13652458669
15776,test,84799.0,72318.31188735977,68250.73889464019
15777,test,79077.0,73772.69005851154,69597.41275026056
15778,test,82643.0,67483.00997075338,64049.76088762141
15779,test,92612.0,53250.6890233045,51203.227272825214
15780,test,97145.0,54289.31209945104,52282.096444138384
15781,test,87536.0,69210.16220156726,65731.16610973333
15782,test,114358.0,69067.12457636221,65731.16610973333
15783,test,2264.0,72133.657439608,68478.88312924262
15784,test,26729.0,76086.07348960168,71586.92131365438
15785,test,38512.0,14136.222762811389,12051.97864070824
15786,test,40072.0,31333.839771188595,27871.401196927374
15787,test,35995.0,32513.830068409177,29090.942865829627
15788,test,47099.0,40376.71872324267,37457.43223568478
15789,test,47269.0,35409.23571158265,33135.46587069298
15790,test,42928.0,32479.537901290616,32794.45187503384
15791,test,19539.0,38818.1138320383,37007.10488369772
15792,test,164862.0,39388.31776589413,37495.21958179783
15793,test,54439.0,27253.590258052784,26631.283538050488
15794,test,7834.0,99430.30821449596,85587.70544177655
15795,test,17052.0,48699.33193465276,45410.32042151906
15796,test,44006.0,19033.351945969676,20198.419918109335
15797,test,47444.0,23091.658934872397,23483.33900389458
15798,test,51155.0,30507.311988699905,30279.818644299452
15799,test,67140.0,27371.18999211154,27835.0334894189
15800,test,66444.0,35735.3845520277,33980.848537093174
15801,test,47158.0,45255.04346451338,42644.79663837285
15802,test,18115.0,51099.56200737357,48945.11953377651
15803,test,46508.0,37898.46763574437,36142.67774066639
15804,test,71190.0,25019.28106810134,24431.50151165189
15805,test,44856.0,36981.39302074872,34461.25480511039
15806,test,55726.0,45428.302295675465,44094.07007806567
15807,test,61344.0,34730.04139450681,33645.360130155714
15808,test,59694.0,46690.01694767171,44970.086121337794
15809,test,40137.0,48307.213424812646,45598.95469519311
15810,test,51625.0,51690.096157172185,49210.656848786864
15811,test,51385.0,39897.389153322736,37292.72059190189
15812,test,42053.0,36683.62336979283,34115.86552229553
15813,test,50783.0,34266.14126975551,32522.273155732408
15814,test,54118.0,34934.48896593405,33126.985755214475
15815,test,54025.0,33526.081335073526,31874.894816846198
15816,test,19021.0,49068.09412738454,48454.56935886936
15817,test,12729.0,47166.475202134956,45598.95469519311
15818,test,16814.0,23777.097433336166,22001.953982307376
15819,test,5073.0,19753.455219824427,19019.626556070478
15820,test,41508.0,18999.68313169817,18431.224418335714
15821,test,40860.0,13658.105613962,11935.414561821866
15822,test,55845.0,28274.64005677141,27756.280017703473
15823,test,54516.0,26322.251503557985,28305.87564014909
15824,test,39961.0,38972.6010323147,40741.50299539205
15825,test,5871.0,29698.85092977744,32215.362632471122
15826,test,8701.0,25350.817280288236,22169.60337266159
15827,test,8982.0,16068.353795839457,16759.888577512986
15828,test,1920.0,13835.442782872806,14695.5094926518
15829,test,6369.0,10589.41851220208,12124.359617866618
15830,test,39746.0,7715.204166274953,7974.389657624422
15831,test,47216.0,10550.271778810302,11229.466095312888
15832,test,50144.0,15951.563798775658,18344.018031586893
15833,test,49904.0,27087.88786424852,28840.244974694422
15834,test,56430.0,30272.882186696723,30570.21785901309
15835,test,47758.0,26942.32138592284,22728.418220895812
15836,test,21498.0,40712.812797875114,41256.12429262368
15837,test,2205.0,28087.252363734355,28719.240084660836
15838,test,1312.0,19420.36751155277,20457.80246653282
15839,test,8909.0,7050.606837453548,8788.534494185316
15840,test,6623.0,5878.797624616396,4865.68026090144
15841,test,29870.0,8382.36544914219,5568.100074870864
15842,test,35379.0,8918.652805201085,9145.120386398828
15843,test,35215.0,14434.083870551645,16120.769585570182
15844,test,49645.0,16862.770830960333,17067.083904474493
15845,test,65298.0,22209.27127791328,18830.681548792007
15846,test,37784.0,23068.227078507403,26663.889625860553
15847,test,28730.0,32266.43505279007,34794.68187990167
15848,test,16277.0,20605.107622471347,22578.175037193127
15849,test,37444.0,12750.353185342714,16972.508466056264
15850,test,60130.0,14739.685949384222,19143.04939704218
15851,test,39915.0,13168.591154954847,17751.461797380474
15852,test,56682.0,28967.605373260252,32134.47258944461
15853,test,67702.0,28029.47875424853,26786.78913467322
15854,test,69539.0,32488.632484859096,34350.626748241
15855,test,51937.0,40528.115664001896,39845.99306020065
15856,test,13596.0,31942.25877552819,31988.4826225803
15857,test,8565.0,20603.718565592724,23572.771282249367
15858,test,44357.0,12614.660606133526,16368.616530037036
15859,test,78832.0,9231.060774445534,12881.036384516005
15860,test,45295.0,14709.663200735826,13552.340360573506
15861,test,51107.0,28123.748320637158,25424.44589576583
15862,test,35592.0,24332.357725640286,24425.878175593065
15863,test,521.0,21216.642278005358,22095.093310927685
15864,test,34753.0,25681.24862708367,22502.310597068845
15865,test,2155.0,1113.1553571736126,1194.2315948184835
15866,test,10734.0,13748.688079649608,15684.706308032368
15867,test,1984.0,3806.1637349461835,3224.6093489106106
15868,test,15608.0,9534.56391249307,9225.237524255685
15869,test,0.0,1187.0712241766919,1429.760994344542
15870,test,174.0,3714.0223172152355,5399.436957522291
15871,test,3777.0,369.4923679237832,716.9143060615105
15872,test,8312.0,58.22124300018471,110.14024357180347
15873,test,4823.0,587.0713604009921,1221.4413550365887
15874,test,7892.0,505.9771393026833,718.4188780371464
15875,test,358.0,412.791918452106,738.3709671855096
15876,test,2069.0,380.1601232658809,579.4922381167598
15877,test,8913.0,49.51301801790691,47.126228795160266
15878,test,5181.0,170.38838987729648,94.346450130775
15879,test,13584.0,175.23786295407285,175.23586788225745
15880,test,4217.0,97.11482297776793,119.19229395525042
15881,test,0.0,133.0966063966422,310.1986743244226
15882,test,3136.0,33.51901978013872,152.04163093922614
15883,test,0.0,84.32431177622587,245.79297309982917
15884,test,0.0,47.576193425776694,113.43138287404713
15885,test,0.0,16.22567693546869,57.790888068093174
15886,test,0.0,31.510435975107313,54.89071037401004
15887,test,0.0,7.102371699037363,15.802442404943733
15888,test,0.0,35.94132893465952,41.5202262435247
15889,test,0.0,14.397448643281306,22.70704792450076
15890,test,0.0,18.408461662923383,9.737032725767751
15891,test,0.0,4.78275230893612,5.938538215793812
15892,test,0.0,25.05041553721498,1.9389619709339976
15893,test,0.0,6.237090744897691,2.8824278456398447
15894,test,0.0,3.5751656521834807,3.350395434794952
15895,test,0.0,3.6031090913135753,3.019580215903871
15896,test,713.0,1.6551341690135755,2.0135084997669126
15897,test,0.0,1.3441048401525846,2.0949450697496323
15898,test,0.0,4.462169361309154,3.2004038576254787
15899,test,0.0,3.6923794892974042,3.133030942922166
15900,test,0.0,3.6964878662406315,2.803359115363882
15901,test,2158.0,2.036682819565838,2.6345148122570836
15902,test,0.0,2.595689715846951,3.3008546756525075
15903,test,2027.0,2.109890800389482,3.762295723492314
15904,test,0.0,8.770863507908077,8.890578854771707
15905,test,0.0,16.023787510494888,11.853074867739503
15906,test,1930.0,7.012611393063018,10.163175865293843
15907,test,0.0,11.402499075835152,22.119344350327086
15908,test,0.0,2.8081863649482943,9.628638352814558
15909,test,0.0,2.184005308721724,5.987668000913568
15910,test,0.0,3.1165576598245135,4.482771632803998
15911,test,0.0,3.6188203672791053,4.480248616884442
15912,test,0.0,2.088652486026552,4.80643789871261
15913,test,3236.0,3.514126411967643,4.483452949583955
15914,test,0.0,3.028091057001334,5.77395520101537
15915,test,0.0,16.48939826353563,11.965458289794462
15916,test,0.0,23.820057709153968,11.943610744661393
15917,test,4391.0,9.512511550364454,7.13627457036354
15918,test,6039.0,2.1969435759827456,6.898536898579679
15919,test,9689.0,33.658937866117704,23.555062086094587
15920,test,1664.0,35.24866326843917,23.001751557460494
15921,test,0.0,36.99259480714151,20.02342899141359
15922,test,0.0,14.325572304242229,20.65829238363366
15923,test,0.0,5.851425306629814,19.250870570402938
15924,test,0.0,8.974565733731119,12.861068391887592
15925,test,0.0,7.4547712409271,9.056578698670622
15926,test,2772.0,11.055632650088226,9.429098147834095
15927,test,0.0,18.541898009518974,14.289200874235238
15928,test,0.0,65.69581477615132,65.44540897920294
15929,test,0.0,34.845250972275316,69.31497990450906
15930,test,981.0,13.269652160685474,30.99599698074616
15931,test,1737.0,14.38871150156625,8.049146403163618
15932,test,2352.0,9.040865461769672,7.562213559753985
15933,test,1292.0,28.93669630406576,28.51188138321223
15934,test,0.0,60.95166457496446,51.682677218206024
15935,test,0.0,54.25577769725385,77.6738248555011
15936,test,0.0,36.83501732533589,124.19800400071337
15937,test,287.0,449.3356491611767,370.39766556449695
15938,test,1790.0,47.62795163849096,115.81845744184912
15939,test,0.0,42.13031309276795,80.58377734687365
15940,test,0.0,124.59280302775295,208.1260879630077
15941,test,1947.0,743.3926027126579,1095.7521498392057
15942,test,283.0,869.947945182239,1213.9928245222118
15943,test,1493.0,1485.9276546809026,2080.3434830268566
15944,test,1700.0,714.4301313454139,2263.3478563639387
15945,test,3406.0,1410.4002872370202,2177.895955191525
15946,test,0.0,2683.8787072380374,2235.808774976197
15947,test,0.0,2169.901095046959,2672.7388682542305
15948,test,2266.0,2112.6260059835927,2149.9009278680214
15949,test,1728.0,2367.9794042410604,2227.38886789511
15950,test,7283.0,3455.3301331860303,2880.4654739690754
15951,test,6178.0,2038.1163580277155,2199.1262366253463
15952,test,2576.0,5687.9977416095935,3931.1641872491555
15953,test,3608.0,5810.250638648942,5399.521106627411
15954,test,4798.0,3775.519184609531,4390.064536711812
15955,test,3804.0,4792.545566342885,3532.0604889176484
15956,test,8590.0,5261.003521166501,4206.848138934247
15957,test,49614.0,5518.522556354601,4580.767355389878
15958,test,56429.0,7298.446512764985,7851.003748397561
15959,test,43667.0,23353.13976565371,21557.866454223207
15960,test,41189.0,33873.63056358429,31293.640690237928
15961,test,47227.0,29910.630493918285,26211.616831804153
15962,test,52266.0,30872.22382399646,26774.083389263575
15963,test,66838.0,31794.384871937385,28317.45208492331
15964,test,39363.0,44764.395468131144,43481.09787238074
15965,test,70731.0,43484.71365728394,44065.80835734304
15966,test,55174.0,34402.56988588134,31224.866748446926
15967,test,64761.0,45968.86865489607,43144.87633367847
15968,test,64934.0,45638.539139534216,43075.35732566427
15969,test,61426.0,46887.86897707475,43075.35732566427
15970,test,51994.0,53524.53904251136,50925.52619989117
15971,test,22429.0,51235.421714584896,46292.82762222694
15972,test,15991.0,39380.10471443576,36916.491545680445
15973,test,49599.0,28242.92541117086,26920.122584548953
15974,test,44842.0,27680.184349906285,25801.504456864757
15975,test,57143.0,36871.97631611454,32615.410061937997
15976,test,51337.0,36338.199207473524,32190.81928110577
15977,test,60338.0,45777.7967646162,42112.38162337562
15978,test,38173.0,35961.44865332381,32516.432685746116
15979,test,31896.0,47356.21632770422,43461.18313358835
15980,test,42726.0,31345.585431002335,28068.585705391615
15981,test,8467.0,31303.053386903575,28590.48988327109
15982,test,4718.0,33224.49747019261,32093.130363127475
15983,test,7270.0,20703.376660308502,19370.89902668763
15984,test,1079.0,13337.933276358694,11370.465955907423
15985,test,14802.0,12860.984126092466,12716.644016176728
15986,test,8829.0,5117.9869466982245,4265.104246114204
15987,test,4859.0,13514.954526604053,13394.017386807276
15988,test,3939.0,14231.726817811397,14213.293729839052
15989,test,10097.0,11485.229494425113,9158.586849639543
15990,test,12761.0,9595.868576545226,8416.190034324316
15991,test,6355.0,7207.679947355375,6444.499279324578
15992,test,3785.0,10989.899967254914,10495.754373983062
15993,test,3781.0,12890.7483083978,11834.677687256282
15994,test,7580.0,7498.008814099258,6369.0726333278
15995,test,20632.0,6666.895782268343,6817.746946563429
15996,test,11301.0,8046.325228147821,7507.312621116668
15997,test,21101.0,13753.759488235764,12704.922751110624
15998,test,18445.0,11208.136142847807,9197.981832987496
15999,test,17142.0,12759.720579463297,11455.492179239927
16000,test,15792.0,14569.575986962487,11549.658010878935
16001,test,15734.0,15950.952859645246,14296.550541204208
16002,test,21249.0,14572.018098835506,11996.609068784259
16003,test,31736.0,14236.187295753329,12418.454870766594
16004,test,33134.0,15861.616462965132,14025.972873565213
16005,test,27774.0,23497.608382569597,20662.238255311113
16006,test,30341.0,28100.13059666853,24551.02976814841
16007,test,37452.0,25158.465372761755,23375.232321100197
16008,test,23161.0,27510.427157664228,24372.436520593288
16009,test,28659.0,28635.614930014894,25150.57233570114
16010,test,15133.0,23195.971037231986,21550.981913249878
16011,test,23105.0,24138.794942213168,22758.582705123426
16012,test,14911.0,18309.06593248609,17109.339406525458
16013,test,26226.0,20512.997769198806,19144.816809618405
16014,test,40327.0,17962.967867151172,16678.2219052341
16015,test,36731.0,22823.619063585407,21414.88329525818
16016,test,37802.0,30917.491955461657,27836.17453801548
16017,test,35270.0,27828.016343234412,24764.14378579046
16018,test,25362.0,29753.235326690625,26987.30181955986
16019,test,18703.0,29003.520325119018,26168.821892871543
16020,test,27633.0,24625.789120810074,23205.0015218982
16021,test,30048.0,21214.24736748554,20297.09491136275
16022,test,31564.0,21346.774189943055,19932.159122050183
16023,test,46109.0,26254.3311906484,23691.62098015778
16024,test,43913.0,27828.016343234412,24820.47695692383
16025,test,54447.0,32165.433403295305,28960.079503552963
16026,test,44755.0,31757.420988069083,28231.800902478575
16027,test,28238.0,48269.70832301508,45600.15622706174
16028,test,35801.0,36655.14248763331,33097.878479177125
16029,test,30236.0,28670.15965434175,26715.099197966247
16030,test,30902.0,32798.70904347788,29485.583324664774
16031,test,36786.0,30886.817077117506,27237.950147404863
16032,test,24101.0,31940.910388864344,28918.34361186435
16033,test,31372.0,31535.7459169038,27793.1120781159
16034,test,30773.0,27015.379804080985,25138.1496003456
16035,test,33780.0,31940.910388864344,28918.34361186435
16036,test,29750.0,30907.827756253566,27073.82173542863
16037,test,29719.0,32585.30378366651,29069.306191691983
16038,test,31665.0,29348.38025229637,27149.522692106722
16039,test,18979.0,26980.130129692578,24919.994940784112
16040,test,19947.0,28594.07573309126,25799.369172357103
16041,test,29333.0,22238.02331427951,21255.97784807642
16042,test,18600.0,21387.313489542026,20208.22239403178
16043,test,47656.0,23387.638712605327,21405.27962838399
16044,test,41755.0,20734.641914715477,19499.813773955484
16045,test,35202.0,31503.4278213009,28745.81156417282
16046,test,24379.0,30790.841680954156,28201.853915107156
16047,test,28140.0,25324.6024023954,24461.11550660366
16048,test,26037.0,22127.902118401922,22292.37945973515
16049,test,36553.0,22693.95481624942,22907.017447135688
16050,test,10152.0,21383.036917079065,21707.16256221405
16051,test,44776.0,25264.23620909098,24427.87840183416
16052,test,109051.0,17349.69619662949,17872.943482306557
16053,test,30926.0,28313.231327878908,28898.69637296798
16054,test,14033.0,56212.75979495515,54541.19513538139
16055,test,12969.0,30075.059636789872,28205.160472152078
16056,test,10719.0,22258.00107060521,22323.064694692916
16057,test,19341.0,21478.89255683483,18374.131265769764
16058,test,22337.0,16292.836470414142,16380.475304908214
16059,test,30304.0,18139.909092833575,18553.78039642068
16060,test,19903.0,18391.98387465506,18973.4110952949
16061,test,42387.0,24378.95872794513,23615.848634808914
16062,test,33161.0,24411.21560458573,25008.157806240895
16063,test,30038.0,32601.18453588009,31870.89181723116
16064,test,21782.0,31423.159010249223,30430.71683126182
16065,test,22592.0,29746.82782785402,28594.868378333205
16066,test,18129.0,21952.75990327589,21427.230773881303
16067,test,25215.0,21288.753263246123,21124.71751308689
16068,test,24577.0,18297.712983698926,17820.636550312563
16069,test,28684.0,20491.678822171933,20062.16033385205
16070,test,22552.0,19980.5548200608,19523.851834788336
16071,test,20967.0,22397.71938449302,22386.100897186014
16072,test,17892.0,18659.63406655966,18028.281880600538
16073,test,18175.0,19980.5548200608,19523.851834788336
16074,test,23618.0,19066.406409279254,18520.673671144898
16075,test,17251.0,17564.485712596314,17106.525675629247
16076,test,14885.0,19128.20583778156,18690.9843357173
16077,test,64473.0,18297.712983698926,17820.636550312563
16078,test,14827.0,16544.525719183952,16113.392234875198
16079,test,14866.0,43545.108132588786,42598.36546533156
16080,test,5547.0,22250.639519416607,21737.50545120018
16081,test,10869.0,23983.08633251015,23324.990852284544
16082,test,17033.0,15522.122747328847,15083.365195721964
16083,test,16686.0,15884.547308094716,14912.402141762497
16084,test,11442.0,16546.91667972223,16635.830793483638
16085,test,7514.0,18068.33528637258,18232.142063184445
16086,test,10868.0,16601.75446256941,16596.590622125288
16087,test,9689.0,15526.281222194613,15374.159500124455
16088,test,17777.0,13808.360850291685,13926.261796805466
16089,test,3670.0,13808.360850291685,13926.261796805466
16090,test,27128.0,18061.81249147421,17871.42517173686
16091,test,10722.0,10992.230562326786,10297.159692171685
16092,test,4975.0,16529.932938278664,15532.247279296516
16093,test,61536.0,13500.305707948679,13055.240887495458
16094,test,29119.0,12363.390775794862,11702.818548536128
16095,test,8480.0,42201.17470513543,41285.504175603855
16096,test,7296.0,21919.00028553741,20011.01435812848
16097,test,35495.0,18043.15819461942,19105.078270919294
16098,test,27811.0,14985.667134082436,15496.434483389603
16099,test,27153.0,19900.04443625801,18057.85215916997
16100,test,27333.0,22234.38298336926,22422.71554450118
16101,test,24932.0,25142.491818129532,25831.586524667982
16102,test,28273.0,24128.636930550278,24478.551273873756
16103,test,18143.0,22625.551510542107,23821.7479445519
16104,test,33520.0,23690.14023871905,24478.551273873756
16105,test,27446.0,19584.96401965119,20281.774974390013
16106,test,16771.0,27304.71098511108,26460.717381001115
16107,test,26713.0,20364.116909100463,20251.5178013882
16108,test,11655.0,16683.146796277382,17405.828146631564
16109,test,9668.0,19920.103409683565,19326.167561907558
16110,test,9563.0,13951.141944428275,15492.536909679482
16111,test,4192.0,12987.649296489388,14602.176284775185
16112,test,21332.0,12242.924419219125,13370.471772837675
16113,test,3477.0,8759.810984980033,8342.531852266946
16114,test,15258.0,13269.805563793507,14397.385992787957
16115,test,7478.0,7472.219773041531,8862.745100184473
16116,test,33410.0,12038.7213977478,12811.946000992893
16117,test,30021.0,7867.010658413526,8389.086060201447
16118,test,15846.0,14897.665809235285,14444.837879557726
16119,test,18563.0,18848.412861731846,18417.270733370235
16120,test,22358.0,12771.028199289967,14823.71638720135
16121,test,26284.0,14346.855141934888,15435.11151776777
16122,test,12452.0,14661.845560026442,15138.488833960886
16123,test,4832.0,17117.95572641957,17466.094382296975
16124,test,5873.0,13736.46339745087,14666.501655018039
16125,test,102145.0,9266.57386307246,8877.695225156498
16126,test,132778.0,7523.181134506583,7492.986601750312
16127,test,11410.0,43056.33672548443,50876.4112712719
16128,test,8695.0,46166.3948398854,49232.598631180874
16129,test,46132.0,15867.942195377787,15993.72887737858
16130,test,42252.0,14179.79017579014,13090.031190683545
16131,test,27142.0,26796.874357139066,25897.649719884932
16132,test,24385.0,29636.677916465625,28835.29290643306
16133,test,124821.0,23259.310318513257,23607.80710838757
16134,test,126943.0,21797.4803598643,22935.419436128188
16135,test,17740.0,54050.64844400087,54628.45871990968
16136,test,9313.0,59379.36977534583,67221.23285774162
16137,test,2128.0,19688.414885871804,23046.848107693873
16138,test,3355.0,17808.909794422274,18036.175904459662
16139,test,4069.0,6597.312794162132,7817.935206337299
16140,test,15145.0,5871.069869276829,4736.772269108533
16141,test,18919.0,5478.23698910192,5148.288345544448
16142,test,18033.0,10546.436323098782,13010.705317034637
16143,test,21005.0,14735.327040681064,16045.863731608217
16144,test,22119.0,11324.76430038867,11974.397174062857
16145,test,17915.0,14012.111225029392,13877.27633256253
16146,test,21454.0,14389.397998196402,14234.657763435764
16147,test,18741.0,16520.077909466345,17865.15857837534
16148,test,39621.0,12812.446581904998,12701.511434995144
16149,test,140978.0,11053.98068105132,12110.049207231505
16150,test,44712.0,17093.2639252145,15702.445548447193
16151,test,17686.0,43086.235222787735,34888.42530613763
16152,test,24627.0,21595.001070115217,18978.529649717482
16153,test,23435.0,17208.1233063013,16365.145283281627
16154,test,21809.0,13753.801679503857,14644.19252585138
16155,test,21269.0,16432.011818958683,16265.253364856955
16156,test,20538.0,14957.105522979056,15036.784191505967
16157,test,19553.0,13538.836734456634,16479.79548678832
16158,test,22455.0,9464.457444310097,11480.98938827987
16159,test,28179.0,8303.593956895942,10991.204581353039
16160,test,20550.0,7668.254417258825,11701.980424051026
16161,test,21054.0,7804.991454604204,14304.005235042267
16162,test,24428.0,6607.230663291134,14646.766089054985
16163,test,18957.0,5162.886053199289,11271.53069847261
16164,test,120283.0,5103.8653469670935,8410.25108386992
16165,test,146190.0,5712.196476223585,7260.710091153738
16166,test,37981.0,27966.656306445595,37196.690218029325
16167,test,10710.0,34098.405074965944,50432.85701899385
16168,test,25492.0,9576.659227524866,11021.16257665837
16169,test,21381.0,2222.2808909919736,3439.7124638871996
16170,test,17335.0,2301.123761693272,5056.821100874312
16171,test,16449.0,2416.5283095664195,4869.5664928578535
16172,test,12492.0,1077.2688958839458,2950.846017034961
16173,test,0.0,831.6554690269705,2583.1504463345163
16174,test,30000.0,637.0204435691634,1479.9041056427402
16175,test,27661.0,55.68660928798048,152.56668683339467
16176,test,22627.0,1711.1415616098304,3268.675759437671
16177,test,14556.0,1142.2477534349161,2672.1110910291404
16178,test,22024.0,1487.7255848985228,2451.860058813834
16179,test,61899.0,451.50554093061703,815.2225177474447
16180,test,94418.0,422.75389234083934,1258.6742322766418
16181,test,65005.0,10458.971840126542,12950.735622828912
16182,test,0.0,14267.282705829115,23460.17841667072
16183,test,0.0,9576.214616197452,21366.312618893633
16184,test,0.0,56.46806638889233,107.60193371853879
16185,test,0.0,105.65153981343732,98.33575897451027
16186,test,444.0,5.005937804933586,12.320425273066189
16187,test,991.0,6.165771664347857,13.68327167511342
16188,test,1519.0,5.268487275161262,20.52223007254181
16189,test,5155.0,11.55345744006697,24.63547201380368
16190,test,668.0,18.813059138202835,43.32226202667435
16191,test,0.0,80.28234082737892,98.41429687452269
16192,test,1015.0,40.34236113852223,43.376091112134475
16193,test,1965.0,18.486414590330114,36.88930295178815
16194,test,2487.0,8.457776200955994,70.2949056650344
16195,test,100015.0,13.630078436414854,69.04470369947394
16196,test,129598.0,61.68649100604574,158.99283809146374
16197,test,3924.0,6150.928088021129,22305.361463585887
16198,test,7544.0,6332.354760743583,14649.3286745786
16199,test,5223.0,114.65909973242177,635.0210962933852
16200,test,7802.0,450.95817823427586,812.163651400707
16201,test,1762.0,82.34932390724828,313.77327680982773
16202,test,5706.0,554.0649028575206,996.4716567597059
16203,test,5228.0,35.41213391022107,171.68529224039068
16204,test,604.0,66.85394263296516,218.27682314215878
16205,test,1674.0,49.687805127301964,247.54661940883895
16206,test,0.0,15.29518566359113,123.92607411915414
16207,test,0.0,27.171613521836598,156.80607768384874
16208,test,3298.0,5.985396602243187,61.24308880144197
16209,test,5636.0,14.921702317960056,51.22896243150405
16210,test,71270.0,32.360603581301476,98.6987692461671
16211,test,145070.0,28.92048369274569,45.65984029756697
16212,test,0.0,8395.596644285913,18494.993641124667
16213,test,0.0,22451.1454047075,34691.20259529062
16214,test,0.0,9.915977216553275,76.01758201802492
16215,test,0.0,27.185696061726148,84.28905470310384
16216,test,0.0,21.531014606763392,26.00075677816143
16217,test,0.0,33.201119427762,28.51433484764366
16218,test,0.0,22.949118305437576,26.93013769590378
16219,test,0.0,34.98752375238335,48.98016676422574
16220,test,0.0,10.044600989334633,32.67345527975713
16221,test,0.0,7.16071776525134,27.08053412661866
16222,test,0.0,14.819582668138143,29.475618542014622
16223,test,4979.0,13.980240471223729,6.027922905321525
16224,test,0.0,11.216735084698243,6.027922905321525
16225,test,45040.0,174.3042554010523,137.8125257869295
16226,test,141883.0,27.94868142305091,81.87280824598885
16227,test,33236.0,3792.0338492852666,5097.025300748977
16228,test,443.0,21623.672772199767,11400.177768547224
16229,test,993.0,4058.3814915559587,4420.181157438286
16230,test,1119.0,476.29978151835843,553.1872601293501
16231,test,5200.0,798.9115463151278,1458.4739247219834
16232,test,5155.0,1275.3033828927144,1152.986162447947
16233,test,2537.0,2526.6676603471733,2047.2399012853489
16234,test,1728.0,3466.9014977527772,4341.984794799079
16235,test,369.0,2781.776487817391,3955.7488669939485
16236,test,0.0,3051.648779654664,3571.693031117886
16237,test,1261.0,1562.1632207284997,1428.943922740122
16238,test,704.0,579.7241076190214,1055.5351064322651
16239,test,5710.0,1417.3087843937942,1220.7018531489935
16240,test,11650.0,940.466374866627,1114.190798123472
16241,test,95176.0,2793.6526607305705,3307.7442537572683
16242,test,113365.0,5974.7544914085165,6824.697006578107
16243,test,25929.0,38525.73634958733,43709.74193477695
16244,test,15243.0,53492.73600385971,47207.61350165378
16245,test,8335.0,23444.19724569915,21400.743518783576
16246,test,7971.0,22505.257251926156,23246.171762165992
16247,test,9263.0,17872.00253470484,17612.018289265867
16248,test,6582.0,15781.337256833953,15218.096319531163
16249,test,10533.0,12920.244565210462,14856.312045054297
16250,test,2962.0,14043.585303648877,14392.945318880193
16251,test,8794.0,12711.407763438358,14392.945318880193
16252,test,18114.0,7238.1801776181255,6721.353003337202
16253,test,30037.0,14188.494823961537,14270.207837903416
16254,test,28229.0,16530.011030700025,17166.75146275243
16255,test,18182.0,24660.6962706854,22490.864608425825
16256,test,44766.0,21449.652390405474,19842.973664504552
16257,test,127257.0,18704.39772103899,16165.2070302307
16258,test,123546.0,31555.777868350935,28476.847298543256
16259,test,23331.0,63543.06230239994,57923.82459820867
16260,test,28391.0,64425.094442875416,59553.563242233
16261,test,43630.0,27414.478590884624,26318.576065348123
16262,test,21091.0,28753.93957442943,27621.487717884072
16263,test,11915.0,35700.25837686589,32882.872203684565
16264,test,2544.0,27674.093724281134,26162.397350416566
16265,test,11555.0,21993.11854000383,20754.740590339443
16266,test,10887.0,10353.210491737631,10546.473707586774
16267,test,9952.0,14700.153856757279,14073.665375338333
16268,test,16741.0,13818.609355845543,14456.422550512147
16269,test,11092.0,16595.720364630663,16348.440625435085
16270,test,3235.0,17923.042338062336,17657.340848707157
16271,test,3412.0,16190.640947369217,13480.674062855926
16272,test,60077.0,9332.240167216483,8977.395684157977
16273,test,107163.0,7111.195635842542,6207.66335934993
16274,test,85850.0,39218.970619907486,38594.10876861635
16275,test,14872.0,61945.09258495682,53301.25269699722
16276,test,4365.0,52592.39094964952,49754.989621897235
16277,test,18023.0,18751.753714015496,17638.993124788765
16278,test,7201.0,15607.468388776198,12050.621763293895
16279,test,11900.0,18755.685785205438,16296.541995815813
16280,test,19997.0,13829.302981150411,13708.58707533647
16281,test,24504.0,16451.55186929856,14799.71029186298
16282,test,18403.0,17484.054381050024,16906.402911399407
16283,test,13331.0,17759.580301279213,18079.374882254982
16284,test,21439.0,20830.27325676786,20847.822193392432
16285,test,22356.0,18178.44926300626,17095.82059733187
16286,test,21717.0,20707.859426672952,19856.63458747139
16287,test,16977.0,20764.265759906135,20219.650935134414
16288,test,89596.0,19269.431041394557,18027.448766287926
16289,test,151344.0,17646.47988202694,16417.42258977223
16290,test,75578.0,55410.45380050659,52537.33647680939
16291,test,44344.0,92681.6512430941,82319.96508481665
16292,test,40388.0,49878.69283995164,46062.33195271336
16293,test,26642.0,37876.984216545774,34462.55401544385
16294,test,9475.0,39067.71680603533,35177.27266853637
16295,test,21805.0,30224.335118530445,28759.5570204104
16296,test,19205.0,23365.37155383544,22352.188019227982
16297,test,17875.0,24633.533780363472,22876.28148639299
16298,test,21571.0,21844.898369673625,20549.804960608755
16299,test,50838.0,22529.332278179292,21202.584761636735
16300,test,45386.0,24235.383492140507,22585.10811134029
16301,test,29089.0,37212.66785910601,33942.03086739982
16302,test,17368.0,37524.85858109717,33635.10660259186
16303,test,36370.0,30474.94976332095,28386.05440096918
16304,test,132466.0,26658.52759795579,25550.76549723527
16305,test,123794.0,31671.181124591185,28801.308728757827
16306,test,15533.0,65970.75728103067,59444.522932744265
16307,test,19194.0,65970.75728103067,60295.76308451064
16308,test,39886.0,25581.658562719287,23992.651727800658
16309,test,52848.0,28501.424017821428,26345.01028183954
16310,test,49818.0,36811.00906753923,33334.73773936351
16311,test,37642.0,51949.31116188777,46951.41821990345
16312,test,62650.0,40245.25331695184,36329.6815718076
16313,test,29728.0,35702.574895289705,31952.740694594642
16314,test,22018.0,51109.67556956063,47017.61133438837
16315,test,32760.0,32368.214350266757,29268.43060744646
16316,test,36838.0,30196.98527989334,28173.661318387356
16317,test,52796.0,34317.4051318586,30279.097309591783
16318,test,122284.0,33576.92608651968,29964.18026067237
16319,test,144191.0,48066.74928112892,44722.91702722645
16320,test,129576.0,67222.83542350428,63389.468828264864
16321,test,130988.0,97164.05955290615,90947.33361410156
16322,test,92443.0,79463.72779544703,73620.17611037665
16323,test,38425.0,79463.72779544703,73620.17611037665
16324,test,22442.0,74380.25224341257,68652.90254072101
16325,test,62713.0,40607.04486905827,36865.124531506575
16326,test,88069.0,31284.910100408964,29515.558340407348
16327,test,61637.0,56451.289841071426,52668.60502738135
16328,test,44544.0,71053.46250288437,63640.598304617284
16329,test,54660.0,56859.64341844187,52351.24409438728
16330,test,44156.0,44306.04336093818,40854.760420474806
16331,test,67264.0,55940.64565020962,51684.92455753095
16332,test,90243.0,42744.0134198215,39373.288443227786
16333,test,77505.0,57212.55070941527,53304.37700249249
16334,test,41057.0,70873.30209651859,66163.44128248056
16335,test,108381.0,53372.15738775994,51302.527328569195
16336,test,253813.0,41900.195373222385,40232.52332430237
16337,test,319398.0,72895.26456089815,69758.74324764566
16338,test,323303.0,138420.50402302088,143136.14817061683
16339,test,262658.0,192953.05269036995,176968.33815129785
16340,test,133764.0,201859.35307769803,190126.8252498842
16341,test,327345.0,161871.8577010729,154869.33147535464
16342,test,104274.0,73675.43293385944,70676.67045890415
16343,test,101497.0,177527.68757370536,165862.80770224993
16344,test,108131.0,70100.50163102754,68203.52861521226
16345,test,108480.0,69278.77558603961,68203.52861521226
16346,test,108873.0,68790.9149891628,70676.67045890415
16347,test,12607.0,76530.59001576452,71289.28866254096
16348,test,16252.0,76530.59001576452,71289.28866254096
16349,test,60650.0,24967.993763074926,22995.250201967086
16350,test,137351.0,29911.36162366328,27803.785018277948
16351,test,156309.0,58100.89582756701,52838.94797638313
16352,test,130740.0,79131.52461605093,71237.79204476347
16353,test,10828.0,110395.74105498602,106138.35144631399
16354,test,19986.0,80168.45401047915,73474.72773690883
16355,test,5559.0,23427.286155487775,21826.97520269146
16356,test,78277.0,31772.820219870508,29258.94416952081
16357,test,129177.0,19210.441063643197,17322.017507530607
16358,test,113596.0,58199.62540291342,52838.94797638313
16359,test,459320.0,79131.52461605093,71237.79204476347
16360,test,84443.0,76936.46058109331,70697.67109455267
16361,test,67504.0,288974.95720937045,297365.9146777913
16362,test,198874.0,61850.289179231346,63035.019951622395
16363,test,123588.0,51140.580966634014,58909.70049759284
16364,test,79151.0,142262.10949849137,143027.77469468242
16365,test,146768.0,78147.51105844088,75320.09757786187
16366,test,212673.0,58214.350022877254,56683.13728873994
16367,test,264993.0,98488.56765090745,97423.41388016037
16368,test,151897.0,134320.23838090518,135561.94444717126
16369,test,23254.0,158586.65280265376,155651.5127029392
16370,test,35148.0,114161.2117818322,111609.35347211847
16371,test,24443.0,29456.741571631435,30967.300737237616
16372,test,28812.0,39316.73295638101,37848.16974466964
16373,test,35165.0,28358.60645969257,27209.63277406205
16374,test,35456.0,30257.97835491043,29505.294872572733
16375,test,43533.0,37537.2375581583,34676.9951991672
16376,test,89685.0,36395.90917192148,33789.94452563679
16377,test,42317.0,41328.23645515905,39068.8197134296
16378,test,11435.0,68376.82077502298,64650.1024015685
16379,test,16934.0,42145.19694075101,39588.40067790836
16380,test,12661.0,22428.445465077184,22345.175516320727
16381,test,136483.0,21345.283460252333,20416.393770962528
16382,test,232445.0,17497.96658547233,16572.31221192314
16383,test,141709.0,64305.16826274894,59850.96164445093
16384,test,56084.0,132222.7085307879,135213.20814248352
16385,test,40714.0,93128.17556892302,89954.46914992061
16386,test,62392.0,58650.090810629335,53951.94621929995
16387,test,38873.0,40773.16141375077,40365.38683085218
16388,test,34767.0,55956.833362308615,53058.440057101754
16389,test,34074.0,38315.58164902197,35364.39795076011
16390,test,25315.0,38315.58164902197,35364.39795076011
16391,test,40877.0,36504.80763361489,33594.63780338704
16392,test,51860.0,29086.80815161523,28408.30767105745
16393,test,35463.0,40484.46974463244,37710.318427137536
16394,test,52069.0,42185.18577050562,38638.32357992586
16395,test,28104.0,36762.5137095243,34377.84247612712
16396,test,71580.0,37220.40462136755,34329.98974365702
16397,test,194113.0,26472.120614924916,25299.614028589895
16398,test,215605.0,41608.26673744754,41334.45101933849
16399,test,63121.0,123715.463615603,121024.71336270112
16400,test,39582.0,130351.79154595455,127619.26886834245
16401,test,36532.0,55555.57733739467,53820.26650214644
16402,test,53029.0,37536.67970773443,35466.078925753274
16403,test,40600.0,34755.95398903305,33423.14953045008
16404,test,99741.0,53290.4766447095,52115.72588882902
16405,test,60091.0,41789.279669602874,39599.99727181314
16406,test,105087.0,68778.47397687889,65697.4374697489
16407,test,94514.0,52429.16475729592,51452.40393850147
16408,test,77801.0,73273.34348846148,69818.29077794793
16409,test,90322.0,69402.54653999975,66334.49384398502
16410,test,51536.0,56059.671562204036,54342.153813552315
16411,test,70874.0,66762.84767999485,63122.04938534141
16412,test,208786.0,37264.133746054096,34476.57834794773
16413,test,280896.0,50610.47209183287,49912.23663119715
16414,test,181153.0,129948.04167626264,130779.99010215673
16415,test,105382.0,164439.28132327562,173536.76318477045
16416,test,93377.0,134931.4000901991,135160.46449205026
16417,test,91335.0,71473.8841032274,71595.98624527856
16418,test,75187.0,71385.02792889508,69742.96005322397
16419,test,66794.0,71385.02792889508,69742.96005322397
16420,test,74160.0,53637.336635993444,53673.811371709846
16421,test,52995.0,53637.336635993444,53673.811371709846
16422,test,27396.0,55431.18793904798,53742.97720949001
16423,test,30917.0,55934.15351302357,47681.543969789716
16424,test,34796.0,28192.57210330703,27591.590500891743
16425,test,23869.0,34974.96630043714,32314.501046619935
16426,test,63393.0,30282.18223649884,28902.235156549577
16427,test,91586.0,23825.644208492908,22879.66644232017
16428,test,200721.0,47000.562159295325,43457.16924845418
16429,test,288345.0,57349.61685699777,51860.60763484953
16430,test,69447.0,125199.3827337749,128655.32039321061
16431,test,25975.0,173455.76009322752,182114.84068316218
16432,test,36348.0,44187.10426692355,52771.89242895284
16433,test,32861.0,29808.567187685578,31598.040792456763
16434,test,34611.0,36094.08012032895,30412.26129955663
16435,test,42362.0,35307.99653631439,32481.137849553656
16436,test,36174.0,35307.99653631439,28890.398444365714
16437,test,8556.0,40081.04671091627,30513.96166540298
16438,test,7121.0,41033.20239161788,30775.519103505874
16439,test,11924.0,21513.791443760987,17297.47245137888
16440,test,12444.0,21355.551881251984,14722.988709419164
16441,test,7099.0,12863.945940896438,8052.579191925586
16442,test,8143.0,17547.169212396806,12621.120269414929
16443,test,103987.0,15627.754610969467,12377.751526927925
16444,test,253412.0,8455.581605125284,7366.419835321057
16445,test,90581.0,49531.94809640926,55689.79196502586
16446,test,4164.0,113183.86713881699,109730.77352373039
16447,test,3529.0,63766.1783490686,62446.97260399594
16448,test,3851.0,3403.1702017014363,3620.9659510404267
16449,test,5303.0,4886.554579773228,3510.653243314549
16450,test,3458.0,812.6520911367577,778.6632399301569
16451,test,3340.0,1089.0488652677716,1375.2492397467508
16452,test,3607.0,947.7498678903295,1062.8597989938417
16453,test,2216.0,709.5828067277113,737.9716448246708
16454,test,6046.0,802.9720302416622,817.4556922290946
16455,test,0.0,554.3935455331665,806.8485996475608
16456,test,6725.0,482.81168027196384,529.5032908470498
16457,test,6905.0,34.669096398170765,129.55852459398605
16458,test,73232.0,171.4437461242448,342.3792440426732
16459,test,249103.0,100.0174495746926,210.40381869062927
16460,test,107147.0,14599.492661507484,19011.44046193984
16461,test,15670.0,97766.38599598267,60027.59180563778
16462,test,8974.0,39826.2688841985,20768.960267906114
16463,test,1194.0,1921.874778639799,1422.3472965263804
16464,test,2759.0,1676.2553498475436,1832.5661171949694
16465,test,3488.0,65.9660273733277,215.8536006030909
16466,test,3784.0,104.6808631119856,156.3863740428931
16467,test,4893.0,199.6953804258188,379.0096262391927
16468,test,2549.0,109.4297057180661,265.01529290542663
16469,test,0.0,334.71736821571557,413.6024994381268
16470,test,0.0,189.58292281012123,384.06990318871084
16471,test,0.0,55.877825852962864,112.71693050637985
16472,test,0.0,84.09839582937548,136.64674286523544
16473,test,51078.0,18.224254366405905,20.828304075098682
16474,test,196367.0,29.03364433578556,32.98647598522313
16475,test,166782.0,7541.645365376419,1299.6999202161492
16476,test,22217.0,57473.33694879712,2648.446092558024
16477,test,1835.0,47784.30684382843,2151.427997136503
16478,test,2462.0,2438.4137554987637,204.41811328417043
16479,test,0.0,336.13528086419933,246.2314129168591
16480,test,0.0,159.25220176004578,99.64042692711932
16481,test,2833.0,65.47094638634327,82.14389080055075
16482,test,8045.0,86.4003387926544,70.92006873093233
16483,test,976.0,146.87985210711088,154.86853171777244
16484,test,3025.0,220.8509272647542,280.43112826193016
16485,test,2024.0,20.46176355380215,61.253357460057146
16486,test,28673.0,128.639430355323,184.16618369205986
16487,test,20539.0,136.21466488966325,332.02822752071853
16488,test,47229.0,2385.212431946589,2551.48480021665
16489,test,212029.0,1272.9131107433004,1251.5558967088746
16490,test,203581.0,5994.852797542853,4392.5447869669
16491,test,79780.0,50700.757381505326,32081.69242976302
16492,test,33715.0,56331.94165574477,51577.87116714984
16493,test,28655.0,37153.8026910144,17706.617352186226
16494,test,28719.0,14877.577212693881,5396.429224303307
16495,test,32896.0,2214.4419896617974,3870.4033843341986
16496,test,28757.0,1955.401306203919,4150.848686517996
16497,test,32980.0,15773.108407941743,9307.18071869884
16498,test,44339.0,5131.481587606491,6640.472051097711
16499,test,30805.0,26397.059175192484,10935.19297174082
16500,test,30040.0,53344.15732777525,29379.42923426108
16501,test,39922.0,11225.791609902451,5092.611414189727
16502,test,31981.0,10363.87803945835,5358.541603998605
16503,test,32790.0,22990.760351826033,12845.518946798846
16504,test,206710.0,7789.640100222569,3551.3243343640174
16505,test,252695.0,6149.89317641335,3813.7036216561332
16506,test,87451.0,120460.83256319234,62576.919364516085
16507,test,33609.0,171243.29471527503,103370.27703071825
16508,test,34646.0,75303.84942674713,53859.912958662135
16509,test,29401.0,14668.391253587986,7540.6709685805345
16510,test,26366.0,14051.470048622592,8427.488230772711
16511,test,26114.0,8934.120473653958,6068.754230364692
16512,test,29730.0,15530.410420964059,10274.467799274145
16513,test,15229.0,10170.162721860437,9883.797077001087
16514,test,25939.0,27513.043989911283,18775.664842963517
16515,test,27964.0,9367.1410754023,12115.352714627636
16516,test,32345.0,14108.230725578514,17365.157543678248
16517,test,31960.0,11310.745527132814,13717.39382510308
16518,test,27923.0,32495.79812248617,22338.11785688159
16519,test,88046.0,17034.213981703822,16607.375975458446
16520,test,123395.0,10103.32991983662,10025.164250855963
16521,test,84187.0,50824.74410219331,48146.61857502064
16522,test,130088.0,57248.78283377676,51310.396190874184
16523,test,43549.0,51068.122148721275,53479.69481322793
16524,test,35537.0,65264.15716087043,52728.94025410089
16525,test,5672.0,27622.875450464933,26858.94273135442
16526,test,9574.0,29339.09826322769,28491.643976975396
16527,test,11077.0,14518.278632858643,9937.306500662617
16528,test,14351.0,12773.823015495534,17253.93500347774
16529,test,12376.0,10503.072509910393,15408.96757696642
16530,test,9509.0,16438.233544090283,19354.963285265127
16531,test,29029.0,21886.790214488043,18834.5222106148
16532,test,19908.0,19997.322550364956,18810.698641710922
16533,test,12134.0,23801.49987286549,21006.28187699309
16534,test,17466.0,22453.11835867599,21360.710088889893
16535,test,18867.0,20282.568994871355,18677.764328618494
16536,test,82109.0,18369.25963504295,17145.481166573285
16537,test,106987.0,16689.908511568854,15265.162599028024
16538,test,135238.0,44888.31463049863,41916.24819386088
16539,test,174194.0,60870.20260920404,56280.72818652911
16540,test,145956.0,66525.21118731322,58796.354637611126
16541,test,62760.0,114534.30640586586,105992.42910184672
16542,test,63766.0,101265.29613476839,93134.91100720744
16543,test,54447.0,59259.672316988064,54546.48713565514
16544,test,62113.0,58964.658892049054,54458.546367516996
16545,test,49876.0,57627.4780579908,53457.38503472617
16546,test,63556.0,61326.36504954464,55129.33432208517
16547,test,78772.0,46570.196275058,41646.24373495476
16548,test,117355.0,55976.90111640851,51449.78924105552
16549,test,123254.0,59839.626546166226,53812.20305674917
16550,test,97019.0,78863.2094099742,71304.98492532808
16551,test,101054.0,82951.15652230028,72429.62084402116
16552,test,139653.0,75454.85467706724,66485.6263371565
16553,test,235339.0,78538.92934562569,67579.64548000669
16554,test,200063.0,84237.44225337447,69353.7141819093
16555,test,480764.0,153963.3435553132,144310.7111934461
16556,test,378845.0,149068.7704427749,137545.40694434746
16557,test,245887.0,359305.29234787164,340929.80746874807
16558,test,64338.0,293615.61153629184,279314.4346155701
16559,test,68488.0,183266.58529411437,149012.0247705851
16560,test,69327.0,64238.84602489954,56295.70940280901
16561,test,64091.0,64275.07321288058,59105.12601069348
16562,test,71251.0,64843.179866701365,59755.16210748937
16563,test,52109.0,58895.91508686276,57942.924364340004
16564,test,51452.0,57234.927379128276,55638.56513633835
16565,test,26705.0,41335.47962645007,39248.641410586046
16566,test,20475.0,42760.731330793875,41832.206897280594
16567,test,37316.0,30630.31203529304,30312.201926948575
16568,test,163076.0,30305.02565266564,30408.242958556602
16569,test,149067.0,38763.466232743165,36469.103285987774
16570,test,178942.0,108241.49933284165,103493.28328632655
16571,test,57745.0,107067.93050981531,98902.42744747466
16572,test,40312.0,117844.84878635845,97542.6999783835
16573,test,47216.0,56608.73777534841,48511.56959475255
16574,test,38941.0,43326.805850682984,36295.01880239689
16575,test,52721.0,42411.28570855619,36110.31299119949
16576,test,26915.0,38487.41564420393,33004.330899271066
16577,test,165888.0,57838.96096512585,55775.23035152031
16578,test,118718.0,32929.74430203356,30905.06520792525
16579,test,9393.0,109120.20331420405,104324.23344828388
16580,test,35230.0,81775.64855965339,72413.09912523354
16581,test,47648.0,25719.269347750596,24087.22244235965
16582,test,132983.0,41509.27434197652,37529.8045725124
16583,test,298560.0,41482.45047352375,37695.78014304408
16584,test,222921.0,78959.46545760061,70580.26990934322
16585,test,179205.0,191426.01134950647,178440.16288466094
16586,test,59740.0,148423.5041663913,137249.40174019197
16587,test,61509.0,121143.91155822511,112166.4661062855
16588,test,68904.0,62716.831747535194,56307.24452428429
16589,test,36156.0,58988.62678759414,55290.98592671139
16590,test,67257.0,61905.625483297415,55374.73264142045
16591,test,85962.0,39816.85634807186,36423.85670505019
16592,test,54879.0,58653.53791975416,54309.45782358974
16593,test,53282.0,76989.33523523934,67553.78096905656
16594,test,53442.0,62648.33366243863,56379.80382737119
16595,test,63755.0,58911.291153076934,55442.12511985447
16596,test,68911.0,58283.25190068963,54669.93128734311
16597,test,38485.0,58869.71370825829,54669.93128734311
16598,test,45540.0,58719.39785423741,54639.3041444637
16599,test,109317.0,39557.364178011165,35954.55375179912
16600,test,63164.0,43869.79919309361,40359.3391813402
16601,test,43973.0,78681.32343215606,71479.44295161674
16602,test,50184.0,57770.3422098855,53943.8630457863
16603,test,66169.0,44601.78472695042,40522.74212007528
16604,test,67302.0,44213.76022470692,39893.95837842579
16605,test,91633.0,59767.69264425328,53943.8630457863
16606,test,53524.0,58269.593614635654,54639.3041444637
16607,test,67788.0,74972.8512700958,66656.60618399277
16608,test,65608.0,61817.78504292683,56405.51302059744
16609,test,58476.0,62413.51679645366,57297.12391671958
16610,test,59846.0,60610.520174959136,55631.02728143413
16611,test,54128.0,56954.80851455535,53943.8630457863
16612,test,50004.0,57890.466740271906,54639.3041444637
16613,test,68004.0,56232.35735866173,52587.322127160834
16614,test,65565.0,43250.49360637127,40359.3391813402
16615,test,37675.0,56954.80851455535,53943.8630457863
16616,test,39452.0,55634.775205409234,53943.8630457863
16617,test,20897.0,38998.93541930061,35954.55375179912
16618,test,39278.0,43250.49360637127,40359.3391813402
16619,test,139456.0,30160.576400653546,29012.721850529382
16620,test,176165.0,42304.16571795976,38673.83306502265
16621,test,107502.0,77061.99135814873,69948.93652657823
16622,test,85549.0,111194.33982672964,106663.5124101376
16623,test,67799.0,77161.84120010666,73075.49138279329
16624,test,52971.0,73441.319992504,67607.29711034369
16625,test,50321.0,60951.439185557414,56424.46806904625
16626,test,18098.0,61952.75323216392,57151.88838845679
16627,test,37252.0,44118.444435706224,40687.0469393411
16628,test,27916.0,26931.41357527771,27574.820592166176
16629,test,26388.0,38588.69001117393,35428.25484419054
16630,test,51068.0,28219.171123614713,26523.03682372769
16631,test,43933.0,28913.57552250288,29088.53023482425
16632,test,45161.0,38777.45968078825,37211.60267599983
16633,test,70041.0,41266.45721984218,38375.45348227643
16634,test,69728.0,35537.07627402899,35499.63974104698
16635,test,63290.0,49528.85513164371,47859.762507734944
16636,test,61777.0,45654.95939286523,42717.28032606869
16637,test,72284.0,46942.120531055836,45185.84405177017
16638,test,89132.0,50664.23090624578,48033.979861143445
16639,test,96467.0,52823.417807651356,47664.01771291858
16640,test,81282.0,72790.53711218997,65641.40453597871
16641,test,54820.0,72200.3192863358,63160.412769696435
16642,test,59029.0,53756.366633995334,49875.047435421766
16643,test,75043.0,58486.85979912521,53337.35267191683
16644,test,121192.0,56156.35870380937,52223.89093757482
16645,test,165451.0,57946.27525682588,53807.12714335246
16646,test,87741.0,78920.93740635586,71298.25901080176
16647,test,44505.0,110101.95361712786,104728.7465530012
16648,test,55975.0,78303.78305393764,67607.29711034369
16649,test,61406.0,42711.5985774935,40462.952332886525
16650,test,100482.0,58762.98290173594,54779.57685348184
16651,test,114592.0,65658.6773225663,55490.014865699675
16652,test,95684.0,78920.93740635586,71298.25901080176
16653,test,42717.0,78920.93740635586,71298.25901080176
16654,test,29635.0,76774.70867252331,67607.29711034369
16655,test,10505.0,48825.37003000939,42215.272340883705
16656,test,6100.0,40719.386072420624,33619.00718903359
16657,test,8872.0,26109.811083004526,24112.85149707465
16658,test,24527.0,20870.885526786347,18653.8354434649
16659,test,27056.0,16336.493492621043,16642.307704418043
16660,test,68718.0,22023.134637579886,20723.697365138367
16661,test,119106.0,25341.386502521615,24321.129386638633
16662,test,62803.0,50395.3678847803,47355.84555582783
16663,test,6427.0,73860.69915574967,69397.0322623762
16664,test,24363.0,52137.74054628998,48033.979861143445
16665,test,10545.0,22203.80064597792,21444.4077073106
16666,test,11084.0,29268.501081442275,26851.240742264883
16667,test,27490.0,16819.256821893738,16064.892310603096
16668,test,18374.0,16681.529744477248,16309.025153528157
16669,test,12809.0,20034.212652856295,19701.268887644586
16670,test,18253.0,20725.83993806384,19639.687102725522
16671,test,6305.0,20495.119890288657,19166.59315735309
16672,test,18361.0,19976.43511400135,19442.843255137366
16673,test,14916.0,17024.822739023304,17219.588859962925
16674,test,24286.0,19237.98255963438,18916.531480553545
16675,test,9810.0,18281.126451971282,18385.38428221271
16676,test,14294.0,17621.1489429242,17045.16986945082
16677,test,15703.0,14786.340864519361,14778.667707944885
16678,test,11980.0,16750.011641458397,15307.960979370062
16679,test,13088.0,15145.982105278561,14778.856445340802
16680,test,28188.0,14618.10405930617,14374.587043230587
16681,test,22995.0,13802.639709771582,13690.85376169694
16682,test,70206.0,18499.464121908455,16665.670933498615
16683,test,10848.0,19650.641582260047,18210.055667086453
16684,test,11246.0,42419.33283157763,41640.310441215704
16685,test,12793.0,19394.15208391557,19771.78475539755
16686,test,22520.0,18352.17562847107,20674.890101789922
16687,test,13678.0,17449.881261518756,16673.572639366368
16688,test,10646.0,18007.81412495275,18490.31490516937
16689,test,92002.0,16639.563331862126,16962.616043393606
16690,test,141206.0,15690.832933721975,16622.367334876188
16691,test,19226.0,50119.51302114065,51352.891268366075
16692,test,14997.0,55484.57270415762,53672.050232461545
16693,test,10942.0,22150.87692622946,23020.78755600471
16694,test,38223.0,21111.032002658172,20742.32875323332
16695,test,21285.0,17037.08613445743,16168.383841452534
16696,test,16397.0,25729.67833700521,23221.538985760337
16697,test,12878.0,18536.679279632615,20475.074370457813
16698,test,13887.0,18327.71889543457,21095.469978755766
16699,test,37727.0,18130.766293459845,15560.84774377714
16700,test,51881.0,14798.804756989444,15920.998450903477
16701,test,111966.0,21956.691058042114,23370.3978185388
16702,test,86651.0,30784.055639273574,30965.464902351203
16703,test,73066.0,55521.99754131958,54569.873265196846
16704,test,79174.0,50165.01008855906,49148.228048248675
16705,test,70771.0,42793.22586569593,40965.85255168325
16706,test,54664.0,44263.18964707594,44188.30450819848
16707,test,121936.0,45725.901667755264,44588.67387355171
16708,test,129439.0,49388.57986623554,48343.038226595694
16709,test,35465.0,66907.62751201086,64864.454336021925
16710,test,121327.0,61757.96857787117,66493.65246001094
16711,test,84798.0,34760.96492849015,34937.89575813814
16712,test,239585.0,72045.72544300926,72186.67826557065
16713,test,227039.0,52170.439747554694,60564.4914833229
16714,test,94529.0,143855.24733506353,146394.9759786179
16715,test,115376.0,140478.02801758357,130104.35510684922
16716,test,106511.0,78321.06292071137,63535.61396567309
16717,test,122911.0,87529.38412441807,63769.02128609099
16718,test,251990.0,87529.38412441807,63769.02128609099
16719,test,235527.0,83978.37061598964,69010.99808006556
16720,test,207810.0,160734.7894839664,143564.94936642607
16721,test,174784.0,159478.72707578822,143564.94936642607
16722,test,67573.0,131256.66261348315,130104.35510684922
16723,test,89068.0,116305.78451600674,107567.53358843173
16724,test,129506.0,63011.927868589366,52080.97698865827
16725,test,106180.0,79888.78653461029,64354.70905884305
16726,test,118141.0,82591.59810785859,65827.40816511872
16727,test,101015.0,84410.32749443744,67798.87127206725
16728,test,93758.0,63449.61359704162,54748.85879525898
16729,test,96560.0,65235.73373173924,54052.023326474984
16730,test,93026.0,58449.1821109006,50384.77714278464
16731,test,115041.0,79361.27499931984,62394.58017854989
16732,test,113770.0,79179.66549658861,67316.12382392769
16733,test,116891.0,68754.44396588847,66703.48483824792
16734,test,130844.0,75903.4389922511,72186.67826557065
16735,test,123282.0,52697.28247861591,69135.36812838938
16736,test,133153.0,65874.03149439428,70191.29211638395
16737,test,54101.0,55483.4021966879,64840.05339931307
16738,test,15711.0,53086.06619762494,69028.13316972341
16739,test,15573.0,34288.20741833843,49745.05711292705
16740,test,10249.0,2933.248778993197,6845.342945245052
16741,test,0.0,3360.667886164532,7998.843641646984
16742,test,47466.0,2731.931225464231,4715.651918085581
16743,test,122806.0,91.00739034647573,133.03959864063464
16744,test,107065.0,12677.905286897847,11829.53537045756
16745,test,99185.0,49182.244121009884,38821.29388938682
16746,test,150032.0,48002.70406687829,34573.4959384252
16747,test,194610.0,56865.6048551955,33199.884587665874
16748,test,123081.0,54644.44014766087,36761.41207399019
16749,test,138463.0,190892.00732192738,70129.98929813223
16750,test,122695.0,104787.20515484807,37148.48071305082
16751,test,114305.0,92105.31032453306,25914.934699665333
16752,test,115616.0,94969.19204500495,29343.91920900247
16753,test,118184.0,72121.70023881056,33141.407649546374
16754,test,145601.0,44446.69419002778,35697.58457722683
16755,test,164709.0,66280.44953320581,48956.88500972741
16756,test,147092.0,104818.01725667139,72776.52605555214
16757,test,145046.0,114688.78679563166,84920.35180112782
16758,test,133010.0,114688.78679563166,86113.93197774548
16759,test,118366.0,99426.06412231633,63837.65071950673
16760,test,102906.0,85835.69337816631,59854.7856009221
16761,test,102333.0,69859.59440274509,55435.92174635766
16762,test,91735.0,69805.21316885472,53848.590678179025
16763,test,12667.0,67070.28576608008,49758.311993992065
16764,test,0.0,70302.42461737127,50215.3201622141
16765,test,0.0,2538.9471870168777,1738.6530098459737
16766,test,0.0,60.75833411389699,52.58338286849337
16767,test,0.0,50.90343013383445,12.552710489359868
16768,test,0.0,13.516795984621684,10.796204341612558
16769,test,0.0,9.985803588584668,8.732684784663213
16770,test,0.0,9.642488292372462,12.720935016237513
16771,test,0.0,11.326654388145908,17.610519801729975
16772,test,0.0,6.815622664888598,19.476341920862435
16773,test,0.0,7.118484135405396,3.209493461011088
16774,test,168.0,3.187386617085677,2.7737789387557816
16775,test,559.0,1.6948489919146814,1.783639494688508
16776,test,131562.0,2.268840527034016,2.4655811155888387
16777,test,84876.0,0.5489026657589922,0.7798024050027836
16778,test,2558.0,14898.930258009696,3504.534007684386
16779,test,59751.0,13032.191716331865,5469.399386822074
16780,test,127832.0,154.70539507653714,272.13750267440116
16781,test,31007.0,14784.54071171086,6803.74853179811
16782,test,0.0,15528.293935599584,3010.8405258298894
16783,test,948.0,5554.161723433776,900.6144124624802
16784,test,1957.0,12.81416110804787,34.95281986695129
16785,test,0.0,18.313446496354864,66.65157252402376
16786,test,0.0,50.11994663498328,524.8716178039181
16787,test,25617.0,11.073474425422779,88.46549435797482
16788,test,120363.0,6.2368537694787625,33.65445854377495
16789,test,70928.0,1453.9989157736654,543.9128360242232
16790,test,0.0,32227.412806616463,5931.535553236506
16791,test,928.0,19060.640457778285,3653.6288956769795
16792,test,0.0,15.40968368169014,23.266261561351087
16793,test,1418.0,29.882399514343092,92.53861392027216
16794,test,1355.0,8.092602119152147,66.89172989719577
16795,test,640.0,41.048982100638064,145.92588529004237
16796,test,0.0,43.92984570780481,119.56732818699479
16797,test,0.0,14.280253491385125,81.66751362797812
16798,test,1094.0,7.465566030933923,60.483131957001405
16799,test,1530.0,11.773677174723536,42.02588582899964
16800,test,2093.0,16.887632027847264,39.51454724477572
16801,test,1414.0,28.3177657959447,52.66860430095596
16802,test,2432.0,64.921582799391,210.46111980456732
16803,test,3742.0,120.74462869985766,181.568972710492
16804,test,88979.0,181.4664708504277,565.4963967945552
16805,test,130269.0,490.24141343333554,1084.7964792167984
16806,test,1438.0,18008.777325811265,12703.74410145861
16807,test,2378.0,25917.315519932512,15071.02247435373
16808,test,1145.0,1430.4554704412042,926.6613515541138
16809,test,111.0,5214.023047993236,3415.140142373895
16810,test,705.0,1333.6978610402978,1571.4089467207714
16811,test,1749.0,1508.6412416102628,1400.3134374613637
16812,test,801.0,1438.2480727271488,1409.7045454848883
16813,test,1121.0,2174.399816958192,2199.4690471293675
16814,test,4166.0,1758.8495193079118,1116.8151895856515
16815,test,135538.0,1279.0983167944698,1380.0994428830622
16816,test,90932.0,5053.917515606383,2510.11153717771
16817,test,8687.0,42778.58436686208,41471.95080265693
16818,test,6419.0,44720.99597311651,39794.31910289003
16819,test,3739.0,17692.267409403994,14447.664392804227
16820,test,11996.0,19247.92969616498,18226.44675576068
16821,test,30285.0,9671.80810475796,6189.133139636009
16822,test,148447.0,11563.891237450143,12823.764550740421
16823,test,67857.0,20530.251533281407,20617.62953577715
16824,test,138833.0,65420.746766126395,73916.30125936161
16825,test,115908.0,34859.713490551614,42685.61387712944
16826,test,26842.0,59022.53005269411,62209.69421372881
16827,test,21895.0,78807.71702059859,67602.20484333436
16828,test,17544.0,30025.407487761513,30891.866647726674
16829,test,15098.0,26918.54747321745,30046.1475064805
16830,test,31033.0,21321.7552217189,22337.469518006856
16831,test,31638.0,18415.20230605713,19958.41557054872
16832,test,33581.0,29765.518631155817,29069.332653201353
16833,test,263690.0,30835.274685982593,32401.05818097693
16834,test,181277.0,34678.7005425669,33709.26688705456
16835,test,58843.0,142390.3375115098,144062.077583478
16836,test,16960.0,130871.17722024188,131464.158106599
16837,test,23225.0,59621.26303578147,56304.8937612911
16838,test,25197.0,29240.998753969405,28359.942153181975
16839,test,36739.0,29434.303144528145,28083.1816323661
16840,test,53132.0,25097.4106051374,25599.486698616514
16841,test,69964.0,35124.33084320978,33469.802866087324
16842,test,120596.0,56765.21453569631,51578.46381739661
16843,test,293876.0,56765.21453569631,52317.0646142577
16844,test,249160.0,70493.02286462608,67221.40075990344
16845,test,59432.0,178951.11657703755,169493.38042208258
16846,test,70766.0,145031.22171199435,146855.23897727372
16847,test,69010.0,56284.87376865036,53274.60812859391
16848,test,69989.0,54403.912190826835,53274.60812859391
16849,test,66248.0,51798.684602357105,51384.417761447636
16850,test,59563.0,54761.52686640744,51384.417761447636
16851,test,88487.0,54761.52686640744,51958.63359383097
16852,test,176088.0,57346.27145010457,52303.50398983763
16853,test,153382.0,71964.61059244974,65462.8766020619
16854,test,59398.0,109040.09590969002,108027.1340987178
16855,test,63065.0,114894.42467705664,102697.49324809058
16856,test,74159.0,66799.27324636202,54807.6820915211
16857,test,73533.0,61350.01511096557,55252.67534611172
16858,test,63562.0,53240.22796782003,52997.161305988724
16859,test,61569.0,53681.568101485136,53615.392978963886
16860,test,63438.0,50986.61878163432,51989.357310320614
16861,test,65562.0,55785.1888666778,51327.6437314041
16862,test,196342.0,53848.39270071422,51327.6437314041
16863,test,168985.0,53826.20422928739,51964.15169376387
16864,test,116677.0,111157.27759789179,131326.8098022646
16865,test,218669.0,96530.62080380315,103530.91048433995
16866,test,123328.0,67944.78437434178,70162.2718335873
16867,test,82453.0,151934.6130026235,137200.9748692932
16868,test,32695.0,78098.02556350312,71850.06762828419
16869,test,67045.0,57307.28108099737,55007.795498201565
16870,test,86528.0,40579.67435065664,36663.690420635074
16871,test,82702.0,56043.35445944956,56728.23498345633
16872,test,70366.0,80721.16054053087,65994.79089435066
16873,test,73200.0,58416.200487516384,55078.68031975337
16874,test,78641.0,63091.837567317925,56728.23498345633
16875,test,78496.0,58328.24740786711,54307.66438112275
16876,test,93868.0,47447.450977242544,52028.2097008236
16877,test,117284.0,52524.15324966569,52698.954767447394
16878,test,98399.0,68951.74626291127,67068.54757552862
16879,test,74934.0,77193.16861382134,71921.18928519807
16880,test,71736.0,72376.08694335479,67068.54757552862
16881,test,68488.0,55650.013867496076,53233.07806281239
16882,test,89011.0,57201.91091154593,54277.24018339236
16883,test,70090.0,55549.46432689129,52698.954767447394
16884,test,77149.0,67519.02800857819,65118.32058889775
16885,test,81847.0,55549.46432689129,52698.954767447394
16886,test,203116.0,57201.91091154593,54277.24018339236
16887,test,170140.0,55549.46432689129,52698.954767447394
16888,test,69388.0,140495.87037745793,135426.6203187323
16889,test,69857.0,121281.33471760814,109533.46729732832
16890,test,93033.0,59884.10025845052,53586.40729769659
16891,test,69071.0,56557.90915569619,54277.24018339236
16892,test,72152.0,69163.7946367697,64367.45272416699
16893,test,85995.0,53948.35269720821,52698.954767447394
16894,test,87199.0,55553.171391148,54277.24018339236
16895,test,79582.0,71131.15084218043,64289.50653735559
16896,test,75583.0,65738.41708095788,64289.50653735559
16897,test,60157.0,53972.30506076196,54277.24018339236
16898,test,77040.0,53099.97327003743,53586.40729769659
16899,test,72839.0,58399.84149674056,54277.24018339236
16900,test,80404.0,55807.85304071306,52091.29021951003
16901,test,83794.0,55398.36557093091,52698.954767447394
16902,test,45344.0,57046.317456463636,54277.24018339236
16903,test,34673.0,72299.69508348267,65118.32058889775
16904,test,37234.0,40323.182305202165,40091.89879089977
16905,test,49502.0,40369.02549781485,36176.75766360888
16906,test,77879.0,38705.56037057451,34241.49089671817
16907,test,133091.0,43476.62469389278,39427.92666999931
16908,test,126658.0,58505.17437548658,53945.08970819401
16909,test,95379.0,73665.95729858316,68431.01148231683
16910,test,90699.0,75857.31093468615,70480.44864375124
16911,test,35692.0,69042.7172325076,65725.01473877995
16912,test,35550.0,68435.87191913318,65206.437173101185
16913,test,38084.0,37361.74238158284,35625.766991964134
16914,test,25038.0,34557.226163651394,35625.766991964134
16915,test,16487.0,32198.800038679972,32612.849348022017
16916,test,25423.0,26510.67131198764,24432.772370521983
16917,test,18628.0,22513.908459347535,21334.234351241732
16918,test,26778.0,21400.079331768877,21640.002724874303
16919,test,35227.0,18725.03027524653,18819.949465937298
16920,test,20315.0,21400.079331768877,21640.002724874303
16921,test,22731.0,26763.266940182166,24427.782587179267
16922,test,21948.0,20750.224896755546,20487.43832350073
16923,test,31431.0,21610.213963007813,20960.958166599914
16924,test,22504.0,18551.592379698322,17961.524430539477
16925,test,18891.0,25018.409703535577,21825.49087658302
16926,test,16714.0,19875.41951796015,19636.28540340543
16927,test,18160.0,17718.689204439892,17637.306731427878
16928,test,19352.0,15920.442488411607,15659.392742781265
16929,test,25340.0,14811.108781549943,14568.24779502269
16930,test,22445.0,15800.745231444564,15606.345539623026
16931,test,15193.0,18194.850843042957,18005.881248605132
16932,test,19834.0,18486.321406448176,17938.615835160996
16933,test,17632.0,15703.732981482204,16149.84451697116
16934,test,14845.0,16725.04646564994,16358.218909329433
16935,test,16773.0,14945.506882582738,14350.282693214778
16936,test,15579.0,14525.64260206338,13947.341981688322
16937,test,23066.0,14945.506882582738,14350.282693214778
16938,test,15539.0,14525.64260206338,13947.341981688322
16939,test,28806.0,15944.122827668776,15372.849843252388
16940,test,18251.0,14767.131275475216,14383.586369186642
16941,test,25802.0,18114.185302495163,17736.48699024568
16942,test,24273.0,16629.861657011494,16112.451540999507
16943,test,23577.0,19386.138706257836,18574.03471012114
16944,test,17356.0,16775.53395055143,16352.276847579182
16945,test,2460.0,17496.650333776393,16514.929363165993
16946,test,7003.0,15724.848139763777,15264.564669412921
16947,test,2699.0,9434.065791499623,8441.899790480193
16948,test,485.0,11100.191898257075,10637.085257394654
16949,test,5194.0,8054.765522105333,6794.767317269907
16950,test,12377.0,6100.804825805753,5598.402155207118
16951,test,3545.0,5720.006696375887,3603.2320936946726
16952,test,4425.0,8709.883775133801,7136.027123772192
16953,test,3644.0,9023.620209799426,8273.4963369068
16954,test,6285.0,7996.048619588392,6232.186314426755
16955,test,2493.0,6097.841899989036,3635.149624002401
16956,test,1833.0,6558.422203459876,4074.6486994722864
16957,test,13454.0,5497.473052228484,4783.945554599407
16958,test,829.0,3900.455018538442,3250.9459697926086
16959,test,11028.0,6167.852718945547,3242.6829443520173
16960,test,37478.0,4973.66655238024,3500.1771519579584
16961,test,35713.0,6471.46867368259,6239.822184989165
16962,test,28704.0,15797.49293935433,12888.385980400371
16963,test,33595.0,20304.684338316405,15542.832870555847
16964,test,35844.0,17892.563787796273,16619.49748653435
16965,test,28405.0,17599.874198937847,12982.00318581176
16966,test,36918.0,23028.209630574973,19880.070762892832
16967,test,35457.0,21375.482421763038,19199.02218761072
16968,test,36193.0,22372.98068253204,21190.08219636695
16969,test,49225.0,23896.822821645314,21764.234757414575
16970,test,32023.0,23394.799591876406,21128.68445595485
16971,test,24572.0,26560.48502603279,25610.506586874042
16972,test,17674.0,24800.226002205352,19725.964068291174
16973,test,10061.0,20910.60040754672,18686.852668121755
16974,test,14171.0,17666.375520160058,16488.300009466482
16975,test,2466.0,12615.041081660836,13536.494393446132
16976,test,29627.0,13076.721195026588,13739.003334254325
16977,test,30536.0,7675.999266773338,7394.192748115767
16978,test,27045.0,13559.550977279561,16710.812096304886
16979,test,34753.0,16544.646816531258,21307.482912004372
16980,test,30147.0,23122.497305972716,19014.078359949523
16981,test,43288.0,25764.955782172747,20663.516050196245
16982,test,35457.0,22209.291491312764,16360.706299952803
16983,test,33061.0,26484.310883576338,24085.857621762614
16984,test,46549.0,23307.22356861227,18945.63463629182
16985,test,27649.0,22649.894185918885,17241.87375128457
16986,test,146053.0,25119.169931769382,20673.00911732766
16987,test,90797.0,17840.081511258857,15621.77733317426
16988,test,123803.0,56988.03631375422,54230.942017007925
16989,test,123403.0,48885.75949632961,38283.56521404207
16990,test,134875.0,66135.43140054804,51998.433136516
16991,test,54285.0,65993.02103896321,51998.433136516
16992,test,0.0,63394.150393859105,54991.60439504684
16993,test,800.0,45699.331921842655,35798.806797634985
16994,test,5957.0,2370.9592285159592,2142.4112567262823
16995,test,6427.0,4036.932765900368,3404.43205645463
16996,test,11516.0,3506.02095040175,3251.5653076981625
16997,test,655.0,9911.73691258994,7847.626167752312
16998,test,1401.0,10445.549347098598,12208.944093144913
16999,test,3169.0,1233.959351479561,1512.796647487562
17000,test,764.0,1119.791017822415,705.324968473425
17001,test,8900.0,1677.9137939894933,784.9231338434906
17002,test,8188.0,488.152685646741,181.93933724280598
17003,test,2215.0,7479.538338155358,3453.506795968117
17004,test,3538.0,3918.5208730934814,4532.615300497864
17005,test,3866.0,1928.7575641592393,3238.2198102594275
17006,test,5382.0,1800.8192655247553,1568.549753829596
17007,test,1945.0,1562.9334629015652,1088.7304009555496
17008,test,7988.0,2929.5798733814336,1942.9589532417126
17009,test,3492.0,1447.0225962533943,1147.5257978073857
17010,test,12150.0,1471.5170998389626,1082.2150227873199
17011,test,149825.0,1357.8261841727697,799.5577311751329
17012,test,143365.0,1190.131597228034,3317.629953166682
17013,test,94308.0,26102.93373979108,38065.86497884833
17014,test,69301.0,29088.548414511966,33702.735888358846
17015,test,5480.0,42892.73499060221,33271.76906174409
17016,test,659.0,18187.60579095212,16162.092885316633
17017,test,12945.0,9710.386626371315,7751.963611260414
17018,test,459.0,1338.6992405284993,1871.8029162141086
17019,test,1123.0,3143.789997009771,3189.2082374718316
17020,test,8131.0,765.6002781378724,487.3972191186933
17021,test,1115.0,755.0607074191336,346.87950266665126
17022,test,1325.0,1216.7814796895964,1029.4396821853252
17023,test,0.0,321.29562860961977,582.3058603094362
17024,test,0.0,216.86441990473105,218.01745001185552
17025,test,0.0,51.36211157452333,62.987449523731584
17026,test,0.0,41.27917025403935,34.68714187632636
17027,test,4503.0,7.4330393513092865,14.898471449700898
17028,test,5309.0,7.725764403155967,19.307019317605512
17029,test,0.0,150.00440038552352,217.5190564218386
17030,test,0.0,135.88298381180388,85.03858126364358
17031,test,3107.0,28.308778862200093,65.62028057343007
17032,test,7267.0,20.91645776325034,13.367214238055325
17033,test,0.0,88.11564953788056,35.713337255861404
17034,test,78199.0,67.12519639126131,29.1100061479083
17035,test,121518.0,47.76800910129903,25.48559057366974
17036,test,94890.0,5077.351100678271,1266.1921513855493
17037,test,91283.0,7403.11217440257,916.8389663140807
17038,test,39162.0,10346.849162164492,776.416157723067
17039,test,0.0,21487.698548930108,18318.399108993093
17040,test,0.0,9285.73223662928,5949.48843887406
17041,test,0.0,21.490375703733825,8.248221601134567
17042,test,0.0,20.767078564671195,7.029070981519926
17043,test,4266.0,2.909433044697366,3.9026457225918536
17044,test,0.0,2.8066201939816664,3.9026457225918536
17045,test,0.0,119.69354379389569,77.30750485596856
17046,test,0.0,9.272981929569967,7.236543918790883
17047,test,0.0,6.005278841843858,7.080603712944754
17048,test,0.0,3.069804800853439,9.185617721446818
17049,test,0.0,1.8165499635596989,1.3026838890795345
17050,test,0.0,2.2598893379046543,0.41874700455712865
17051,test,0.0,2.5162751897396545,0.34152388763811276
17052,test,3196.0,3.641371141468732,0.8886554794907122
17053,test,0.0,6.542684040092769,1.9463467172705022
17054,test,0.0,29.073526393030864,11.071577969345404
17055,test,0.0,21.472709578117243,4.64886161749921
17056,test,0.0,17.125368978278704,6.036116306406166
17057,test,3683.0,4.660980300725637,1.5108359400308724
17058,test,132529.0,4.306874434559515,1.3319651991741424
17059,test,138441.0,31.85393948115884,14.199933890622068
17060,test,125917.0,11912.188551664094,1320.2796981979948
17061,test,34707.0,8468.489998368552,939.1108844205654
17062,test,5476.0,8819.244079562235,935.4835096806756
17063,test,0.0,2176.719428516097,134.9693066654018
17064,test,5248.0,212.17541902899887,69.46941697195021
17065,test,11007.0,19.9257503043513,25.967358861450354
17066,test,0.0,32.117853288170245,64.09708572440444
17067,test,0.0,86.28026723623971,185.40922168924
17068,test,0.0,10.105306387786161,69.00317311843447
17069,test,0.0,2.6725120517789054,7.045327593728301
17070,test,0.0,0.9369055948736047,20.777446041220266
17071,test,0.0,3.2208913232062653,10.93237854929116
17072,test,0.0,3.08372337188157,8.892314886308943
17073,test,0.0,2.665011553065463,17.18881410413094
17074,test,0.0,2.230966901699339,3.849767272209549
17075,test,5168.0,2.763270215510186,2.4111609492040325
17076,test,4817.0,2.315996126468007,7.025619819292842
17077,test,0.0,21.282535327917657,18.515361738521033
17078,test,0.0,21.721203675183904,20.210815339556593
17079,test,0.0,20.15070427352823,25.35773097975573
17080,test,13817.0,34.76259739087494,16.859959492231926
17081,test,88402.0,8.500962270145003,13.270426586062952
17082,test,55933.0,46.722790523836494,38.9803071568013
17083,test,80780.0,6705.543245266123,1061.0782727406342
17084,test,114140.0,5427.674736883179,862.4693762709288
17085,test,71934.0,3667.475339032181,825.8636757554563
17086,test,0.0,6357.787354493245,8581.46222715723
17087,test,0.0,8599.85982351497,3201.845840179219
17088,test,0.0,119.22124654001047,63.602238538850386
17089,test,0.0,132.58953087232567,74.3708372189522
17090,test,0.0,6.651974399695014,6.699093361390458
17091,test,0.0,6.792163851771476,7.950637578338295
17092,test,0.0,7.962782089350668,6.881778110510083
17093,test,94839.0,4.406809468702257,9.912980305628714
17094,test,122928.0,9.035903965246316,5.71743998211446
17095,test,115720.0,11321.354526102465,7843.746266962537
17096,test,91803.0,11538.602512882466,7672.083072522796
17097,test,59782.0,12373.411992741569,5565.349279166004
17098,test,134465.0,9910.922681895296,4965.596880071701
17099,test,119007.0,11599.553265359655,3976.821393424254
17100,test,116965.0,29412.482569975036,6788.022622522304
17101,test,0.0,33209.09332193741,15028.616102410939
17102,test,3939.0,24639.987035213464,16192.426341233933
17103,test,0.0,759.8030791243551,937.201786905059
17104,test,396.0,6624.182239862299,3130.4452466874577
17105,test,0.0,310.48648631915194,905.348391757855
17106,test,0.0,906.0451550551101,1251.6950348281089
17107,test,0.0,85.6859364645441,173.82570681313297
17108,test,0.0,273.1557957623748,618.8447263984685
17109,test,0.0,28.484531434736454,46.17332020288309
17110,test,64.0,25.279787351366508,46.17332020288309
17111,test,0.0,25.279787351366508,41.807219023969616
17112,test,0.0,137.43160549025015,161.61149452571965
17113,test,847.0,69.91144009744501,47.76437369300074
17114,test,398.0,149.28535726921922,129.43646438800005
17115,test,43598.0,329.1433682655374,860.9262351958757
17116,test,168875.0,544.3356167819393,1404.7148163842962
17117,test,118666.0,11394.449627422982,7570.812128097947
17118,test,165705.0,24711.316520553803,14214.695566567236
17119,test,79652.0,13032.005055501484,10595.610986723148
17120,test,132317.0,27120.446911390143,18514.570270257533
17121,test,148632.0,13213.265527052681,12256.053218119478
17122,test,116807.0,23252.857692037076,18727.522358129067
17123,test,117534.0,32314.39236670485,26419.63740422284
17124,test,76489.0,21764.759001405484,20358.20512049629
17125,test,6740.0,19914.69408151462,20585.71281478422
17126,test,0.0,21546.411511325598,15336.03644806324
17127,test,2253.0,9372.687431126446,9437.890464800155
17128,test,5442.0,2611.255218093116,2264.2142529076314
17129,test,3092.0,4872.054313755253,4288.53027229598
17130,test,6269.0,3898.529654754333,5143.125738270953
17131,test,0.0,7396.0849765691555,5519.314810354268
17132,test,73144.0,10700.63142534982,8351.215873668843
17133,test,108082.0,2943.711597541981,3474.2358476925683
17134,test,105862.0,17705.399453302252,17157.762084242855
17135,test,5057.0,23728.03577075408,20588.868577224428
17136,test,46144.0,21849.514334209973,18610.35635178761
17137,test,117987.0,9661.495621803857,8202.186978527383
17138,test,66883.0,15600.724180333851,18044.752424799284
17139,test,29999.0,19160.624307681945,30278.239502847922
17140,test,68461.0,19790.943244486993,16453.38254593089
17141,test,135148.0,19718.658781495396,13046.468140387353
17142,test,139131.0,23388.744046803804,19699.397187852166
17143,test,128805.0,24612.126668069093,24058.71441438392
17144,test,59144.0,21029.096904316477,23314.763593357406
17145,test,136004.0,25251.352574547447,24574.737029577114
17146,test,146694.0,24554.71620407121,16255.819454947003
17147,test,103540.0,23575.48394890496,21820.326077832564
17148,test,48308.0,30713.28603936936,29118.296714027543
17149,test,106227.0,23536.175922297527,22101.640110816305
17150,test,147123.0,23452.979225550527,16891.99904944634
17151,test,66284.0,32508.556333550503,21820.326077832564
17152,test,145933.0,43508.48831040709,32097.513313757314
17153,test,87080.0,25731.83875806725,16980.39590528901
17154,test,10603.0,46071.97746388456,27983.971584419585
17155,test,3491.0,31027.81112720938,20141.63512992824
17156,test,0.0,15291.496495099987,11330.13264678562
17157,test,8422.0,8234.217147394736,8692.666567254286
17158,test,2760.0,5153.223921195758,5736.076482288866
17159,test,29326.0,6110.068182981311,8664.494169221192
17160,test,65920.0,8384.07781867298,6734.663710128119
17161,test,109406.0,15448.575912969209,16334.935072395756
17162,test,112763.0,19715.498776695138,20707.052177723974
17163,test,78947.0,17599.89829788254,22127.406028021895
17164,test,189696.0,26161.0125419561,25869.219683476236
17165,test,289028.0,19171.421404073917,16053.96159742446
17166,test,200000.0,56488.64143001772,42665.86824457665
17167,test,170147.0,69735.88173712847,72232.89444597455
17168,test,246805.0,64464.2528287745,55342.94590524643
17169,test,160091.0,43424.35782716165,44191.71262551509
17170,test,114658.0,68952.39649215875,60364.6114444066
17171,test,28477.0,40571.09753639531,44191.71262551509
17172,test,1809.0,27489.25326647993,29973.939978303304
17173,test,7183.0,15244.12116548338,12515.283213761122
17174,test,4048.0,7935.522131711605,7953.855781175445
17175,test,7385.0,11390.911441973942,13343.53532359985
17176,test,5117.0,6601.0674527656165,6876.269593805257
17177,test,17168.0,9500.55023715234,10995.29087070665
17178,test,14607.0,8014.1456502785895,8546.923193689125
17179,test,19530.0,10856.601964176401,11855.692977848921
17180,test,94456.0,14365.782300441246,13658.94777978415
17181,test,134697.0,14658.011773193295,13767.53512739486
17182,test,129934.0,25500.801782801227,29385.38271669488
17183,test,112799.0,23149.954101686017,23273.3075216863
17184,test,155360.0,23896.349641771554,23983.364440753416
17185,test,166695.0,21414.46010311596,23256.472649906656
17186,test,297259.0,43848.26916024515,33413.52450016139
17187,test,167063.0,46014.171683418564,44191.71262551509
17188,test,121089.0,83572.79104135462,73164.11228728447
17189,test,121732.0,50871.81491681525,44191.71262551509
17190,test,17941.0,29719.298415948095,30391.238514415065
17191,test,100867.0,25385.7848243906,22955.51508320232
17192,test,82562.0,15758.524123761094,12598.536719710099
17193,test,135065.0,26780.162776609628,23405.796638602213
17194,test,136506.0,24516.118692647946,19934.229061663318
17195,test,9765.0,30809.39156156994,23405.796638602213
17196,test,82304.0,27187.746111738812,23232.621944522594
17197,test,137433.0,16551.529679707004,10874.241587754668
17198,test,100587.0,31108.008248245686,17307.975443994404
17199,test,7896.0,32504.441263994675,26559.834943117537
17200,test,7241.0,24351.954885449988,24270.57029904029
17201,test,99400.0,11862.580595485937,11157.558424646135
17202,test,144125.0,11813.602375032306,13364.186851891633
17203,test,144300.0,22747.98082594642,28062.84180259601
17204,test,150559.0,36595.19556040391,38177.054883745215
17205,test,46367.0,46218.019152400906,35498.21818761824
17206,test,2148.0,56276.58992535996,47809.74973049703
17207,test,16869.0,21513.619572148767,18029.74010933763
17208,test,109782.0,14284.802084136807,9900.903350076554
17209,test,117907.0,20224.795336892712,18821.095295567306
17210,test,68476.0,60665.838881108815,59223.57403557852
17211,test,4213.0,64215.35062879534,50296.86679099449
17212,test,4000.0,40522.69758806095,32639.805465335874
17213,test,111571.0,12806.16459610737,8718.74604328983
17214,test,150083.0,19338.03514964835,11860.924599577613
17215,test,157150.0,80169.18287363436,60977.86356007488
17216,test,89020.0,99727.78877329304,72477.3776574057
17217,test,80897.0,110690.81669930523,103323.60382375828
17218,test,5048.0,46537.89774513483,40709.96373615868
17219,test,81490.0,33912.52958988788,30198.352526370087
17220,test,128217.0,13397.754375242675,12284.871864918157
17221,test,147855.0,37601.03623918003,43488.07541048093
17222,test,126515.0,51424.81677831416,51369.504176453265
17223,test,119064.0,90577.60828757384,75545.10193014676
17224,test,124491.0,55869.78370308625,50524.08897560445
17225,test,11563.0,49270.45699282053,44812.386106629136
17226,test,2526.0,63554.77905494151,53665.613469391355
17227,test,5914.0,14359.584521360586,13751.461259160873
17228,test,10818.0,8894.352671831984,10369.104191625602
17229,test,0.0,9601.696640675103,11648.496601069468
17230,test,145798.0,13275.481608338412,12755.162726166336
17231,test,147831.0,6157.609324713766,6667.781897966726
17232,test,142320.0,94532.39906771539,78752.7731869482
17233,test,127517.0,123159.6866236713,63702.63471067532
17234,test,38530.0,110786.49599208347,87197.04234781269
17235,test,4562.0,66245.90279660585,66808.53413554822
17236,test,10138.0,17193.186392355346,16259.980763832658
17237,test,15910.0,15048.250063342219,11674.19346417424
17238,test,5841.0,16989.86351962652,14229.301550047268
17239,test,0.0,13220.985260757472,15069.424087605896
17240,test,4090.0,12526.657262587822,11575.154038109547
17241,test,5921.0,7445.068458926047,4368.605958718921
17242,test,5992.0,6704.785669280594,6906.264284607607
17243,test,3803.0,13254.181250610483,9238.418670714556
17244,test,103.0,10631.71413142462,8254.604179949038
17245,test,5553.0,6780.163069059376,6845.488241916949
17246,test,3413.0,5233.431351389895,2947.978524496931
17247,test,25716.0,2923.601082448278,2795.8512540478755
17248,test,108986.0,6148.055269691499,4287.464926330907
17249,test,100305.0,11175.339107272295,10703.320812990727
17250,test,50724.0,43592.314645761864,40252.305171493506
17251,test,1322.0,35045.54307461221,23849.478402631135
17252,test,2512.0,24687.921640657823,21557.48292516414
17253,test,6270.0,7131.776787087494,4343.165061453552
17254,test,4683.0,11091.212269286567,8259.975989517885
17255,test,7740.0,10285.556182395283,8903.729216573405
17256,test,6522.0,9186.724679177987,7797.972338286902
17257,test,5400.0,8959.965570046665,10798.493872152321
17258,test,9557.0,9189.286940126474,8588.70057291866
17259,test,3871.0,8003.965039947178,7940.741789331473
17260,test,15744.0,12596.98907624346,11212.423714545519
17261,test,0.0,6535.414927654004,6920.009059337158
17262,test,11125.0,12258.572921489134,12057.591589202128
17263,test,16047.0,4627.245924951368,4072.9041797790883
17264,test,26878.0,5746.804741136851,4645.697314594827
17265,test,126435.0,9624.342706751957,6474.815463863814
17266,test,128300.0,8638.313901558502,10988.783452133997
17267,test,20037.0,47195.1551204858,50990.35786281289
17268,test,2839.0,29901.35975203044,32355.043190927234
17269,test,5682.0,20794.769455271624,16026.745826984832
17270,test,11281.0,10822.834738137435,8481.442532928311
17271,test,7905.0,11531.538069376007,9580.046029194607
17272,test,2057.0,8145.995630931237,9685.428755445851
17273,test,320.0,9026.33548522095,11382.73454729761
17274,test,3436.0,7160.324061921565,6709.440726161982
17275,test,4655.0,3886.087472844707,2266.3628114192547
17276,test,1816.0,3120.510078017567,2413.771731123741
17277,test,0.0,6608.271210093941,2937.701278973947
17278,test,2361.0,6809.273643094886,4445.343021751555
17279,test,1097.0,1130.9790008328905,732.8354781527066
17280,test,2879.0,1245.0725415433678,1771.426057557154
17281,test,0.0,1184.1287858161352,1838.5810943393708
17282,test,3817.0,956.709710086519,1708.7471777366245
17283,test,688.0,581.4123919785433,727.3200516235477
17284,test,759.0,958.8476793668458,1053.8913873370927
17285,test,0.0,235.83368518572505,493.77639542379546
17286,test,1469.0,335.5886939609152,256.5798790416421
17287,test,0.0,282.0052837085335,144.2410804696974
17288,test,7572.0,299.1265479992171,181.87516811193072
17289,test,13589.0,185.85403905426455,76.81295010932995
17290,test,5248.0,1544.8362088438662,1268.6993233144292
17291,test,17095.0,3413.837129881592,2449.8764878100606
17292,test,145849.0,2353.824132269483,2036.416099996386
17293,test,132795.0,5309.230118233275,4217.177777088432
17294,test,2875.0,17474.094908995176,48173.744048714405
17295,test,0.0,32785.4556955607,35354.9391890121
17296,test,1269.0,2824.120249113269,4841.552122468419
17297,test,3390.0,798.7568320459337,1852.7917312155773
17298,test,0.0,679.3894615944538,992.9522309040299
17299,test,0.0,1140.413755261932,1061.5030142566472
17300,test,0.0,354.56653543229066,341.5810607924925
17301,test,1852.0,157.8251376514842,392.56007578449163
17302,test,0.0,27.19517882520742,67.9899429571307
17303,test,6679.0,526.1431179120309,354.7180316257397
17304,test,4420.0,67.89743905127762,58.75999442682556
17305,test,2037.0,1428.153133951519,1071.636658352814
17306,test,3002.0,1472.6777521916435,358.8938485928408
17307,test,0.0,368.5503283180537,311.82161216334765
17308,test,0.0,289.17159502830964,329.42508933008145
17309,test,0.0,92.59366710823974,97.8781698467073
17310,test,6325.0,301.97807385273126,117.50039088354931
17311,test,0.0,11.70955429744757,42.78764428951204
17312,test,3077.0,63.545653608418874,113.3677314281711
17313,test,0.0,41.00708592568215,71.53998695716363
17314,test,0.0,114.53731954357553,90.28103663273042
17315,test,0.0,65.63317056608642,62.10919423596027
17316,test,0.0,157.39611987058285,123.4362789456609
17317,test,0.0,26.53025652954539,33.946605982376575
17318,test,0.0,20.76320843428464,39.32697867733605
17319,test,0.0,35.58163126806059,20.379836818007696
17320,test,1435.0,15.712151121296394,16.947414287681323
17321,test,7040.0,13.939710701933777,9.996855833775566
17322,test,0.0,91.75120069021017,140.01356872688007
17323,test,0.0,23.089337142699815,19.782563642084714
17324,test,0.0,5.973336049714998,23.412883654824164
17325,test,0.0,21.514910553921833,7.405524576090784
17326,test,0.0,4.886625365776442,5.34782754015886
17327,test,0.0,2.732781337524591,6.781060323432745
17328,test,0.0,7.490984015880658,5.012053425065551
17329,test,0.0,8.332630186293496,9.096794514290265
17330,test,0.0,7.886429768510359,8.039501577434208
17331,test,0.0,5.695613490492399,3.1138462756859786
17332,test,0.0,5.992031497640551,11.472710245802668
17333,test,0.0,3.1091725080031756,0.6885676050216027
17334,test,579.0,1.953028513695298,1.264618321785742
17335,test,4673.0,2.2801490810873637,1.1076677776635147
17336,test,2388.0,1.9112984158256303,3.7855343306844595
17337,test,0.0,19.987300046332276,15.974497675608173
17338,test,0.0,72.95492827172025,23.716183358686823
17339,test,0.0,19.094835372942352,8.571800393560022
17340,test,0.0,7.9846109779838255,12.112676792778508
17341,test,0.0,9.54974566381145,19.260485459102405
17342,test,0.0,6.637985090783481,6.6037864411909375
17343,test,2991.0,4.008797645255043,1.7073985069852018
17344,test,0.0,14.097821796793315,9.109577430558408
17345,test,4927.0,25.9773859104533,28.57009017470629
17346,test,1734.0,70.50204738739684,82.77697650602423
17347,test,1689.0,44.81632926187416,118.13335139651875
17348,test,0.0,21.227353692834697,96.5959648236847
17349,test,1246.0,16.042857430723384,52.51379116081049
17350,test,0.0,10.635643818367173,134.5768112066039
17351,test,3038.0,49.66752381760922,148.6543834490241
17352,test,0.0,9.73354961371861,33.159953198212975
17353,test,0.0,41.56452145760342,67.34816313047489
17354,test,0.0,16.762181343005818,82.70886952128589
17355,test,0.0,19.83568931572277,61.28744189716311
17356,test,0.0,6.858399686930566,26.365564496532784
17357,test,2622.0,13.044364245727433,26.365564496532784
17358,test,3670.0,1.3414947148227632,34.28790607917796
17359,test,0.0,59.956493929698155,64.29786766798122
17360,test,0.0,119.38910068390088,120.84457837726664
17361,test,857.0,54.79657628552938,109.2123350003412
17362,test,0.0,9.436148461136586,9.317131795462037
17363,test,0.0,11.057396121215149,18.537200672819075
17364,test,9800.0,2.472601197077774,5.294162220290232
17365,test,131404.0,6.153107860641759,14.908247683883092
17366,test,126540.0,43.93070255537324,33.04487236838261
17367,test,17046.0,23424.570710415494,3644.853998046886
17368,test,0.0,13338.712612209043,16243.000788748688
17369,test,0.0,1048.806551112842,1297.1361720435127
17370,test,1085.0,14.704807408406014,45.229255127823464
17371,test,1530.0,9.834853296392865,35.48944767703504
17372,test,0.0,3.6570683926361527,55.894174220154994
17373,test,0.0,6.661194507765157,87.91184478787389
17374,test,4102.0,13.773570629276643,65.36544896103018
17375,test,0.0,33.192459811593615,41.83250415082912
17376,test,0.0,113.09469594450023,87.89935114732494
17377,test,0.0,7.331965258175812,27.64136310457224
17378,test,2010.0,7.176700798238228,51.91089485681537
17379,test,0.0,2.1045264270977677,10.373909431356577
17380,test,0.0,17.653954629166243,87.50229798137184
17381,test,0.0,28.08914591702015,110.86842136533615
17382,test,0.0,48.909174576223506,418.16737169599753
17383,test,0.0,5.883475771756816,23.2422019911768
17384,test,0.0,11.317788172230706,18.98372403076763
17385,test,0.0,6.088339492491527,30.06963678236112
17386,test,129.0,11.202426962588385,50.520983711469604
17387,test,0.0,12.584634214337855,50.520983711469604
17388,test,1801.0,32.483861978068376,246.08345079192387
17389,test,0.0,52.668411828083876,72.20029870928244
17390,test,439.0,493.6363593463056,880.3598592630316
17391,test,881.0,224.40158838758964,911.4900679187075
17392,test,3884.0,340.49102317059794,1184.852617915727
17393,test,2640.0,687.8091097742383,2746.9780371957345
17394,test,1905.0,1261.5357974391675,2118.6223361894085
17395,test,1989.0,1390.7507368050017,2557.246482398252
17396,test,4887.0,533.1136976456835,1504.101592511199
17397,test,5380.0,699.2328441395704,1759.3589147441262
17398,test,12220.0,1755.7753626932347,2890.6803971652316
17399,test,9045.0,3664.852433979491,3684.3108287471
17400,test,6881.0,6453.022824861156,6334.056861638053
17401,test,3012.0,6267.483129900033,6160.220798233954
17402,test,4194.0,6987.185492080488,6587.087035908961
17403,test,1843.0,5445.373684973651,4810.74206258788
17404,test,2646.0,4636.0621685021,3850.2458478804874
17405,test,7968.0,3661.634599811079,3891.7938255006347
17406,test,10983.0,3347.053211291884,3662.1208757529416
17407,test,4503.0,5824.860005428377,5869.177199638292
17408,test,4849.0,7801.840158156667,7782.345900629345
17409,test,8769.0,6799.18245628585,6490.281224013934
17410,test,11557.0,6270.23873873465,4834.671226815489
17411,test,3780.0,7220.111478953224,7470.212525570657
17412,test,4614.0,9405.492621916423,9344.513181450997
17413,test,4766.0,8403.640984402151,6936.723868835498
17414,test,1958.0,5946.7395298009515,5468.5522594760505
17415,test,8666.0,4759.119867060014,3832.276633483391
17416,test,3297.0,4747.528914265007,4606.908535431968
17417,test,3663.0,5923.610850984477,5692.85621046398
17418,test,9896.0,4115.724939670201,4415.297894303238
17419,test,8909.0,4590.421261896247,3454.384813385844
17420,test,4109.0,6182.6155369549815,5196.789496965396
17421,test,9444.0,7466.463561206532,7461.96586243845
17422,test,4127.0,7799.389994500439,6627.670648305995
17423,test,3134.0,6626.131163077583,5258.798333099089
17424,test,4189.0,6129.141636083316,5402.0219200468455
17425,test,5097.0,6846.199413347405,6741.595194730638
17426,test,13389.0,5678.773506479826,5345.142626009012
17427,test,133.0,4769.955406500006,4703.2438205061535
17428,test,0.0,8684.349630789438,8792.27984851961
17429,test,2996.0,4977.580080751398,5280.778433702624
17430,test,765.0,4702.914937601898,3867.624655077537
17431,test,0.0,2704.0736063915415,4209.252985572818
17432,test,2929.0,1584.4370479642998,3014.5032566156933
17433,test,267.0,1527.6473270981714,2953.1861378526683
17434,test,571.0,2855.1338810646253,4323.652317917418
17435,test,1988.0,1380.2451364481042,4614.946037944146
17436,test,0.0,2689.514691919121,4393.462644215713
17437,test,77524.0,2196.46529313302,3952.873786493534
17438,test,126498.0,1153.8298980263755,3930.019093405691
17439,test,83660.0,30151.055101385013,32546.02150539697
17440,test,7584.0,33277.567052762875,40121.53419007367
17441,test,0.0,34332.7716965482,42481.81288879019
17442,test,0.0,16577.506832651965,15564.457900418083
17443,test,669.0,4046.6784473253406,3673.8990213940006
17444,test,6373.0,3586.56032310947,3468.3527316714585
17445,test,6154.0,531.1598056318759,1333.3124267057804
17446,test,6581.0,5041.597548396082,6360.729945980071
17447,test,3870.0,10107.205972344,9794.428989304506
17448,test,4995.0,12293.0833095617,12138.91549430571
17449,test,848.0,9376.999379916178,9028.929285847404
17450,test,3594.0,10481.612750361941,8049.090492128392
17451,test,1355.0,6395.298084730101,6296.031257613496
17452,test,73061.0,9062.483242914328,8623.307670425771
17453,test,135103.0,3494.286377612662,4359.626201836158
17454,test,188908.0,36909.99842264817,35476.44789281301
17455,test,190127.0,48000.50029706988,51023.18678208932
17456,test,183625.0,82761.46645883145,99292.38878451425
17457,test,100549.0,134014.51895127285,110360.38320808968
17458,test,9383.0,123705.01316501724,112999.83168569212
17459,test,13338.0,67106.2996075961,67434.47250583718
17460,test,1107.0,19061.8532136903,21102.895991915895
17461,test,6248.0,19918.290174345675,18909.577638794326
17462,test,2863.0,5708.573154108182,8174.966978885594
17463,test,2965.0,12830.312526508389,14477.013935939416
17464,test,5664.0,8684.640526957315,9269.997073089673
17465,test,10103.0,9990.069750302879,8557.311087652399
17466,test,5667.0,12354.375099492469,11097.086427645278
17467,test,11250.0,12985.955637505043,12955.332932727222
17468,test,10628.0,14303.976443884625,13674.803093790204
17469,test,6315.0,12221.482651338183,12515.669198906391
17470,test,15386.0,11068.971910971368,11150.445638026265
17471,test,27372.0,10504.8770975845,10156.803374084939
17472,test,33718.0,12621.021124851024,12082.275474014537
17473,test,26729.0,14995.957480670912,14853.424587413236
17474,test,19976.0,24061.775592466518,23065.222442391998
17475,test,18849.0,22151.41447821228,21186.15578236724
17476,test,2996.0,20351.229301008894,20101.32620997715
17477,test,6352.0,18962.112315656115,18908.413135863455
17478,test,6613.0,10355.517864820633,12042.904553626377
17479,test,4981.0,12165.40178563256,12160.722698286789
17480,test,3036.0,11173.657087397398,9929.291660957737
17481,test,9750.0,9879.465811635968,9621.38215341962
17482,test,8745.0,8528.53303277585,8894.42285682391
17483,test,10222.0,9673.37141679047,8621.284678780674
17484,test,18636.0,11620.609456705946,11245.034718764708
17485,test,14012.0,11924.15836029227,12159.12860161601
17486,test,13944.0,13674.823725214197,12099.174489771396
17487,test,14199.0,12634.959122683795,11351.069338276238
17488,test,1369.0,9968.5338468275,12647.16401786161
17489,test,5413.0,9696.769449817923,11836.369862537575
17490,test,3396.0,7343.848212448586,7570.496059119816
17491,test,0.0,8827.005656803374,9043.2101954894
17492,test,9347.0,7024.05029507239,6997.319746946156
17493,test,1380.0,3328.5522989897286,3686.0330028060553
17494,test,7987.0,5305.098460964087,6175.423812321512
17495,test,3739.0,3422.6079851751942,4830.863477323966
17496,test,3688.0,7173.362481015545,7246.651484880521
17497,test,5878.0,6377.688560558321,5712.548919250223
17498,test,6148.0,5597.892307838533,5638.62047475053
17499,test,7228.0,6979.994958086453,7428.223867148941
17500,test,3654.0,5274.798732463824,4347.811353386223
17501,test,2582.0,4508.373729881822,6544.240282217047
17502,test,2731.0,4872.129009066242,4151.31442015071
17503,test,3046.0,4085.868052346577,3964.4511695874344
17504,test,2822.0,4226.1871576151425,4969.831571915912
17505,test,7530.0,3491.5056917670113,4549.8081183071245
17506,test,9804.0,2883.6244149162753,4549.8081183071245
17507,test,3482.0,3888.9290585319395,3114.249207895776
17508,test,3559.0,5204.79515004814,5255.380054625595
17509,test,63556.0,5325.130526071213,4971.74126168146
17510,test,135704.0,5189.122158929102,5162.7579153679535
17511,test,101540.0,37198.6185403169,33423.519847385454
17512,test,4493.0,55839.348869111476,55391.94176565762
17513,test,1925.0,55839.348869111476,56185.15030061713
17514,test,12004.0,12502.144967472244,12389.331808923023
17515,test,5151.0,11066.140826450026,8860.526238217515
17516,test,5549.0,13276.023495864429,12132.576701908958
17517,test,2684.0,10564.549392874957,9888.718410181038
17518,test,4445.0,8934.618432722104,9598.817651429548
17519,test,3094.0,7292.946671867204,7700.01805726415
17520,test,179.0,7640.636468850671,7682.959564882952
17521,test,2771.0,9429.302766289402,8176.773297421522
17522,test,5498.0,5110.466269171867,3322.4304517850182
17523,test,57044.0,4503.0579775329725,3850.463269095468
17524,test,60615.0,6031.979065386582,6903.512415151726
17525,test,96204.0,31433.51718268445,33116.275702576175
17526,test,188215.0,28698.93121945759,33450.754120657635
17527,test,213848.0,33549.68480460066,33984.68098637407
17528,test,196781.0,98464.68527887347,81918.73150233651
17529,test,68145.0,104695.96713569105,110665.78499153194
17530,test,12207.0,112528.49690823922,120806.38777210664
17531,test,409.0,42875.652927521405,45518.09954387737
17532,test,19733.0,21282.776522902954,19457.927419640993
17533,test,74428.0,4135.818451516531,4836.616800320089
17534,test,22965.0,16863.46789496937,17453.731443003082
17535,test,17993.0,54252.54130667557,44269.157608022295
17536,test,39379.0,27482.324568083466,25565.261504035465
17537,test,6071.0,27208.444320263265,25497.171570416005
17538,test,15335.0,25341.042776525366,25464.923280176634
17539,test,21484.0,19279.82647648867,18702.59650014558
17540,test,36147.0,22279.768450853033,18247.075007555202
17541,test,24123.0,16887.915108740304,16688.7377261314
17542,test,13869.0,24820.016207958633,25187.838976860705
17543,test,25541.0,19537.299530826745,20941.05374598595
17544,test,12064.0,16751.61810920663,20361.401654371
17545,test,10952.0,19391.90417335697,20523.24021972831
17546,test,9836.0,14715.357019764431,15279.606623945838
17547,test,6705.0,13719.886663474363,14196.96327225671
17548,test,8051.0,12120.907087648999,12506.310053933901
17549,test,5463.0,11415.94113528449,11470.585130369122
17550,test,3619.0,7715.694880939704,9068.541812700305
17551,test,2391.0,8236.744329978135,8610.000034416935
17552,test,696.0,7581.933986606776,7647.320297797676
17553,test,0.0,6741.730751207063,6761.0254440880435
17554,test,444.0,2294.1169275463935,2794.8177630430328
17555,test,0.0,515.791292223463,604.6845210693415
17556,test,30.0,1785.5075886787254,893.8948250326632
17557,test,11805.0,76.12290163356595,107.35623318632665
17558,test,13693.0,538.3950534983228,462.83177787777686
17559,test,8816.0,3832.2306792690715,1916.7867377910538
17560,test,2306.0,4090.0618474326798,2922.3816584502656
17561,test,2992.0,3345.8452759239603,4016.340367318302
17562,test,1354.0,1780.5003273377877,2929.7061974785465
17563,test,3429.0,1076.8110079081812,1891.2717543263402
17564,test,7374.0,1159.1046474028192,1194.8142601142188
