config_id,interval,split,change_score,derived_threshold,short_level_log,long_level_log,robust_scale,absolute_log_shift,short_long_ratio
1,309,train,8.056846031244604,6.512206878884781,3.6664219177308293,9.566758802126841,0.7323382948506639,5.900336884396012,0.0027385220979890337
1,588,train,6.680917512536609,6.512206878884781,4.999962006797092,9.559412245429124,0.6824586937462279,4.559450238632032,0.010467812160566655
1,894,train,7.173939732247442,6.512206878884781,1.202417402358524,8.942196984297773,1.0788743522820956,7.739779581939249,0.00043516748328116056
1,1186,train,7.968992008989006,6.512206878884781,2.714252706280362,8.64664124316506,0.744433992428776,5.932388536884698,0.0026521396839187064
1,1479,train,6.904960624219664,6.512206878884781,3.4174432067616216,9.190122483253681,0.8360191448802701,5.77267927649206,0.0031114100088273366
1,1776,train,7.047835427590198,6.512206878884781,2.6231005600031807,9.17698974556452,0.9299151850091156,6.553889185561339,0.0014245644151597197
1,2032,train,9.055867319474336,6.512206878884781,4.350576173853937,9.374412863230646,0.554760412464648,5.023836689376709,0.00657923573967224
1,2340,train,6.517030476945548,6.512206878884781,5.1861316714494405,9.5409741688161,0.668224970371432,4.354842497366659,0.012844462461531685
1,2628,train,8.874814818962916,6.512206878884781,5.053606657366938,9.79120326945325,0.5338248412759483,4.737596612086312,0.008759673800733867
1,2958,train,9.75466410449683,6.512206878884781,8.191966588572312,13.034173299005149,0.49639912338966286,4.842206710432837,0.007889624710751704
1,3204,train,7.259099670072571,6.512206878884781,2.6246453660313933,9.134893175830769,0.8968395676724867,6.510247809799376,0.001488110908897652
1,3494,train,7.723234294426486,6.512206878884781,5.294723711539029,9.15090810684573,0.4992965703616602,3.856184395306701,0.021148540238951862
1,3791,train,7.448137702199028,6.512206878884781,1.193732916225953,10.056909976549967,1.1899856601345062,8.863177060324015,0.00014150478002954644
1,4044,train,8.384278752950793,6.512206878884781,5.156277614897317,9.771720101087446,0.5504877190021567,4.615442486190129,0.0098978027968089
1,4646,train,6.730995461796766,6.512206878884781,5.932885857059784,9.998457752110669,0.6040075228286701,4.065571895050885,0.01715317665114125
1,5241,train,8.078349114674808,6.512206878884781,7.986058465309416,12.268955984212173,0.5301698971046716,4.282897518902757,0.013802610764172468
1,6388,train,6.585428146391378,6.512206878884781,5.513149859857241,12.097839656212138,0.9998878812402067,6.584689796354897,0.0013813558027512033
1,6720,train,7.813889906574385,6.512206878884781,6.013857591943878,12.298482323575278,0.804288876190039,6.284624731631401,0.001864756622666911
1,6936,train,7.425643367518977,6.512206878884781,4.039535936315779,12.196371620086362,1.0984685474459985,8.156835683770584,0.0002867683864787697
1,7219,train,7.804598601175228,6.512206878884781,2.7011475118819335,8.757232939802888,0.7759637282318428,6.056085427920955,0.0023435569774595227
1,7513,train,6.771833300691994,6.512206878884781,5.574260849594412,9.56618428478463,0.5894893240774687,3.991923435190217,0.018464165317540568
1,7814,train,7.708355182642934,6.512206878884781,5.033166828675309,9.573021655705414,0.5889524703340853,4.539854827030105,0.010674956156128684
1,8122,train,6.533468783971817,6.512206878884781,1.1013334375493478,9.422567329048963,1.2736318434571263,8.321233891499615,0.0002432954787190822
1,8406,train,6.558514942971727,6.512206878884781,0.0,8.724352597157495,1.3302329373369401,8.724352597157495,0.00016257801206331023
1,8940,train,7.514038695897103,6.512206878884781,4.136527097184584,9.347533754600061,0.6935027710545126,5.211006657415477,0.005456178419712361
1,9233,train,7.224425875026365,6.512206878884781,2.633646519241738,9.271058239076632,0.9187459093156896,6.637411719834894,0.0013104145783211574
1,9570,train,6.519295888776577,6.512206878884781,0.0,8.731476948366346,1.339328218465769,8.731476948366346,0.0001614238653614479
1,10973,train,6.583860052306006,6.512206878884781,2.463449622345703,9.223354212958245,1.0267388032108726,6.759904590612543,0.0011593397805263674
1,11256,train,7.780794898537037,6.512206878884781,4.1072665272670426,9.02358900175868,0.6318534980810271,4.916322474491637,0.007326023004656903
1,11552,train,7.196386741697353,6.512206878884781,4.456684570314093,9.288204729014193,0.671381393485327,4.8315201587001,0.007974389709451322
1,11858,train,9.402986634789833,6.512206878884781,6.942771595561065,11.855226764154715,0.5224356217223793,4.91245516859365,0.0073544098315235186
1,12408,calibration,6.572446370408165,6.512206878884781,7.626016362427557,11.351743682041164,0.5668707068327482,3.7257273196136067,0.02409556887222617
1,12989,calibration,7.6356713328037555,6.512206878884781,7.662540552245756,11.234470924632845,0.46779519661115454,3.571930372387089,0.028101554823189257
1,13853,calibration,6.901484651103504,6.512206878884781,3.284324660757562,9.519072985996722,0.9033923337411556,6.23474832523916,0.001960122465606897
1,14152,calibration,6.97369868230709,6.512206878884781,0.0,9.588296780477815,1.3749227228305978,9.588296780477815,6.852603715411747e-05
1,14440,calibration,7.555544741468564,6.512206878884781,4.015068854472065,9.96486238993267,0.7874738009034871,5.949793535460604,0.002606378587615064
1,14738,calibration,7.067070135156364,6.512206878884781,5.805547348050229,10.508841067880363,0.6655224343158539,4.703293719830134,0.009065369088491796
1,15580,test,6.574674650794057,6.512206878884781,2.2340959195021797,8.892128355703417,1.0126786175491,6.658032436201237,0.0012836695890863703
1,15885,test,7.362473270080464,6.512206878884781,4.319143348514975,10.653476460017282,0.8603539706206743,6.334333111502308,0.0017743287235455906
1,16185,test,8.939693128523913,6.512206878884781,5.595167985675064,9.969157587062536,0.48927737658369574,4.373989601387472,0.012600867711705679
1,16472,test,6.599922141645142,6.512206878884781,4.096402508004441,10.96912783813082,1.0413343040457803,6.8727253301263795,0.0010356507248893477
1,16768,test,6.585001819398712,6.512206878884781,3.478917428896112,11.154610960093,1.1656327122925183,7.675693531196888,0.00046396866924490834
2,309,train,8.056846031244604,6.512206878884781,3.6664219177308293,9.566758802126841,0.7323382948506639,5.900336884396012,0.0027385220979890337
2,621,train,7.40399848134843,6.512206878884781,2.489863595176238,9.28475257502408,0.9177323573154412,6.794888979847841,0.001119482247196661
2,1186,train,7.968992008989006,6.512206878884781,2.714252706280362,8.64664124316506,0.744433992428776,5.932388536884698,0.0026521396839187064
2,1479,train,6.904960624219664,6.512206878884781,3.4174432067616216,9.190122483253681,0.8360191448802701,5.77267927649206,0.0031114100088273366
2,1776,train,7.047835427590198,6.512206878884781,2.6231005600031807,9.17698974556452,0.9299151850091156,6.553889185561339,0.0014245644151597197
2,2064,train,9.064005027842168,6.512206878884781,0.0,9.160034998464784,1.0105946510761676,9.160034998464784,0.00010515921757442281
2,2356,train,6.842936425921528,6.512206878884781,3.5808424351281674,9.378642889449175,0.8472679115296949,5.797800454321008,0.003034221319363181
2,2646,train,7.356892478457572,6.512206878884781,4.226615238724519,9.635599815629089,0.7352268084307525,5.40898457690457,0.004476183124192358
2,2958,train,9.75466410449683,6.512206878884781,8.191966588572312,13.034173299005149,0.49639912338966286,4.842206710432837,0.007889624710751704
2,3494,train,7.723234294426486,6.512206878884781,5.294723711539029,9.15090810684573,0.4992965703616602,3.856184395306701,0.021148540238951862
2,3791,train,7.448137702199028,6.512206878884781,1.193732916225953,10.056909976549967,1.1899856601345062,8.863177060324015,0.00014150478002954644
2,4081,train,6.763541555991226,6.512206878884781,2.395866581013672,9.35581926768685,1.0290396871307708,6.959952686673178,0.0009491414805196067
2,4646,train,6.730995461796766,6.512206878884781,5.932885857059784,9.998457752110669,0.6040075228286701,4.065571895050885,0.01715317665114125
2,5241,train,8.078349114674808,6.512206878884781,7.986058465309416,12.268955984212173,0.5301698971046716,4.282897518902757,0.013802610764172468
2,6388,train,6.585428146391378,6.512206878884781,5.513149859857241,12.097839656212138,0.9998878812402067,6.584689796354897,0.0013813558027512033
2,6720,train,7.813889906574385,6.512206878884781,6.013857591943878,12.298482323575278,0.804288876190039,6.284624731631401,0.001864756622666911
2,7219,train,7.804598601175228,6.512206878884781,2.7011475118819335,8.757232939802888,0.7759637282318428,6.056085427920955,0.0023435569774595227
2,7513,train,6.771833300691994,6.512206878884781,5.574260849594412,9.56618428478463,0.5894893240774687,3.991923435190217,0.018464165317540568
2,7814,train,7.708355182642934,6.512206878884781,5.033166828675309,9.573021655705414,0.5889524703340853,4.539854827030105,0.010674956156128684
2,8122,train,6.533468783971817,6.512206878884781,1.1013334375493478,9.422567329048963,1.2736318434571263,8.321233891499615,0.0002432954787190822
2,8410,train,6.871105493782102,6.512206878884781,0.0,8.633194583499282,1.2564491392704935,8.633194583499282,0.00017809479673657505
2,8940,train,7.514038695897103,6.512206878884781,4.136527097184584,9.347533754600061,0.6935027710545126,5.211006657415477,0.005456178419712361
2,9233,train,7.224425875026365,6.512206878884781,2.633646519241738,9.271058239076632,0.9187459093156896,6.637411719834894,0.0013104145783211574
2,9570,train,6.519295888776577,6.512206878884781,0.0,8.731476948366346,1.339328218465769,8.731476948366346,0.0001614238653614479
2,10973,train,6.583860052306006,6.512206878884781,2.463449622345703,9.223354212958245,1.0267388032108726,6.759904590612543,0.0011593397805263674
2,11283,train,7.784145289587133,6.512206878884781,2.515531518450944,8.866063598242977,0.815829078664186,6.350532079792034,0.0017458179746241082
2,11571,train,8.707394039882988,6.512206878884781,1.7824371902373795,9.243137865916186,0.8568235963028802,7.460700675678806,0.0005752529644837268
2,11859,train,10.537619254584293,6.512206878884781,6.349999097412254,11.855226764154715,0.5224356217223793,5.505227666742461,0.004065462904815013
2,12408,calibration,6.572446370408165,6.512206878884781,7.626016362427557,11.351743682041164,0.5668707068327482,3.7257273196136067,0.02409556887222617
2,12989,calibration,7.6356713328037555,6.512206878884781,7.662540552245756,11.234470924632845,0.46779519661115454,3.571930372387089,0.028101554823189257
2,13853,calibration,6.901484651103504,6.512206878884781,3.284324660757562,9.519072985996722,0.9033923337411556,6.23474832523916,0.001960122465606897
2,14152,calibration,6.97369868230709,6.512206878884781,0.0,9.588296780477815,1.3749227228305978,9.588296780477815,6.852603715411747e-05
2,14440,calibration,7.555544741468564,6.512206878884781,4.015068854472065,9.96486238993267,0.7874738009034871,5.949793535460604,0.002606378587615064
2,14738,calibration,7.067070135156364,6.512206878884781,5.805547348050229,10.508841067880363,0.6655224343158539,4.703293719830134,0.009065369088491796
2,15580,test,6.574674650794057,6.512206878884781,2.2340959195021797,8.892128355703417,1.0126786175491,6.658032436201237,0.0012836695890863703
2,15885,test,7.362473270080464,6.512206878884781,4.319143348514975,10.653476460017282,0.8603539706206743,6.334333111502308,0.0017743287235455906
2,16185,test,8.939693128523913,6.512206878884781,5.595167985675064,9.969157587062536,0.48927737658369574,4.373989601387472,0.012600867711705679
2,16473,test,7.718855268962496,6.512206878884781,2.7232689803591814,10.921764715154023,1.0621388080381529,8.198495734794841,0.0002750670326817421
2,16768,test,6.585001819398712,6.512206878884781,3.478917428896112,11.154610960093,1.1656327122925183,7.675693531196888,0.00046396866924490834
3,309,train,8.056846031244604,6.512206878884781,3.6664219177308293,9.566758802126841,0.7323382948506639,5.900336884396012,0.0027385220979890337
3,894,train,7.173939732247442,6.512206878884781,1.202417402358524,8.942196984297773,1.0788743522820956,7.739779581939249,0.00043516748328116056
3,1479,train,6.904960624219664,6.512206878884781,3.4174432067616216,9.190122483253681,0.8360191448802701,5.77267927649206,0.0031114100088273366
3,2055,train,12.260012320194358,6.512206878884781,0.0,9.250134720443157,0.754496364184446,9.250134720443157,9.60987047291912e-05
3,2631,train,9.198805883447669,6.512206878884781,4.945155720750128,9.77526782311456,0.525080337987753,4.830112102364433,0.007985626008219185
3,3207,train,9.780057865087485,6.512206878884781,0.0,9.118215939546408,0.9323274018752283,9.118215939546408,0.00010965012539076439
3,3791,train,7.448137702199028,6.512206878884781,1.193732916225953,10.056909976549967,1.1899856601345062,8.863177060324015,0.00014150478002954644
3,4646,train,6.730995461796766,6.512206878884781,5.932885857059784,9.998457752110669,0.6040075228286701,4.065571895050885,0.01715317665114125
3,5241,train,8.078349114674808,6.512206878884781,7.986058465309416,12.268955984212173,0.5301698971046716,4.282897518902757,0.013802610764172468
3,6388,train,6.585428146391378,6.512206878884781,5.513149859857241,12.097839656212138,0.9998878812402067,6.584689796354897,0.0013813558027512033
3,6964,train,7.354761487896236,6.512206878884781,1.2286863380562978,12.136631446353334,1.4831133716910183,10.907945108297037,1.831216237353467e-05
3,7540,train,9.7352800435052,6.512206878884781,0.0,9.450726077250529,0.970770849427746,9.450726077250529,7.863245130568167e-05
3,8122,train,6.533468783971817,6.512206878884781,1.1013334375493478,9.422567329048963,1.2736318434571263,8.321233891499615,0.0002432954787190822
3,8940,train,7.514038695897103,6.512206878884781,4.136527097184584,9.347533754600061,0.6935027710545126,5.211006657415477,0.005456178419712361
3,9570,train,6.519295888776577,6.512206878884781,0.0,8.731476948366346,1.339328218465769,8.731476948366346,0.0001614238653614479
3,10973,train,6.583860052306006,6.512206878884781,2.463449622345703,9.223354212958245,1.0267388032108726,6.759904590612543,0.0011593397805263674
3,11552,train,7.196386741697353,6.512206878884781,4.456684570314093,9.288204729014193,0.671381393485327,4.8315201587001,0.007974389709451322
3,12408,calibration,6.572446370408165,6.512206878884781,7.626016362427557,11.351743682041164,0.5668707068327482,3.7257273196136067,0.02409556887222617
3,12989,calibration,7.6356713328037555,6.512206878884781,7.662540552245756,11.234470924632845,0.46779519661115454,3.571930372387089,0.028101554823189257
3,13853,calibration,6.901484651103504,6.512206878884781,3.284324660757562,9.519072985996722,0.9033923337411556,6.23474832523916,0.001960122465606897
3,14440,calibration,7.555544741468564,6.512206878884781,4.015068854472065,9.96486238993267,0.7874738009034871,5.949793535460604,0.002606378587615064
3,15580,test,6.574674650794057,6.512206878884781,2.2340959195021797,8.892128355703417,1.0126786175491,6.658032436201237,0.0012836695890863703
3,16185,test,8.939693128523913,6.512206878884781,5.595167985675064,9.969157587062536,0.48927737658369574,4.373989601387472,0.012600867711705679
3,16768,test,6.585001819398712,6.512206878884781,3.478917428896112,11.154610960093,1.1656327122925183,7.675693531196888,0.00046396866924490834
4,309,train,8.056846031244604,6.512206878884781,3.6664219177308293,9.566758802126841,0.7323382948506639,5.900336884396012,0.0027385220979890337
4,588,train,6.680917512536609,6.512206878884781,4.999962006797092,9.559412245429124,0.6824586937462279,4.559450238632032,0.010467812160566655
4,894,train,7.173939732247442,6.512206878884781,1.202417402358524,8.942196984297773,1.0788743522820956,7.739779581939249,0.00043516748328116056
4,1186,train,7.968992008989006,6.512206878884781,2.714252706280362,8.64664124316506,0.744433992428776,5.932388536884698,0.0026521396839187064
4,1479,train,6.904960624219664,6.512206878884781,3.4174432067616216,9.190122483253681,0.8360191448802701,5.77267927649206,0.0031114100088273366
4,1776,train,7.047835427590198,6.512206878884781,2.6231005600031807,9.17698974556452,0.9299151850091156,6.553889185561339,0.0014245644151597197
4,2032,train,9.055867319474336,6.512206878884781,4.350576173853937,9.374412863230646,0.554760412464648,5.023836689376709,0.00657923573967224
4,2340,train,6.517030476945548,6.512206878884781,5.1861316714494405,9.5409741688161,0.668224970371432,4.354842497366659,0.012844462461531685
4,2628,train,8.874814818962916,6.512206878884781,5.053606657366938,9.79120326945325,0.5338248412759483,4.737596612086312,0.008759673800733867
4,2958,train,9.75466410449683,6.512206878884781,8.191966588572312,13.034173299005149,0.49639912338966286,4.842206710432837,0.007889624710751704
4,3204,train,7.259099670072571,6.512206878884781,2.6246453660313933,9.134893175830769,0.8968395676724867,6.510247809799376,0.001488110908897652
4,3494,train,7.723234294426486,6.512206878884781,5.294723711539029,9.15090810684573,0.4992965703616602,3.856184395306701,0.021148540238951862
4,3791,train,7.448137702199028,6.512206878884781,1.193732916225953,10.056909976549967,1.1899856601345062,8.863177060324015,0.00014150478002954644
4,4044,train,8.384278752950793,6.512206878884781,5.156277614897317,9.771720101087446,0.5504877190021567,4.615442486190129,0.0098978027968089
4,4646,train,6.730995461796766,6.512206878884781,5.932885857059784,9.998457752110669,0.6040075228286701,4.065571895050885,0.01715317665114125
4,5241,train,8.078349114674808,6.512206878884781,7.986058465309416,12.268955984212173,0.5301698971046716,4.282897518902757,0.013802610764172468
4,6388,train,6.585428146391378,6.512206878884781,5.513149859857241,12.097839656212138,0.9998878812402067,6.584689796354897,0.0013813558027512033
4,6720,train,7.813889906574385,6.512206878884781,6.013857591943878,12.298482323575278,0.804288876190039,6.284624731631401,0.001864756622666911
4,6936,train,7.425643367518977,6.512206878884781,4.039535936315779,12.196371620086362,1.0984685474459985,8.156835683770584,0.0002867683864787697
4,7219,train,7.804598601175228,6.512206878884781,2.7011475118819335,8.757232939802888,0.7759637282318428,6.056085427920955,0.0023435569774595227
4,7513,train,6.771833300691994,6.512206878884781,5.574260849594412,9.56618428478463,0.5894893240774687,3.991923435190217,0.018464165317540568
4,7814,train,7.708355182642934,6.512206878884781,5.033166828675309,9.573021655705414,0.5889524703340853,4.539854827030105,0.010674956156128684
4,8122,train,6.533468783971817,6.512206878884781,1.1013334375493478,9.422567329048963,1.2736318434571263,8.321233891499615,0.0002432954787190822
4,8406,train,6.558514942971727,6.512206878884781,0.0,8.724352597157495,1.3302329373369401,8.724352597157495,0.00016257801206331023
4,8940,train,7.514038695897103,6.512206878884781,4.136527097184584,9.347533754600061,0.6935027710545126,5.211006657415477,0.005456178419712361
4,9233,train,7.224425875026365,6.512206878884781,2.633646519241738,9.271058239076632,0.9187459093156896,6.637411719834894,0.0013104145783211574
4,9570,train,6.519295888776577,6.512206878884781,0.0,8.731476948366346,1.339328218465769,8.731476948366346,0.0001614238653614479
4,10973,train,6.583860052306006,6.512206878884781,2.463449622345703,9.223354212958245,1.0267388032108726,6.759904590612543,0.0011593397805263674
4,11256,train,7.780794898537037,6.512206878884781,4.1072665272670426,9.02358900175868,0.6318534980810271,4.916322474491637,0.007326023004656903
4,11552,train,7.196386741697353,6.512206878884781,4.456684570314093,9.288204729014193,0.671381393485327,4.8315201587001,0.007974389709451322
4,11858,train,9.402986634789833,6.512206878884781,6.942771595561065,11.855226764154715,0.5224356217223793,4.91245516859365,0.0073544098315235186
4,12408,calibration,6.572446370408165,6.512206878884781,7.626016362427557,11.351743682041164,0.5668707068327482,3.7257273196136067,0.02409556887222617
4,12989,calibration,7.6356713328037555,6.512206878884781,7.662540552245756,11.234470924632845,0.46779519661115454,3.571930372387089,0.028101554823189257
4,13853,calibration,6.901484651103504,6.512206878884781,3.284324660757562,9.519072985996722,0.9033923337411556,6.23474832523916,0.001960122465606897
4,14152,calibration,6.97369868230709,6.512206878884781,0.0,9.588296780477815,1.3749227228305978,9.588296780477815,6.852603715411747e-05
4,14440,calibration,7.555544741468564,6.512206878884781,4.015068854472065,9.96486238993267,0.7874738009034871,5.949793535460604,0.002606378587615064
4,14738,calibration,7.067070135156364,6.512206878884781,5.805547348050229,10.508841067880363,0.6655224343158539,4.703293719830134,0.009065369088491796
4,15580,test,6.574674650794057,6.512206878884781,2.2340959195021797,8.892128355703417,1.0126786175491,6.658032436201237,0.0012836695890863703
4,15885,test,7.362473270080464,6.512206878884781,4.319143348514975,10.653476460017282,0.8603539706206743,6.334333111502308,0.0017743287235455906
4,16185,test,8.939693128523913,6.512206878884781,5.595167985675064,9.969157587062536,0.48927737658369574,4.373989601387472,0.012600867711705679
4,16472,test,6.599922141645142,6.512206878884781,4.096402508004441,10.96912783813082,1.0413343040457803,6.8727253301263795,0.0010356507248893477
4,16768,test,6.585001819398712,6.512206878884781,3.478917428896112,11.154610960093,1.1656327122925183,7.675693531196888,0.00046396866924490834
5,309,train,8.056846031244604,6.512206878884781,3.6664219177308293,9.566758802126841,0.7323382948506639,5.900336884396012,0.0027385220979890337
5,621,train,7.40399848134843,6.512206878884781,2.489863595176238,9.28475257502408,0.9177323573154412,6.794888979847841,0.001119482247196661
5,1186,train,7.968992008989006,6.512206878884781,2.714252706280362,8.64664124316506,0.744433992428776,5.932388536884698,0.0026521396839187064
5,1479,train,6.904960624219664,6.512206878884781,3.4174432067616216,9.190122483253681,0.8360191448802701,5.77267927649206,0.0031114100088273366
5,1776,train,7.047835427590198,6.512206878884781,2.6231005600031807,9.17698974556452,0.9299151850091156,6.553889185561339,0.0014245644151597197
5,2064,train,9.064005027842168,6.512206878884781,0.0,9.160034998464784,1.0105946510761676,9.160034998464784,0.00010515921757442281
5,2356,train,6.842936425921528,6.512206878884781,3.5808424351281674,9.378642889449175,0.8472679115296949,5.797800454321008,0.003034221319363181
5,2646,train,7.356892478457572,6.512206878884781,4.226615238724519,9.635599815629089,0.7352268084307525,5.40898457690457,0.004476183124192358
5,2958,train,9.75466410449683,6.512206878884781,8.191966588572312,13.034173299005149,0.49639912338966286,4.842206710432837,0.007889624710751704
5,3494,train,7.723234294426486,6.512206878884781,5.294723711539029,9.15090810684573,0.4992965703616602,3.856184395306701,0.021148540238951862
5,3791,train,7.448137702199028,6.512206878884781,1.193732916225953,10.056909976549967,1.1899856601345062,8.863177060324015,0.00014150478002954644
5,4081,train,6.763541555991226,6.512206878884781,2.395866581013672,9.35581926768685,1.0290396871307708,6.959952686673178,0.0009491414805196067
5,4646,train,6.730995461796766,6.512206878884781,5.932885857059784,9.998457752110669,0.6040075228286701,4.065571895050885,0.01715317665114125
5,5241,train,8.078349114674808,6.512206878884781,7.986058465309416,12.268955984212173,0.5301698971046716,4.282897518902757,0.013802610764172468
5,6388,train,6.585428146391378,6.512206878884781,5.513149859857241,12.097839656212138,0.9998878812402067,6.584689796354897,0.0013813558027512033
5,6720,train,7.813889906574385,6.512206878884781,6.013857591943878,12.298482323575278,0.804288876190039,6.284624731631401,0.001864756622666911
5,7219,train,7.804598601175228,6.512206878884781,2.7011475118819335,8.757232939802888,0.7759637282318428,6.056085427920955,0.0023435569774595227
5,7513,train,6.771833300691994,6.512206878884781,5.574260849594412,9.56618428478463,0.5894893240774687,3.991923435190217,0.018464165317540568
5,7814,train,7.708355182642934,6.512206878884781,5.033166828675309,9.573021655705414,0.5889524703340853,4.539854827030105,0.010674956156128684
5,8122,train,6.533468783971817,6.512206878884781,1.1013334375493478,9.422567329048963,1.2736318434571263,8.321233891499615,0.0002432954787190822
5,8410,train,6.871105493782102,6.512206878884781,0.0,8.633194583499282,1.2564491392704935,8.633194583499282,0.00017809479673657505
5,8940,train,7.514038695897103,6.512206878884781,4.136527097184584,9.347533754600061,0.6935027710545126,5.211006657415477,0.005456178419712361
5,9233,train,7.224425875026365,6.512206878884781,2.633646519241738,9.271058239076632,0.9187459093156896,6.637411719834894,0.0013104145783211574
5,9570,train,6.519295888776577,6.512206878884781,0.0,8.731476948366346,1.339328218465769,8.731476948366346,0.0001614238653614479
5,10973,train,6.583860052306006,6.512206878884781,2.463449622345703,9.223354212958245,1.0267388032108726,6.759904590612543,0.0011593397805263674
5,11283,train,7.784145289587133,6.512206878884781,2.515531518450944,8.866063598242977,0.815829078664186,6.350532079792034,0.0017458179746241082
5,11571,train,8.707394039882988,6.512206878884781,1.7824371902373795,9.243137865916186,0.8568235963028802,7.460700675678806,0.0005752529644837268
5,11859,train,10.537619254584293,6.512206878884781,6.349999097412254,11.855226764154715,0.5224356217223793,5.505227666742461,0.004065462904815013
5,12408,calibration,6.572446370408165,6.512206878884781,7.626016362427557,11.351743682041164,0.5668707068327482,3.7257273196136067,0.02409556887222617
5,12989,calibration,7.6356713328037555,6.512206878884781,7.662540552245756,11.234470924632845,0.46779519661115454,3.571930372387089,0.028101554823189257
5,13853,calibration,6.901484651103504,6.512206878884781,3.284324660757562,9.519072985996722,0.9033923337411556,6.23474832523916,0.001960122465606897
5,14152,calibration,6.97369868230709,6.512206878884781,0.0,9.588296780477815,1.3749227228305978,9.588296780477815,6.852603715411747e-05
5,14440,calibration,7.555544741468564,6.512206878884781,4.015068854472065,9.96486238993267,0.7874738009034871,5.949793535460604,0.002606378587615064
5,14738,calibration,7.067070135156364,6.512206878884781,5.805547348050229,10.508841067880363,0.6655224343158539,4.703293719830134,0.009065369088491796
5,15580,test,6.574674650794057,6.512206878884781,2.2340959195021797,8.892128355703417,1.0126786175491,6.658032436201237,0.0012836695890863703
5,15885,test,7.362473270080464,6.512206878884781,4.319143348514975,10.653476460017282,0.8603539706206743,6.334333111502308,0.0017743287235455906
5,16185,test,8.939693128523913,6.512206878884781,5.595167985675064,9.969157587062536,0.48927737658369574,4.373989601387472,0.012600867711705679
5,16473,test,7.718855268962496,6.512206878884781,2.7232689803591814,10.921764715154023,1.0621388080381529,8.198495734794841,0.0002750670326817421
5,16768,test,6.585001819398712,6.512206878884781,3.478917428896112,11.154610960093,1.1656327122925183,7.675693531196888,0.00046396866924490834
6,309,train,8.056846031244604,6.512206878884781,3.6664219177308293,9.566758802126841,0.7323382948506639,5.900336884396012,0.0027385220979890337
6,894,train,7.173939732247442,6.512206878884781,1.202417402358524,8.942196984297773,1.0788743522820956,7.739779581939249,0.00043516748328116056
6,1479,train,6.904960624219664,6.512206878884781,3.4174432067616216,9.190122483253681,0.8360191448802701,5.77267927649206,0.0031114100088273366
6,2055,train,12.260012320194358,6.512206878884781,0.0,9.250134720443157,0.754496364184446,9.250134720443157,9.60987047291912e-05
6,2631,train,9.198805883447669,6.512206878884781,4.945155720750128,9.77526782311456,0.525080337987753,4.830112102364433,0.007985626008219185
6,3207,train,9.780057865087485,6.512206878884781,0.0,9.118215939546408,0.9323274018752283,9.118215939546408,0.00010965012539076439
6,3791,train,7.448137702199028,6.512206878884781,1.193732916225953,10.056909976549967,1.1899856601345062,8.863177060324015,0.00014150478002954644
6,4646,train,6.730995461796766,6.512206878884781,5.932885857059784,9.998457752110669,0.6040075228286701,4.065571895050885,0.01715317665114125
6,5241,train,8.078349114674808,6.512206878884781,7.986058465309416,12.268955984212173,0.5301698971046716,4.282897518902757,0.013802610764172468
6,6388,train,6.585428146391378,6.512206878884781,5.513149859857241,12.097839656212138,0.9998878812402067,6.584689796354897,0.0013813558027512033
6,6964,train,7.354761487896236,6.512206878884781,1.2286863380562978,12.136631446353334,1.4831133716910183,10.907945108297037,1.831216237353467e-05
6,7540,train,9.7352800435052,6.512206878884781,0.0,9.450726077250529,0.970770849427746,9.450726077250529,7.863245130568167e-05
6,8122,train,6.533468783971817,6.512206878884781,1.1013334375493478,9.422567329048963,1.2736318434571263,8.321233891499615,0.0002432954787190822
6,8940,train,7.514038695897103,6.512206878884781,4.136527097184584,9.347533754600061,0.6935027710545126,5.211006657415477,0.005456178419712361
6,9570,train,6.519295888776577,6.512206878884781,0.0,8.731476948366346,1.339328218465769,8.731476948366346,0.0001614238653614479
6,10973,train,6.583860052306006,6.512206878884781,2.463449622345703,9.223354212958245,1.0267388032108726,6.759904590612543,0.0011593397805263674
6,11552,train,7.196386741697353,6.512206878884781,4.456684570314093,9.288204729014193,0.671381393485327,4.8315201587001,0.007974389709451322
6,12408,calibration,6.572446370408165,6.512206878884781,7.626016362427557,11.351743682041164,0.5668707068327482,3.7257273196136067,0.02409556887222617
6,12989,calibration,7.6356713328037555,6.512206878884781,7.662540552245756,11.234470924632845,0.46779519661115454,3.571930372387089,0.028101554823189257
6,13853,calibration,6.901484651103504,6.512206878884781,3.284324660757562,9.519072985996722,0.9033923337411556,6.23474832523916,0.001960122465606897
6,14440,calibration,7.555544741468564,6.512206878884781,4.015068854472065,9.96486238993267,0.7874738009034871,5.949793535460604,0.002606378587615064
6,15580,test,6.574674650794057,6.512206878884781,2.2340959195021797,8.892128355703417,1.0126786175491,6.658032436201237,0.0012836695890863703
6,16185,test,8.939693128523913,6.512206878884781,5.595167985675064,9.969157587062536,0.48927737658369574,4.373989601387472,0.012600867711705679
6,16768,test,6.585001819398712,6.512206878884781,3.478917428896112,11.154610960093,1.1656327122925183,7.675693531196888,0.00046396866924490834
7,309,train,8.056846031244604,6.512206878884781,3.6664219177308293,9.566758802126841,0.7323382948506639,5.900336884396012,0.0027385220979890337
7,588,train,6.680917512536609,6.512206878884781,4.999962006797092,9.559412245429124,0.6824586937462279,4.559450238632032,0.010467812160566655
7,894,train,7.173939732247442,6.512206878884781,1.202417402358524,8.942196984297773,1.0788743522820956,7.739779581939249,0.00043516748328116056
7,1186,train,7.968992008989006,6.512206878884781,2.714252706280362,8.64664124316506,0.744433992428776,5.932388536884698,0.0026521396839187064
7,1479,train,6.904960624219664,6.512206878884781,3.4174432067616216,9.190122483253681,0.8360191448802701,5.77267927649206,0.0031114100088273366
7,1776,train,7.047835427590198,6.512206878884781,2.6231005600031807,9.17698974556452,0.9299151850091156,6.553889185561339,0.0014245644151597197
7,2032,train,9.055867319474336,6.512206878884781,4.350576173853937,9.374412863230646,0.554760412464648,5.023836689376709,0.00657923573967224
7,2340,train,6.517030476945548,6.512206878884781,5.1861316714494405,9.5409741688161,0.668224970371432,4.354842497366659,0.012844462461531685
7,2628,train,8.874814818962916,6.512206878884781,5.053606657366938,9.79120326945325,0.5338248412759483,4.737596612086312,0.008759673800733867
7,2958,train,9.75466410449683,6.512206878884781,8.191966588572312,13.034173299005149,0.49639912338966286,4.842206710432837,0.007889624710751704
7,3204,train,7.259099670072571,6.512206878884781,2.6246453660313933,9.134893175830769,0.8968395676724867,6.510247809799376,0.001488110908897652
7,3494,train,7.723234294426486,6.512206878884781,5.294723711539029,9.15090810684573,0.4992965703616602,3.856184395306701,0.021148540238951862
7,3791,train,7.448137702199028,6.512206878884781,1.193732916225953,10.056909976549967,1.1899856601345062,8.863177060324015,0.00014150478002954644
7,4044,train,8.384278752950793,6.512206878884781,5.156277614897317,9.771720101087446,0.5504877190021567,4.615442486190129,0.0098978027968089
7,4646,train,6.730995461796766,6.512206878884781,5.932885857059784,9.998457752110669,0.6040075228286701,4.065571895050885,0.01715317665114125
7,5241,train,8.078349114674808,6.512206878884781,7.986058465309416,12.268955984212173,0.5301698971046716,4.282897518902757,0.013802610764172468
7,6388,train,6.585428146391378,6.512206878884781,5.513149859857241,12.097839656212138,0.9998878812402067,6.584689796354897,0.0013813558027512033
7,6720,train,7.813889906574385,6.512206878884781,6.013857591943878,12.298482323575278,0.804288876190039,6.284624731631401,0.001864756622666911
7,6936,train,7.425643367518977,6.512206878884781,4.039535936315779,12.196371620086362,1.0984685474459985,8.156835683770584,0.0002867683864787697
7,7219,train,7.804598601175228,6.512206878884781,2.7011475118819335,8.757232939802888,0.7759637282318428,6.056085427920955,0.0023435569774595227
7,7513,train,6.771833300691994,6.512206878884781,5.574260849594412,9.56618428478463,0.5894893240774687,3.991923435190217,0.018464165317540568
7,7814,train,7.708355182642934,6.512206878884781,5.033166828675309,9.573021655705414,0.5889524703340853,4.539854827030105,0.010674956156128684
7,8122,train,6.533468783971817,6.512206878884781,1.1013334375493478,9.422567329048963,1.2736318434571263,8.321233891499615,0.0002432954787190822
7,8406,train,6.558514942971727,6.512206878884781,0.0,8.724352597157495,1.3302329373369401,8.724352597157495,0.00016257801206331023
7,8940,train,7.514038695897103,6.512206878884781,4.136527097184584,9.347533754600061,0.6935027710545126,5.211006657415477,0.005456178419712361
7,9233,train,7.224425875026365,6.512206878884781,2.633646519241738,9.271058239076632,0.9187459093156896,6.637411719834894,0.0013104145783211574
7,9570,train,6.519295888776577,6.512206878884781,0.0,8.731476948366346,1.339328218465769,8.731476948366346,0.0001614238653614479
7,10973,train,6.583860052306006,6.512206878884781,2.463449622345703,9.223354212958245,1.0267388032108726,6.759904590612543,0.0011593397805263674
7,11256,train,7.780794898537037,6.512206878884781,4.1072665272670426,9.02358900175868,0.6318534980810271,4.916322474491637,0.007326023004656903
7,11552,train,7.196386741697353,6.512206878884781,4.456684570314093,9.288204729014193,0.671381393485327,4.8315201587001,0.007974389709451322
7,11858,train,9.402986634789833,6.512206878884781,6.942771595561065,11.855226764154715,0.5224356217223793,4.91245516859365,0.0073544098315235186
7,12408,calibration,6.572446370408165,6.512206878884781,7.626016362427557,11.351743682041164,0.5668707068327482,3.7257273196136067,0.02409556887222617
7,12989,calibration,7.6356713328037555,6.512206878884781,7.662540552245756,11.234470924632845,0.46779519661115454,3.571930372387089,0.028101554823189257
7,13853,calibration,6.901484651103504,6.512206878884781,3.284324660757562,9.519072985996722,0.9033923337411556,6.23474832523916,0.001960122465606897
7,14152,calibration,6.97369868230709,6.512206878884781,0.0,9.588296780477815,1.3749227228305978,9.588296780477815,6.852603715411747e-05
7,14440,calibration,7.555544741468564,6.512206878884781,4.015068854472065,9.96486238993267,0.7874738009034871,5.949793535460604,0.002606378587615064
7,14738,calibration,7.067070135156364,6.512206878884781,5.805547348050229,10.508841067880363,0.6655224343158539,4.703293719830134,0.009065369088491796
7,15580,test,6.574674650794057,6.512206878884781,2.2340959195021797,8.892128355703417,1.0126786175491,6.658032436201237,0.0012836695890863703
7,15885,test,7.362473270080464,6.512206878884781,4.319143348514975,10.653476460017282,0.8603539706206743,6.334333111502308,0.0017743287235455906
7,16185,test,8.939693128523913,6.512206878884781,5.595167985675064,9.969157587062536,0.48927737658369574,4.373989601387472,0.012600867711705679
7,16472,test,6.599922141645142,6.512206878884781,4.096402508004441,10.96912783813082,1.0413343040457803,6.8727253301263795,0.0010356507248893477
7,16768,test,6.585001819398712,6.512206878884781,3.478917428896112,11.154610960093,1.1656327122925183,7.675693531196888,0.00046396866924490834
8,309,train,8.056846031244604,6.512206878884781,3.6664219177308293,9.566758802126841,0.7323382948506639,5.900336884396012,0.0027385220979890337
8,621,train,7.40399848134843,6.512206878884781,2.489863595176238,9.28475257502408,0.9177323573154412,6.794888979847841,0.001119482247196661
8,1186,train,7.968992008989006,6.512206878884781,2.714252706280362,8.64664124316506,0.744433992428776,5.932388536884698,0.0026521396839187064
8,1479,train,6.904960624219664,6.512206878884781,3.4174432067616216,9.190122483253681,0.8360191448802701,5.77267927649206,0.0031114100088273366
8,1776,train,7.047835427590198,6.512206878884781,2.6231005600031807,9.17698974556452,0.9299151850091156,6.553889185561339,0.0014245644151597197
8,2064,train,9.064005027842168,6.512206878884781,0.0,9.160034998464784,1.0105946510761676,9.160034998464784,0.00010515921757442281
8,2356,train,6.842936425921528,6.512206878884781,3.5808424351281674,9.378642889449175,0.8472679115296949,5.797800454321008,0.003034221319363181
8,2646,train,7.356892478457572,6.512206878884781,4.226615238724519,9.635599815629089,0.7352268084307525,5.40898457690457,0.004476183124192358
8,2958,train,9.75466410449683,6.512206878884781,8.191966588572312,13.034173299005149,0.49639912338966286,4.842206710432837,0.007889624710751704
8,3494,train,7.723234294426486,6.512206878884781,5.294723711539029,9.15090810684573,0.4992965703616602,3.856184395306701,0.021148540238951862
8,3791,train,7.448137702199028,6.512206878884781,1.193732916225953,10.056909976549967,1.1899856601345062,8.863177060324015,0.00014150478002954644
8,4081,train,6.763541555991226,6.512206878884781,2.395866581013672,9.35581926768685,1.0290396871307708,6.959952686673178,0.0009491414805196067
8,4646,train,6.730995461796766,6.512206878884781,5.932885857059784,9.998457752110669,0.6040075228286701,4.065571895050885,0.01715317665114125
8,5241,train,8.078349114674808,6.512206878884781,7.986058465309416,12.268955984212173,0.5301698971046716,4.282897518902757,0.013802610764172468
8,6388,train,6.585428146391378,6.512206878884781,5.513149859857241,12.097839656212138,0.9998878812402067,6.584689796354897,0.0013813558027512033
8,6720,train,7.813889906574385,6.512206878884781,6.013857591943878,12.298482323575278,0.804288876190039,6.284624731631401,0.001864756622666911
8,7219,train,7.804598601175228,6.512206878884781,2.7011475118819335,8.757232939802888,0.7759637282318428,6.056085427920955,0.0023435569774595227
8,7513,train,6.771833300691994,6.512206878884781,5.574260849594412,9.56618428478463,0.5894893240774687,3.991923435190217,0.018464165317540568
8,7814,train,7.708355182642934,6.512206878884781,5.033166828675309,9.573021655705414,0.5889524703340853,4.539854827030105,0.010674956156128684
8,8122,train,6.533468783971817,6.512206878884781,1.1013334375493478,9.422567329048963,1.2736318434571263,8.321233891499615,0.0002432954787190822
8,8410,train,6.871105493782102,6.512206878884781,0.0,8.633194583499282,1.2564491392704935,8.633194583499282,0.00017809479673657505
8,8940,train,7.514038695897103,6.512206878884781,4.136527097184584,9.347533754600061,0.6935027710545126,5.211006657415477,0.005456178419712361
8,9233,train,7.224425875026365,6.512206878884781,2.633646519241738,9.271058239076632,0.9187459093156896,6.637411719834894,0.0013104145783211574
8,9570,train,6.519295888776577,6.512206878884781,0.0,8.731476948366346,1.339328218465769,8.731476948366346,0.0001614238653614479
8,10973,train,6.583860052306006,6.512206878884781,2.463449622345703,9.223354212958245,1.0267388032108726,6.759904590612543,0.0011593397805263674
8,11283,train,7.784145289587133,6.512206878884781,2.515531518450944,8.866063598242977,0.815829078664186,6.350532079792034,0.0017458179746241082
8,11571,train,8.707394039882988,6.512206878884781,1.7824371902373795,9.243137865916186,0.8568235963028802,7.460700675678806,0.0005752529644837268
8,11859,train,10.537619254584293,6.512206878884781,6.349999097412254,11.855226764154715,0.5224356217223793,5.505227666742461,0.004065462904815013
8,12408,calibration,6.572446370408165,6.512206878884781,7.626016362427557,11.351743682041164,0.5668707068327482,3.7257273196136067,0.02409556887222617
8,12989,calibration,7.6356713328037555,6.512206878884781,7.662540552245756,11.234470924632845,0.46779519661115454,3.571930372387089,0.028101554823189257
8,13853,calibration,6.901484651103504,6.512206878884781,3.284324660757562,9.519072985996722,0.9033923337411556,6.23474832523916,0.001960122465606897
8,14152,calibration,6.97369868230709,6.512206878884781,0.0,9.588296780477815,1.3749227228305978,9.588296780477815,6.852603715411747e-05
8,14440,calibration,7.555544741468564,6.512206878884781,4.015068854472065,9.96486238993267,0.7874738009034871,5.949793535460604,0.002606378587615064
8,14738,calibration,7.067070135156364,6.512206878884781,5.805547348050229,10.508841067880363,0.6655224343158539,4.703293719830134,0.009065369088491796
8,15580,test,6.574674650794057,6.512206878884781,2.2340959195021797,8.892128355703417,1.0126786175491,6.658032436201237,0.0012836695890863703
8,15885,test,7.362473270080464,6.512206878884781,4.319143348514975,10.653476460017282,0.8603539706206743,6.334333111502308,0.0017743287235455906
8,16185,test,8.939693128523913,6.512206878884781,5.595167985675064,9.969157587062536,0.48927737658369574,4.373989601387472,0.012600867711705679
8,16473,test,7.718855268962496,6.512206878884781,2.7232689803591814,10.921764715154023,1.0621388080381529,8.198495734794841,0.0002750670326817421
8,16768,test,6.585001819398712,6.512206878884781,3.478917428896112,11.154610960093,1.1656327122925183,7.675693531196888,0.00046396866924490834
9,309,train,8.056846031244604,6.512206878884781,3.6664219177308293,9.566758802126841,0.7323382948506639,5.900336884396012,0.0027385220979890337
9,894,train,7.173939732247442,6.512206878884781,1.202417402358524,8.942196984297773,1.0788743522820956,7.739779581939249,0.00043516748328116056
9,1479,train,6.904960624219664,6.512206878884781,3.4174432067616216,9.190122483253681,0.8360191448802701,5.77267927649206,0.0031114100088273366
9,2055,train,12.260012320194358,6.512206878884781,0.0,9.250134720443157,0.754496364184446,9.250134720443157,9.60987047291912e-05
9,2631,train,9.198805883447669,6.512206878884781,4.945155720750128,9.77526782311456,0.525080337987753,4.830112102364433,0.007985626008219185
9,3207,train,9.780057865087485,6.512206878884781,0.0,9.118215939546408,0.9323274018752283,9.118215939546408,0.00010965012539076439
9,3791,train,7.448137702199028,6.512206878884781,1.193732916225953,10.056909976549967,1.1899856601345062,8.863177060324015,0.00014150478002954644
9,4646,train,6.730995461796766,6.512206878884781,5.932885857059784,9.998457752110669,0.6040075228286701,4.065571895050885,0.01715317665114125
9,5241,train,8.078349114674808,6.512206878884781,7.986058465309416,12.268955984212173,0.5301698971046716,4.282897518902757,0.013802610764172468
9,6388,train,6.585428146391378,6.512206878884781,5.513149859857241,12.097839656212138,0.9998878812402067,6.584689796354897,0.0013813558027512033
9,6964,train,7.354761487896236,6.512206878884781,1.2286863380562978,12.136631446353334,1.4831133716910183,10.907945108297037,1.831216237353467e-05
9,7540,train,9.7352800435052,6.512206878884781,0.0,9.450726077250529,0.970770849427746,9.450726077250529,7.863245130568167e-05
9,8122,train,6.533468783971817,6.512206878884781,1.1013334375493478,9.422567329048963,1.2736318434571263,8.321233891499615,0.0002432954787190822
9,8940,train,7.514038695897103,6.512206878884781,4.136527097184584,9.347533754600061,0.6935027710545126,5.211006657415477,0.005456178419712361
9,9570,train,6.519295888776577,6.512206878884781,0.0,8.731476948366346,1.339328218465769,8.731476948366346,0.0001614238653614479
9,10973,train,6.583860052306006,6.512206878884781,2.463449622345703,9.223354212958245,1.0267388032108726,6.759904590612543,0.0011593397805263674
9,11552,train,7.196386741697353,6.512206878884781,4.456684570314093,9.288204729014193,0.671381393485327,4.8315201587001,0.007974389709451322
9,12408,calibration,6.572446370408165,6.512206878884781,7.626016362427557,11.351743682041164,0.5668707068327482,3.7257273196136067,0.02409556887222617
9,12989,calibration,7.6356713328037555,6.512206878884781,7.662540552245756,11.234470924632845,0.46779519661115454,3.571930372387089,0.028101554823189257
9,13853,calibration,6.901484651103504,6.512206878884781,3.284324660757562,9.519072985996722,0.9033923337411556,6.23474832523916,0.001960122465606897
9,14440,calibration,7.555544741468564,6.512206878884781,4.015068854472065,9.96486238993267,0.7874738009034871,5.949793535460604,0.002606378587615064
9,15580,test,6.574674650794057,6.512206878884781,2.2340959195021797,8.892128355703417,1.0126786175491,6.658032436201237,0.0012836695890863703
9,16185,test,8.939693128523913,6.512206878884781,5.595167985675064,9.969157587062536,0.48927737658369574,4.373989601387472,0.012600867711705679
9,16768,test,6.585001819398712,6.512206878884781,3.478917428896112,11.154610960093,1.1656327122925183,7.675693531196888,0.00046396866924490834
10,622,train,5.507788752060337,5.205772840693012,1.1644277432344043,8.992813050815219,1.4213299855867556,7.828385307580814,0.0003982680417681899
10,1188,train,5.342766862926813,5.205772840693012,0.0,8.270258493132792,1.547935499585373,8.270258493132792,0.0002560191035228385
10,1484,train,5.864196057597643,5.205772840693012,0.0,8.785003475756842,1.4980746532809055,8.785003475756842,0.00015301058197061918
10,1776,train,5.546069344896967,5.205772840693012,2.6231005600031807,9.043155238322498,1.1575864416889268,6.4200546783193175,0.001628567185037184
10,2037,train,5.3690291155573515,5.205772840693012,1.4413994795052636,9.073660803393885,1.4215347243644676,7.632261323888621,0.000484563862638414
10,2344,train,5.293211429339662,5.205772840693012,0.985583834273045,9.20621983973539,1.5530526439764534,8.220636005462344,0.0002690438970914349
10,2647,train,5.250709081161971,5.205772840693012,3.9653663231646483,9.614269246931656,1.0758362035393736,5.648902923767007,0.003521377876539192
10,2959,train,7.575435953473425,5.205772840693012,6.12428000355787,12.655307241137942,0.8621321964428358,6.531027237580072,0.0014575078736688183
10,3205,train,5.356467601948715,5.205772840693012,1.3943950502802755,9.042984670077358,1.4279167145554057,7.648589619797082,0.00047671600592712714
10,3519,train,6.161841935727587,5.205772840693012,0.0,8.789014297757427,1.4263615310865039,8.789014297757427,0.00015239811283551989
10,3794,train,5.611399458063961,5.205772840693012,0.0,9.689021656526744,1.7266676038546793,9.689021656526744,6.195999292967428e-05
10,4100,train,6.040809396222787,5.205772840693012,0.8283022165960001,9.354625775681107,1.41145383008053,8.526323559085107,0.00019818223751406173
10,4650,train,5.966959058482151,5.205772840693012,1.2779376819308317,9.86221710392672,1.4386355491736056,8.58427942199589,0.00018702291247785983
10,4983,train,6.409935399023407,5.205772840693012,1.0218710815805234,10.512069811190425,1.4805451441922164,9.490198729609903,7.558908000350976e-05
10,6132,train,5.4149126833104635,5.205772840693012,5.994145378574632,12.686158528614598,1.2358487645914789,6.692013150039966,0.0012407823758788692
10,6391,train,6.15855139670411,5.205772840693012,4.039619398590129,11.634035196239122,1.2331496984361159,7.594415797648993,0.0005032538729239279
10,6721,train,6.101630758984989,5.205772840693012,5.031108457429708,11.66365597538324,1.0870122726103573,6.632547517953531,0.0013168042270505806
10,6936,train,6.767255464425176,5.205772840693012,4.039535936315779,11.95586154324705,1.1697985466259768,7.916325606931271,0.00036474006566937007
10,7818,train,5.754386853956883,5.205772840693012,1.1969319907686442,9.221873016585004,1.394577950611398,8.02494102581636,0.0003271993218523047
10,8122,train,5.764237248737486,5.205772840693012,1.1013334375493478,9.491563928522027,1.4555664746121182,8.390230490972678,0.00022707493360403326
10,8978,train,5.387219176639269,5.205772840693012,0.0,8.896303783067061,1.651372162774502,8.896303783067061,0.00013689398236458537
10,9301,train,5.371452444002914,5.205772840693012,0.0,8.592223038703853,1.5996088820067365,8.592223038703853,0.00018554315922302475
10,10719,train,5.393181130101392,5.205772840693012,1.3697978592669136,9.291459419009781,1.468829132314705,7.9216615597428675,0.0003627990131782403
10,10999,train,6.379000047621909,5.205772840693012,1.1916528060220182,8.830101579620273,1.1974367011403093,7.638448773598254,0.00048157490465673057
10,11284,train,5.212711009983643,5.205772840693012,1.1161723746110808,8.489615388076142,1.414512141444841,7.373443013465062,0.0006277032635310871
10,13036,calibration,5.29390670004626,5.205772840693012,0.0,10.68595919041731,2.018539387995624,10.68595919041731,2.2863719834479033e-05
10,13889,calibration,5.589928288126677,5.205772840693012,0.7217888900477218,8.868130038189484,1.45732480422782,8.146341148141762,0.0002897937345731624
10,14152,calibration,5.816085193648882,5.205772840693012,0.0,9.214768114077428,1.5843592050783368,9.214768114077428,9.955820458972394e-05
10,14464,calibration,5.215159412565412,5.205772840693012,1.031719234308858,9.61186424750339,1.6452315901449763,8.580145013194533,0.00018779774228114076
10,14739,calibration,5.441557289650108,5.205772840693012,4.0357453497656595,10.227597902501426,1.1378824522371063,6.191852552735766,0.002046032856398666
10,15635,test,5.277664364078438,5.205772840693012,0.0,8.39998496522728,1.591610300647462,8.39998496522728,0.00022487070503337473
10,16186,test,5.787217366679021,5.205772840693012,3.756288742562949,9.875484662171262,1.0573641064254333,6.1191959196083126,0.0022002244092655865
10,16767,test,5.71456691499178,5.205772840693012,5.401583637652442,11.012412849284082,0.9818467952334251,5.61082921163164,0.003658034814748381
11,622,train,5.507788752060337,5.205772840693012,1.1644277432344043,8.992813050815219,1.4213299855867556,7.828385307580814,0.0003982680417681899
11,1188,train,5.342766862926813,5.205772840693012,0.0,8.270258493132792,1.547935499585373,8.270258493132792,0.0002560191035228385
11,1484,train,5.864196057597643,5.205772840693012,0.0,8.785003475756842,1.4980746532809055,8.785003475756842,0.00015301058197061918
11,1776,train,5.546069344896967,5.205772840693012,2.6231005600031807,9.043155238322498,1.1575864416889268,6.4200546783193175,0.001628567185037184
11,2344,train,5.293211429339662,5.205772840693012,0.985583834273045,9.20621983973539,1.5530526439764534,8.220636005462344,0.0002690438970914349
11,2647,train,5.250709081161971,5.205772840693012,3.9653663231646483,9.614269246931656,1.0758362035393736,5.648902923767007,0.003521377876539192
11,2959,train,7.575435953473425,5.205772840693012,6.12428000355787,12.655307241137942,0.8621321964428358,6.531027237580072,0.0014575078736688183
11,3247,train,5.237749407890045,5.205772840693012,0.0,8.56364188163348,1.634985031688109,8.56364188163348,0.00019092270806535223
11,3535,train,6.161841935727587,5.205772840693012,0.0,8.789014297757427,1.4263615310865039,8.789014297757427,0.00015239811283551989
11,4100,train,6.040809396222787,5.205772840693012,0.8283022165960001,9.354625775681107,1.41145383008053,8.526323559085107,0.00019818223751406173
11,4650,train,5.966959058482151,5.205772840693012,1.2779376819308317,9.86221710392672,1.4386355491736056,8.58427942199589,0.00018702291247785983
11,4983,train,6.409935399023407,5.205772840693012,1.0218710815805234,10.512069811190425,1.4805451441922164,9.490198729609903,7.558908000350976e-05
11,6132,train,5.4149126833104635,5.205772840693012,5.994145378574632,12.686158528614598,1.2358487645914789,6.692013150039966,0.0012407823758788692
11,6420,train,6.688130065212438,5.205772840693012,0.0,11.62382432417385,1.7379782107758153,11.62382432417385,8.950292683243327e-06
11,6721,train,6.101630758984989,5.205772840693012,5.031108457429708,11.66365597538324,1.0870122726103573,6.632547517953531,0.0013168042270505806
11,7818,train,5.754386853956883,5.205772840693012,1.1969319907686442,9.221873016585004,1.394577950611398,8.02494102581636,0.0003271993218523047
11,8122,train,5.764237248737486,5.205772840693012,1.1013334375493478,9.491563928522027,1.4555664746121182,8.390230490972678,0.00022707493360403326
11,8978,train,5.387219176639269,5.205772840693012,0.0,8.896303783067061,1.651372162774502,8.896303783067061,0.00013689398236458537
11,9301,train,5.371452444002914,5.205772840693012,0.0,8.592223038703853,1.5996088820067365,8.592223038703853,0.00018554315922302475
11,10719,train,5.393181130101392,5.205772840693012,1.3697978592669136,9.291459419009781,1.468829132314705,7.9216615597428675,0.0003627990131782403
11,11007,train,5.420675904034576,5.205772840693012,2.3391853071423454,8.830101579620273,1.1974367011403093,6.490916272477927,0.0015171582406636583
11,11296,train,5.516743419697965,5.205772840693012,0.9846804896948219,8.489615388076142,1.3603922327771059,7.504934898381321,0.0005503616786134039
11,13036,calibration,5.29390670004626,5.205772840693012,0.0,10.68595919041731,2.018539387995624,10.68595919041731,2.2863719834479033e-05
11,13889,calibration,5.589928288126677,5.205772840693012,0.7217888900477218,8.868130038189484,1.45732480422782,8.146341148141762,0.0002897937345731624
11,14180,calibration,5.49746233322032,5.205772840693012,0.0,9.214768114077428,1.6761857663660558,9.214768114077428,9.955820458972394e-05
11,14739,calibration,5.441557289650108,5.205772840693012,4.0357453497656595,10.227597902501426,1.1378824522371063,6.191852552735766,0.002046032856398666
11,15635,test,5.277664364078438,5.205772840693012,0.0,8.39998496522728,1.591610300647462,8.39998496522728,0.00022487070503337473
11,16186,test,5.787217366679021,5.205772840693012,3.756288742562949,9.875484662171262,1.0573641064254333,6.1191959196083126,0.0022002244092655865
11,16767,test,5.71456691499178,5.205772840693012,5.401583637652442,11.012412849284082,0.9818467952334251,5.61082921163164,0.003658034814748381
12,622,train,5.507788752060337,5.205772840693012,1.1644277432344043,8.992813050815219,1.4213299855867556,7.828385307580814,0.0003982680417681899
12,1218,train,5.26113760477981,5.205772840693012,1.0178371479570425,8.270258493132792,1.3784891956801952,7.252421345175749,0.0007084568916780491
12,1797,train,6.179859841654208,5.205772840693012,1.4440100445376316,9.055463912870366,1.2316547726582938,7.611453868332734,0.0004947520310265699
12,2379,train,5.770831376430088,5.205772840693012,1.1628802236051246,9.214128704200977,1.3951626646863593,8.051248480595852,0.0003187037785121122
12,2959,train,7.575435953473425,5.205772840693012,6.12428000355787,12.655307241137942,0.8621321964428358,6.531027237580072,0.0014575078736688183
12,3535,train,6.161841935727587,5.205772840693012,0.0,8.789014297757427,1.4263615310865039,8.789014297757427,0.00015239811283551989
12,4111,train,5.71712257676853,5.205772840693012,0.9824004723774751,9.354625775681107,1.464412419164159,8.372225303303633,0.00023120048965030967
12,4692,train,6.004968267551325,5.205772840693012,1.2232562825679458,9.86221710392672,1.4386355491736056,8.638960821358776,0.00017707081487577917
12,6132,train,5.4149126833104635,5.205772840693012,5.994145378574632,12.686158528614598,1.2358487645914789,6.692013150039966,0.0012407823758788692
12,6721,train,6.101630758984989,5.205772840693012,5.031108457429708,11.66365597538324,1.0870122726103573,6.632547517953531,0.0013168042270505806
12,7818,train,5.754386853956883,5.205772840693012,1.1969319907686442,9.221873016585004,1.394577950611398,8.02494102581636,0.0003271993218523047
12,8978,train,5.387219176639269,5.205772840693012,0.0,8.896303783067061,1.651372162774502,8.896303783067061,0.00013689398236458537
12,10719,train,5.393181130101392,5.205772840693012,1.3697978592669136,9.291459419009781,1.468829132314705,7.9216615597428675,0.0003627990131782403
12,11296,train,5.516743419697965,5.205772840693012,0.9846804896948219,8.489615388076142,1.3603922327771059,7.504934898381321,0.0005503616786134039
12,13036,calibration,5.29390670004626,5.205772840693012,0.0,10.68595919041731,2.018539387995624,10.68595919041731,2.2863719834479033e-05
12,13889,calibration,5.589928288126677,5.205772840693012,0.7217888900477218,8.868130038189484,1.45732480422782,8.146341148141762,0.0002897937345731624
12,14465,calibration,5.215159412565412,5.205772840693012,1.031719234308858,9.61186424750339,1.6452315901449763,8.580145013194533,0.00018779774228114076
12,15635,test,5.277664364078438,5.205772840693012,0.0,8.39998496522728,1.591610300647462,8.39998496522728,0.00022487070503337473
12,16216,test,5.820710732519399,5.205772840693012,3.843203891379964,9.930372838673286,1.0457776080995165,6.087168947293321,0.0022718314938946138
12,16796,test,5.823473948858968,5.205772840693012,4.627856723565815,11.026117078177027,1.0987016359650523,6.398260354611212,0.0016644503093213
13,622,train,5.507788752060337,5.205772840693012,1.1644277432344043,8.992813050815219,1.4213299855867556,7.828385307580814,0.0003982680417681899
13,1188,train,5.342766862926813,5.205772840693012,0.0,8.270258493132792,1.547935499585373,8.270258493132792,0.0002560191035228385
13,1484,train,5.864196057597643,5.205772840693012,0.0,8.785003475756842,1.4980746532809055,8.785003475756842,0.00015301058197061918
13,1776,train,5.546069344896967,5.205772840693012,2.6231005600031807,9.043155238322498,1.1575864416889268,6.4200546783193175,0.001628567185037184
13,2037,train,5.3690291155573515,5.205772840693012,1.4413994795052636,9.073660803393885,1.4215347243644676,7.632261323888621,0.000484563862638414
13,2344,train,5.293211429339662,5.205772840693012,0.985583834273045,9.20621983973539,1.5530526439764534,8.220636005462344,0.0002690438970914349
13,2647,train,5.250709081161971,5.205772840693012,3.9653663231646483,9.614269246931656,1.0758362035393736,5.648902923767007,0.003521377876539192
13,2959,train,7.575435953473425,5.205772840693012,6.12428000355787,12.655307241137942,0.8621321964428358,6.531027237580072,0.0014575078736688183
13,3205,train,5.356467601948715,5.205772840693012,1.3943950502802755,9.042984670077358,1.4279167145554057,7.648589619797082,0.00047671600592712714
13,3519,train,6.161841935727587,5.205772840693012,0.0,8.789014297757427,1.4263615310865039,8.789014297757427,0.00015239811283551989
13,3794,train,5.611399458063961,5.205772840693012,0.0,9.689021656526744,1.7266676038546793,9.689021656526744,6.195999292967428e-05
13,4100,train,6.040809396222787,5.205772840693012,0.8283022165960001,9.354625775681107,1.41145383008053,8.526323559085107,0.00019818223751406173
13,4650,train,5.966959058482151,5.205772840693012,1.2779376819308317,9.86221710392672,1.4386355491736056,8.58427942199589,0.00018702291247785983
13,4983,train,6.409935399023407,5.205772840693012,1.0218710815805234,10.512069811190425,1.4805451441922164,9.490198729609903,7.558908000350976e-05
13,6132,train,5.4149126833104635,5.205772840693012,5.994145378574632,12.686158528614598,1.2358487645914789,6.692013150039966,0.0012407823758788692
13,6391,train,6.15855139670411,5.205772840693012,4.039619398590129,11.634035196239122,1.2331496984361159,7.594415797648993,0.0005032538729239279
13,6721,train,6.101630758984989,5.205772840693012,5.031108457429708,11.66365597538324,1.0870122726103573,6.632547517953531,0.0013168042270505806
13,6936,train,6.767255464425176,5.205772840693012,4.039535936315779,11.95586154324705,1.1697985466259768,7.916325606931271,0.00036474006566937007
13,7818,train,5.754386853956883,5.205772840693012,1.1969319907686442,9.221873016585004,1.394577950611398,8.02494102581636,0.0003271993218523047
13,8122,train,5.764237248737486,5.205772840693012,1.1013334375493478,9.491563928522027,1.4555664746121182,8.390230490972678,0.00022707493360403326
13,8978,train,5.387219176639269,5.205772840693012,0.0,8.896303783067061,1.651372162774502,8.896303783067061,0.00013689398236458537
13,9301,train,5.371452444002914,5.205772840693012,0.0,8.592223038703853,1.5996088820067365,8.592223038703853,0.00018554315922302475
13,10719,train,5.393181130101392,5.205772840693012,1.3697978592669136,9.291459419009781,1.468829132314705,7.9216615597428675,0.0003627990131782403
13,10999,train,6.379000047621909,5.205772840693012,1.1916528060220182,8.830101579620273,1.1974367011403093,7.638448773598254,0.00048157490465673057
13,11284,train,5.212711009983643,5.205772840693012,1.1161723746110808,8.489615388076142,1.414512141444841,7.373443013465062,0.0006277032635310871
13,13036,calibration,5.29390670004626,5.205772840693012,0.0,10.68595919041731,2.018539387995624,10.68595919041731,2.2863719834479033e-05
13,13889,calibration,5.589928288126677,5.205772840693012,0.7217888900477218,8.868130038189484,1.45732480422782,8.146341148141762,0.0002897937345731624
13,14152,calibration,5.816085193648882,5.205772840693012,0.0,9.214768114077428,1.5843592050783368,9.214768114077428,9.955820458972394e-05
13,14464,calibration,5.215159412565412,5.205772840693012,1.031719234308858,9.61186424750339,1.6452315901449763,8.580145013194533,0.00018779774228114076
13,14739,calibration,5.441557289650108,5.205772840693012,4.0357453497656595,10.227597902501426,1.1378824522371063,6.191852552735766,0.002046032856398666
13,15635,test,5.277664364078438,5.205772840693012,0.0,8.39998496522728,1.591610300647462,8.39998496522728,0.00022487070503337473
13,16186,test,5.787217366679021,5.205772840693012,3.756288742562949,9.875484662171262,1.0573641064254333,6.1191959196083126,0.0022002244092655865
13,16767,test,5.71456691499178,5.205772840693012,5.401583637652442,11.012412849284082,0.9818467952334251,5.61082921163164,0.003658034814748381
14,622,train,5.507788752060337,5.205772840693012,1.1644277432344043,8.992813050815219,1.4213299855867556,7.828385307580814,0.0003982680417681899
14,1188,train,5.342766862926813,5.205772840693012,0.0,8.270258493132792,1.547935499585373,8.270258493132792,0.0002560191035228385
14,1484,train,5.864196057597643,5.205772840693012,0.0,8.785003475756842,1.4980746532809055,8.785003475756842,0.00015301058197061918
14,1776,train,5.546069344896967,5.205772840693012,2.6231005600031807,9.043155238322498,1.1575864416889268,6.4200546783193175,0.001628567185037184
14,2344,train,5.293211429339662,5.205772840693012,0.985583834273045,9.20621983973539,1.5530526439764534,8.220636005462344,0.0002690438970914349
14,2647,train,5.250709081161971,5.205772840693012,3.9653663231646483,9.614269246931656,1.0758362035393736,5.648902923767007,0.003521377876539192
14,2959,train,7.575435953473425,5.205772840693012,6.12428000355787,12.655307241137942,0.8621321964428358,6.531027237580072,0.0014575078736688183
14,3247,train,5.237749407890045,5.205772840693012,0.0,8.56364188163348,1.634985031688109,8.56364188163348,0.00019092270806535223
14,3535,train,6.161841935727587,5.205772840693012,0.0,8.789014297757427,1.4263615310865039,8.789014297757427,0.00015239811283551989
14,4100,train,6.040809396222787,5.205772840693012,0.8283022165960001,9.354625775681107,1.41145383008053,8.526323559085107,0.00019818223751406173
14,4650,train,5.966959058482151,5.205772840693012,1.2779376819308317,9.86221710392672,1.4386355491736056,8.58427942199589,0.00018702291247785983
14,4983,train,6.409935399023407,5.205772840693012,1.0218710815805234,10.512069811190425,1.4805451441922164,9.490198729609903,7.558908000350976e-05
14,6132,train,5.4149126833104635,5.205772840693012,5.994145378574632,12.686158528614598,1.2358487645914789,6.692013150039966,0.0012407823758788692
14,6420,train,6.688130065212438,5.205772840693012,0.0,11.62382432417385,1.7379782107758153,11.62382432417385,8.950292683243327e-06
14,6721,train,6.101630758984989,5.205772840693012,5.031108457429708,11.66365597538324,1.0870122726103573,6.632547517953531,0.0013168042270505806
14,7818,train,5.754386853956883,5.205772840693012,1.1969319907686442,9.221873016585004,1.394577950611398,8.02494102581636,0.0003271993218523047
14,8122,train,5.764237248737486,5.205772840693012,1.1013334375493478,9.491563928522027,1.4555664746121182,8.390230490972678,0.00022707493360403326
14,8978,train,5.387219176639269,5.205772840693012,0.0,8.896303783067061,1.651372162774502,8.896303783067061,0.00013689398236458537
14,9301,train,5.371452444002914,5.205772840693012,0.0,8.592223038703853,1.5996088820067365,8.592223038703853,0.00018554315922302475
14,10719,train,5.393181130101392,5.205772840693012,1.3697978592669136,9.291459419009781,1.468829132314705,7.9216615597428675,0.0003627990131782403
14,11007,train,5.420675904034576,5.205772840693012,2.3391853071423454,8.830101579620273,1.1974367011403093,6.490916272477927,0.0015171582406636583
14,11296,train,5.516743419697965,5.205772840693012,0.9846804896948219,8.489615388076142,1.3603922327771059,7.504934898381321,0.0005503616786134039
14,13036,calibration,5.29390670004626,5.205772840693012,0.0,10.68595919041731,2.018539387995624,10.68595919041731,2.2863719834479033e-05
14,13889,calibration,5.589928288126677,5.205772840693012,0.7217888900477218,8.868130038189484,1.45732480422782,8.146341148141762,0.0002897937345731624
14,14180,calibration,5.49746233322032,5.205772840693012,0.0,9.214768114077428,1.6761857663660558,9.214768114077428,9.955820458972394e-05
14,14739,calibration,5.441557289650108,5.205772840693012,4.0357453497656595,10.227597902501426,1.1378824522371063,6.191852552735766,0.002046032856398666
14,15635,test,5.277664364078438,5.205772840693012,0.0,8.39998496522728,1.591610300647462,8.39998496522728,0.00022487070503337473
14,16186,test,5.787217366679021,5.205772840693012,3.756288742562949,9.875484662171262,1.0573641064254333,6.1191959196083126,0.0022002244092655865
14,16767,test,5.71456691499178,5.205772840693012,5.401583637652442,11.012412849284082,0.9818467952334251,5.61082921163164,0.003658034814748381
15,622,train,5.507788752060337,5.205772840693012,1.1644277432344043,8.992813050815219,1.4213299855867556,7.828385307580814,0.0003982680417681899
15,1218,train,5.26113760477981,5.205772840693012,1.0178371479570425,8.270258493132792,1.3784891956801952,7.252421345175749,0.0007084568916780491
15,1797,train,6.179859841654208,5.205772840693012,1.4440100445376316,9.055463912870366,1.2316547726582938,7.611453868332734,0.0004947520310265699
15,2379,train,5.770831376430088,5.205772840693012,1.1628802236051246,9.214128704200977,1.3951626646863593,8.051248480595852,0.0003187037785121122
15,2959,train,7.575435953473425,5.205772840693012,6.12428000355787,12.655307241137942,0.8621321964428358,6.531027237580072,0.0014575078736688183
15,3535,train,6.161841935727587,5.205772840693012,0.0,8.789014297757427,1.4263615310865039,8.789014297757427,0.00015239811283551989
15,4111,train,5.71712257676853,5.205772840693012,0.9824004723774751,9.354625775681107,1.464412419164159,8.372225303303633,0.00023120048965030967
15,4692,train,6.004968267551325,5.205772840693012,1.2232562825679458,9.86221710392672,1.4386355491736056,8.638960821358776,0.00017707081487577917
15,6132,train,5.4149126833104635,5.205772840693012,5.994145378574632,12.686158528614598,1.2358487645914789,6.692013150039966,0.0012407823758788692
15,6721,train,6.101630758984989,5.205772840693012,5.031108457429708,11.66365597538324,1.0870122726103573,6.632547517953531,0.0013168042270505806
15,7818,train,5.754386853956883,5.205772840693012,1.1969319907686442,9.221873016585004,1.394577950611398,8.02494102581636,0.0003271993218523047
15,8978,train,5.387219176639269,5.205772840693012,0.0,8.896303783067061,1.651372162774502,8.896303783067061,0.00013689398236458537
15,10719,train,5.393181130101392,5.205772840693012,1.3697978592669136,9.291459419009781,1.468829132314705,7.9216615597428675,0.0003627990131782403
15,11296,train,5.516743419697965,5.205772840693012,0.9846804896948219,8.489615388076142,1.3603922327771059,7.504934898381321,0.0005503616786134039
15,13036,calibration,5.29390670004626,5.205772840693012,0.0,10.68595919041731,2.018539387995624,10.68595919041731,2.2863719834479033e-05
15,13889,calibration,5.589928288126677,5.205772840693012,0.7217888900477218,8.868130038189484,1.45732480422782,8.146341148141762,0.0002897937345731624
15,14465,calibration,5.215159412565412,5.205772840693012,1.031719234308858,9.61186424750339,1.6452315901449763,8.580145013194533,0.00018779774228114076
15,15635,test,5.277664364078438,5.205772840693012,0.0,8.39998496522728,1.591610300647462,8.39998496522728,0.00022487070503337473
15,16216,test,5.820710732519399,5.205772840693012,3.843203891379964,9.930372838673286,1.0457776080995165,6.087168947293321,0.0022718314938946138
15,16796,test,5.823473948858968,5.205772840693012,4.627856723565815,11.026117078177027,1.0987016359650523,6.398260354611212,0.0016644503093213
16,622,train,5.507788752060337,5.205772840693012,1.1644277432344043,8.992813050815219,1.4213299855867556,7.828385307580814,0.0003982680417681899
16,1188,train,5.342766862926813,5.205772840693012,0.0,8.270258493132792,1.547935499585373,8.270258493132792,0.0002560191035228385
16,1484,train,5.864196057597643,5.205772840693012,0.0,8.785003475756842,1.4980746532809055,8.785003475756842,0.00015301058197061918
16,1776,train,5.546069344896967,5.205772840693012,2.6231005600031807,9.043155238322498,1.1575864416889268,6.4200546783193175,0.001628567185037184
16,2037,train,5.3690291155573515,5.205772840693012,1.4413994795052636,9.073660803393885,1.4215347243644676,7.632261323888621,0.000484563862638414
16,2344,train,5.293211429339662,5.205772840693012,0.985583834273045,9.20621983973539,1.5530526439764534,8.220636005462344,0.0002690438970914349
16,2647,train,5.250709081161971,5.205772840693012,3.9653663231646483,9.614269246931656,1.0758362035393736,5.648902923767007,0.003521377876539192
16,2959,train,7.575435953473425,5.205772840693012,6.12428000355787,12.655307241137942,0.8621321964428358,6.531027237580072,0.0014575078736688183
16,3205,train,5.356467601948715,5.205772840693012,1.3943950502802755,9.042984670077358,1.4279167145554057,7.648589619797082,0.00047671600592712714
16,3519,train,6.161841935727587,5.205772840693012,0.0,8.789014297757427,1.4263615310865039,8.789014297757427,0.00015239811283551989
16,3794,train,5.611399458063961,5.205772840693012,0.0,9.689021656526744,1.7266676038546793,9.689021656526744,6.195999292967428e-05
16,4100,train,6.040809396222787,5.205772840693012,0.8283022165960001,9.354625775681107,1.41145383008053,8.526323559085107,0.00019818223751406173
16,4650,train,5.966959058482151,5.205772840693012,1.2779376819308317,9.86221710392672,1.4386355491736056,8.58427942199589,0.00018702291247785983
16,4983,train,6.409935399023407,5.205772840693012,1.0218710815805234,10.512069811190425,1.4805451441922164,9.490198729609903,7.558908000350976e-05
16,6132,train,5.4149126833104635,5.205772840693012,5.994145378574632,12.686158528614598,1.2358487645914789,6.692013150039966,0.0012407823758788692
16,6391,train,6.15855139670411,5.205772840693012,4.039619398590129,11.634035196239122,1.2331496984361159,7.594415797648993,0.0005032538729239279
16,6721,train,6.101630758984989,5.205772840693012,5.031108457429708,11.66365597538324,1.0870122726103573,6.632547517953531,0.0013168042270505806
16,6936,train,6.767255464425176,5.205772840693012,4.039535936315779,11.95586154324705,1.1697985466259768,7.916325606931271,0.00036474006566937007
16,7818,train,5.754386853956883,5.205772840693012,1.1969319907686442,9.221873016585004,1.394577950611398,8.02494102581636,0.0003271993218523047
16,8122,train,5.764237248737486,5.205772840693012,1.1013334375493478,9.491563928522027,1.4555664746121182,8.390230490972678,0.00022707493360403326
16,8978,train,5.387219176639269,5.205772840693012,0.0,8.896303783067061,1.651372162774502,8.896303783067061,0.00013689398236458537
16,9301,train,5.371452444002914,5.205772840693012,0.0,8.592223038703853,1.5996088820067365,8.592223038703853,0.00018554315922302475
16,10719,train,5.393181130101392,5.205772840693012,1.3697978592669136,9.291459419009781,1.468829132314705,7.9216615597428675,0.0003627990131782403
16,10999,train,6.379000047621909,5.205772840693012,1.1916528060220182,8.830101579620273,1.1974367011403093,7.638448773598254,0.00048157490465673057
16,11284,train,5.212711009983643,5.205772840693012,1.1161723746110808,8.489615388076142,1.414512141444841,7.373443013465062,0.0006277032635310871
16,13036,calibration,5.29390670004626,5.205772840693012,0.0,10.68595919041731,2.018539387995624,10.68595919041731,2.2863719834479033e-05
16,13889,calibration,5.589928288126677,5.205772840693012,0.7217888900477218,8.868130038189484,1.45732480422782,8.146341148141762,0.0002897937345731624
16,14152,calibration,5.816085193648882,5.205772840693012,0.0,9.214768114077428,1.5843592050783368,9.214768114077428,9.955820458972394e-05
16,14464,calibration,5.215159412565412,5.205772840693012,1.031719234308858,9.61186424750339,1.6452315901449763,8.580145013194533,0.00018779774228114076
16,14739,calibration,5.441557289650108,5.205772840693012,4.0357453497656595,10.227597902501426,1.1378824522371063,6.191852552735766,0.002046032856398666
16,15635,test,5.277664364078438,5.205772840693012,0.0,8.39998496522728,1.591610300647462,8.39998496522728,0.00022487070503337473
16,16186,test,5.787217366679021,5.205772840693012,3.756288742562949,9.875484662171262,1.0573641064254333,6.1191959196083126,0.0022002244092655865
16,16767,test,5.71456691499178,5.205772840693012,5.401583637652442,11.012412849284082,0.9818467952334251,5.61082921163164,0.003658034814748381
17,622,train,5.507788752060337,5.205772840693012,1.1644277432344043,8.992813050815219,1.4213299855867556,7.828385307580814,0.0003982680417681899
17,1188,train,5.342766862926813,5.205772840693012,0.0,8.270258493132792,1.547935499585373,8.270258493132792,0.0002560191035228385
17,1484,train,5.864196057597643,5.205772840693012,0.0,8.785003475756842,1.4980746532809055,8.785003475756842,0.00015301058197061918
17,1776,train,5.546069344896967,5.205772840693012,2.6231005600031807,9.043155238322498,1.1575864416889268,6.4200546783193175,0.001628567185037184
17,2344,train,5.293211429339662,5.205772840693012,0.985583834273045,9.20621983973539,1.5530526439764534,8.220636005462344,0.0002690438970914349
17,2647,train,5.250709081161971,5.205772840693012,3.9653663231646483,9.614269246931656,1.0758362035393736,5.648902923767007,0.003521377876539192
17,2959,train,7.575435953473425,5.205772840693012,6.12428000355787,12.655307241137942,0.8621321964428358,6.531027237580072,0.0014575078736688183
17,3247,train,5.237749407890045,5.205772840693012,0.0,8.56364188163348,1.634985031688109,8.56364188163348,0.00019092270806535223
17,3535,train,6.161841935727587,5.205772840693012,0.0,8.789014297757427,1.4263615310865039,8.789014297757427,0.00015239811283551989
17,4100,train,6.040809396222787,5.205772840693012,0.8283022165960001,9.354625775681107,1.41145383008053,8.526323559085107,0.00019818223751406173
17,4650,train,5.966959058482151,5.205772840693012,1.2779376819308317,9.86221710392672,1.4386355491736056,8.58427942199589,0.00018702291247785983
17,4983,train,6.409935399023407,5.205772840693012,1.0218710815805234,10.512069811190425,1.4805451441922164,9.490198729609903,7.558908000350976e-05
17,6132,train,5.4149126833104635,5.205772840693012,5.994145378574632,12.686158528614598,1.2358487645914789,6.692013150039966,0.0012407823758788692
17,6420,train,6.688130065212438,5.205772840693012,0.0,11.62382432417385,1.7379782107758153,11.62382432417385,8.950292683243327e-06
17,6721,train,6.101630758984989,5.205772840693012,5.031108457429708,11.66365597538324,1.0870122726103573,6.632547517953531,0.0013168042270505806
17,7818,train,5.754386853956883,5.205772840693012,1.1969319907686442,9.221873016585004,1.394577950611398,8.02494102581636,0.0003271993218523047
17,8122,train,5.764237248737486,5.205772840693012,1.1013334375493478,9.491563928522027,1.4555664746121182,8.390230490972678,0.00022707493360403326
17,8978,train,5.387219176639269,5.205772840693012,0.0,8.896303783067061,1.651372162774502,8.896303783067061,0.00013689398236458537
17,9301,train,5.371452444002914,5.205772840693012,0.0,8.592223038703853,1.5996088820067365,8.592223038703853,0.00018554315922302475
17,10719,train,5.393181130101392,5.205772840693012,1.3697978592669136,9.291459419009781,1.468829132314705,7.9216615597428675,0.0003627990131782403
17,11007,train,5.420675904034576,5.205772840693012,2.3391853071423454,8.830101579620273,1.1974367011403093,6.490916272477927,0.0015171582406636583
17,11296,train,5.516743419697965,5.205772840693012,0.9846804896948219,8.489615388076142,1.3603922327771059,7.504934898381321,0.0005503616786134039
17,13036,calibration,5.29390670004626,5.205772840693012,0.0,10.68595919041731,2.018539387995624,10.68595919041731,2.2863719834479033e-05
17,13889,calibration,5.589928288126677,5.205772840693012,0.7217888900477218,8.868130038189484,1.45732480422782,8.146341148141762,0.0002897937345731624
17,14180,calibration,5.49746233322032,5.205772840693012,0.0,9.214768114077428,1.6761857663660558,9.214768114077428,9.955820458972394e-05
17,14739,calibration,5.441557289650108,5.205772840693012,4.0357453497656595,10.227597902501426,1.1378824522371063,6.191852552735766,0.002046032856398666
17,15635,test,5.277664364078438,5.205772840693012,0.0,8.39998496522728,1.591610300647462,8.39998496522728,0.00022487070503337473
17,16186,test,5.787217366679021,5.205772840693012,3.756288742562949,9.875484662171262,1.0573641064254333,6.1191959196083126,0.0022002244092655865
17,16767,test,5.71456691499178,5.205772840693012,5.401583637652442,11.012412849284082,0.9818467952334251,5.61082921163164,0.003658034814748381
18,622,train,5.507788752060337,5.205772840693012,1.1644277432344043,8.992813050815219,1.4213299855867556,7.828385307580814,0.0003982680417681899
18,1218,train,5.26113760477981,5.205772840693012,1.0178371479570425,8.270258493132792,1.3784891956801952,7.252421345175749,0.0007084568916780491
18,1797,train,6.179859841654208,5.205772840693012,1.4440100445376316,9.055463912870366,1.2316547726582938,7.611453868332734,0.0004947520310265699
18,2379,train,5.770831376430088,5.205772840693012,1.1628802236051246,9.214128704200977,1.3951626646863593,8.051248480595852,0.0003187037785121122
18,2959,train,7.575435953473425,5.205772840693012,6.12428000355787,12.655307241137942,0.8621321964428358,6.531027237580072,0.0014575078736688183
18,3535,train,6.161841935727587,5.205772840693012,0.0,8.789014297757427,1.4263615310865039,8.789014297757427,0.00015239811283551989
18,4111,train,5.71712257676853,5.205772840693012,0.9824004723774751,9.354625775681107,1.464412419164159,8.372225303303633,0.00023120048965030967
18,4692,train,6.004968267551325,5.205772840693012,1.2232562825679458,9.86221710392672,1.4386355491736056,8.638960821358776,0.00017707081487577917
18,6132,train,5.4149126833104635,5.205772840693012,5.994145378574632,12.686158528614598,1.2358487645914789,6.692013150039966,0.0012407823758788692
18,6721,train,6.101630758984989,5.205772840693012,5.031108457429708,11.66365597538324,1.0870122726103573,6.632547517953531,0.0013168042270505806
18,7818,train,5.754386853956883,5.205772840693012,1.1969319907686442,9.221873016585004,1.394577950611398,8.02494102581636,0.0003271993218523047
18,8978,train,5.387219176639269,5.205772840693012,0.0,8.896303783067061,1.651372162774502,8.896303783067061,0.00013689398236458537
18,10719,train,5.393181130101392,5.205772840693012,1.3697978592669136,9.291459419009781,1.468829132314705,7.9216615597428675,0.0003627990131782403
18,11296,train,5.516743419697965,5.205772840693012,0.9846804896948219,8.489615388076142,1.3603922327771059,7.504934898381321,0.0005503616786134039
18,13036,calibration,5.29390670004626,5.205772840693012,0.0,10.68595919041731,2.018539387995624,10.68595919041731,2.2863719834479033e-05
18,13889,calibration,5.589928288126677,5.205772840693012,0.7217888900477218,8.868130038189484,1.45732480422782,8.146341148141762,0.0002897937345731624
18,14465,calibration,5.215159412565412,5.205772840693012,1.031719234308858,9.61186424750339,1.6452315901449763,8.580145013194533,0.00018779774228114076
18,15635,test,5.277664364078438,5.205772840693012,0.0,8.39998496522728,1.591610300647462,8.39998496522728,0.00022487070503337473
18,16216,test,5.820710732519399,5.205772840693012,3.843203891379964,9.930372838673286,1.0457776080995165,6.087168947293321,0.0022718314938946138
18,16796,test,5.823473948858968,5.205772840693012,4.627856723565815,11.026117078177027,1.0987016359650523,6.398260354611212,0.0016644503093213
19,622,train,5.087220383547439,4.700599090197344,1.1644277432344043,9.12287196832557,1.5643993428768175,7.958444225091166,0.0003496967438898402
19,893,train,4.8362580991364235,4.700599090197344,2.2721448916812257,8.9677575348168,1.384461396783427,6.695612643135574,0.001236324216653872
19,1188,train,5.492105897024802,4.700599090197344,0.0,8.38091422753444,1.5259928312880076,8.38091422753444,0.00022920030840926353
19,1483,train,5.1990627265463,4.700599090197344,1.4036305011019297,8.647343737133799,1.393272906488631,7.243713236031869,0.0007146531513113516
19,1776,train,5.310423590992112,4.700599090197344,2.6231005600031807,9.014323090474015,1.2035240543357113,6.391222530470834,0.0016762057356789694
19,2034,train,5.612027451804858,4.700599090197344,3.3077822975942284,9.197913414176682,1.0495549366366974,5.890131116582454,0.002766613924169901
19,2342,train,4.818799253215965,4.700599090197344,2.5192378296325684,9.181575823650192,1.3825722226488932,6.662337994017624,0.0012781545566187206
19,2648,train,4.747983178866075,4.700599090197344,3.68613633273565,9.459112621362,1.2158796843094684,5.772976288626349,0.003110486019524774
19,3498,train,4.790021374842956,4.700599090197344,2.3722544288151304,8.879887789065721,1.3585812778265416,6.5076333602505905,0.0014920065901039205
19,3781,train,5.606710196097621,4.700599090197344,2.6863127378217477,9.38307281263447,1.1944188018624178,6.6967600748127225,0.001234906432645153
19,4044,train,5.073262396321412,4.700599090197344,5.156277614897317,9.7750004674557,0.9104048818581484,4.618722852558382,0.009865387573366862
19,4359,train,5.051089605876884,4.700599090197344,2.2897697857389896,9.515724382020409,1.430573432685515,7.225954596281419,0.000727457779043777
19,4648,train,4.862792996400215,4.700599090197344,4.1889335695971335,9.94194626707314,1.1830675707838676,5.753012697476007,0.0031732064703531198
19,4983,train,5.712166099666844,4.700599090197344,1.0218710815805234,10.079680541515867,1.5857048450435693,9.057809459935344,0.00011647784672176624
19,5253,train,4.982579162926742,4.700599090197344,0.0,11.530312131523795,2.3141252260106486,11.530312131523795,9.827636093406488e-06
19,6131,train,4.940956396331656,4.700599090197344,6.643545303209422,12.309872206096445,1.1468077125906047,5.666326902887024,0.0034605529072806915
19,6388,train,4.791153538553083,4.700599090197344,5.513149859857241,11.897153780783876,1.3324565513412017,6.384003920926635,0.0016883493878101033
19,6721,train,5.259950447328191,4.700599090197344,5.031108457429708,11.552613782256735,1.2398415897890533,6.521505324827027,0.0014714524204990983
19,6935,train,4.943883723115514,4.700599090197344,6.156372412336027,11.83535666929939,1.1486888800419859,5.678984256963363,0.003417027503152845
19,7516,train,5.33248065615579,4.700599090197344,1.338672552399804,8.786914926829573,1.3967687563632423,7.4482423744297686,0.0005824644674739205
19,7817,train,5.113725208357978,4.700599090197344,2.521073109268977,9.336837919560566,1.3328375171884015,6.815764810291588,0.0010963543723382263
19,8115,train,5.157652259431879,4.700599090197344,2.842033879192573,9.445491230007905,1.2803223285826386,6.603457350815331,0.0013556728890687037
19,8406,train,5.217750833525814,4.700599090197344,0.0,9.088793884784002,1.7418987940906312,9.088793884784002,0.00011292418599883617
19,8941,train,4.9220132004887684,4.700599090197344,2.617427080568693,9.41788271757669,1.3816410805913106,6.800455637007997,0.0011132677862639917
19,9252,train,4.819538802741912,4.700599090197344,1.3943562860827134,8.784924628828207,1.533459661854135,7.390568342745494,0.000617045160693028
19,9570,train,4.793872550668273,4.700599090197344,0.0,8.820189880857711,1.8398882714619025,8.820189880857711,0.00014772030831001318
19,10719,train,5.176720233934476,4.700599090197344,1.3697978592669136,9.317079548679573,1.5351962884369486,7.947281689412659,0.0003536221140533565
19,10973,train,5.373901779799098,4.700599090197344,2.463449622345703,8.999244135139843,1.2162102659491627,6.535794512794141,0.0014505760685479439
19,11284,train,5.463895125690924,4.700599090197344,1.1161723746110808,8.5857834720673,1.367085371447657,7.4696110974562195,0.0005701499865471326
19,11560,train,4.723045920480569,4.700599090197344,2.5162052193252786,8.759197553152902,1.321814870940827,6.2429923338276225,0.0019440296250677527
19,12139,train,4.92358041840227,4.700599090197344,1.105772226310281,11.47414392826563,2.105860130404846,10.368371701955349,3.141039396108802e-05
19,13856,calibration,4.702575694072211,4.700599090197344,2.100864046611027,9.186507945191696,1.506758074625447,7.085643898580669,0.0008370356476634788
19,14150,calibration,5.237030644719068,4.700599090197344,1.2811035558241033,9.307600916460988,1.532642809476524,8.026497360636885,0.00032669048621647065
19,14739,calibration,5.480372725957777,4.700599090197344,4.0357453497656595,10.03027424831998,1.0938177380091767,5.994528898554321,0.0024923508472159722
19,15028,test,5.1095382446611,4.700599090197344,1.4100332449826862,9.825244125924524,1.6469611299484446,8.415210880941837,0.00022147277656258432
19,16187,test,5.072002367296824,4.700599090197344,2.863384855746038,9.98232341472725,1.4035755592076595,7.118938558981213,0.0008096256650910017
19,16472,test,4.953553054280315,4.700599090197344,4.096402508004441,10.102645353127725,1.212512065442269,6.0062428451232845,0.002463325912717522
19,16767,test,5.265937322453874,4.700599090197344,5.401583637652442,10.912366436803932,1.0464960863954074,5.51078279915149,0.004042941333148104
19,17026,test,5.065959520964757,4.700599090197344,3.8684984147392165,10.683048813460124,1.345164794649435,6.8145503987209075,0.00109768660655015
20,622,train,5.087220383547439,4.700599090197344,1.1644277432344043,9.12287196832557,1.5643993428768175,7.958444225091166,0.0003496967438898402
20,910,train,5.9851825990362055,4.700599090197344,0.0,8.843542936905665,1.4775727875586857,8.843542936905665,0.00014431055669286268
20,1483,train,5.1990627265463,4.700599090197344,1.4036305011019297,8.647343737133799,1.393272906488631,7.243713236031869,0.0007146531513113516
20,1776,train,5.310423590992112,4.700599090197344,2.6231005600031807,9.014323090474015,1.2035240543357113,6.391222530470834,0.0016762057356789694
20,2064,train,6.468087911683196,4.700599090197344,0.0,9.072514013900335,1.4026578082701704,9.072514013900335,0.00011477762308963503
20,2648,train,4.747983178866075,4.700599090197344,3.68613633273565,9.459112621362,1.2158796843094684,5.772976288626349,0.003110486019524774
20,3498,train,4.790021374842956,4.700599090197344,2.3722544288151304,8.879887789065721,1.3585812778265416,6.5076333602505905,0.0014920065901039205
20,3786,train,5.705507735972681,4.700599090197344,2.4562245802076172,9.341057749818653,1.2066994714953798,6.884833169611035,0.0010231868397768949
20,4080,train,4.756382181665871,4.700599090197344,3.6853238614225874,9.665420692577351,1.2572784529817367,5.980096831154764,0.0025285814349142815
20,4371,train,5.292264384111982,4.700599090197344,0.9571671979682471,9.420548758376821,1.5991985558802901,8.463381560408575,0.00021105716006175683
20,4659,train,6.5120362958007965,4.700599090197344,1.1305542001006599,9.871335110319752,1.342250029511579,8.740780910219092,0.00015992894898226098
20,4983,train,5.712166099666844,4.700599090197344,1.0218710815805234,10.079680541515867,1.5857048450435693,9.057809459935344,0.00011647784672176624
20,6131,train,4.940956396331656,4.700599090197344,6.643545303209422,12.309872206096445,1.1468077125906047,5.666326902887024,0.0034605529072806915
20,6419,train,7.171781562096425,4.700599090197344,0.0,11.705725014571936,1.6321920729484918,11.705725014571936,8.246472584443084e-06
20,6721,train,5.259950447328191,4.700599090197344,5.031108457429708,11.552613782256735,1.2398415897890533,6.521505324827027,0.0014714524204990983
20,7009,train,4.9168665633117,4.700599090197344,0.0,11.805968040126984,2.4011162166205313,11.805968040126984,7.459903793637645e-06
20,7516,train,5.33248065615579,4.700599090197344,1.338672552399804,8.786914926829573,1.3967687563632423,7.4482423744297686,0.0005824644674739205
20,7817,train,5.113725208357978,4.700599090197344,2.521073109268977,9.336837919560566,1.3328375171884015,6.815764810291588,0.0010963543723382263
20,8115,train,5.157652259431879,4.700599090197344,2.842033879192573,9.445491230007905,1.2803223285826386,6.603457350815331,0.0013556728890687037
20,8406,train,5.217750833525814,4.700599090197344,0.0,9.088793884784002,1.7418987940906312,9.088793884784002,0.00011292418599883617
20,8941,train,4.9220132004887684,4.700599090197344,2.617427080568693,9.41788271757669,1.3816410805913106,6.800455637007997,0.0011132677862639917
20,9252,train,4.819538802741912,4.700599090197344,1.3943562860827134,8.784924628828207,1.533459661854135,7.390568342745494,0.000617045160693028
20,9570,train,4.793872550668273,4.700599090197344,0.0,8.820189880857711,1.8398882714619025,8.820189880857711,0.00014772030831001318
20,10719,train,5.176720233934476,4.700599090197344,1.3697978592669136,9.317079548679573,1.5351962884369486,7.947281689412659,0.0003536221140533565
20,11022,train,4.929047496287882,4.700599090197344,1.2196460331044159,8.750992473613483,1.5279516876599393,7.531346440509067,0.0005360160568625429
20,11310,train,5.190153410996362,4.700599090197344,0.0,8.4017798206293,1.6187921926986737,8.4017798206293,0.00022446745662823395
20,12139,train,4.92358041840227,4.700599090197344,1.105772226310281,11.47414392826563,2.105860130404846,10.368371701955349,3.141039396108802e-05
20,13856,calibration,4.702575694072211,4.700599090197344,2.100864046611027,9.186507945191696,1.506758074625447,7.085643898580669,0.0008370356476634788
20,14150,calibration,5.237030644719068,4.700599090197344,1.2811035558241033,9.307600916460988,1.532642809476524,8.026497360636885,0.00032669048621647065
20,14739,calibration,5.480372725957777,4.700599090197344,4.0357453497656595,10.03027424831998,1.0938177380091767,5.994528898554321,0.0024923508472159722
20,15028,test,5.1095382446611,4.700599090197344,1.4100332449826862,9.825244125924524,1.6469611299484446,8.415210880941837,0.00022147277656258432
20,16187,test,5.072002367296824,4.700599090197344,2.863384855746038,9.98232341472725,1.4035755592076595,7.118938558981213,0.0008096256650910017
20,16475,test,4.964430972211227,4.700599090197344,3.838145743609704,10.075092235592727,1.2563265612705254,6.236946491983023,0.001955818521715298
20,16767,test,5.265937322453874,4.700599090197344,5.401583637652442,10.912366436803932,1.0464960863954074,5.51078279915149,0.004042941333148104
20,17055,test,5.691718998447828,4.700599090197344,1.3449946915099735,10.462823226103776,1.6019463605073085,9.117828534593801,0.00010969261262174516
21,622,train,5.087220383547439,4.700599090197344,1.1644277432344043,9.12287196832557,1.5643993428768175,7.958444225091166,0.0003496967438898402
21,1483,train,5.1990627265463,4.700599090197344,1.4036305011019297,8.647343737133799,1.393272906488631,7.243713236031869,0.0007146531513113516
21,2059,train,6.19872996495141,4.700599090197344,0.9026834003674034,9.086701956795803,1.3202734435444234,8.1840185564284,0.00027907819225534184
21,2648,train,4.747983178866075,4.700599090197344,3.68613633273565,9.459112621362,1.2158796843094684,5.772976288626349,0.003110486019524774
21,3498,train,4.790021374842956,4.700599090197344,2.3722544288151304,8.879887789065721,1.3585812778265416,6.5076333602505905,0.0014920065901039205
21,4080,train,4.756382181665871,4.700599090197344,3.6853238614225874,9.665420692577351,1.2572784529817367,5.980096831154764,0.0025285814349142815
21,4656,train,5.945093691982172,4.700599090197344,2.3650059884636003,9.885272289462176,1.2649533700605515,7.520266300998575,0.0005419882146232546
21,5253,train,4.982579162926742,4.700599090197344,0.0,11.530312131523795,2.3141252260106486,11.530312131523795,9.827636093406488e-06
21,6131,train,4.940956396331656,4.700599090197344,6.643545303209422,12.309872206096445,1.1468077125906047,5.666326902887024,0.0034605529072806915
21,6721,train,5.259950447328191,4.700599090197344,5.031108457429708,11.552613782256735,1.2398415897890533,6.521505324827027,0.0014714524204990983
21,7516,train,5.33248065615579,4.700599090197344,1.338672552399804,8.786914926829573,1.3967687563632423,7.4482423744297686,0.0005824644674739205
21,8115,train,5.157652259431879,4.700599090197344,2.842033879192573,9.445491230007905,1.2803223285826386,6.603457350815331,0.0013556728890687037
21,8941,train,4.9220132004887684,4.700599090197344,2.617427080568693,9.41788271757669,1.3816410805913106,6.800455637007997,0.0011132677862639917
21,9570,train,4.793872550668273,4.700599090197344,0.0,8.820189880857711,1.8398882714619025,8.820189880857711,0.00014772030831001318
21,10719,train,5.176720233934476,4.700599090197344,1.3697978592669136,9.317079548679573,1.5351962884369486,7.947281689412659,0.0003536221140533565
21,11295,train,4.857870713961238,4.700599090197344,1.3117579740846186,8.507040692284566,1.4811597800495437,7.195282718199947,0.0007501159838927291
21,12139,train,4.92358041840227,4.700599090197344,1.105772226310281,11.47414392826563,2.105860130404846,10.368371701955349,3.141039396108802e-05
21,13856,calibration,4.702575694072211,4.700599090197344,2.100864046611027,9.186507945191696,1.506758074625447,7.085643898580669,0.0008370356476634788
21,14739,calibration,5.480372725957777,4.700599090197344,4.0357453497656595,10.03027424831998,1.0938177380091767,5.994528898554321,0.0024923508472159722
21,16187,test,5.072002367296824,4.700599090197344,2.863384855746038,9.98232341472725,1.4035755592076595,7.118938558981213,0.0008096256650910017
21,16767,test,5.265937322453874,4.700599090197344,5.401583637652442,10.912366436803932,1.0464960863954074,5.51078279915149,0.004042941333148104
22,622,train,5.087220383547439,4.700599090197344,1.1644277432344043,9.12287196832557,1.5643993428768175,7.958444225091166,0.0003496967438898402
22,893,train,4.8362580991364235,4.700599090197344,2.2721448916812257,8.9677575348168,1.384461396783427,6.695612643135574,0.001236324216653872
22,1188,train,5.492105897024802,4.700599090197344,0.0,8.38091422753444,1.5259928312880076,8.38091422753444,0.00022920030840926353
22,1483,train,5.1990627265463,4.700599090197344,1.4036305011019297,8.647343737133799,1.393272906488631,7.243713236031869,0.0007146531513113516
22,1776,train,5.310423590992112,4.700599090197344,2.6231005600031807,9.014323090474015,1.2035240543357113,6.391222530470834,0.0016762057356789694
22,2034,train,5.612027451804858,4.700599090197344,3.3077822975942284,9.197913414176682,1.0495549366366974,5.890131116582454,0.002766613924169901
22,2342,train,4.818799253215965,4.700599090197344,2.5192378296325684,9.181575823650192,1.3825722226488932,6.662337994017624,0.0012781545566187206
22,2648,train,4.747983178866075,4.700599090197344,3.68613633273565,9.459112621362,1.2158796843094684,5.772976288626349,0.003110486019524774
22,3498,train,4.790021374842956,4.700599090197344,2.3722544288151304,8.879887789065721,1.3585812778265416,6.5076333602505905,0.0014920065901039205
22,3781,train,5.606710196097621,4.700599090197344,2.6863127378217477,9.38307281263447,1.1944188018624178,6.6967600748127225,0.001234906432645153
22,4044,train,5.073262396321412,4.700599090197344,5.156277614897317,9.7750004674557,0.9104048818581484,4.618722852558382,0.009865387573366862
22,4359,train,5.051089605876884,4.700599090197344,2.2897697857389896,9.515724382020409,1.430573432685515,7.225954596281419,0.000727457779043777
22,4648,train,4.862792996400215,4.700599090197344,4.1889335695971335,9.94194626707314,1.1830675707838676,5.753012697476007,0.0031732064703531198
22,4983,train,5.712166099666844,4.700599090197344,1.0218710815805234,10.079680541515867,1.5857048450435693,9.057809459935344,0.00011647784672176624
22,5253,train,4.982579162926742,4.700599090197344,0.0,11.530312131523795,2.3141252260106486,11.530312131523795,9.827636093406488e-06
22,6131,train,4.940956396331656,4.700599090197344,6.643545303209422,12.309872206096445,1.1468077125906047,5.666326902887024,0.0034605529072806915
22,6388,train,4.791153538553083,4.700599090197344,5.513149859857241,11.897153780783876,1.3324565513412017,6.384003920926635,0.0016883493878101033
22,6721,train,5.259950447328191,4.700599090197344,5.031108457429708,11.552613782256735,1.2398415897890533,6.521505324827027,0.0014714524204990983
22,6935,train,4.943883723115514,4.700599090197344,6.156372412336027,11.83535666929939,1.1486888800419859,5.678984256963363,0.003417027503152845
22,7516,train,5.33248065615579,4.700599090197344,1.338672552399804,8.786914926829573,1.3967687563632423,7.4482423744297686,0.0005824644674739205
22,7817,train,5.113725208357978,4.700599090197344,2.521073109268977,9.336837919560566,1.3328375171884015,6.815764810291588,0.0010963543723382263
22,8115,train,5.157652259431879,4.700599090197344,2.842033879192573,9.445491230007905,1.2803223285826386,6.603457350815331,0.0013556728890687037
22,8406,train,5.217750833525814,4.700599090197344,0.0,9.088793884784002,1.7418987940906312,9.088793884784002,0.00011292418599883617
22,8941,train,4.9220132004887684,4.700599090197344,2.617427080568693,9.41788271757669,1.3816410805913106,6.800455637007997,0.0011132677862639917
22,9252,train,4.819538802741912,4.700599090197344,1.3943562860827134,8.784924628828207,1.533459661854135,7.390568342745494,0.000617045160693028
22,9570,train,4.793872550668273,4.700599090197344,0.0,8.820189880857711,1.8398882714619025,8.820189880857711,0.00014772030831001318
22,10719,train,5.176720233934476,4.700599090197344,1.3697978592669136,9.317079548679573,1.5351962884369486,7.947281689412659,0.0003536221140533565
22,10973,train,5.373901779799098,4.700599090197344,2.463449622345703,8.999244135139843,1.2162102659491627,6.535794512794141,0.0014505760685479439
22,11284,train,5.463895125690924,4.700599090197344,1.1161723746110808,8.5857834720673,1.367085371447657,7.4696110974562195,0.0005701499865471326
22,11560,train,4.723045920480569,4.700599090197344,2.5162052193252786,8.759197553152902,1.321814870940827,6.2429923338276225,0.0019440296250677527
22,12139,train,4.92358041840227,4.700599090197344,1.105772226310281,11.47414392826563,2.105860130404846,10.368371701955349,3.141039396108802e-05
22,13856,calibration,4.702575694072211,4.700599090197344,2.100864046611027,9.186507945191696,1.506758074625447,7.085643898580669,0.0008370356476634788
22,14150,calibration,5.237030644719068,4.700599090197344,1.2811035558241033,9.307600916460988,1.532642809476524,8.026497360636885,0.00032669048621647065
22,14739,calibration,5.480372725957777,4.700599090197344,4.0357453497656595,10.03027424831998,1.0938177380091767,5.994528898554321,0.0024923508472159722
22,15028,test,5.1095382446611,4.700599090197344,1.4100332449826862,9.825244125924524,1.6469611299484446,8.415210880941837,0.00022147277656258432
22,16187,test,5.072002367296824,4.700599090197344,2.863384855746038,9.98232341472725,1.4035755592076595,7.118938558981213,0.0008096256650910017
22,16472,test,4.953553054280315,4.700599090197344,4.096402508004441,10.102645353127725,1.212512065442269,6.0062428451232845,0.002463325912717522
22,16767,test,5.265937322453874,4.700599090197344,5.401583637652442,10.912366436803932,1.0464960863954074,5.51078279915149,0.004042941333148104
22,17026,test,5.065959520964757,4.700599090197344,3.8684984147392165,10.683048813460124,1.345164794649435,6.8145503987209075,0.00109768660655015
23,622,train,5.087220383547439,4.700599090197344,1.1644277432344043,9.12287196832557,1.5643993428768175,7.958444225091166,0.0003496967438898402
23,910,train,5.9851825990362055,4.700599090197344,0.0,8.843542936905665,1.4775727875586857,8.843542936905665,0.00014431055669286268
23,1483,train,5.1990627265463,4.700599090197344,1.4036305011019297,8.647343737133799,1.393272906488631,7.243713236031869,0.0007146531513113516
23,1776,train,5.310423590992112,4.700599090197344,2.6231005600031807,9.014323090474015,1.2035240543357113,6.391222530470834,0.0016762057356789694
23,2064,train,6.468087911683196,4.700599090197344,0.0,9.072514013900335,1.4026578082701704,9.072514013900335,0.00011477762308963503
23,2648,train,4.747983178866075,4.700599090197344,3.68613633273565,9.459112621362,1.2158796843094684,5.772976288626349,0.003110486019524774
23,3498,train,4.790021374842956,4.700599090197344,2.3722544288151304,8.879887789065721,1.3585812778265416,6.5076333602505905,0.0014920065901039205
23,3786,train,5.705507735972681,4.700599090197344,2.4562245802076172,9.341057749818653,1.2066994714953798,6.884833169611035,0.0010231868397768949
23,4080,train,4.756382181665871,4.700599090197344,3.6853238614225874,9.665420692577351,1.2572784529817367,5.980096831154764,0.0025285814349142815
23,4371,train,5.292264384111982,4.700599090197344,0.9571671979682471,9.420548758376821,1.5991985558802901,8.463381560408575,0.00021105716006175683
23,4659,train,6.5120362958007965,4.700599090197344,1.1305542001006599,9.871335110319752,1.342250029511579,8.740780910219092,0.00015992894898226098
23,4983,train,5.712166099666844,4.700599090197344,1.0218710815805234,10.079680541515867,1.5857048450435693,9.057809459935344,0.00011647784672176624
23,6131,train,4.940956396331656,4.700599090197344,6.643545303209422,12.309872206096445,1.1468077125906047,5.666326902887024,0.0034605529072806915
23,6419,train,7.171781562096425,4.700599090197344,0.0,11.705725014571936,1.6321920729484918,11.705725014571936,8.246472584443084e-06
23,6721,train,5.259950447328191,4.700599090197344,5.031108457429708,11.552613782256735,1.2398415897890533,6.521505324827027,0.0014714524204990983
23,7009,train,4.9168665633117,4.700599090197344,0.0,11.805968040126984,2.4011162166205313,11.805968040126984,7.459903793637645e-06
23,7516,train,5.33248065615579,4.700599090197344,1.338672552399804,8.786914926829573,1.3967687563632423,7.4482423744297686,0.0005824644674739205
23,7817,train,5.113725208357978,4.700599090197344,2.521073109268977,9.336837919560566,1.3328375171884015,6.815764810291588,0.0010963543723382263
23,8115,train,5.157652259431879,4.700599090197344,2.842033879192573,9.445491230007905,1.2803223285826386,6.603457350815331,0.0013556728890687037
23,8406,train,5.217750833525814,4.700599090197344,0.0,9.088793884784002,1.7418987940906312,9.088793884784002,0.00011292418599883617
23,8941,train,4.9220132004887684,4.700599090197344,2.617427080568693,9.41788271757669,1.3816410805913106,6.800455637007997,0.0011132677862639917
23,9252,train,4.819538802741912,4.700599090197344,1.3943562860827134,8.784924628828207,1.533459661854135,7.390568342745494,0.000617045160693028
23,9570,train,4.793872550668273,4.700599090197344,0.0,8.820189880857711,1.8398882714619025,8.820189880857711,0.00014772030831001318
23,10719,train,5.176720233934476,4.700599090197344,1.3697978592669136,9.317079548679573,1.5351962884369486,7.947281689412659,0.0003536221140533565
23,11022,train,4.929047496287882,4.700599090197344,1.2196460331044159,8.750992473613483,1.5279516876599393,7.531346440509067,0.0005360160568625429
23,11310,train,5.190153410996362,4.700599090197344,0.0,8.4017798206293,1.6187921926986737,8.4017798206293,0.00022446745662823395
23,12139,train,4.92358041840227,4.700599090197344,1.105772226310281,11.47414392826563,2.105860130404846,10.368371701955349,3.141039396108802e-05
23,13856,calibration,4.702575694072211,4.700599090197344,2.100864046611027,9.186507945191696,1.506758074625447,7.085643898580669,0.0008370356476634788
23,14150,calibration,5.237030644719068,4.700599090197344,1.2811035558241033,9.307600916460988,1.532642809476524,8.026497360636885,0.00032669048621647065
23,14739,calibration,5.480372725957777,4.700599090197344,4.0357453497656595,10.03027424831998,1.0938177380091767,5.994528898554321,0.0024923508472159722
23,15028,test,5.1095382446611,4.700599090197344,1.4100332449826862,9.825244125924524,1.6469611299484446,8.415210880941837,0.00022147277656258432
23,16187,test,5.072002367296824,4.700599090197344,2.863384855746038,9.98232341472725,1.4035755592076595,7.118938558981213,0.0008096256650910017
23,16475,test,4.964430972211227,4.700599090197344,3.838145743609704,10.075092235592727,1.2563265612705254,6.236946491983023,0.001955818521715298
23,16767,test,5.265937322453874,4.700599090197344,5.401583637652442,10.912366436803932,1.0464960863954074,5.51078279915149,0.004042941333148104
23,17055,test,5.691718998447828,4.700599090197344,1.3449946915099735,10.462823226103776,1.6019463605073085,9.117828534593801,0.00010969261262174516
24,622,train,5.087220383547439,4.700599090197344,1.1644277432344043,9.12287196832557,1.5643993428768175,7.958444225091166,0.0003496967438898402
24,1483,train,5.1990627265463,4.700599090197344,1.4036305011019297,8.647343737133799,1.393272906488631,7.243713236031869,0.0007146531513113516
24,2059,train,6.19872996495141,4.700599090197344,0.9026834003674034,9.086701956795803,1.3202734435444234,8.1840185564284,0.00027907819225534184
24,2648,train,4.747983178866075,4.700599090197344,3.68613633273565,9.459112621362,1.2158796843094684,5.772976288626349,0.003110486019524774
24,3498,train,4.790021374842956,4.700599090197344,2.3722544288151304,8.879887789065721,1.3585812778265416,6.5076333602505905,0.0014920065901039205
24,4080,train,4.756382181665871,4.700599090197344,3.6853238614225874,9.665420692577351,1.2572784529817367,5.980096831154764,0.0025285814349142815
24,4656,train,5.945093691982172,4.700599090197344,2.3650059884636003,9.885272289462176,1.2649533700605515,7.520266300998575,0.0005419882146232546
24,5253,train,4.982579162926742,4.700599090197344,0.0,11.530312131523795,2.3141252260106486,11.530312131523795,9.827636093406488e-06
24,6131,train,4.940956396331656,4.700599090197344,6.643545303209422,12.309872206096445,1.1468077125906047,5.666326902887024,0.0034605529072806915
24,6721,train,5.259950447328191,4.700599090197344,5.031108457429708,11.552613782256735,1.2398415897890533,6.521505324827027,0.0014714524204990983
24,7516,train,5.33248065615579,4.700599090197344,1.338672552399804,8.786914926829573,1.3967687563632423,7.4482423744297686,0.0005824644674739205
24,8115,train,5.157652259431879,4.700599090197344,2.842033879192573,9.445491230007905,1.2803223285826386,6.603457350815331,0.0013556728890687037
24,8941,train,4.9220132004887684,4.700599090197344,2.617427080568693,9.41788271757669,1.3816410805913106,6.800455637007997,0.0011132677862639917
24,9570,train,4.793872550668273,4.700599090197344,0.0,8.820189880857711,1.8398882714619025,8.820189880857711,0.00014772030831001318
24,10719,train,5.176720233934476,4.700599090197344,1.3697978592669136,9.317079548679573,1.5351962884369486,7.947281689412659,0.0003536221140533565
24,11295,train,4.857870713961238,4.700599090197344,1.3117579740846186,8.507040692284566,1.4811597800495437,7.195282718199947,0.0007501159838927291
24,12139,train,4.92358041840227,4.700599090197344,1.105772226310281,11.47414392826563,2.105860130404846,10.368371701955349,3.141039396108802e-05
24,13856,calibration,4.702575694072211,4.700599090197344,2.100864046611027,9.186507945191696,1.506758074625447,7.085643898580669,0.0008370356476634788
24,14739,calibration,5.480372725957777,4.700599090197344,4.0357453497656595,10.03027424831998,1.0938177380091767,5.994528898554321,0.0024923508472159722
24,16187,test,5.072002367296824,4.700599090197344,2.863384855746038,9.98232341472725,1.4035755592076595,7.118938558981213,0.0008096256650910017
24,16767,test,5.265937322453874,4.700599090197344,5.401583637652442,10.912366436803932,1.0464960863954074,5.51078279915149,0.004042941333148104
25,622,train,5.087220383547439,4.700599090197344,1.1644277432344043,9.12287196832557,1.5643993428768175,7.958444225091166,0.0003496967438898402
25,893,train,4.8362580991364235,4.700599090197344,2.2721448916812257,8.9677575348168,1.384461396783427,6.695612643135574,0.001236324216653872
25,1188,train,5.492105897024802,4.700599090197344,0.0,8.38091422753444,1.5259928312880076,8.38091422753444,0.00022920030840926353
25,1483,train,5.1990627265463,4.700599090197344,1.4036305011019297,8.647343737133799,1.393272906488631,7.243713236031869,0.0007146531513113516
25,1776,train,5.310423590992112,4.700599090197344,2.6231005600031807,9.014323090474015,1.2035240543357113,6.391222530470834,0.0016762057356789694
25,2034,train,5.612027451804858,4.700599090197344,3.3077822975942284,9.197913414176682,1.0495549366366974,5.890131116582454,0.002766613924169901
25,2342,train,4.818799253215965,4.700599090197344,2.5192378296325684,9.181575823650192,1.3825722226488932,6.662337994017624,0.0012781545566187206
25,2648,train,4.747983178866075,4.700599090197344,3.68613633273565,9.459112621362,1.2158796843094684,5.772976288626349,0.003110486019524774
25,3498,train,4.790021374842956,4.700599090197344,2.3722544288151304,8.879887789065721,1.3585812778265416,6.5076333602505905,0.0014920065901039205
25,3781,train,5.606710196097621,4.700599090197344,2.6863127378217477,9.38307281263447,1.1944188018624178,6.6967600748127225,0.001234906432645153
25,4044,train,5.073262396321412,4.700599090197344,5.156277614897317,9.7750004674557,0.9104048818581484,4.618722852558382,0.009865387573366862
25,4359,train,5.051089605876884,4.700599090197344,2.2897697857389896,9.515724382020409,1.430573432685515,7.225954596281419,0.000727457779043777
25,4648,train,4.862792996400215,4.700599090197344,4.1889335695971335,9.94194626707314,1.1830675707838676,5.753012697476007,0.0031732064703531198
25,4983,train,5.712166099666844,4.700599090197344,1.0218710815805234,10.079680541515867,1.5857048450435693,9.057809459935344,0.00011647784672176624
25,5253,train,4.982579162926742,4.700599090197344,0.0,11.530312131523795,2.3141252260106486,11.530312131523795,9.827636093406488e-06
25,6131,train,4.940956396331656,4.700599090197344,6.643545303209422,12.309872206096445,1.1468077125906047,5.666326902887024,0.0034605529072806915
25,6388,train,4.791153538553083,4.700599090197344,5.513149859857241,11.897153780783876,1.3324565513412017,6.384003920926635,0.0016883493878101033
25,6721,train,5.259950447328191,4.700599090197344,5.031108457429708,11.552613782256735,1.2398415897890533,6.521505324827027,0.0014714524204990983
25,6935,train,4.943883723115514,4.700599090197344,6.156372412336027,11.83535666929939,1.1486888800419859,5.678984256963363,0.003417027503152845
25,7516,train,5.33248065615579,4.700599090197344,1.338672552399804,8.786914926829573,1.3967687563632423,7.4482423744297686,0.0005824644674739205
25,7817,train,5.113725208357978,4.700599090197344,2.521073109268977,9.336837919560566,1.3328375171884015,6.815764810291588,0.0010963543723382263
25,8115,train,5.157652259431879,4.700599090197344,2.842033879192573,9.445491230007905,1.2803223285826386,6.603457350815331,0.0013556728890687037
25,8406,train,5.217750833525814,4.700599090197344,0.0,9.088793884784002,1.7418987940906312,9.088793884784002,0.00011292418599883617
25,8941,train,4.9220132004887684,4.700599090197344,2.617427080568693,9.41788271757669,1.3816410805913106,6.800455637007997,0.0011132677862639917
25,9252,train,4.819538802741912,4.700599090197344,1.3943562860827134,8.784924628828207,1.533459661854135,7.390568342745494,0.000617045160693028
25,9570,train,4.793872550668273,4.700599090197344,0.0,8.820189880857711,1.8398882714619025,8.820189880857711,0.00014772030831001318
25,10719,train,5.176720233934476,4.700599090197344,1.3697978592669136,9.317079548679573,1.5351962884369486,7.947281689412659,0.0003536221140533565
25,10973,train,5.373901779799098,4.700599090197344,2.463449622345703,8.999244135139843,1.2162102659491627,6.535794512794141,0.0014505760685479439
25,11284,train,5.463895125690924,4.700599090197344,1.1161723746110808,8.5857834720673,1.367085371447657,7.4696110974562195,0.0005701499865471326
25,11560,train,4.723045920480569,4.700599090197344,2.5162052193252786,8.759197553152902,1.321814870940827,6.2429923338276225,0.0019440296250677527
25,12139,train,4.92358041840227,4.700599090197344,1.105772226310281,11.47414392826563,2.105860130404846,10.368371701955349,3.141039396108802e-05
25,13856,calibration,4.702575694072211,4.700599090197344,2.100864046611027,9.186507945191696,1.506758074625447,7.085643898580669,0.0008370356476634788
25,14150,calibration,5.237030644719068,4.700599090197344,1.2811035558241033,9.307600916460988,1.532642809476524,8.026497360636885,0.00032669048621647065
25,14739,calibration,5.480372725957777,4.700599090197344,4.0357453497656595,10.03027424831998,1.0938177380091767,5.994528898554321,0.0024923508472159722
25,15028,test,5.1095382446611,4.700599090197344,1.4100332449826862,9.825244125924524,1.6469611299484446,8.415210880941837,0.00022147277656258432
25,16187,test,5.072002367296824,4.700599090197344,2.863384855746038,9.98232341472725,1.4035755592076595,7.118938558981213,0.0008096256650910017
25,16472,test,4.953553054280315,4.700599090197344,4.096402508004441,10.102645353127725,1.212512065442269,6.0062428451232845,0.002463325912717522
25,16767,test,5.265937322453874,4.700599090197344,5.401583637652442,10.912366436803932,1.0464960863954074,5.51078279915149,0.004042941333148104
25,17026,test,5.065959520964757,4.700599090197344,3.8684984147392165,10.683048813460124,1.345164794649435,6.8145503987209075,0.00109768660655015
26,622,train,5.087220383547439,4.700599090197344,1.1644277432344043,9.12287196832557,1.5643993428768175,7.958444225091166,0.0003496967438898402
26,910,train,5.9851825990362055,4.700599090197344,0.0,8.843542936905665,1.4775727875586857,8.843542936905665,0.00014431055669286268
26,1483,train,5.1990627265463,4.700599090197344,1.4036305011019297,8.647343737133799,1.393272906488631,7.243713236031869,0.0007146531513113516
26,1776,train,5.310423590992112,4.700599090197344,2.6231005600031807,9.014323090474015,1.2035240543357113,6.391222530470834,0.0016762057356789694
26,2064,train,6.468087911683196,4.700599090197344,0.0,9.072514013900335,1.4026578082701704,9.072514013900335,0.00011477762308963503
26,2648,train,4.747983178866075,4.700599090197344,3.68613633273565,9.459112621362,1.2158796843094684,5.772976288626349,0.003110486019524774
26,3498,train,4.790021374842956,4.700599090197344,2.3722544288151304,8.879887789065721,1.3585812778265416,6.5076333602505905,0.0014920065901039205
26,3786,train,5.705507735972681,4.700599090197344,2.4562245802076172,9.341057749818653,1.2066994714953798,6.884833169611035,0.0010231868397768949
26,4080,train,4.756382181665871,4.700599090197344,3.6853238614225874,9.665420692577351,1.2572784529817367,5.980096831154764,0.0025285814349142815
26,4371,train,5.292264384111982,4.700599090197344,0.9571671979682471,9.420548758376821,1.5991985558802901,8.463381560408575,0.00021105716006175683
26,4659,train,6.5120362958007965,4.700599090197344,1.1305542001006599,9.871335110319752,1.342250029511579,8.740780910219092,0.00015992894898226098
26,4983,train,5.712166099666844,4.700599090197344,1.0218710815805234,10.079680541515867,1.5857048450435693,9.057809459935344,0.00011647784672176624
26,6131,train,4.940956396331656,4.700599090197344,6.643545303209422,12.309872206096445,1.1468077125906047,5.666326902887024,0.0034605529072806915
26,6419,train,7.171781562096425,4.700599090197344,0.0,11.705725014571936,1.6321920729484918,11.705725014571936,8.246472584443084e-06
26,6721,train,5.259950447328191,4.700599090197344,5.031108457429708,11.552613782256735,1.2398415897890533,6.521505324827027,0.0014714524204990983
26,7009,train,4.9168665633117,4.700599090197344,0.0,11.805968040126984,2.4011162166205313,11.805968040126984,7.459903793637645e-06
26,7516,train,5.33248065615579,4.700599090197344,1.338672552399804,8.786914926829573,1.3967687563632423,7.4482423744297686,0.0005824644674739205
26,7817,train,5.113725208357978,4.700599090197344,2.521073109268977,9.336837919560566,1.3328375171884015,6.815764810291588,0.0010963543723382263
26,8115,train,5.157652259431879,4.700599090197344,2.842033879192573,9.445491230007905,1.2803223285826386,6.603457350815331,0.0013556728890687037
26,8406,train,5.217750833525814,4.700599090197344,0.0,9.088793884784002,1.7418987940906312,9.088793884784002,0.00011292418599883617
26,8941,train,4.9220132004887684,4.700599090197344,2.617427080568693,9.41788271757669,1.3816410805913106,6.800455637007997,0.0011132677862639917
26,9252,train,4.819538802741912,4.700599090197344,1.3943562860827134,8.784924628828207,1.533459661854135,7.390568342745494,0.000617045160693028
26,9570,train,4.793872550668273,4.700599090197344,0.0,8.820189880857711,1.8398882714619025,8.820189880857711,0.00014772030831001318
26,10719,train,5.176720233934476,4.700599090197344,1.3697978592669136,9.317079548679573,1.5351962884369486,7.947281689412659,0.0003536221140533565
26,11022,train,4.929047496287882,4.700599090197344,1.2196460331044159,8.750992473613483,1.5279516876599393,7.531346440509067,0.0005360160568625429
26,11310,train,5.190153410996362,4.700599090197344,0.0,8.4017798206293,1.6187921926986737,8.4017798206293,0.00022446745662823395
26,12139,train,4.92358041840227,4.700599090197344,1.105772226310281,11.47414392826563,2.105860130404846,10.368371701955349,3.141039396108802e-05
26,13856,calibration,4.702575694072211,4.700599090197344,2.100864046611027,9.186507945191696,1.506758074625447,7.085643898580669,0.0008370356476634788
26,14150,calibration,5.237030644719068,4.700599090197344,1.2811035558241033,9.307600916460988,1.532642809476524,8.026497360636885,0.00032669048621647065
26,14739,calibration,5.480372725957777,4.700599090197344,4.0357453497656595,10.03027424831998,1.0938177380091767,5.994528898554321,0.0024923508472159722
26,15028,test,5.1095382446611,4.700599090197344,1.4100332449826862,9.825244125924524,1.6469611299484446,8.415210880941837,0.00022147277656258432
26,16187,test,5.072002367296824,4.700599090197344,2.863384855746038,9.98232341472725,1.4035755592076595,7.118938558981213,0.0008096256650910017
26,16475,test,4.964430972211227,4.700599090197344,3.838145743609704,10.075092235592727,1.2563265612705254,6.236946491983023,0.001955818521715298
26,16767,test,5.265937322453874,4.700599090197344,5.401583637652442,10.912366436803932,1.0464960863954074,5.51078279915149,0.004042941333148104
26,17055,test,5.691718998447828,4.700599090197344,1.3449946915099735,10.462823226103776,1.6019463605073085,9.117828534593801,0.00010969261262174516
27,622,train,5.087220383547439,4.700599090197344,1.1644277432344043,9.12287196832557,1.5643993428768175,7.958444225091166,0.0003496967438898402
27,1483,train,5.1990627265463,4.700599090197344,1.4036305011019297,8.647343737133799,1.393272906488631,7.243713236031869,0.0007146531513113516
27,2059,train,6.19872996495141,4.700599090197344,0.9026834003674034,9.086701956795803,1.3202734435444234,8.1840185564284,0.00027907819225534184
27,2648,train,4.747983178866075,4.700599090197344,3.68613633273565,9.459112621362,1.2158796843094684,5.772976288626349,0.003110486019524774
27,3498,train,4.790021374842956,4.700599090197344,2.3722544288151304,8.879887789065721,1.3585812778265416,6.5076333602505905,0.0014920065901039205
27,4080,train,4.756382181665871,4.700599090197344,3.6853238614225874,9.665420692577351,1.2572784529817367,5.980096831154764,0.0025285814349142815
27,4656,train,5.945093691982172,4.700599090197344,2.3650059884636003,9.885272289462176,1.2649533700605515,7.520266300998575,0.0005419882146232546
27,5253,train,4.982579162926742,4.700599090197344,0.0,11.530312131523795,2.3141252260106486,11.530312131523795,9.827636093406488e-06
27,6131,train,4.940956396331656,4.700599090197344,6.643545303209422,12.309872206096445,1.1468077125906047,5.666326902887024,0.0034605529072806915
27,6721,train,5.259950447328191,4.700599090197344,5.031108457429708,11.552613782256735,1.2398415897890533,6.521505324827027,0.0014714524204990983
27,7516,train,5.33248065615579,4.700599090197344,1.338672552399804,8.786914926829573,1.3967687563632423,7.4482423744297686,0.0005824644674739205
27,8115,train,5.157652259431879,4.700599090197344,2.842033879192573,9.445491230007905,1.2803223285826386,6.603457350815331,0.0013556728890687037
27,8941,train,4.9220132004887684,4.700599090197344,2.617427080568693,9.41788271757669,1.3816410805913106,6.800455637007997,0.0011132677862639917
27,9570,train,4.793872550668273,4.700599090197344,0.0,8.820189880857711,1.8398882714619025,8.820189880857711,0.00014772030831001318
27,10719,train,5.176720233934476,4.700599090197344,1.3697978592669136,9.317079548679573,1.5351962884369486,7.947281689412659,0.0003536221140533565
27,11295,train,4.857870713961238,4.700599090197344,1.3117579740846186,8.507040692284566,1.4811597800495437,7.195282718199947,0.0007501159838927291
27,12139,train,4.92358041840227,4.700599090197344,1.105772226310281,11.47414392826563,2.105860130404846,10.368371701955349,3.141039396108802e-05
27,13856,calibration,4.702575694072211,4.700599090197344,2.100864046611027,9.186507945191696,1.506758074625447,7.085643898580669,0.0008370356476634788
27,14739,calibration,5.480372725957777,4.700599090197344,4.0357453497656595,10.03027424831998,1.0938177380091767,5.994528898554321,0.0024923508472159722
27,16187,test,5.072002367296824,4.700599090197344,2.863384855746038,9.98232341472725,1.4035755592076595,7.118938558981213,0.0008096256650910017
27,16767,test,5.265937322453874,4.700599090197344,5.401583637652442,10.912366436803932,1.0464960863954074,5.51078279915149,0.004042941333148104
28,310,train,7.060273293272606,6.691167263501854,4.3962502973519,9.566758802126841,0.7323382948506639,5.170508504774942,0.0056816789236566545
28,625,train,6.700067295534209,6.691167263501854,3.2545902718353648,9.312983295690039,0.9042286825824525,6.0583930238546735,0.0023381552298303568
28,895,train,6.721902167203015,6.691167263501854,2.2545175633071097,8.98024084618203,1.00056845749564,6.72572328287492,0.001199652577478294
28,1188,train,7.094801546733702,6.691167263501854,3.436451917194232,8.686871399531633,0.7400375398455766,5.250419482337401,0.005245317619524109
28,1482,train,6.866292778606196,6.691167263501854,3.7417408435269692,9.198415728581404,0.7947046624717475,5.456674885054435,0.004267722847162801
28,1782,train,7.100298381257286,6.691167263501854,2.5743144627377266,9.17698974556452,0.9299151850091156,6.602675282826793,0.0013567335321316072
28,2035,train,7.633697923967168,6.691167263501854,5.0316076234264715,9.381093071467259,0.5697743729660705,4.349485448040787,0.012913455515101292
28,2342,train,7.542296218219276,6.691167263501854,5.276097655135708,9.555301339497547,0.567360862070749,4.279203684361838,0.013853689604882705
28,2632,train,6.746022084623196,6.691167263501854,6.3318922557134245,9.806509078443863,0.5150615843150647,3.4746168227304386,0.030973699967395046
28,2959,train,7.623182808708988,6.691167263501854,9.250551463643202,13.070904779133752,0.5011493770195365,3.82035331549055,0.021920054831014626
28,3208,train,7.419948007743352,6.691167263501854,2.6309318503310273,9.134893175830769,0.8765507950611379,6.503961325499741,0.0014974953614633893
28,3497,train,8.054916390036936,6.691167263501854,5.1137970448373755,9.16403047091713,0.5028274944094338,4.050233426079754,0.01741830827749734
28,3797,train,7.949712198521539,6.691167263501854,0.5968664581129765,10.056909976549967,1.1899856601345062,9.46004351843699,7.79032007158332e-05
28,4649,train,6.781169578993007,6.691167263501854,5.983141384037243,10.020746629805373,0.5954142863903588,4.03760524576813,0.017639664536877597
28,5245,train,7.531844517580856,6.691167263501854,7.970710660013022,12.268955984212173,0.5706763216057066,4.298245324199151,0.013592388334605741
28,6391,train,6.969778394641415,6.691167263501854,5.504935848054416,12.122836806632685,0.9495138272497042,6.61790095857827,0.0013362328119892633
28,6724,train,7.585014382681871,6.691167263501854,6.25817127916237,12.298482323575278,0.7963480014229328,6.040311044412909,0.0023808182582171103
28,6941,train,6.884768760756527,6.691167263501854,4.633669679956552,12.196371620086362,1.0984685474459985,7.56270194012981,0.000519469769769445
28,7222,train,7.165813169124253,6.691167263501854,3.1908119594491673,8.75122306197566,0.7759637282318428,5.560411102526492,0.0038471944810967965
28,7515,train,6.758015261042442,6.691167263501854,5.582406436447502,9.56618428478463,0.5894893240774687,3.9837778483371276,0.018615181000487892
28,7816,train,7.604255250638497,6.691167263501854,5.1071700856473035,9.592609137208212,0.5898590859616772,4.485439051560909,0.011271937472415125
28,8414,train,6.794253248073759,6.691167263501854,0.0,8.661462843877745,1.2748219013374809,8.661462843877745,0.00017313085815482643
28,8947,train,7.783414652133491,6.691167263501854,3.94971412507919,9.347533754600061,0.6935027710545126,5.397819629520871,0.004526439506121311
28,9253,train,7.160337332223667,6.691167263501854,2.8918698112205177,9.25825472192368,0.8891180143221074,6.366384910703163,0.0017183600355441084
28,9571,train,6.913524313361254,6.691167263501854,0.6802096875116815,8.816469004091552,1.1768613152709289,8.13625931657987,0.0002927301636119756
28,11009,train,6.883046988967418,6.691167263501854,1.1695926535711727,8.823427084872023,1.11198346365627,7.65383443130085,0.00047422226565054665
28,11286,train,7.052114011342539,6.691167263501854,3.2228845777624735,8.892609782905406,0.8039752613221812,5.669725205142933,0.003448812861938752
28,11558,train,6.856169647383035,6.691167263501854,4.685099997182369,9.288204729014193,0.671381393485327,4.603104731831825,0.010020675886760338
28,11860,train,6.972263868411109,6.691167263501854,8.250962676209106,11.835400851586243,0.5140996157097516,3.5844381753771373,0.027752255151327843
28,12993,calibration,6.894069432817546,6.691167263501854,8.00945835885701,11.234470924632845,0.46779519661115454,3.2250125657758346,0.03975528201712057
28,13857,calibration,6.860539157569614,6.691167263501854,3.3213145057173272,9.519072985996722,0.9033923337411556,6.197758480279395,0.0020339847472465337
28,14443,calibration,7.144302356051626,6.691167263501854,4.892569606952997,10.005900132233904,0.7157214617253186,5.113330525280907,0.0060160130370091325
28,14742,calibration,7.041635041913817,6.691167263501854,5.823980132571019,10.50444816417211,0.6646848358004375,4.680468031601092,0.009274672031480692
28,15887,test,7.001520632641269,6.691167263501854,4.756817590038842,10.653476460017282,0.8421968854148719,5.896658869978441,0.0027486129675545535
28,16188,test,7.310965050000469,6.691167263501854,6.348459113944465,9.972008861499535,0.4956322076187245,3.623549747555071,0.02668777329309439
28,16773,test,7.037676472037512,6.691167263501854,2.700791818826221,11.145076291915185,1.1998682387063777,8.444284473088963,0.00021512646938268672
29,310,train,7.060273293272606,6.691167263501854,4.3962502973519,9.566758802126841,0.7323382948506639,5.170508504774942,0.0056816789236566545
29,625,train,6.700067295534209,6.691167263501854,3.2545902718353648,9.312983295690039,0.9042286825824525,6.0583930238546735,0.0023381552298303568
29,1188,train,7.094801546733702,6.691167263501854,3.436451917194232,8.686871399531633,0.7400375398455766,5.250419482337401,0.005245317619524109
29,1482,train,6.866292778606196,6.691167263501854,3.7417408435269692,9.198415728581404,0.7947046624717475,5.456674885054435,0.004267722847162801
29,1782,train,7.100298381257286,6.691167263501854,2.5743144627377266,9.17698974556452,0.9299151850091156,6.602675282826793,0.0013567335321316072
29,2070,train,9.064005027842168,6.691167263501854,0.0,9.160034998464784,1.0105946510761676,9.160034998464784,0.00010515921757442281
29,2358,train,6.994513238774847,6.691167263501854,4.05869586046103,9.422286502206425,0.7668282922122079,5.363590641745396,0.004684057105340049
29,2653,train,6.979550537779069,6.691167263501854,4.246581933129392,9.635599815629089,0.7721153179319927,5.389017882499696,0.004566455930441083
29,2959,train,7.623182808708988,6.691167263501854,9.250551463643202,13.070904779133752,0.5011493770195365,3.82035331549055,0.021920054831014626
29,3497,train,8.054916390036936,6.691167263501854,5.1137970448373755,9.16403047091713,0.5028274944094338,4.050233426079754,0.01741830827749734
29,3797,train,7.949712198521539,6.691167263501854,0.5968664581129765,10.056909976549967,1.1899856601345062,9.46004351843699,7.79032007158332e-05
29,4649,train,6.781169578993007,6.691167263501854,5.983141384037243,10.020746629805373,0.5954142863903588,4.03760524576813,0.017639664536877597
29,5245,train,7.531844517580856,6.691167263501854,7.970710660013022,12.268955984212173,0.5706763216057066,4.298245324199151,0.013592388334605741
29,6391,train,6.969778394641415,6.691167263501854,5.504935848054416,12.122836806632685,0.9495138272497042,6.61790095857827,0.0013362328119892633
29,6724,train,7.585014382681871,6.691167263501854,6.25817127916237,12.298482323575278,0.7963480014229328,6.040311044412909,0.0023808182582171103
29,7222,train,7.165813169124253,6.691167263501854,3.1908119594491673,8.75122306197566,0.7759637282318428,5.560411102526492,0.0038471944810967965
29,7515,train,6.758015261042442,6.691167263501854,5.582406436447502,9.56618428478463,0.5894893240774687,3.9837778483371276,0.018615181000487892
29,7816,train,7.604255250638497,6.691167263501854,5.1071700856473035,9.592609137208212,0.5898590859616772,4.485439051560909,0.011271937472415125
29,8414,train,6.794253248073759,6.691167263501854,0.0,8.661462843877745,1.2748219013374809,8.661462843877745,0.00017313085815482643
29,8947,train,7.783414652133491,6.691167263501854,3.94971412507919,9.347533754600061,0.6935027710545126,5.397819629520871,0.004526439506121311
29,9253,train,7.160337332223667,6.691167263501854,2.8918698112205177,9.25825472192368,0.8891180143221074,6.366384910703163,0.0017183600355441084
29,9571,train,6.913524313361254,6.691167263501854,0.6802096875116815,8.816469004091552,1.1768613152709289,8.13625931657987,0.0002927301636119756
29,11009,train,6.883046988967418,6.691167263501854,1.1695926535711727,8.823427084872023,1.11198346365627,7.65383443130085,0.00047422226565054665
29,11297,train,7.1982114856157375,6.691167263501854,1.6296902588249418,8.765926319147272,0.9913901633180335,7.1362360603223305,0.0007957415901444441
29,11585,train,7.340128180949323,6.691167263501854,1.7383049594230344,9.189551059754935,1.0151384167474042,7.4512461003319,0.0005807175288417674
29,11873,train,12.946200240800762,6.691167263501854,3.1822057309189717,11.835400851586243,0.668396514785565,8.653195120667272,0.0001745681897115584
29,12993,calibration,6.894069432817546,6.691167263501854,8.00945835885701,11.234470924632845,0.46779519661115454,3.2250125657758346,0.03975528201712057
29,13857,calibration,6.860539157569614,6.691167263501854,3.3213145057173272,9.519072985996722,0.9033923337411556,6.197758480279395,0.0020339847472465337
29,14443,calibration,7.144302356051626,6.691167263501854,4.892569606952997,10.005900132233904,0.7157214617253186,5.113330525280907,0.0060160130370091325
29,14742,calibration,7.041635041913817,6.691167263501854,5.823980132571019,10.50444816417211,0.6646848358004375,4.680468031601092,0.009274672031480692
29,15887,test,7.001520632641269,6.691167263501854,4.756817590038842,10.653476460017282,0.8421968854148719,5.896658869978441,0.0027486129675545535
29,16188,test,7.310965050000469,6.691167263501854,6.348459113944465,9.972008861499535,0.4956322076187245,3.623549747555071,0.02668777329309439
29,16773,test,7.037676472037512,6.691167263501854,2.700791818826221,11.145076291915185,1.1998682387063777,8.444284473088963,0.00021512646938268672
30,310,train,7.060273293272606,6.691167263501854,4.3962502973519,9.566758802126841,0.7323382948506639,5.170508504774942,0.0056816789236566545
30,895,train,6.721902167203015,6.691167263501854,2.2545175633071097,8.98024084618203,1.00056845749564,6.72572328287492,0.001199652577478294
30,1482,train,6.866292778606196,6.691167263501854,3.7417408435269692,9.198415728581404,0.7947046624717475,5.456674885054435,0.004267722847162801
30,2058,train,11.50433332214873,6.691167263501854,0.9353535743487388,9.250134720443157,0.7227521068158185,8.314781146094418,0.0002448704785730542
30,2636,train,6.720603990085143,6.691167263501854,6.240815537584673,9.78329294931024,0.5271070006433585,3.5424774117255673,0.028941538087651816
30,3212,train,9.132856265929789,6.691167263501854,0.6542726664258236,9.118215939546408,0.9267575254299588,8.463943273120584,0.00021093863986225712
30,3797,train,7.949712198521539,6.691167263501854,0.5968664581129765,10.056909976549967,1.1899856601345062,9.46004351843699,7.79032007158332e-05
30,4649,train,6.781169578993007,6.691167263501854,5.983141384037243,10.020746629805373,0.5954142863903588,4.03760524576813,0.017639664536877597
30,5245,train,7.531844517580856,6.691167263501854,7.970710660013022,12.268955984212173,0.5706763216057066,4.298245324199151,0.013592388334605741
30,6391,train,6.969778394641415,6.691167263501854,5.504935848054416,12.122836806632685,0.9495138272497042,6.61790095857827,0.0013362328119892633
30,6967,train,7.027594305611848,6.691167263501854,2.025985955690613,12.17682074694605,1.4444252684235828,10.150834791255436,3.9043474916240915e-05
30,7543,train,10.421280234322548,6.691167263501854,0.0,9.480848383288631,0.909758510481601,9.480848383288631,7.629917874061306e-05
30,8414,train,6.794253248073759,6.691167263501854,0.0,8.661462843877745,1.2748219013374809,8.661462843877745,0.00017313085815482643
30,9253,train,7.160337332223667,6.691167263501854,2.8918698112205177,9.25825472192368,0.8891180143221074,6.366384910703163,0.0017183600355441084
30,11009,train,6.883046988967418,6.691167263501854,1.1695926535711727,8.823427084872023,1.11198346365627,7.65383443130085,0.00047422226565054665
30,11585,train,7.340128180949323,6.691167263501854,1.7383049594230344,9.189551059754935,1.0151384167474042,7.4512461003319,0.0005807175288417674
30,12993,calibration,6.894069432817546,6.691167263501854,8.00945835885701,11.234470924632845,0.46779519661115454,3.2250125657758346,0.03975528201712057
30,13857,calibration,6.860539157569614,6.691167263501854,3.3213145057173272,9.519072985996722,0.9033923337411556,6.197758480279395,0.0020339847472465337
30,14443,calibration,7.144302356051626,6.691167263501854,4.892569606952997,10.005900132233904,0.7157214617253186,5.113330525280907,0.0060160130370091325
30,15887,test,7.001520632641269,6.691167263501854,4.756817590038842,10.653476460017282,0.8421968854148719,5.896658869978441,0.0027486129675545535
30,16773,test,7.037676472037512,6.691167263501854,2.700791818826221,11.145076291915185,1.1998682387063777,8.444284473088963,0.00021512646938268672
31,310,train,7.060273293272606,6.691167263501854,4.3962502973519,9.566758802126841,0.7323382948506639,5.170508504774942,0.0056816789236566545
31,625,train,6.700067295534209,6.691167263501854,3.2545902718353648,9.312983295690039,0.9042286825824525,6.0583930238546735,0.0023381552298303568
31,895,train,6.721902167203015,6.691167263501854,2.2545175633071097,8.98024084618203,1.00056845749564,6.72572328287492,0.001199652577478294
31,1188,train,7.094801546733702,6.691167263501854,3.436451917194232,8.686871399531633,0.7400375398455766,5.250419482337401,0.005245317619524109
31,1482,train,6.866292778606196,6.691167263501854,3.7417408435269692,9.198415728581404,0.7947046624717475,5.456674885054435,0.004267722847162801
31,1782,train,7.100298381257286,6.691167263501854,2.5743144627377266,9.17698974556452,0.9299151850091156,6.602675282826793,0.0013567335321316072
31,2035,train,7.633697923967168,6.691167263501854,5.0316076234264715,9.381093071467259,0.5697743729660705,4.349485448040787,0.012913455515101292
31,2342,train,7.542296218219276,6.691167263501854,5.276097655135708,9.555301339497547,0.567360862070749,4.279203684361838,0.013853689604882705
31,2632,train,6.746022084623196,6.691167263501854,6.3318922557134245,9.806509078443863,0.5150615843150647,3.4746168227304386,0.030973699967395046
31,2959,train,7.623182808708988,6.691167263501854,9.250551463643202,13.070904779133752,0.5011493770195365,3.82035331549055,0.021920054831014626
31,3208,train,7.419948007743352,6.691167263501854,2.6309318503310273,9.134893175830769,0.8765507950611379,6.503961325499741,0.0014974953614633893
31,3497,train,8.054916390036936,6.691167263501854,5.1137970448373755,9.16403047091713,0.5028274944094338,4.050233426079754,0.01741830827749734
31,3797,train,7.949712198521539,6.691167263501854,0.5968664581129765,10.056909976549967,1.1899856601345062,9.46004351843699,7.79032007158332e-05
31,4649,train,6.781169578993007,6.691167263501854,5.983141384037243,10.020746629805373,0.5954142863903588,4.03760524576813,0.017639664536877597
31,5245,train,7.531844517580856,6.691167263501854,7.970710660013022,12.268955984212173,0.5706763216057066,4.298245324199151,0.013592388334605741
31,6391,train,6.969778394641415,6.691167263501854,5.504935848054416,12.122836806632685,0.9495138272497042,6.61790095857827,0.0013362328119892633
31,6724,train,7.585014382681871,6.691167263501854,6.25817127916237,12.298482323575278,0.7963480014229328,6.040311044412909,0.0023808182582171103
31,6941,train,6.884768760756527,6.691167263501854,4.633669679956552,12.196371620086362,1.0984685474459985,7.56270194012981,0.000519469769769445
31,7222,train,7.165813169124253,6.691167263501854,3.1908119594491673,8.75122306197566,0.7759637282318428,5.560411102526492,0.0038471944810967965
31,7515,train,6.758015261042442,6.691167263501854,5.582406436447502,9.56618428478463,0.5894893240774687,3.9837778483371276,0.018615181000487892
31,7816,train,7.604255250638497,6.691167263501854,5.1071700856473035,9.592609137208212,0.5898590859616772,4.485439051560909,0.011271937472415125
31,8414,train,6.794253248073759,6.691167263501854,0.0,8.661462843877745,1.2748219013374809,8.661462843877745,0.00017313085815482643
31,8947,train,7.783414652133491,6.691167263501854,3.94971412507919,9.347533754600061,0.6935027710545126,5.397819629520871,0.004526439506121311
31,9253,train,7.160337332223667,6.691167263501854,2.8918698112205177,9.25825472192368,0.8891180143221074,6.366384910703163,0.0017183600355441084
31,9571,train,6.913524313361254,6.691167263501854,0.6802096875116815,8.816469004091552,1.1768613152709289,8.13625931657987,0.0002927301636119756
31,11009,train,6.883046988967418,6.691167263501854,1.1695926535711727,8.823427084872023,1.11198346365627,7.65383443130085,0.00047422226565054665
31,11286,train,7.052114011342539,6.691167263501854,3.2228845777624735,8.892609782905406,0.8039752613221812,5.669725205142933,0.003448812861938752
31,11558,train,6.856169647383035,6.691167263501854,4.685099997182369,9.288204729014193,0.671381393485327,4.603104731831825,0.010020675886760338
31,11860,train,6.972263868411109,6.691167263501854,8.250962676209106,11.835400851586243,0.5140996157097516,3.5844381753771373,0.027752255151327843
31,12993,calibration,6.894069432817546,6.691167263501854,8.00945835885701,11.234470924632845,0.46779519661115454,3.2250125657758346,0.03975528201712057
31,13857,calibration,6.860539157569614,6.691167263501854,3.3213145057173272,9.519072985996722,0.9033923337411556,6.197758480279395,0.0020339847472465337
31,14443,calibration,7.144302356051626,6.691167263501854,4.892569606952997,10.005900132233904,0.7157214617253186,5.113330525280907,0.0060160130370091325
31,14742,calibration,7.041635041913817,6.691167263501854,5.823980132571019,10.50444816417211,0.6646848358004375,4.680468031601092,0.009274672031480692
31,15887,test,7.001520632641269,6.691167263501854,4.756817590038842,10.653476460017282,0.8421968854148719,5.896658869978441,0.0027486129675545535
31,16188,test,7.310965050000469,6.691167263501854,6.348459113944465,9.972008861499535,0.4956322076187245,3.623549747555071,0.02668777329309439
31,16773,test,7.037676472037512,6.691167263501854,2.700791818826221,11.145076291915185,1.1998682387063777,8.444284473088963,0.00021512646938268672
32,310,train,7.060273293272606,6.691167263501854,4.3962502973519,9.566758802126841,0.7323382948506639,5.170508504774942,0.0056816789236566545
32,625,train,6.700067295534209,6.691167263501854,3.2545902718353648,9.312983295690039,0.9042286825824525,6.0583930238546735,0.0023381552298303568
32,1188,train,7.094801546733702,6.691167263501854,3.436451917194232,8.686871399531633,0.7400375398455766,5.250419482337401,0.005245317619524109
32,1482,train,6.866292778606196,6.691167263501854,3.7417408435269692,9.198415728581404,0.7947046624717475,5.456674885054435,0.004267722847162801
32,1782,train,7.100298381257286,6.691167263501854,2.5743144627377266,9.17698974556452,0.9299151850091156,6.602675282826793,0.0013567335321316072
32,2070,train,9.064005027842168,6.691167263501854,0.0,9.160034998464784,1.0105946510761676,9.160034998464784,0.00010515921757442281
32,2358,train,6.994513238774847,6.691167263501854,4.05869586046103,9.422286502206425,0.7668282922122079,5.363590641745396,0.004684057105340049
32,2653,train,6.979550537779069,6.691167263501854,4.246581933129392,9.635599815629089,0.7721153179319927,5.389017882499696,0.004566455930441083
32,2959,train,7.623182808708988,6.691167263501854,9.250551463643202,13.070904779133752,0.5011493770195365,3.82035331549055,0.021920054831014626
32,3497,train,8.054916390036936,6.691167263501854,5.1137970448373755,9.16403047091713,0.5028274944094338,4.050233426079754,0.01741830827749734
32,3797,train,7.949712198521539,6.691167263501854,0.5968664581129765,10.056909976549967,1.1899856601345062,9.46004351843699,7.79032007158332e-05
32,4649,train,6.781169578993007,6.691167263501854,5.983141384037243,10.020746629805373,0.5954142863903588,4.03760524576813,0.017639664536877597
32,5245,train,7.531844517580856,6.691167263501854,7.970710660013022,12.268955984212173,0.5706763216057066,4.298245324199151,0.013592388334605741
32,6391,train,6.969778394641415,6.691167263501854,5.504935848054416,12.122836806632685,0.9495138272497042,6.61790095857827,0.0013362328119892633
32,6724,train,7.585014382681871,6.691167263501854,6.25817127916237,12.298482323575278,0.7963480014229328,6.040311044412909,0.0023808182582171103
32,7222,train,7.165813169124253,6.691167263501854,3.1908119594491673,8.75122306197566,0.7759637282318428,5.560411102526492,0.0038471944810967965
32,7515,train,6.758015261042442,6.691167263501854,5.582406436447502,9.56618428478463,0.5894893240774687,3.9837778483371276,0.018615181000487892
32,7816,train,7.604255250638497,6.691167263501854,5.1071700856473035,9.592609137208212,0.5898590859616772,4.485439051560909,0.011271937472415125
32,8414,train,6.794253248073759,6.691167263501854,0.0,8.661462843877745,1.2748219013374809,8.661462843877745,0.00017313085815482643
32,8947,train,7.783414652133491,6.691167263501854,3.94971412507919,9.347533754600061,0.6935027710545126,5.397819629520871,0.004526439506121311
32,9253,train,7.160337332223667,6.691167263501854,2.8918698112205177,9.25825472192368,0.8891180143221074,6.366384910703163,0.0017183600355441084
32,9571,train,6.913524313361254,6.691167263501854,0.6802096875116815,8.816469004091552,1.1768613152709289,8.13625931657987,0.0002927301636119756
32,11009,train,6.883046988967418,6.691167263501854,1.1695926535711727,8.823427084872023,1.11198346365627,7.65383443130085,0.00047422226565054665
32,11297,train,7.1982114856157375,6.691167263501854,1.6296902588249418,8.765926319147272,0.9913901633180335,7.1362360603223305,0.0007957415901444441
32,11585,train,7.340128180949323,6.691167263501854,1.7383049594230344,9.189551059754935,1.0151384167474042,7.4512461003319,0.0005807175288417674
32,11873,train,12.946200240800762,6.691167263501854,3.1822057309189717,11.835400851586243,0.668396514785565,8.653195120667272,0.0001745681897115584
32,12993,calibration,6.894069432817546,6.691167263501854,8.00945835885701,11.234470924632845,0.46779519661115454,3.2250125657758346,0.03975528201712057
32,13857,calibration,6.860539157569614,6.691167263501854,3.3213145057173272,9.519072985996722,0.9033923337411556,6.197758480279395,0.0020339847472465337
32,14443,calibration,7.144302356051626,6.691167263501854,4.892569606952997,10.005900132233904,0.7157214617253186,5.113330525280907,0.0060160130370091325
32,14742,calibration,7.041635041913817,6.691167263501854,5.823980132571019,10.50444816417211,0.6646848358004375,4.680468031601092,0.009274672031480692
32,15887,test,7.001520632641269,6.691167263501854,4.756817590038842,10.653476460017282,0.8421968854148719,5.896658869978441,0.0027486129675545535
32,16188,test,7.310965050000469,6.691167263501854,6.348459113944465,9.972008861499535,0.4956322076187245,3.623549747555071,0.02668777329309439
32,16773,test,7.037676472037512,6.691167263501854,2.700791818826221,11.145076291915185,1.1998682387063777,8.444284473088963,0.00021512646938268672
33,310,train,7.060273293272606,6.691167263501854,4.3962502973519,9.566758802126841,0.7323382948506639,5.170508504774942,0.0056816789236566545
33,895,train,6.721902167203015,6.691167263501854,2.2545175633071097,8.98024084618203,1.00056845749564,6.72572328287492,0.001199652577478294
33,1482,train,6.866292778606196,6.691167263501854,3.7417408435269692,9.198415728581404,0.7947046624717475,5.456674885054435,0.004267722847162801
33,2058,train,11.50433332214873,6.691167263501854,0.9353535743487388,9.250134720443157,0.7227521068158185,8.314781146094418,0.0002448704785730542
33,2636,train,6.720603990085143,6.691167263501854,6.240815537584673,9.78329294931024,0.5271070006433585,3.5424774117255673,0.028941538087651816
33,3212,train,9.132856265929789,6.691167263501854,0.6542726664258236,9.118215939546408,0.9267575254299588,8.463943273120584,0.00021093863986225712
33,3797,train,7.949712198521539,6.691167263501854,0.5968664581129765,10.056909976549967,1.1899856601345062,9.46004351843699,7.79032007158332e-05
33,4649,train,6.781169578993007,6.691167263501854,5.983141384037243,10.020746629805373,0.5954142863903588,4.03760524576813,0.017639664536877597
33,5245,train,7.531844517580856,6.691167263501854,7.970710660013022,12.268955984212173,0.5706763216057066,4.298245324199151,0.013592388334605741
33,6391,train,6.969778394641415,6.691167263501854,5.504935848054416,12.122836806632685,0.9495138272497042,6.61790095857827,0.0013362328119892633
33,6967,train,7.027594305611848,6.691167263501854,2.025985955690613,12.17682074694605,1.4444252684235828,10.150834791255436,3.9043474916240915e-05
33,7543,train,10.421280234322548,6.691167263501854,0.0,9.480848383288631,0.909758510481601,9.480848383288631,7.629917874061306e-05
33,8414,train,6.794253248073759,6.691167263501854,0.0,8.661462843877745,1.2748219013374809,8.661462843877745,0.00017313085815482643
33,9253,train,7.160337332223667,6.691167263501854,2.8918698112205177,9.25825472192368,0.8891180143221074,6.366384910703163,0.0017183600355441084
33,11009,train,6.883046988967418,6.691167263501854,1.1695926535711727,8.823427084872023,1.11198346365627,7.65383443130085,0.00047422226565054665
33,11585,train,7.340128180949323,6.691167263501854,1.7383049594230344,9.189551059754935,1.0151384167474042,7.4512461003319,0.0005807175288417674
33,12993,calibration,6.894069432817546,6.691167263501854,8.00945835885701,11.234470924632845,0.46779519661115454,3.2250125657758346,0.03975528201712057
33,13857,calibration,6.860539157569614,6.691167263501854,3.3213145057173272,9.519072985996722,0.9033923337411556,6.197758480279395,0.0020339847472465337
33,14443,calibration,7.144302356051626,6.691167263501854,4.892569606952997,10.005900132233904,0.7157214617253186,5.113330525280907,0.0060160130370091325
33,15887,test,7.001520632641269,6.691167263501854,4.756817590038842,10.653476460017282,0.8421968854148719,5.896658869978441,0.0027486129675545535
33,16773,test,7.037676472037512,6.691167263501854,2.700791818826221,11.145076291915185,1.1998682387063777,8.444284473088963,0.00021512646938268672
34,310,train,7.060273293272606,6.691167263501854,4.3962502973519,9.566758802126841,0.7323382948506639,5.170508504774942,0.0056816789236566545
34,625,train,6.700067295534209,6.691167263501854,3.2545902718353648,9.312983295690039,0.9042286825824525,6.0583930238546735,0.0023381552298303568
34,895,train,6.721902167203015,6.691167263501854,2.2545175633071097,8.98024084618203,1.00056845749564,6.72572328287492,0.001199652577478294
34,1188,train,7.094801546733702,6.691167263501854,3.436451917194232,8.686871399531633,0.7400375398455766,5.250419482337401,0.005245317619524109
34,1482,train,6.866292778606196,6.691167263501854,3.7417408435269692,9.198415728581404,0.7947046624717475,5.456674885054435,0.004267722847162801
34,1782,train,7.100298381257286,6.691167263501854,2.5743144627377266,9.17698974556452,0.9299151850091156,6.602675282826793,0.0013567335321316072
34,2035,train,7.633697923967168,6.691167263501854,5.0316076234264715,9.381093071467259,0.5697743729660705,4.349485448040787,0.012913455515101292
34,2342,train,7.542296218219276,6.691167263501854,5.276097655135708,9.555301339497547,0.567360862070749,4.279203684361838,0.013853689604882705
34,2632,train,6.746022084623196,6.691167263501854,6.3318922557134245,9.806509078443863,0.5150615843150647,3.4746168227304386,0.030973699967395046
34,2959,train,7.623182808708988,6.691167263501854,9.250551463643202,13.070904779133752,0.5011493770195365,3.82035331549055,0.021920054831014626
34,3208,train,7.419948007743352,6.691167263501854,2.6309318503310273,9.134893175830769,0.8765507950611379,6.503961325499741,0.0014974953614633893
34,3497,train,8.054916390036936,6.691167263501854,5.1137970448373755,9.16403047091713,0.5028274944094338,4.050233426079754,0.01741830827749734
34,3797,train,7.949712198521539,6.691167263501854,0.5968664581129765,10.056909976549967,1.1899856601345062,9.46004351843699,7.79032007158332e-05
34,4649,train,6.781169578993007,6.691167263501854,5.983141384037243,10.020746629805373,0.5954142863903588,4.03760524576813,0.017639664536877597
34,5245,train,7.531844517580856,6.691167263501854,7.970710660013022,12.268955984212173,0.5706763216057066,4.298245324199151,0.013592388334605741
34,6391,train,6.969778394641415,6.691167263501854,5.504935848054416,12.122836806632685,0.9495138272497042,6.61790095857827,0.0013362328119892633
34,6724,train,7.585014382681871,6.691167263501854,6.25817127916237,12.298482323575278,0.7963480014229328,6.040311044412909,0.0023808182582171103
34,6941,train,6.884768760756527,6.691167263501854,4.633669679956552,12.196371620086362,1.0984685474459985,7.56270194012981,0.000519469769769445
34,7222,train,7.165813169124253,6.691167263501854,3.1908119594491673,8.75122306197566,0.7759637282318428,5.560411102526492,0.0038471944810967965
34,7515,train,6.758015261042442,6.691167263501854,5.582406436447502,9.56618428478463,0.5894893240774687,3.9837778483371276,0.018615181000487892
34,7816,train,7.604255250638497,6.691167263501854,5.1071700856473035,9.592609137208212,0.5898590859616772,4.485439051560909,0.011271937472415125
34,8414,train,6.794253248073759,6.691167263501854,0.0,8.661462843877745,1.2748219013374809,8.661462843877745,0.00017313085815482643
34,8947,train,7.783414652133491,6.691167263501854,3.94971412507919,9.347533754600061,0.6935027710545126,5.397819629520871,0.004526439506121311
34,9253,train,7.160337332223667,6.691167263501854,2.8918698112205177,9.25825472192368,0.8891180143221074,6.366384910703163,0.0017183600355441084
34,9571,train,6.913524313361254,6.691167263501854,0.6802096875116815,8.816469004091552,1.1768613152709289,8.13625931657987,0.0002927301636119756
34,11009,train,6.883046988967418,6.691167263501854,1.1695926535711727,8.823427084872023,1.11198346365627,7.65383443130085,0.00047422226565054665
34,11286,train,7.052114011342539,6.691167263501854,3.2228845777624735,8.892609782905406,0.8039752613221812,5.669725205142933,0.003448812861938752
34,11558,train,6.856169647383035,6.691167263501854,4.685099997182369,9.288204729014193,0.671381393485327,4.603104731831825,0.010020675886760338
34,11860,train,6.972263868411109,6.691167263501854,8.250962676209106,11.835400851586243,0.5140996157097516,3.5844381753771373,0.027752255151327843
34,12993,calibration,6.894069432817546,6.691167263501854,8.00945835885701,11.234470924632845,0.46779519661115454,3.2250125657758346,0.03975528201712057
34,13857,calibration,6.860539157569614,6.691167263501854,3.3213145057173272,9.519072985996722,0.9033923337411556,6.197758480279395,0.0020339847472465337
34,14443,calibration,7.144302356051626,6.691167263501854,4.892569606952997,10.005900132233904,0.7157214617253186,5.113330525280907,0.0060160130370091325
34,14742,calibration,7.041635041913817,6.691167263501854,5.823980132571019,10.50444816417211,0.6646848358004375,4.680468031601092,0.009274672031480692
34,15887,test,7.001520632641269,6.691167263501854,4.756817590038842,10.653476460017282,0.8421968854148719,5.896658869978441,0.0027486129675545535
34,16188,test,7.310965050000469,6.691167263501854,6.348459113944465,9.972008861499535,0.4956322076187245,3.623549747555071,0.02668777329309439
34,16773,test,7.037676472037512,6.691167263501854,2.700791818826221,11.145076291915185,1.1998682387063777,8.444284473088963,0.00021512646938268672
35,310,train,7.060273293272606,6.691167263501854,4.3962502973519,9.566758802126841,0.7323382948506639,5.170508504774942,0.0056816789236566545
35,625,train,6.700067295534209,6.691167263501854,3.2545902718353648,9.312983295690039,0.9042286825824525,6.0583930238546735,0.0023381552298303568
35,1188,train,7.094801546733702,6.691167263501854,3.436451917194232,8.686871399531633,0.7400375398455766,5.250419482337401,0.005245317619524109
35,1482,train,6.866292778606196,6.691167263501854,3.7417408435269692,9.198415728581404,0.7947046624717475,5.456674885054435,0.004267722847162801
35,1782,train,7.100298381257286,6.691167263501854,2.5743144627377266,9.17698974556452,0.9299151850091156,6.602675282826793,0.0013567335321316072
35,2070,train,9.064005027842168,6.691167263501854,0.0,9.160034998464784,1.0105946510761676,9.160034998464784,0.00010515921757442281
35,2358,train,6.994513238774847,6.691167263501854,4.05869586046103,9.422286502206425,0.7668282922122079,5.363590641745396,0.004684057105340049
35,2653,train,6.979550537779069,6.691167263501854,4.246581933129392,9.635599815629089,0.7721153179319927,5.389017882499696,0.004566455930441083
35,2959,train,7.623182808708988,6.691167263501854,9.250551463643202,13.070904779133752,0.5011493770195365,3.82035331549055,0.021920054831014626
35,3497,train,8.054916390036936,6.691167263501854,5.1137970448373755,9.16403047091713,0.5028274944094338,4.050233426079754,0.01741830827749734
35,3797,train,7.949712198521539,6.691167263501854,0.5968664581129765,10.056909976549967,1.1899856601345062,9.46004351843699,7.79032007158332e-05
35,4649,train,6.781169578993007,6.691167263501854,5.983141384037243,10.020746629805373,0.5954142863903588,4.03760524576813,0.017639664536877597
35,5245,train,7.531844517580856,6.691167263501854,7.970710660013022,12.268955984212173,0.5706763216057066,4.298245324199151,0.013592388334605741
35,6391,train,6.969778394641415,6.691167263501854,5.504935848054416,12.122836806632685,0.9495138272497042,6.61790095857827,0.0013362328119892633
35,6724,train,7.585014382681871,6.691167263501854,6.25817127916237,12.298482323575278,0.7963480014229328,6.040311044412909,0.0023808182582171103
35,7222,train,7.165813169124253,6.691167263501854,3.1908119594491673,8.75122306197566,0.7759637282318428,5.560411102526492,0.0038471944810967965
35,7515,train,6.758015261042442,6.691167263501854,5.582406436447502,9.56618428478463,0.5894893240774687,3.9837778483371276,0.018615181000487892
35,7816,train,7.604255250638497,6.691167263501854,5.1071700856473035,9.592609137208212,0.5898590859616772,4.485439051560909,0.011271937472415125
35,8414,train,6.794253248073759,6.691167263501854,0.0,8.661462843877745,1.2748219013374809,8.661462843877745,0.00017313085815482643
35,8947,train,7.783414652133491,6.691167263501854,3.94971412507919,9.347533754600061,0.6935027710545126,5.397819629520871,0.004526439506121311
35,9253,train,7.160337332223667,6.691167263501854,2.8918698112205177,9.25825472192368,0.8891180143221074,6.366384910703163,0.0017183600355441084
35,9571,train,6.913524313361254,6.691167263501854,0.6802096875116815,8.816469004091552,1.1768613152709289,8.13625931657987,0.0002927301636119756
35,11009,train,6.883046988967418,6.691167263501854,1.1695926535711727,8.823427084872023,1.11198346365627,7.65383443130085,0.00047422226565054665
35,11297,train,7.1982114856157375,6.691167263501854,1.6296902588249418,8.765926319147272,0.9913901633180335,7.1362360603223305,0.0007957415901444441
35,11585,train,7.340128180949323,6.691167263501854,1.7383049594230344,9.189551059754935,1.0151384167474042,7.4512461003319,0.0005807175288417674
35,11873,train,12.946200240800762,6.691167263501854,3.1822057309189717,11.835400851586243,0.668396514785565,8.653195120667272,0.0001745681897115584
35,12993,calibration,6.894069432817546,6.691167263501854,8.00945835885701,11.234470924632845,0.46779519661115454,3.2250125657758346,0.03975528201712057
35,13857,calibration,6.860539157569614,6.691167263501854,3.3213145057173272,9.519072985996722,0.9033923337411556,6.197758480279395,0.0020339847472465337
35,14443,calibration,7.144302356051626,6.691167263501854,4.892569606952997,10.005900132233904,0.7157214617253186,5.113330525280907,0.0060160130370091325
35,14742,calibration,7.041635041913817,6.691167263501854,5.823980132571019,10.50444816417211,0.6646848358004375,4.680468031601092,0.009274672031480692
35,15887,test,7.001520632641269,6.691167263501854,4.756817590038842,10.653476460017282,0.8421968854148719,5.896658869978441,0.0027486129675545535
35,16188,test,7.310965050000469,6.691167263501854,6.348459113944465,9.972008861499535,0.4956322076187245,3.623549747555071,0.02668777329309439
35,16773,test,7.037676472037512,6.691167263501854,2.700791818826221,11.145076291915185,1.1998682387063777,8.444284473088963,0.00021512646938268672
36,310,train,7.060273293272606,6.691167263501854,4.3962502973519,9.566758802126841,0.7323382948506639,5.170508504774942,0.0056816789236566545
36,895,train,6.721902167203015,6.691167263501854,2.2545175633071097,8.98024084618203,1.00056845749564,6.72572328287492,0.001199652577478294
36,1482,train,6.866292778606196,6.691167263501854,3.7417408435269692,9.198415728581404,0.7947046624717475,5.456674885054435,0.004267722847162801
36,2058,train,11.50433332214873,6.691167263501854,0.9353535743487388,9.250134720443157,0.7227521068158185,8.314781146094418,0.0002448704785730542
36,2636,train,6.720603990085143,6.691167263501854,6.240815537584673,9.78329294931024,0.5271070006433585,3.5424774117255673,0.028941538087651816
36,3212,train,9.132856265929789,6.691167263501854,0.6542726664258236,9.118215939546408,0.9267575254299588,8.463943273120584,0.00021093863986225712
36,3797,train,7.949712198521539,6.691167263501854,0.5968664581129765,10.056909976549967,1.1899856601345062,9.46004351843699,7.79032007158332e-05
36,4649,train,6.781169578993007,6.691167263501854,5.983141384037243,10.020746629805373,0.5954142863903588,4.03760524576813,0.017639664536877597
36,5245,train,7.531844517580856,6.691167263501854,7.970710660013022,12.268955984212173,0.5706763216057066,4.298245324199151,0.013592388334605741
36,6391,train,6.969778394641415,6.691167263501854,5.504935848054416,12.122836806632685,0.9495138272497042,6.61790095857827,0.0013362328119892633
36,6967,train,7.027594305611848,6.691167263501854,2.025985955690613,12.17682074694605,1.4444252684235828,10.150834791255436,3.9043474916240915e-05
36,7543,train,10.421280234322548,6.691167263501854,0.0,9.480848383288631,0.909758510481601,9.480848383288631,7.629917874061306e-05
36,8414,train,6.794253248073759,6.691167263501854,0.0,8.661462843877745,1.2748219013374809,8.661462843877745,0.00017313085815482643
36,9253,train,7.160337332223667,6.691167263501854,2.8918698112205177,9.25825472192368,0.8891180143221074,6.366384910703163,0.0017183600355441084
36,11009,train,6.883046988967418,6.691167263501854,1.1695926535711727,8.823427084872023,1.11198346365627,7.65383443130085,0.00047422226565054665
36,11585,train,7.340128180949323,6.691167263501854,1.7383049594230344,9.189551059754935,1.0151384167474042,7.4512461003319,0.0005807175288417674
36,12993,calibration,6.894069432817546,6.691167263501854,8.00945835885701,11.234470924632845,0.46779519661115454,3.2250125657758346,0.03975528201712057
36,13857,calibration,6.860539157569614,6.691167263501854,3.3213145057173272,9.519072985996722,0.9033923337411556,6.197758480279395,0.0020339847472465337
36,14443,calibration,7.144302356051626,6.691167263501854,4.892569606952997,10.005900132233904,0.7157214617253186,5.113330525280907,0.0060160130370091325
36,15887,test,7.001520632641269,6.691167263501854,4.756817590038842,10.653476460017282,0.8421968854148719,5.896658869978441,0.0027486129675545535
36,16773,test,7.037676472037512,6.691167263501854,2.700791818826221,11.145076291915185,1.1998682387063777,8.444284473088963,0.00021512646938268672
37,630,train,5.43873067712238,5.088177384409308,1.262582055890621,8.992813050815219,1.4213299855867556,7.7302309949245975,0.00043934261946432175
37,1207,train,5.090552881818899,5.088177384409308,1.1092056815795008,8.270258493132792,1.4067338023595157,7.161052811553291,0.0007762368917036866
37,1490,train,5.5179428176115115,5.088177384409308,0.5187132024396134,8.785003475756842,1.4980746532809055,8.266290273317228,0.00025703706200832133
37,1782,train,5.588214013760119,5.088177384409308,2.5743144627377266,9.043155238322498,1.1575864416889268,6.468840775584772,0.0015510226745495382
37,2040,train,5.219548652189248,5.088177384409308,1.6538911487971142,9.073660803393885,1.4215347243644676,7.419769654596771,0.000599287172662165
37,2388,train,5.407919563166939,5.088177384409308,1.6692012360434987,9.214128704200977,1.3951626646863593,7.5449274681574785,0.0005287856175068096
37,2664,train,5.107136602455995,5.088177384409308,4.181255521206755,9.614269246931656,1.0638081861981512,5.4330137257249005,0.004369906238940219
37,2961,train,5.328415283553446,5.088177384409308,7.164585757431506,12.655307241137942,1.0304605012026673,5.490721483706436,0.004124867076034074
37,3211,train,5.386528780080998,5.088177384409308,1.3514701915659615,9.042984670077358,1.4279167145554057,7.6915144785113965,0.0004566860065893062
37,3524,train,5.300576085933582,5.088177384409308,1.0671736900045719,8.789014297757427,1.4567927113139099,7.721840607752855,0.00044304438203672617
37,3796,train,5.265724090795524,5.088177384409308,0.5968664581129765,9.689021656526744,1.7266676038546793,9.092155198413767,0.00011254524961211094
37,4102,train,5.2369772742228795,5.088177384409308,1.6855312164286576,9.354625775681107,1.464412419164159,7.66909455925245,0.0004670405098239536
37,4656,train,5.589146794925473,5.088177384409308,1.821471835197216,9.86221710392672,1.4386355491736056,8.040745268729506,0.00032206883282432486
37,4987,train,5.420419377452488,5.088177384409308,2.3604166763691947,10.501794731910755,1.5019830549288384,8.14137805554156,0.0002912355827661887
37,6135,train,5.1231292984785375,5.088177384409308,6.357208895685601,12.686158528614598,1.2353679292866107,6.328949632928997,0.0017839065420693187
37,6391,train,5.092347892024973,5.088177384409308,5.504935848054416,11.634035196239122,1.2035900684993202,6.129099348184706,0.0021785421853662244
37,6725,train,5.145855482239113,5.088177384409308,5.984792502703761,11.66365597538324,1.103580054333053,5.678863472679478,0.003417440251299071
37,6940,train,5.753566710913654,5.088177384409308,5.186622307897742,11.934636095400815,1.1728401053737854,6.748013787503074,0.0011732075476397718
37,7823,train,5.575339128928447,5.088177384409308,1.2605365546344884,9.221873016585004,1.427955551733522,7.961336461950515,0.00034868679928109765
37,8122,train,5.291556830980377,5.088177384409308,1.7893512068422475,9.491563928522027,1.4555664746121182,7.702212721679779,0.00045182631009685803
37,8984,train,5.387219176639269,5.088177384409308,0.0,8.896303783067061,1.651372162774502,8.896303783067061,0.00013689398236458537
37,9307,train,5.159028775433466,5.088177384409308,0.3397947869921433,8.592223038703853,1.5996088820067365,8.25242825171171,0.0002606249253829426
37,10725,train,5.4593864444213,5.088177384409308,1.2725535648797812,9.291459419009781,1.468829132314705,8.01890585413,0.00032917999678007696
37,11003,train,5.328019285999527,5.088177384409308,1.9829896009770653,8.830101579620273,1.2851139628258124,6.847111978643207,0.0010625198461154982
37,11293,train,5.1977393185106955,5.088177384409308,1.1373500139775308,8.489615388076142,1.414512141444841,7.352265374098612,0.0006411382958882785
37,13906,calibration,5.382926867133154,5.088177384409308,0.5349995773455952,8.868130038189484,1.5480668169066096,8.33313046084389,0.00024041824572038913
37,14154,calibration,5.100561652534631,5.088177384409308,1.2849524054472201,9.214768114077428,1.5546946098945067,7.9298157086302075,0.0003598527245714985
37,14744,calibration,5.311715195168069,5.088177384409308,4.043307880310424,10.225061389470145,1.1637961151951641,6.181753509159721,0.0020668005216428666
37,16193,test,5.136361508668418,5.088177384409308,4.448652242327263,9.88980557180226,1.0593400250921192,5.4411533294749965,0.004334481301790065
37,16770,test,5.414189864829755,5.088177384409308,5.619234594129331,10.981094930876463,0.9903347445529104,5.361860336747132,0.004692168968736585
38,630,train,5.43873067712238,5.088177384409308,1.262582055890621,8.992813050815219,1.4213299855867556,7.7302309949245975,0.00043934261946432175
38,1207,train,5.090552881818899,5.088177384409308,1.1092056815795008,8.270258493132792,1.4067338023595157,7.161052811553291,0.0007762368917036866
38,1495,train,5.5179428176115115,5.088177384409308,0.5187132024396134,8.785003475756842,1.4980746532809055,8.266290273317228,0.00025703706200832133
38,1783,train,5.162702475904926,5.088177384409308,3.0668808497411035,9.043155238322498,1.1575864416889268,5.976274388581395,0.00253826528843737
38,2388,train,5.407919563166939,5.088177384409308,1.6692012360434987,9.214128704200977,1.3951626646863593,7.5449274681574785,0.0005287856175068096
38,2676,train,9.037596600277379,5.088177384409308,0.0,9.614269246931656,1.0638081861981512,9.614269246931656,6.676916091755521e-05
38,2964,train,9.041233978520047,5.088177384409308,4.627235362605163,12.655307241137942,0.8879398429026042,8.028071878532778,0.0003261765109373256
38,3252,train,5.237749407890045,5.088177384409308,0.0,8.56364188163348,1.634985031688109,8.56364188163348,0.00019092270806535223
38,3540,train,6.161841935727587,5.088177384409308,0.0,8.789014297757427,1.4263615310865039,8.789014297757427,0.00015239811283551989
38,4102,train,5.2369772742228795,5.088177384409308,1.6855312164286576,9.354625775681107,1.464412419164159,7.66909455925245,0.0004670405098239536
38,4656,train,5.589146794925473,5.088177384409308,1.821471835197216,9.86221710392672,1.4386355491736056,8.040745268729506,0.00032206883282432486
38,4987,train,5.420419377452488,5.088177384409308,2.3604166763691947,10.501794731910755,1.5019830549288384,8.14137805554156,0.0002912355827661887
38,6135,train,5.1231292984785375,5.088177384409308,6.357208895685601,12.686158528614598,1.2353679292866107,6.328949632928997,0.0017839065420693187
38,6423,train,6.688130065212438,5.088177384409308,0.0,11.62382432417385,1.7379782107758153,11.62382432417385,8.950292683243327e-06
38,6725,train,5.145855482239113,5.088177384409308,5.984792502703761,11.66365597538324,1.103580054333053,5.678863472679478,0.003417440251299071
38,7823,train,5.575339128928447,5.088177384409308,1.2605365546344884,9.221873016585004,1.427955551733522,7.961336461950515,0.00034868679928109765
38,8122,train,5.291556830980377,5.088177384409308,1.7893512068422475,9.491563928522027,1.4555664746121182,7.702212721679779,0.00045182631009685803
38,8984,train,5.387219176639269,5.088177384409308,0.0,8.896303783067061,1.651372162774502,8.896303783067061,0.00013689398236458537
38,9307,train,5.159028775433466,5.088177384409308,0.3397947869921433,8.592223038703853,1.5996088820067365,8.25242825171171,0.0002606249253829426
38,10725,train,5.4593864444213,5.088177384409308,1.2725535648797812,9.291459419009781,1.468829132314705,8.01890585413,0.00032917999678007696
38,11013,train,5.508369865854806,5.088177384409308,2.2341773387904067,8.830101579620273,1.1974367011403093,6.595924240829866,0.0013659238845077277
38,11301,train,5.190055243136774,5.088177384409308,1.1482192318897202,8.489615388076142,1.414512141444841,7.3413961561864225,0.000648144977331277
38,13906,calibration,5.382926867133154,5.088177384409308,0.5349995773455952,8.868130038189484,1.5480668169066096,8.33313046084389,0.00024041824572038913
38,14201,calibration,5.118473921978972,5.088177384409308,0.933794196767369,9.214768114077428,1.6178599409779466,8.280973917310058,0.0002532903959697563
38,14744,calibration,5.311715195168069,5.088177384409308,4.043307880310424,10.225061389470145,1.1637961151951641,6.181753509159721,0.0020668005216428666
38,16193,test,5.136361508668418,5.088177384409308,4.448652242327263,9.88980557180226,1.0593400250921192,5.4411533294749965,0.004334481301790065
38,16770,test,5.414189864829755,5.088177384409308,5.619234594129331,10.981094930876463,0.9903347445529104,5.361860336747132,0.004692168968736585
39,630,train,5.43873067712238,5.088177384409308,1.262582055890621,8.992813050815219,1.4213299855867556,7.7302309949245975,0.00043934261946432175
39,1207,train,5.090552881818899,5.088177384409308,1.1092056815795008,8.270258493132792,1.4067338023595157,7.161052811553291,0.0007762368917036866
39,1783,train,5.162702475904926,5.088177384409308,3.0668808497411035,9.043155238322498,1.1575864416889268,5.976274388581395,0.00253826528843737
39,2388,train,5.407919563166939,5.088177384409308,1.6692012360434987,9.214128704200977,1.3951626646863593,7.5449274681574785,0.0005287856175068096
39,2964,train,9.041233978520047,5.088177384409308,4.627235362605163,12.655307241137942,0.8879398429026042,8.028071878532778,0.0003261765109373256
39,3540,train,6.161841935727587,5.088177384409308,0.0,8.789014297757427,1.4263615310865039,8.789014297757427,0.00015239811283551989
39,4116,train,5.7401958302911265,5.088177384409308,0.9486117133684614,9.354625775681107,1.464412419164159,8.406014062312646,0.0002235190165461215
39,4695,train,5.158563160545984,5.088177384409308,2.440924758507918,9.86221710392672,1.4386355491736056,7.421292345418802,0.0005983753379819214
39,6135,train,5.1231292984785375,5.088177384409308,6.357208895685601,12.686158528614598,1.2353679292866107,6.328949632928997,0.0017839065420693187
39,6725,train,5.145855482239113,5.088177384409308,5.984792502703761,11.66365597538324,1.103580054333053,5.678863472679478,0.003417440251299071
39,7823,train,5.575339128928447,5.088177384409308,1.2605365546344884,9.221873016585004,1.427955551733522,7.961336461950515,0.00034868679928109765
39,8984,train,5.387219176639269,5.088177384409308,0.0,8.896303783067061,1.651372162774502,8.896303783067061,0.00013689398236458537
39,10725,train,5.4593864444213,5.088177384409308,1.2725535648797812,9.291459419009781,1.468829132314705,8.01890585413,0.00032917999678007696
39,11301,train,5.190055243136774,5.088177384409308,1.1482192318897202,8.489615388076142,1.414512141444841,7.3413961561864225,0.000648144977331277
39,13906,calibration,5.382926867133154,5.088177384409308,0.5349995773455952,8.868130038189484,1.5480668169066096,8.33313046084389,0.00024041824572038913
39,14744,calibration,5.311715195168069,5.088177384409308,4.043307880310424,10.225061389470145,1.1637961151951641,6.181753509159721,0.0020668005216428666
39,16193,test,5.136361508668418,5.088177384409308,4.448652242327263,9.88980557180226,1.0593400250921192,5.4411533294749965,0.004334481301790065
39,16770,test,5.414189864829755,5.088177384409308,5.619234594129331,10.981094930876463,0.9903347445529104,5.361860336747132,0.004692168968736585
40,630,train,5.43873067712238,5.088177384409308,1.262582055890621,8.992813050815219,1.4213299855867556,7.7302309949245975,0.00043934261946432175
40,1207,train,5.090552881818899,5.088177384409308,1.1092056815795008,8.270258493132792,1.4067338023595157,7.161052811553291,0.0007762368917036866
40,1490,train,5.5179428176115115,5.088177384409308,0.5187132024396134,8.785003475756842,1.4980746532809055,8.266290273317228,0.00025703706200832133
40,1782,train,5.588214013760119,5.088177384409308,2.5743144627377266,9.043155238322498,1.1575864416889268,6.468840775584772,0.0015510226745495382
40,2040,train,5.219548652189248,5.088177384409308,1.6538911487971142,9.073660803393885,1.4215347243644676,7.419769654596771,0.000599287172662165
40,2388,train,5.407919563166939,5.088177384409308,1.6692012360434987,9.214128704200977,1.3951626646863593,7.5449274681574785,0.0005287856175068096
40,2664,train,5.107136602455995,5.088177384409308,4.181255521206755,9.614269246931656,1.0638081861981512,5.4330137257249005,0.004369906238940219
40,2961,train,5.328415283553446,5.088177384409308,7.164585757431506,12.655307241137942,1.0304605012026673,5.490721483706436,0.004124867076034074
40,3211,train,5.386528780080998,5.088177384409308,1.3514701915659615,9.042984670077358,1.4279167145554057,7.6915144785113965,0.0004566860065893062
40,3524,train,5.300576085933582,5.088177384409308,1.0671736900045719,8.789014297757427,1.4567927113139099,7.721840607752855,0.00044304438203672617
40,3796,train,5.265724090795524,5.088177384409308,0.5968664581129765,9.689021656526744,1.7266676038546793,9.092155198413767,0.00011254524961211094
40,4102,train,5.2369772742228795,5.088177384409308,1.6855312164286576,9.354625775681107,1.464412419164159,7.66909455925245,0.0004670405098239536
40,4656,train,5.589146794925473,5.088177384409308,1.821471835197216,9.86221710392672,1.4386355491736056,8.040745268729506,0.00032206883282432486
40,4987,train,5.420419377452488,5.088177384409308,2.3604166763691947,10.501794731910755,1.5019830549288384,8.14137805554156,0.0002912355827661887
40,6135,train,5.1231292984785375,5.088177384409308,6.357208895685601,12.686158528614598,1.2353679292866107,6.328949632928997,0.0017839065420693187
40,6391,train,5.092347892024973,5.088177384409308,5.504935848054416,11.634035196239122,1.2035900684993202,6.129099348184706,0.0021785421853662244
40,6725,train,5.145855482239113,5.088177384409308,5.984792502703761,11.66365597538324,1.103580054333053,5.678863472679478,0.003417440251299071
40,6940,train,5.753566710913654,5.088177384409308,5.186622307897742,11.934636095400815,1.1728401053737854,6.748013787503074,0.0011732075476397718
40,7823,train,5.575339128928447,5.088177384409308,1.2605365546344884,9.221873016585004,1.427955551733522,7.961336461950515,0.00034868679928109765
40,8122,train,5.291556830980377,5.088177384409308,1.7893512068422475,9.491563928522027,1.4555664746121182,7.702212721679779,0.00045182631009685803
40,8984,train,5.387219176639269,5.088177384409308,0.0,8.896303783067061,1.651372162774502,8.896303783067061,0.00013689398236458537
40,9307,train,5.159028775433466,5.088177384409308,0.3397947869921433,8.592223038703853,1.5996088820067365,8.25242825171171,0.0002606249253829426
40,10725,train,5.4593864444213,5.088177384409308,1.2725535648797812,9.291459419009781,1.468829132314705,8.01890585413,0.00032917999678007696
40,11003,train,5.328019285999527,5.088177384409308,1.9829896009770653,8.830101579620273,1.2851139628258124,6.847111978643207,0.0010625198461154982
40,11293,train,5.1977393185106955,5.088177384409308,1.1373500139775308,8.489615388076142,1.414512141444841,7.352265374098612,0.0006411382958882785
40,13906,calibration,5.382926867133154,5.088177384409308,0.5349995773455952,8.868130038189484,1.5480668169066096,8.33313046084389,0.00024041824572038913
40,14154,calibration,5.100561652534631,5.088177384409308,1.2849524054472201,9.214768114077428,1.5546946098945067,7.9298157086302075,0.0003598527245714985
40,14744,calibration,5.311715195168069,5.088177384409308,4.043307880310424,10.225061389470145,1.1637961151951641,6.181753509159721,0.0020668005216428666
40,16193,test,5.136361508668418,5.088177384409308,4.448652242327263,9.88980557180226,1.0593400250921192,5.4411533294749965,0.004334481301790065
40,16770,test,5.414189864829755,5.088177384409308,5.619234594129331,10.981094930876463,0.9903347445529104,5.361860336747132,0.004692168968736585
41,630,train,5.43873067712238,5.088177384409308,1.262582055890621,8.992813050815219,1.4213299855867556,7.7302309949245975,0.00043934261946432175
41,1207,train,5.090552881818899,5.088177384409308,1.1092056815795008,8.270258493132792,1.4067338023595157,7.161052811553291,0.0007762368917036866
41,1495,train,5.5179428176115115,5.088177384409308,0.5187132024396134,8.785003475756842,1.4980746532809055,8.266290273317228,0.00025703706200832133
41,1783,train,5.162702475904926,5.088177384409308,3.0668808497411035,9.043155238322498,1.1575864416889268,5.976274388581395,0.00253826528843737
41,2388,train,5.407919563166939,5.088177384409308,1.6692012360434987,9.214128704200977,1.3951626646863593,7.5449274681574785,0.0005287856175068096
41,2676,train,9.037596600277379,5.088177384409308,0.0,9.614269246931656,1.0638081861981512,9.614269246931656,6.676916091755521e-05
41,2964,train,9.041233978520047,5.088177384409308,4.627235362605163,12.655307241137942,0.8879398429026042,8.028071878532778,0.0003261765109373256
41,3252,train,5.237749407890045,5.088177384409308,0.0,8.56364188163348,1.634985031688109,8.56364188163348,0.00019092270806535223
41,3540,train,6.161841935727587,5.088177384409308,0.0,8.789014297757427,1.4263615310865039,8.789014297757427,0.00015239811283551989
41,4102,train,5.2369772742228795,5.088177384409308,1.6855312164286576,9.354625775681107,1.464412419164159,7.66909455925245,0.0004670405098239536
41,4656,train,5.589146794925473,5.088177384409308,1.821471835197216,9.86221710392672,1.4386355491736056,8.040745268729506,0.00032206883282432486
41,4987,train,5.420419377452488,5.088177384409308,2.3604166763691947,10.501794731910755,1.5019830549288384,8.14137805554156,0.0002912355827661887
41,6135,train,5.1231292984785375,5.088177384409308,6.357208895685601,12.686158528614598,1.2353679292866107,6.328949632928997,0.0017839065420693187
41,6423,train,6.688130065212438,5.088177384409308,0.0,11.62382432417385,1.7379782107758153,11.62382432417385,8.950292683243327e-06
41,6725,train,5.145855482239113,5.088177384409308,5.984792502703761,11.66365597538324,1.103580054333053,5.678863472679478,0.003417440251299071
41,7823,train,5.575339128928447,5.088177384409308,1.2605365546344884,9.221873016585004,1.427955551733522,7.961336461950515,0.00034868679928109765
41,8122,train,5.291556830980377,5.088177384409308,1.7893512068422475,9.491563928522027,1.4555664746121182,7.702212721679779,0.00045182631009685803
41,8984,train,5.387219176639269,5.088177384409308,0.0,8.896303783067061,1.651372162774502,8.896303783067061,0.00013689398236458537
41,9307,train,5.159028775433466,5.088177384409308,0.3397947869921433,8.592223038703853,1.5996088820067365,8.25242825171171,0.0002606249253829426
41,10725,train,5.4593864444213,5.088177384409308,1.2725535648797812,9.291459419009781,1.468829132314705,8.01890585413,0.00032917999678007696
41,11013,train,5.508369865854806,5.088177384409308,2.2341773387904067,8.830101579620273,1.1974367011403093,6.595924240829866,0.0013659238845077277
41,11301,train,5.190055243136774,5.088177384409308,1.1482192318897202,8.489615388076142,1.414512141444841,7.3413961561864225,0.000648144977331277
41,13906,calibration,5.382926867133154,5.088177384409308,0.5349995773455952,8.868130038189484,1.5480668169066096,8.33313046084389,0.00024041824572038913
41,14201,calibration,5.118473921978972,5.088177384409308,0.933794196767369,9.214768114077428,1.6178599409779466,8.280973917310058,0.0002532903959697563
41,14744,calibration,5.311715195168069,5.088177384409308,4.043307880310424,10.225061389470145,1.1637961151951641,6.181753509159721,0.0020668005216428666
41,16193,test,5.136361508668418,5.088177384409308,4.448652242327263,9.88980557180226,1.0593400250921192,5.4411533294749965,0.004334481301790065
41,16770,test,5.414189864829755,5.088177384409308,5.619234594129331,10.981094930876463,0.9903347445529104,5.361860336747132,0.004692168968736585
42,630,train,5.43873067712238,5.088177384409308,1.262582055890621,8.992813050815219,1.4213299855867556,7.7302309949245975,0.00043934261946432175
42,1207,train,5.090552881818899,5.088177384409308,1.1092056815795008,8.270258493132792,1.4067338023595157,7.161052811553291,0.0007762368917036866
42,1783,train,5.162702475904926,5.088177384409308,3.0668808497411035,9.043155238322498,1.1575864416889268,5.976274388581395,0.00253826528843737
42,2388,train,5.407919563166939,5.088177384409308,1.6692012360434987,9.214128704200977,1.3951626646863593,7.5449274681574785,0.0005287856175068096
42,2964,train,9.041233978520047,5.088177384409308,4.627235362605163,12.655307241137942,0.8879398429026042,8.028071878532778,0.0003261765109373256
42,3540,train,6.161841935727587,5.088177384409308,0.0,8.789014297757427,1.4263615310865039,8.789014297757427,0.00015239811283551989
42,4116,train,5.7401958302911265,5.088177384409308,0.9486117133684614,9.354625775681107,1.464412419164159,8.406014062312646,0.0002235190165461215
42,4695,train,5.158563160545984,5.088177384409308,2.440924758507918,9.86221710392672,1.4386355491736056,7.421292345418802,0.0005983753379819214
42,6135,train,5.1231292984785375,5.088177384409308,6.357208895685601,12.686158528614598,1.2353679292866107,6.328949632928997,0.0017839065420693187
42,6725,train,5.145855482239113,5.088177384409308,5.984792502703761,11.66365597538324,1.103580054333053,5.678863472679478,0.003417440251299071
42,7823,train,5.575339128928447,5.088177384409308,1.2605365546344884,9.221873016585004,1.427955551733522,7.961336461950515,0.00034868679928109765
42,8984,train,5.387219176639269,5.088177384409308,0.0,8.896303783067061,1.651372162774502,8.896303783067061,0.00013689398236458537
42,10725,train,5.4593864444213,5.088177384409308,1.2725535648797812,9.291459419009781,1.468829132314705,8.01890585413,0.00032917999678007696
42,11301,train,5.190055243136774,5.088177384409308,1.1482192318897202,8.489615388076142,1.414512141444841,7.3413961561864225,0.000648144977331277
42,13906,calibration,5.382926867133154,5.088177384409308,0.5349995773455952,8.868130038189484,1.5480668169066096,8.33313046084389,0.00024041824572038913
42,14744,calibration,5.311715195168069,5.088177384409308,4.043307880310424,10.225061389470145,1.1637961151951641,6.181753509159721,0.0020668005216428666
42,16193,test,5.136361508668418,5.088177384409308,4.448652242327263,9.88980557180226,1.0593400250921192,5.4411533294749965,0.004334481301790065
42,16770,test,5.414189864829755,5.088177384409308,5.619234594129331,10.981094930876463,0.9903347445529104,5.361860336747132,0.004692168968736585
43,630,train,5.43873067712238,5.088177384409308,1.262582055890621,8.992813050815219,1.4213299855867556,7.7302309949245975,0.00043934261946432175
43,1207,train,5.090552881818899,5.088177384409308,1.1092056815795008,8.270258493132792,1.4067338023595157,7.161052811553291,0.0007762368917036866
43,1490,train,5.5179428176115115,5.088177384409308,0.5187132024396134,8.785003475756842,1.4980746532809055,8.266290273317228,0.00025703706200832133
43,1782,train,5.588214013760119,5.088177384409308,2.5743144627377266,9.043155238322498,1.1575864416889268,6.468840775584772,0.0015510226745495382
43,2040,train,5.219548652189248,5.088177384409308,1.6538911487971142,9.073660803393885,1.4215347243644676,7.419769654596771,0.000599287172662165
43,2388,train,5.407919563166939,5.088177384409308,1.6692012360434987,9.214128704200977,1.3951626646863593,7.5449274681574785,0.0005287856175068096
43,2664,train,5.107136602455995,5.088177384409308,4.181255521206755,9.614269246931656,1.0638081861981512,5.4330137257249005,0.004369906238940219
43,2961,train,5.328415283553446,5.088177384409308,7.164585757431506,12.655307241137942,1.0304605012026673,5.490721483706436,0.004124867076034074
43,3211,train,5.386528780080998,5.088177384409308,1.3514701915659615,9.042984670077358,1.4279167145554057,7.6915144785113965,0.0004566860065893062
43,3524,train,5.300576085933582,5.088177384409308,1.0671736900045719,8.789014297757427,1.4567927113139099,7.721840607752855,0.00044304438203672617
43,3796,train,5.265724090795524,5.088177384409308,0.5968664581129765,9.689021656526744,1.7266676038546793,9.092155198413767,0.00011254524961211094
43,4102,train,5.2369772742228795,5.088177384409308,1.6855312164286576,9.354625775681107,1.464412419164159,7.66909455925245,0.0004670405098239536
43,4656,train,5.589146794925473,5.088177384409308,1.821471835197216,9.86221710392672,1.4386355491736056,8.040745268729506,0.00032206883282432486
43,4987,train,5.420419377452488,5.088177384409308,2.3604166763691947,10.501794731910755,1.5019830549288384,8.14137805554156,0.0002912355827661887
43,6135,train,5.1231292984785375,5.088177384409308,6.357208895685601,12.686158528614598,1.2353679292866107,6.328949632928997,0.0017839065420693187
43,6391,train,5.092347892024973,5.088177384409308,5.504935848054416,11.634035196239122,1.2035900684993202,6.129099348184706,0.0021785421853662244
43,6725,train,5.145855482239113,5.088177384409308,5.984792502703761,11.66365597538324,1.103580054333053,5.678863472679478,0.003417440251299071
43,6940,train,5.753566710913654,5.088177384409308,5.186622307897742,11.934636095400815,1.1728401053737854,6.748013787503074,0.0011732075476397718
43,7823,train,5.575339128928447,5.088177384409308,1.2605365546344884,9.221873016585004,1.427955551733522,7.961336461950515,0.00034868679928109765
43,8122,train,5.291556830980377,5.088177384409308,1.7893512068422475,9.491563928522027,1.4555664746121182,7.702212721679779,0.00045182631009685803
43,8984,train,5.387219176639269,5.088177384409308,0.0,8.896303783067061,1.651372162774502,8.896303783067061,0.00013689398236458537
43,9307,train,5.159028775433466,5.088177384409308,0.3397947869921433,8.592223038703853,1.5996088820067365,8.25242825171171,0.0002606249253829426
43,10725,train,5.4593864444213,5.088177384409308,1.2725535648797812,9.291459419009781,1.468829132314705,8.01890585413,0.00032917999678007696
43,11003,train,5.328019285999527,5.088177384409308,1.9829896009770653,8.830101579620273,1.2851139628258124,6.847111978643207,0.0010625198461154982
43,11293,train,5.1977393185106955,5.088177384409308,1.1373500139775308,8.489615388076142,1.414512141444841,7.352265374098612,0.0006411382958882785
43,13906,calibration,5.382926867133154,5.088177384409308,0.5349995773455952,8.868130038189484,1.5480668169066096,8.33313046084389,0.00024041824572038913
43,14154,calibration,5.100561652534631,5.088177384409308,1.2849524054472201,9.214768114077428,1.5546946098945067,7.9298157086302075,0.0003598527245714985
43,14744,calibration,5.311715195168069,5.088177384409308,4.043307880310424,10.225061389470145,1.1637961151951641,6.181753509159721,0.0020668005216428666
43,16193,test,5.136361508668418,5.088177384409308,4.448652242327263,9.88980557180226,1.0593400250921192,5.4411533294749965,0.004334481301790065
43,16770,test,5.414189864829755,5.088177384409308,5.619234594129331,10.981094930876463,0.9903347445529104,5.361860336747132,0.004692168968736585
44,630,train,5.43873067712238,5.088177384409308,1.262582055890621,8.992813050815219,1.4213299855867556,7.7302309949245975,0.00043934261946432175
44,1207,train,5.090552881818899,5.088177384409308,1.1092056815795008,8.270258493132792,1.4067338023595157,7.161052811553291,0.0007762368917036866
44,1495,train,5.5179428176115115,5.088177384409308,0.5187132024396134,8.785003475756842,1.4980746532809055,8.266290273317228,0.00025703706200832133
44,1783,train,5.162702475904926,5.088177384409308,3.0668808497411035,9.043155238322498,1.1575864416889268,5.976274388581395,0.00253826528843737
44,2388,train,5.407919563166939,5.088177384409308,1.6692012360434987,9.214128704200977,1.3951626646863593,7.5449274681574785,0.0005287856175068096
44,2676,train,9.037596600277379,5.088177384409308,0.0,9.614269246931656,1.0638081861981512,9.614269246931656,6.676916091755521e-05
44,2964,train,9.041233978520047,5.088177384409308,4.627235362605163,12.655307241137942,0.8879398429026042,8.028071878532778,0.0003261765109373256
44,3252,train,5.237749407890045,5.088177384409308,0.0,8.56364188163348,1.634985031688109,8.56364188163348,0.00019092270806535223
44,3540,train,6.161841935727587,5.088177384409308,0.0,8.789014297757427,1.4263615310865039,8.789014297757427,0.00015239811283551989
44,4102,train,5.2369772742228795,5.088177384409308,1.6855312164286576,9.354625775681107,1.464412419164159,7.66909455925245,0.0004670405098239536
44,4656,train,5.589146794925473,5.088177384409308,1.821471835197216,9.86221710392672,1.4386355491736056,8.040745268729506,0.00032206883282432486
44,4987,train,5.420419377452488,5.088177384409308,2.3604166763691947,10.501794731910755,1.5019830549288384,8.14137805554156,0.0002912355827661887
44,6135,train,5.1231292984785375,5.088177384409308,6.357208895685601,12.686158528614598,1.2353679292866107,6.328949632928997,0.0017839065420693187
44,6423,train,6.688130065212438,5.088177384409308,0.0,11.62382432417385,1.7379782107758153,11.62382432417385,8.950292683243327e-06
44,6725,train,5.145855482239113,5.088177384409308,5.984792502703761,11.66365597538324,1.103580054333053,5.678863472679478,0.003417440251299071
44,7823,train,5.575339128928447,5.088177384409308,1.2605365546344884,9.221873016585004,1.427955551733522,7.961336461950515,0.00034868679928109765
44,8122,train,5.291556830980377,5.088177384409308,1.7893512068422475,9.491563928522027,1.4555664746121182,7.702212721679779,0.00045182631009685803
44,8984,train,5.387219176639269,5.088177384409308,0.0,8.896303783067061,1.651372162774502,8.896303783067061,0.00013689398236458537
44,9307,train,5.159028775433466,5.088177384409308,0.3397947869921433,8.592223038703853,1.5996088820067365,8.25242825171171,0.0002606249253829426
44,10725,train,5.4593864444213,5.088177384409308,1.2725535648797812,9.291459419009781,1.468829132314705,8.01890585413,0.00032917999678007696
44,11013,train,5.508369865854806,5.088177384409308,2.2341773387904067,8.830101579620273,1.1974367011403093,6.595924240829866,0.0013659238845077277
44,11301,train,5.190055243136774,5.088177384409308,1.1482192318897202,8.489615388076142,1.414512141444841,7.3413961561864225,0.000648144977331277
44,13906,calibration,5.382926867133154,5.088177384409308,0.5349995773455952,8.868130038189484,1.5480668169066096,8.33313046084389,0.00024041824572038913
44,14201,calibration,5.118473921978972,5.088177384409308,0.933794196767369,9.214768114077428,1.6178599409779466,8.280973917310058,0.0002532903959697563
44,14744,calibration,5.311715195168069,5.088177384409308,4.043307880310424,10.225061389470145,1.1637961151951641,6.181753509159721,0.0020668005216428666
44,16193,test,5.136361508668418,5.088177384409308,4.448652242327263,9.88980557180226,1.0593400250921192,5.4411533294749965,0.004334481301790065
44,16770,test,5.414189864829755,5.088177384409308,5.619234594129331,10.981094930876463,0.9903347445529104,5.361860336747132,0.004692168968736585
45,630,train,5.43873067712238,5.088177384409308,1.262582055890621,8.992813050815219,1.4213299855867556,7.7302309949245975,0.00043934261946432175
45,1207,train,5.090552881818899,5.088177384409308,1.1092056815795008,8.270258493132792,1.4067338023595157,7.161052811553291,0.0007762368917036866
45,1783,train,5.162702475904926,5.088177384409308,3.0668808497411035,9.043155238322498,1.1575864416889268,5.976274388581395,0.00253826528843737
45,2388,train,5.407919563166939,5.088177384409308,1.6692012360434987,9.214128704200977,1.3951626646863593,7.5449274681574785,0.0005287856175068096
45,2964,train,9.041233978520047,5.088177384409308,4.627235362605163,12.655307241137942,0.8879398429026042,8.028071878532778,0.0003261765109373256
45,3540,train,6.161841935727587,5.088177384409308,0.0,8.789014297757427,1.4263615310865039,8.789014297757427,0.00015239811283551989
45,4116,train,5.7401958302911265,5.088177384409308,0.9486117133684614,9.354625775681107,1.464412419164159,8.406014062312646,0.0002235190165461215
45,4695,train,5.158563160545984,5.088177384409308,2.440924758507918,9.86221710392672,1.4386355491736056,7.421292345418802,0.0005983753379819214
45,6135,train,5.1231292984785375,5.088177384409308,6.357208895685601,12.686158528614598,1.2353679292866107,6.328949632928997,0.0017839065420693187
45,6725,train,5.145855482239113,5.088177384409308,5.984792502703761,11.66365597538324,1.103580054333053,5.678863472679478,0.003417440251299071
45,7823,train,5.575339128928447,5.088177384409308,1.2605365546344884,9.221873016585004,1.427955551733522,7.961336461950515,0.00034868679928109765
45,8984,train,5.387219176639269,5.088177384409308,0.0,8.896303783067061,1.651372162774502,8.896303783067061,0.00013689398236458537
45,10725,train,5.4593864444213,5.088177384409308,1.2725535648797812,9.291459419009781,1.468829132314705,8.01890585413,0.00032917999678007696
45,11301,train,5.190055243136774,5.088177384409308,1.1482192318897202,8.489615388076142,1.414512141444841,7.3413961561864225,0.000648144977331277
45,13906,calibration,5.382926867133154,5.088177384409308,0.5349995773455952,8.868130038189484,1.5480668169066096,8.33313046084389,0.00024041824572038913
45,14744,calibration,5.311715195168069,5.088177384409308,4.043307880310424,10.225061389470145,1.1637961151951641,6.181753509159721,0.0020668005216428666
45,16193,test,5.136361508668418,5.088177384409308,4.448652242327263,9.88980557180226,1.0593400250921192,5.4411533294749965,0.004334481301790065
45,16770,test,5.414189864829755,5.088177384409308,5.619234594129331,10.981094930876463,0.9903347445529104,5.361860336747132,0.004692168968736585
46,630,train,4.935503584187022,4.665488297972085,1.262582055890621,9.066907169376794,1.5812621711978159,7.804325113486173,0.0004079666555528055
46,893,train,4.8088870060739035,4.665488297972085,2.877509727421059,8.981241605834558,1.2692608228690199,6.1037318784135,0.0022345132085646443
46,1484,train,4.724951320890064,4.665488297972085,2.3787051320255177,8.66241437109238,1.3298992544717196,6.283709239066862,0.0018664645751792592
46,1781,train,4.76370592239886,4.665488297972085,3.2711624185001953,9.017664739706728,1.2063092085904341,5.746502321206533,0.003193932632807468
46,2037,train,5.4216077102325775,4.665488297972085,3.591659845713623,9.21273271453427,1.0367907766937112,5.621072868820647,0.00362075442985514
46,2349,train,4.867179715551328,4.665488297972085,2.440982899953171,9.181575823650192,1.3849073421636502,6.740592923697021,0.0011819461449349576
46,2667,train,4.965306674737759,4.665488297972085,2.7876457620926094,9.389358218825532,1.3295679177926285,6.601712456732923,0.0013580404596497666
46,3524,train,4.897312234713103,4.665488297972085,1.0671736900045719,8.74535518549197,1.5678358102354497,7.678181495487398,0.00046281576654898286
46,3786,train,5.148772437785702,4.665488297972085,3.218116209609533,9.386056140112053,1.1979437827233095,6.16793993050252,0.0020955485325444907
46,4082,train,4.718306365181648,4.665488297972085,3.906467030187821,9.672647283305363,1.222086869065687,5.7661802531175415,0.003131696986568128
46,4374,train,4.8042552245363,4.665488297972085,2.066557556862012,9.43328111736571,1.533374730568092,7.366723560503697,0.0006319352886074434
46,4652,train,4.8112938229567614,4.665488297972085,4.222637663676778,9.949224673076401,1.1902384722536798,5.726587009399623,0.0032581784110186653
46,4987,train,4.91196706639706,4.665488297972085,2.3604166763691947,10.07111449990816,1.5697779971466264,7.7106978235389665,0.0004480087369858186
46,5258,train,4.67957103566512,4.665488297972085,0.69559303008656,11.535521582994388,2.3164363721144197,10.839928552907828,1.9601027827820297e-05
46,6134,train,4.827346988686421,4.665488297972085,6.764931150361083,12.309872206096445,1.1486518513648853,5.544941055735362,0.003907173502680553
46,6391,train,4.862851769482964,4.665488297972085,5.504935848054416,11.950270272762234,1.3254227622474106,6.445334424707818,0.001587913442780683
46,6727,train,4.801663024003598,4.665488297972085,5.599312264944801,11.552613782256735,1.2398415897890533,5.953301517311934,0.002597251477060907
46,6939,train,4.810490956256092,4.665488297972085,6.3362510210080245,11.825074923742857,1.1410111676016275,5.488823902734833,0.00413270177644622
46,7532,train,4.940710897759022,4.665488297972085,1.166044215538208,8.757232939802888,1.536456773398307,7.59118872426468,0.000504880533367434
46,7819,train,4.823081705440997,4.665488297972085,3.263652030311411,9.344258543089524,1.2607305627682983,6.080606512778113,0.0022867892653202775
46,8119,train,4.8796237914729526,4.665488297972085,3.3030078780969503,9.446715897787229,1.2590536242622408,6.143708019690278,0.002146947915260307
46,8406,train,4.797169823064057,4.665488297972085,1.1552014203636887,9.1644509557973,1.6695780701626128,8.00924953543361,0.00033237406036639415
46,8971,train,4.876760973795146,4.665488297972085,2.3272279790544013,9.270893348521408,1.4238272916753956,6.943665369467007,0.0009647270277232429
46,9273,train,4.935118699141384,4.665488297972085,0.46434616934814704,8.624160632097531,1.6534180756724322,8.159814462749384,0.00028591543784077186
46,10723,train,4.9043622489373835,4.665488297972085,1.910384329919679,9.345071509685479,1.5159335306800912,7.4346871797658,0.0005904136412977596
46,11003,train,5.136865472947033,4.665488297972085,1.9829896009770653,8.894050781214673,1.3453848882425015,6.911061180237608,0.000996699557219368
46,11289,train,5.006673640180401,4.665488297972085,1.7392367861606937,8.601716305545011,1.370666436955345,6.862479519384317,0.001046316351906064
46,11567,train,4.867912323619808,4.665488297972085,2.324718653356124,8.759197553152902,1.321814870940827,6.434478899796778,0.0016052449779725372
46,13906,calibration,4.825997682812969,4.665488297972085,0.5349995773455952,8.86524046781022,1.7261178802740555,8.330240890464626,0.0002411139558294431
46,14153,calibration,4.867718728166796,4.665488297972085,2.0328583363614983,9.333075220845334,1.4997203602257292,7.300216884483836,0.0006753922772024199
46,14743,calibration,4.675138539275551,4.665488297972085,4.919092400588323,10.03027424831998,1.0932685320002675,5.111181847731657,0.006028953406519868
46,15024,test,4.6922322967831445,4.665488297972085,2.555428496118791,9.885752571524678,1.5622253144694775,7.330324075405887,0.0006553611662714057
46,16222,test,4.764059854718296,4.665488297972085,1.921601945689982,9.829975061029009,1.6600070856596443,7.908373115339026,0.0003676522220770711
46,16770,test,5.0811882348707815,4.665488297972085,5.619234594129331,10.910403770538341,1.0413251648693485,5.29116917640901,0.005035868997169144
46,17030,test,4.757267175922855,4.665488297972085,4.446411191035632,10.697366559839985,1.3139803037427134,6.250955368804353,0.0019286107212785034
47,630,train,4.935503584187022,4.665488297972085,1.262582055890621,9.066907169376794,1.5812621711978159,7.804325113486173,0.0004079666555528055
47,918,train,5.9448466051932884,4.665488297972085,0.0,8.834892899724611,1.4861431230213142,8.834892899724611,0.0001455642628591743
47,1484,train,4.724951320890064,4.665488297972085,2.3787051320255177,8.66241437109238,1.3298992544717196,6.283709239066862,0.0018664645751792592
47,1781,train,4.76370592239886,4.665488297972085,3.2711624185001953,9.017664739706728,1.2063092085904341,5.746502321206533,0.003193932632807468
47,2069,train,6.192730731163567,4.665488297972085,0.4513417001837017,9.073087737428573,1.3922365449958631,8.62174603724487,0.0001801454392948138
47,2667,train,4.965306674737759,4.665488297972085,2.7876457620926094,9.389358218825532,1.3295679177926285,6.601712456732923,0.0013580404596497666
47,3524,train,4.897312234713103,4.665488297972085,1.0671736900045719,8.74535518549197,1.5678358102354497,7.678181495487398,0.00046281576654898286
47,3812,train,4.727002093510143,4.665488297972085,1.6531230822288674,9.310118332778849,1.6198417303564392,7.656995250549982,0.0004727257012157348
47,4101,train,4.700791661496282,4.665488297972085,2.3262358294744865,9.581389021277554,1.5433896488604903,7.255153191803068,0.0007065241373041866
47,4652,train,4.8112938229567614,4.665488297972085,4.222637663676778,9.949224673076401,1.1902384722536798,5.726587009399623,0.0032581784110186653
47,4987,train,4.91196706639706,4.665488297972085,2.3604166763691947,10.07111449990816,1.5697779971466264,7.7106978235389665,0.0004480087369858186
47,6134,train,4.827346988686421,4.665488297972085,6.764931150361083,12.309872206096445,1.1486518513648853,5.544941055735362,0.003907173502680553
47,6422,train,7.346663863791403,4.665488297972085,0.0,11.71842797610713,1.5950679374160972,11.71842797610713,8.142380499013732e-06
47,6727,train,4.801663024003598,4.665488297972085,5.599312264944801,11.552613782256735,1.2398415897890533,5.953301517311934,0.002597251477060907
47,7532,train,4.940710897759022,4.665488297972085,1.166044215538208,8.757232939802888,1.536456773398307,7.59118872426468,0.000504880533367434
47,7820,train,5.415649727535545,4.665488297972085,2.5165834143376546,9.344258543089524,1.2607305627682983,6.827675128751869,0.0010833738968625225
47,8119,train,4.8796237914729526,4.665488297972085,3.3030078780969503,9.446715897787229,1.2590536242622408,6.143708019690278,0.002146947915260307
47,8407,train,4.7746453074238175,4.665488297972085,1.1552014203636887,9.147181293780204,1.6738373970921465,7.991979873416515,0.0003381638984287553
47,8971,train,4.876760973795146,4.665488297972085,2.3272279790544013,9.270893348521408,1.4238272916753956,6.943665369467007,0.0009647270277232429
47,9273,train,4.935118699141384,4.665488297972085,0.46434616934814704,8.624160632097531,1.6534180756724322,8.159814462749384,0.00028591543784077186
47,10723,train,4.9043622489373835,4.665488297972085,1.910384329919679,9.345071509685479,1.5159335306800912,7.4346871797658,0.0005904136412977596
47,11022,train,4.7157376649103995,4.665488297972085,1.815808663658333,8.796338520871773,1.4802625491988795,6.9805298572134395,0.0009298104059096755
47,11310,train,5.488038920621504,4.665488297972085,0.0,8.452637461093625,1.5401926960343768,8.452637461093625,0.00021333700465773234
47,13906,calibration,4.825997682812969,4.665488297972085,0.5349995773455952,8.86524046781022,1.7261178802740555,8.330240890464626,0.0002411139558294431
47,14743,calibration,4.675138539275551,4.665488297972085,4.919092400588323,10.03027424831998,1.0932685320002675,5.111181847731657,0.006028953406519868
47,15031,test,5.240107675157239,4.665488297972085,1.3263396797823284,9.87624750727771,1.6316282713100598,8.549907827495382,0.00019356293991685947
47,16222,test,4.764059854718296,4.665488297972085,1.921601945689982,9.829975061029009,1.6600070856596443,7.908373115339026,0.0003676522220770711
47,16770,test,5.0811882348707815,4.665488297972085,5.619234594129331,10.910403770538341,1.0413251648693485,5.29116917640901,0.005035868997169144
47,17058,test,5.834020515091589,4.665488297972085,1.3568102122029198,10.476216973255376,1.563142731065506,9.119406761052456,0.0001095196293774586
48,630,train,4.935503584187022,4.665488297972085,1.262582055890621,9.066907169376794,1.5812621711978159,7.804325113486173,0.0004079666555528055
48,1484,train,4.724951320890064,4.665488297972085,2.3787051320255177,8.66241437109238,1.3298992544717196,6.283709239066862,0.0018664645751792592
48,2060,train,7.104833417004604,4.665488297972085,0.4513417001837017,9.142756589621152,1.2233101579321402,8.69141488943745,0.00016802212522955303
48,2667,train,4.965306674737759,4.665488297972085,2.7876457620926094,9.389358218825532,1.3295679177926285,6.601712456732923,0.0013580404596497666
48,3524,train,4.897312234713103,4.665488297972085,1.0671736900045719,8.74535518549197,1.5678358102354497,7.678181495487398,0.00046281576654898286
48,4101,train,4.700791661496282,4.665488297972085,2.3262358294744865,9.581389021277554,1.5433896488604903,7.255153191803068,0.0007065241373041866
48,4677,train,5.468305841621109,4.665488297972085,1.2789111088224459,9.774369396437155,1.5535814077831802,8.49545828761471,0.00020439456548913766
48,5258,train,4.67957103566512,4.665488297972085,0.69559303008656,11.535521582994388,2.3164363721144197,10.839928552907828,1.9601027827820297e-05
48,6134,train,4.827346988686421,4.665488297972085,6.764931150361083,12.309872206096445,1.1486518513648853,5.544941055735362,0.003907173502680553
48,6727,train,4.801663024003598,4.665488297972085,5.599312264944801,11.552613782256735,1.2398415897890533,5.953301517311934,0.002597251477060907
48,7532,train,4.940710897759022,4.665488297972085,1.166044215538208,8.757232939802888,1.536456773398307,7.59118872426468,0.000504880533367434
48,8119,train,4.8796237914729526,4.665488297972085,3.3030078780969503,9.446715897787229,1.2590536242622408,6.143708019690278,0.002146947915260307
48,8971,train,4.876760973795146,4.665488297972085,2.3272279790544013,9.270893348521408,1.4238272916753956,6.943665369467007,0.0009647270277232429
48,10723,train,4.9043622489373835,4.665488297972085,1.910384329919679,9.345071509685479,1.5159335306800912,7.4346871797658,0.0005904136412977596
48,11300,train,4.9873166278253445,4.665488297972085,1.1482192318897202,8.510770172331378,1.4762549663208377,7.3625509404416585,0.0006345776233663567
48,13906,calibration,4.825997682812969,4.665488297972085,0.5349995773455952,8.86524046781022,1.7261178802740555,8.330240890464626,0.0002411139558294431
48,14743,calibration,4.675138539275551,4.665488297972085,4.919092400588323,10.03027424831998,1.0932685320002675,5.111181847731657,0.006028953406519868
48,16222,test,4.764059854718296,4.665488297972085,1.921601945689982,9.829975061029009,1.6600070856596443,7.908373115339026,0.0003676522220770711
48,16798,test,4.9390701801925765,4.665488297972085,5.0654917724416695,10.860728197030102,1.1733456325098166,5.795236424588433,0.0030420111354335674
49,630,train,4.935503584187022,4.665488297972085,1.262582055890621,9.066907169376794,1.5812621711978159,7.804325113486173,0.0004079666555528055
49,893,train,4.8088870060739035,4.665488297972085,2.877509727421059,8.981241605834558,1.2692608228690199,6.1037318784135,0.0022345132085646443
49,1484,train,4.724951320890064,4.665488297972085,2.3787051320255177,8.66241437109238,1.3298992544717196,6.283709239066862,0.0018664645751792592
49,1781,train,4.76370592239886,4.665488297972085,3.2711624185001953,9.017664739706728,1.2063092085904341,5.746502321206533,0.003193932632807468
49,2037,train,5.4216077102325775,4.665488297972085,3.591659845713623,9.21273271453427,1.0367907766937112,5.621072868820647,0.00362075442985514
49,2349,train,4.867179715551328,4.665488297972085,2.440982899953171,9.181575823650192,1.3849073421636502,6.740592923697021,0.0011819461449349576
49,2667,train,4.965306674737759,4.665488297972085,2.7876457620926094,9.389358218825532,1.3295679177926285,6.601712456732923,0.0013580404596497666
49,3524,train,4.897312234713103,4.665488297972085,1.0671736900045719,8.74535518549197,1.5678358102354497,7.678181495487398,0.00046281576654898286
49,3786,train,5.148772437785702,4.665488297972085,3.218116209609533,9.386056140112053,1.1979437827233095,6.16793993050252,0.0020955485325444907
49,4082,train,4.718306365181648,4.665488297972085,3.906467030187821,9.672647283305363,1.222086869065687,5.7661802531175415,0.003131696986568128
49,4374,train,4.8042552245363,4.665488297972085,2.066557556862012,9.43328111736571,1.533374730568092,7.366723560503697,0.0006319352886074434
49,4652,train,4.8112938229567614,4.665488297972085,4.222637663676778,9.949224673076401,1.1902384722536798,5.726587009399623,0.0032581784110186653
49,4987,train,4.91196706639706,4.665488297972085,2.3604166763691947,10.07111449990816,1.5697779971466264,7.7106978235389665,0.0004480087369858186
49,5258,train,4.67957103566512,4.665488297972085,0.69559303008656,11.535521582994388,2.3164363721144197,10.839928552907828,1.9601027827820297e-05
49,6134,train,4.827346988686421,4.665488297972085,6.764931150361083,12.309872206096445,1.1486518513648853,5.544941055735362,0.003907173502680553
49,6391,train,4.862851769482964,4.665488297972085,5.504935848054416,11.950270272762234,1.3254227622474106,6.445334424707818,0.001587913442780683
49,6727,train,4.801663024003598,4.665488297972085,5.599312264944801,11.552613782256735,1.2398415897890533,5.953301517311934,0.002597251477060907
49,6939,train,4.810490956256092,4.665488297972085,6.3362510210080245,11.825074923742857,1.1410111676016275,5.488823902734833,0.00413270177644622
49,7532,train,4.940710897759022,4.665488297972085,1.166044215538208,8.757232939802888,1.536456773398307,7.59118872426468,0.000504880533367434
49,7819,train,4.823081705440997,4.665488297972085,3.263652030311411,9.344258543089524,1.2607305627682983,6.080606512778113,0.0022867892653202775
49,8119,train,4.8796237914729526,4.665488297972085,3.3030078780969503,9.446715897787229,1.2590536242622408,6.143708019690278,0.002146947915260307
49,8406,train,4.797169823064057,4.665488297972085,1.1552014203636887,9.1644509557973,1.6695780701626128,8.00924953543361,0.00033237406036639415
49,8971,train,4.876760973795146,4.665488297972085,2.3272279790544013,9.270893348521408,1.4238272916753956,6.943665369467007,0.0009647270277232429
49,9273,train,4.935118699141384,4.665488297972085,0.46434616934814704,8.624160632097531,1.6534180756724322,8.159814462749384,0.00028591543784077186
49,10723,train,4.9043622489373835,4.665488297972085,1.910384329919679,9.345071509685479,1.5159335306800912,7.4346871797658,0.0005904136412977596
49,11003,train,5.136865472947033,4.665488297972085,1.9829896009770653,8.894050781214673,1.3453848882425015,6.911061180237608,0.000996699557219368
49,11289,train,5.006673640180401,4.665488297972085,1.7392367861606937,8.601716305545011,1.370666436955345,6.862479519384317,0.001046316351906064
49,11567,train,4.867912323619808,4.665488297972085,2.324718653356124,8.759197553152902,1.321814870940827,6.434478899796778,0.0016052449779725372
49,13906,calibration,4.825997682812969,4.665488297972085,0.5349995773455952,8.86524046781022,1.7261178802740555,8.330240890464626,0.0002411139558294431
49,14153,calibration,4.867718728166796,4.665488297972085,2.0328583363614983,9.333075220845334,1.4997203602257292,7.300216884483836,0.0006753922772024199
49,14743,calibration,4.675138539275551,4.665488297972085,4.919092400588323,10.03027424831998,1.0932685320002675,5.111181847731657,0.006028953406519868
49,15024,test,4.6922322967831445,4.665488297972085,2.555428496118791,9.885752571524678,1.5622253144694775,7.330324075405887,0.0006553611662714057
49,16222,test,4.764059854718296,4.665488297972085,1.921601945689982,9.829975061029009,1.6600070856596443,7.908373115339026,0.0003676522220770711
49,16770,test,5.0811882348707815,4.665488297972085,5.619234594129331,10.910403770538341,1.0413251648693485,5.29116917640901,0.005035868997169144
49,17030,test,4.757267175922855,4.665488297972085,4.446411191035632,10.697366559839985,1.3139803037427134,6.250955368804353,0.0019286107212785034
50,630,train,4.935503584187022,4.665488297972085,1.262582055890621,9.066907169376794,1.5812621711978159,7.804325113486173,0.0004079666555528055
50,918,train,5.9448466051932884,4.665488297972085,0.0,8.834892899724611,1.4861431230213142,8.834892899724611,0.0001455642628591743
50,1484,train,4.724951320890064,4.665488297972085,2.3787051320255177,8.66241437109238,1.3298992544717196,6.283709239066862,0.0018664645751792592
50,1781,train,4.76370592239886,4.665488297972085,3.2711624185001953,9.017664739706728,1.2063092085904341,5.746502321206533,0.003193932632807468
50,2069,train,6.192730731163567,4.665488297972085,0.4513417001837017,9.073087737428573,1.3922365449958631,8.62174603724487,0.0001801454392948138
50,2667,train,4.965306674737759,4.665488297972085,2.7876457620926094,9.389358218825532,1.3295679177926285,6.601712456732923,0.0013580404596497666
50,3524,train,4.897312234713103,4.665488297972085,1.0671736900045719,8.74535518549197,1.5678358102354497,7.678181495487398,0.00046281576654898286
50,3812,train,4.727002093510143,4.665488297972085,1.6531230822288674,9.310118332778849,1.6198417303564392,7.656995250549982,0.0004727257012157348
50,4101,train,4.700791661496282,4.665488297972085,2.3262358294744865,9.581389021277554,1.5433896488604903,7.255153191803068,0.0007065241373041866
50,4652,train,4.8112938229567614,4.665488297972085,4.222637663676778,9.949224673076401,1.1902384722536798,5.726587009399623,0.0032581784110186653
50,4987,train,4.91196706639706,4.665488297972085,2.3604166763691947,10.07111449990816,1.5697779971466264,7.7106978235389665,0.0004480087369858186
50,6134,train,4.827346988686421,4.665488297972085,6.764931150361083,12.309872206096445,1.1486518513648853,5.544941055735362,0.003907173502680553
50,6422,train,7.346663863791403,4.665488297972085,0.0,11.71842797610713,1.5950679374160972,11.71842797610713,8.142380499013732e-06
50,6727,train,4.801663024003598,4.665488297972085,5.599312264944801,11.552613782256735,1.2398415897890533,5.953301517311934,0.002597251477060907
50,7532,train,4.940710897759022,4.665488297972085,1.166044215538208,8.757232939802888,1.536456773398307,7.59118872426468,0.000504880533367434
50,7820,train,5.415649727535545,4.665488297972085,2.5165834143376546,9.344258543089524,1.2607305627682983,6.827675128751869,0.0010833738968625225
50,8119,train,4.8796237914729526,4.665488297972085,3.3030078780969503,9.446715897787229,1.2590536242622408,6.143708019690278,0.002146947915260307
50,8407,train,4.7746453074238175,4.665488297972085,1.1552014203636887,9.147181293780204,1.6738373970921465,7.991979873416515,0.0003381638984287553
50,8971,train,4.876760973795146,4.665488297972085,2.3272279790544013,9.270893348521408,1.4238272916753956,6.943665369467007,0.0009647270277232429
50,9273,train,4.935118699141384,4.665488297972085,0.46434616934814704,8.624160632097531,1.6534180756724322,8.159814462749384,0.00028591543784077186
50,10723,train,4.9043622489373835,4.665488297972085,1.910384329919679,9.345071509685479,1.5159335306800912,7.4346871797658,0.0005904136412977596
50,11022,train,4.7157376649103995,4.665488297972085,1.815808663658333,8.796338520871773,1.4802625491988795,6.9805298572134395,0.0009298104059096755
50,11310,train,5.488038920621504,4.665488297972085,0.0,8.452637461093625,1.5401926960343768,8.452637461093625,0.00021333700465773234
50,13906,calibration,4.825997682812969,4.665488297972085,0.5349995773455952,8.86524046781022,1.7261178802740555,8.330240890464626,0.0002411139558294431
50,14743,calibration,4.675138539275551,4.665488297972085,4.919092400588323,10.03027424831998,1.0932685320002675,5.111181847731657,0.006028953406519868
50,15031,test,5.240107675157239,4.665488297972085,1.3263396797823284,9.87624750727771,1.6316282713100598,8.549907827495382,0.00019356293991685947
50,16222,test,4.764059854718296,4.665488297972085,1.921601945689982,9.829975061029009,1.6600070856596443,7.908373115339026,0.0003676522220770711
50,16770,test,5.0811882348707815,4.665488297972085,5.619234594129331,10.910403770538341,1.0413251648693485,5.29116917640901,0.005035868997169144
50,17058,test,5.834020515091589,4.665488297972085,1.3568102122029198,10.476216973255376,1.563142731065506,9.119406761052456,0.0001095196293774586
51,630,train,4.935503584187022,4.665488297972085,1.262582055890621,9.066907169376794,1.5812621711978159,7.804325113486173,0.0004079666555528055
51,1484,train,4.724951320890064,4.665488297972085,2.3787051320255177,8.66241437109238,1.3298992544717196,6.283709239066862,0.0018664645751792592
51,2060,train,7.104833417004604,4.665488297972085,0.4513417001837017,9.142756589621152,1.2233101579321402,8.69141488943745,0.00016802212522955303
51,2667,train,4.965306674737759,4.665488297972085,2.7876457620926094,9.389358218825532,1.3295679177926285,6.601712456732923,0.0013580404596497666
51,3524,train,4.897312234713103,4.665488297972085,1.0671736900045719,8.74535518549197,1.5678358102354497,7.678181495487398,0.00046281576654898286
51,4101,train,4.700791661496282,4.665488297972085,2.3262358294744865,9.581389021277554,1.5433896488604903,7.255153191803068,0.0007065241373041866
51,4677,train,5.468305841621109,4.665488297972085,1.2789111088224459,9.774369396437155,1.5535814077831802,8.49545828761471,0.00020439456548913766
51,5258,train,4.67957103566512,4.665488297972085,0.69559303008656,11.535521582994388,2.3164363721144197,10.839928552907828,1.9601027827820297e-05
51,6134,train,4.827346988686421,4.665488297972085,6.764931150361083,12.309872206096445,1.1486518513648853,5.544941055735362,0.003907173502680553
51,6727,train,4.801663024003598,4.665488297972085,5.599312264944801,11.552613782256735,1.2398415897890533,5.953301517311934,0.002597251477060907
51,7532,train,4.940710897759022,4.665488297972085,1.166044215538208,8.757232939802888,1.536456773398307,7.59118872426468,0.000504880533367434
51,8119,train,4.8796237914729526,4.665488297972085,3.3030078780969503,9.446715897787229,1.2590536242622408,6.143708019690278,0.002146947915260307
51,8971,train,4.876760973795146,4.665488297972085,2.3272279790544013,9.270893348521408,1.4238272916753956,6.943665369467007,0.0009647270277232429
51,10723,train,4.9043622489373835,4.665488297972085,1.910384329919679,9.345071509685479,1.5159335306800912,7.4346871797658,0.0005904136412977596
51,11300,train,4.9873166278253445,4.665488297972085,1.1482192318897202,8.510770172331378,1.4762549663208377,7.3625509404416585,0.0006345776233663567
51,13906,calibration,4.825997682812969,4.665488297972085,0.5349995773455952,8.86524046781022,1.7261178802740555,8.330240890464626,0.0002411139558294431
51,14743,calibration,4.675138539275551,4.665488297972085,4.919092400588323,10.03027424831998,1.0932685320002675,5.111181847731657,0.006028953406519868
51,16222,test,4.764059854718296,4.665488297972085,1.921601945689982,9.829975061029009,1.6600070856596443,7.908373115339026,0.0003676522220770711
51,16798,test,4.9390701801925765,4.665488297972085,5.0654917724416695,10.860728197030102,1.1733456325098166,5.795236424588433,0.0030420111354335674
52,630,train,4.935503584187022,4.665488297972085,1.262582055890621,9.066907169376794,1.5812621711978159,7.804325113486173,0.0004079666555528055
52,893,train,4.8088870060739035,4.665488297972085,2.877509727421059,8.981241605834558,1.2692608228690199,6.1037318784135,0.0022345132085646443
52,1484,train,4.724951320890064,4.665488297972085,2.3787051320255177,8.66241437109238,1.3298992544717196,6.283709239066862,0.0018664645751792592
52,1781,train,4.76370592239886,4.665488297972085,3.2711624185001953,9.017664739706728,1.2063092085904341,5.746502321206533,0.003193932632807468
52,2037,train,5.4216077102325775,4.665488297972085,3.591659845713623,9.21273271453427,1.0367907766937112,5.621072868820647,0.00362075442985514
52,2349,train,4.867179715551328,4.665488297972085,2.440982899953171,9.181575823650192,1.3849073421636502,6.740592923697021,0.0011819461449349576
52,2667,train,4.965306674737759,4.665488297972085,2.7876457620926094,9.389358218825532,1.3295679177926285,6.601712456732923,0.0013580404596497666
52,3524,train,4.897312234713103,4.665488297972085,1.0671736900045719,8.74535518549197,1.5678358102354497,7.678181495487398,0.00046281576654898286
52,3786,train,5.148772437785702,4.665488297972085,3.218116209609533,9.386056140112053,1.1979437827233095,6.16793993050252,0.0020955485325444907
52,4082,train,4.718306365181648,4.665488297972085,3.906467030187821,9.672647283305363,1.222086869065687,5.7661802531175415,0.003131696986568128
52,4374,train,4.8042552245363,4.665488297972085,2.066557556862012,9.43328111736571,1.533374730568092,7.366723560503697,0.0006319352886074434
52,4652,train,4.8112938229567614,4.665488297972085,4.222637663676778,9.949224673076401,1.1902384722536798,5.726587009399623,0.0032581784110186653
52,4987,train,4.91196706639706,4.665488297972085,2.3604166763691947,10.07111449990816,1.5697779971466264,7.7106978235389665,0.0004480087369858186
52,5258,train,4.67957103566512,4.665488297972085,0.69559303008656,11.535521582994388,2.3164363721144197,10.839928552907828,1.9601027827820297e-05
52,6134,train,4.827346988686421,4.665488297972085,6.764931150361083,12.309872206096445,1.1486518513648853,5.544941055735362,0.003907173502680553
52,6391,train,4.862851769482964,4.665488297972085,5.504935848054416,11.950270272762234,1.3254227622474106,6.445334424707818,0.001587913442780683
52,6727,train,4.801663024003598,4.665488297972085,5.599312264944801,11.552613782256735,1.2398415897890533,5.953301517311934,0.002597251477060907
52,6939,train,4.810490956256092,4.665488297972085,6.3362510210080245,11.825074923742857,1.1410111676016275,5.488823902734833,0.00413270177644622
52,7532,train,4.940710897759022,4.665488297972085,1.166044215538208,8.757232939802888,1.536456773398307,7.59118872426468,0.000504880533367434
52,7819,train,4.823081705440997,4.665488297972085,3.263652030311411,9.344258543089524,1.2607305627682983,6.080606512778113,0.0022867892653202775
52,8119,train,4.8796237914729526,4.665488297972085,3.3030078780969503,9.446715897787229,1.2590536242622408,6.143708019690278,0.002146947915260307
52,8406,train,4.797169823064057,4.665488297972085,1.1552014203636887,9.1644509557973,1.6695780701626128,8.00924953543361,0.00033237406036639415
52,8971,train,4.876760973795146,4.665488297972085,2.3272279790544013,9.270893348521408,1.4238272916753956,6.943665369467007,0.0009647270277232429
52,9273,train,4.935118699141384,4.665488297972085,0.46434616934814704,8.624160632097531,1.6534180756724322,8.159814462749384,0.00028591543784077186
52,10723,train,4.9043622489373835,4.665488297972085,1.910384329919679,9.345071509685479,1.5159335306800912,7.4346871797658,0.0005904136412977596
52,11003,train,5.136865472947033,4.665488297972085,1.9829896009770653,8.894050781214673,1.3453848882425015,6.911061180237608,0.000996699557219368
52,11289,train,5.006673640180401,4.665488297972085,1.7392367861606937,8.601716305545011,1.370666436955345,6.862479519384317,0.001046316351906064
52,11567,train,4.867912323619808,4.665488297972085,2.324718653356124,8.759197553152902,1.321814870940827,6.434478899796778,0.0016052449779725372
52,13906,calibration,4.825997682812969,4.665488297972085,0.5349995773455952,8.86524046781022,1.7261178802740555,8.330240890464626,0.0002411139558294431
52,14153,calibration,4.867718728166796,4.665488297972085,2.0328583363614983,9.333075220845334,1.4997203602257292,7.300216884483836,0.0006753922772024199
52,14743,calibration,4.675138539275551,4.665488297972085,4.919092400588323,10.03027424831998,1.0932685320002675,5.111181847731657,0.006028953406519868
52,15024,test,4.6922322967831445,4.665488297972085,2.555428496118791,9.885752571524678,1.5622253144694775,7.330324075405887,0.0006553611662714057
52,16222,test,4.764059854718296,4.665488297972085,1.921601945689982,9.829975061029009,1.6600070856596443,7.908373115339026,0.0003676522220770711
52,16770,test,5.0811882348707815,4.665488297972085,5.619234594129331,10.910403770538341,1.0413251648693485,5.29116917640901,0.005035868997169144
52,17030,test,4.757267175922855,4.665488297972085,4.446411191035632,10.697366559839985,1.3139803037427134,6.250955368804353,0.0019286107212785034
53,630,train,4.935503584187022,4.665488297972085,1.262582055890621,9.066907169376794,1.5812621711978159,7.804325113486173,0.0004079666555528055
53,918,train,5.9448466051932884,4.665488297972085,0.0,8.834892899724611,1.4861431230213142,8.834892899724611,0.0001455642628591743
53,1484,train,4.724951320890064,4.665488297972085,2.3787051320255177,8.66241437109238,1.3298992544717196,6.283709239066862,0.0018664645751792592
53,1781,train,4.76370592239886,4.665488297972085,3.2711624185001953,9.017664739706728,1.2063092085904341,5.746502321206533,0.003193932632807468
53,2069,train,6.192730731163567,4.665488297972085,0.4513417001837017,9.073087737428573,1.3922365449958631,8.62174603724487,0.0001801454392948138
53,2667,train,4.965306674737759,4.665488297972085,2.7876457620926094,9.389358218825532,1.3295679177926285,6.601712456732923,0.0013580404596497666
53,3524,train,4.897312234713103,4.665488297972085,1.0671736900045719,8.74535518549197,1.5678358102354497,7.678181495487398,0.00046281576654898286
53,3812,train,4.727002093510143,4.665488297972085,1.6531230822288674,9.310118332778849,1.6198417303564392,7.656995250549982,0.0004727257012157348
53,4101,train,4.700791661496282,4.665488297972085,2.3262358294744865,9.581389021277554,1.5433896488604903,7.255153191803068,0.0007065241373041866
53,4652,train,4.8112938229567614,4.665488297972085,4.222637663676778,9.949224673076401,1.1902384722536798,5.726587009399623,0.0032581784110186653
53,4987,train,4.91196706639706,4.665488297972085,2.3604166763691947,10.07111449990816,1.5697779971466264,7.7106978235389665,0.0004480087369858186
53,6134,train,4.827346988686421,4.665488297972085,6.764931150361083,12.309872206096445,1.1486518513648853,5.544941055735362,0.003907173502680553
53,6422,train,7.346663863791403,4.665488297972085,0.0,11.71842797610713,1.5950679374160972,11.71842797610713,8.142380499013732e-06
53,6727,train,4.801663024003598,4.665488297972085,5.599312264944801,11.552613782256735,1.2398415897890533,5.953301517311934,0.002597251477060907
53,7532,train,4.940710897759022,4.665488297972085,1.166044215538208,8.757232939802888,1.536456773398307,7.59118872426468,0.000504880533367434
53,7820,train,5.415649727535545,4.665488297972085,2.5165834143376546,9.344258543089524,1.2607305627682983,6.827675128751869,0.0010833738968625225
53,8119,train,4.8796237914729526,4.665488297972085,3.3030078780969503,9.446715897787229,1.2590536242622408,6.143708019690278,0.002146947915260307
53,8407,train,4.7746453074238175,4.665488297972085,1.1552014203636887,9.147181293780204,1.6738373970921465,7.991979873416515,0.0003381638984287553
53,8971,train,4.876760973795146,4.665488297972085,2.3272279790544013,9.270893348521408,1.4238272916753956,6.943665369467007,0.0009647270277232429
53,9273,train,4.935118699141384,4.665488297972085,0.46434616934814704,8.624160632097531,1.6534180756724322,8.159814462749384,0.00028591543784077186
53,10723,train,4.9043622489373835,4.665488297972085,1.910384329919679,9.345071509685479,1.5159335306800912,7.4346871797658,0.0005904136412977596
53,11022,train,4.7157376649103995,4.665488297972085,1.815808663658333,8.796338520871773,1.4802625491988795,6.9805298572134395,0.0009298104059096755
53,11310,train,5.488038920621504,4.665488297972085,0.0,8.452637461093625,1.5401926960343768,8.452637461093625,0.00021333700465773234
53,13906,calibration,4.825997682812969,4.665488297972085,0.5349995773455952,8.86524046781022,1.7261178802740555,8.330240890464626,0.0002411139558294431
53,14743,calibration,4.675138539275551,4.665488297972085,4.919092400588323,10.03027424831998,1.0932685320002675,5.111181847731657,0.006028953406519868
53,15031,test,5.240107675157239,4.665488297972085,1.3263396797823284,9.87624750727771,1.6316282713100598,8.549907827495382,0.00019356293991685947
53,16222,test,4.764059854718296,4.665488297972085,1.921601945689982,9.829975061029009,1.6600070856596443,7.908373115339026,0.0003676522220770711
53,16770,test,5.0811882348707815,4.665488297972085,5.619234594129331,10.910403770538341,1.0413251648693485,5.29116917640901,0.005035868997169144
53,17058,test,5.834020515091589,4.665488297972085,1.3568102122029198,10.476216973255376,1.563142731065506,9.119406761052456,0.0001095196293774586
54,630,train,4.935503584187022,4.665488297972085,1.262582055890621,9.066907169376794,1.5812621711978159,7.804325113486173,0.0004079666555528055
54,1484,train,4.724951320890064,4.665488297972085,2.3787051320255177,8.66241437109238,1.3298992544717196,6.283709239066862,0.0018664645751792592
54,2060,train,7.104833417004604,4.665488297972085,0.4513417001837017,9.142756589621152,1.2233101579321402,8.69141488943745,0.00016802212522955303
54,2667,train,4.965306674737759,4.665488297972085,2.7876457620926094,9.389358218825532,1.3295679177926285,6.601712456732923,0.0013580404596497666
54,3524,train,4.897312234713103,4.665488297972085,1.0671736900045719,8.74535518549197,1.5678358102354497,7.678181495487398,0.00046281576654898286
54,4101,train,4.700791661496282,4.665488297972085,2.3262358294744865,9.581389021277554,1.5433896488604903,7.255153191803068,0.0007065241373041866
54,4677,train,5.468305841621109,4.665488297972085,1.2789111088224459,9.774369396437155,1.5535814077831802,8.49545828761471,0.00020439456548913766
54,5258,train,4.67957103566512,4.665488297972085,0.69559303008656,11.535521582994388,2.3164363721144197,10.839928552907828,1.9601027827820297e-05
54,6134,train,4.827346988686421,4.665488297972085,6.764931150361083,12.309872206096445,1.1486518513648853,5.544941055735362,0.003907173502680553
54,6727,train,4.801663024003598,4.665488297972085,5.599312264944801,11.552613782256735,1.2398415897890533,5.953301517311934,0.002597251477060907
54,7532,train,4.940710897759022,4.665488297972085,1.166044215538208,8.757232939802888,1.536456773398307,7.59118872426468,0.000504880533367434
54,8119,train,4.8796237914729526,4.665488297972085,3.3030078780969503,9.446715897787229,1.2590536242622408,6.143708019690278,0.002146947915260307
54,8971,train,4.876760973795146,4.665488297972085,2.3272279790544013,9.270893348521408,1.4238272916753956,6.943665369467007,0.0009647270277232429
54,10723,train,4.9043622489373835,4.665488297972085,1.910384329919679,9.345071509685479,1.5159335306800912,7.4346871797658,0.0005904136412977596
54,11300,train,4.9873166278253445,4.665488297972085,1.1482192318897202,8.510770172331378,1.4762549663208377,7.3625509404416585,0.0006345776233663567
54,13906,calibration,4.825997682812969,4.665488297972085,0.5349995773455952,8.86524046781022,1.7261178802740555,8.330240890464626,0.0002411139558294431
54,14743,calibration,4.675138539275551,4.665488297972085,4.919092400588323,10.03027424831998,1.0932685320002675,5.111181847731657,0.006028953406519868
54,16222,test,4.764059854718296,4.665488297972085,1.921601945689982,9.829975061029009,1.6600070856596443,7.908373115339026,0.0003676522220770711
54,16798,test,4.9390701801925765,4.665488297972085,5.0654917724416695,10.860728197030102,1.1733456325098166,5.795236424588433,0.0030420111354335674
55,316,train,7.344131067389966,7.206335542054343,4.235913477703487,9.566758802126841,0.7258646769110408,5.330845324423355,0.004839976931793344
55,631,train,7.213579833508146,7.206335542054343,3.6036697534503372,9.430911605805608,0.8078155349840132,5.827241852355272,0.002946191816139985
55,903,train,7.467882907718488,7.206335542054343,2.0926817879330053,9.015951966675836,0.9270726743167372,6.923270178742831,0.0009846048362660016
55,1201,train,7.563535198703723,7.206335542054343,3.1393341710379272,8.656569412269727,0.7294519158418635,5.5172352412318,0.0040169384695643625
55,1490,train,7.234826488587316,7.206335542054343,3.4822367671951766,9.208187604211183,0.791442731356238,5.725950837016006,0.0032602518336018165
55,1803,train,7.319826838980036,7.206335542054343,1.6562546230638748,8.938008300503432,0.9947986253803535,7.281753677439557,0.0006879780136541801
55,2039,train,7.389245719645417,7.206335542054343,5.403465196507068,9.409719156701051,0.5421736009593993,4.006253960193983,0.018201451047479757
55,2347,train,7.418555473672327,7.206335542054343,5.668483676342087,9.585716938540376,0.528031808362172,3.9172332621982884,0.01989606586149451
55,2666,train,7.339076514618667,7.206335542054343,3.853546937080818,9.635599815629089,0.7878447468194439,5.782052878548271,0.0030823811545847503
55,2963,train,7.840824747036346,7.206335542054343,9.056152470299502,13.094584008154794,0.5150518814212405,4.038431537855292,0.01762509504180879
55,3216,train,7.231080591231541,7.206335542054343,2.9956046227279525,9.169643698120874,0.8538197019792041,6.174039075392921,0.002082806376049178
55,3500,train,7.899718608548479,7.206335542054343,5.681527395540524,9.27481318713651,0.4548625045590363,3.593285791595987,0.027507796879712772
55,3810,train,7.3162470157839525,7.206335542054343,1.9485669012766598,10.048115509193263,1.1070633058783783,8.099548607916603,0.00030367618417123025
55,4656,train,7.2996693988740455,7.206335542054343,5.551801185598909,10.05669222370944,0.6171363101465114,4.504891038110531,0.011054794672551901
55,5253,train,7.77754591320457,7.206335542054343,6.700199329847216,12.268955984212173,0.7160043433379709,5.568756654364957,0.0038152211233531768
55,6399,train,7.413576429256426,7.206335542054343,4.703605216927016,12.142997014703909,1.003482174732642,7.439391797776892,0.0005876424943520787
55,6969,train,7.437694580712823,7.206335542054343,3.023314442713147,12.17682074694605,1.2306913392181313,9.153506304232902,0.00010584801598212432
55,7233,train,7.4576001005460375,7.206335542054343,2.8855798176494907,8.75122306197566,0.7865322845477719,5.865643244326169,0.0028351987333104477
55,7524,train,7.295655092256746,7.206335542054343,5.265473495747858,9.56618428478463,0.5894893240774687,4.3007107890367715,0.013558918055959173
55,7819,train,7.232320214198098,7.206335542054343,5.67814849008779,9.613261157473424,0.5441010009015412,3.935112667385634,0.019543497288682436
55,8983,train,7.224490271538276,7.206335542054343,1.446675078384701,9.118819071634366,1.0619633641801656,7.672143993249665,0.0004656184699255935
55,11296,train,7.280315137975774,7.206335542054343,3.035690660649364,8.899648783870786,0.8054538865541256,5.863958123221423,0.002839980414256319
55,11567,train,7.3226440301034055,7.206335542054343,4.295271861754972,9.327988641818052,0.6872813644052027,5.0327167800630805,0.006521070169650141
55,11868,train,7.725574505391678,7.206335542054343,7.7800222657344085,11.82731241100225,0.5238820934861528,4.047290145267842,0.017469650770649364
55,12424,calibration,7.6257878247837585,7.206335542054343,6.892946837194728,11.360508527752259,0.5858491992182088,4.467561690557531,0.011475262005676126
55,13002,calibration,8.03378509127651,7.206335542054343,7.480840463274871,11.234470924632845,0.46723062898880086,3.7536304613579743,0.02343252038594782
55,14462,calibration,7.252303032979113,7.206335542054343,3.943151172930335,9.922537576026086,0.824481047731334,5.97938640309575,0.002530378448363954
55,14751,calibration,7.437444095032994,7.206335542054343,5.223840535693845,10.483926816036327,0.7072438075676247,5.260086280342482,0.005194856485371943
55,15889,test,7.694310434826958,7.206335542054343,5.465436042896627,10.680204005471154,0.6777433802216748,5.214767962574527,0.0054356946147436575
55,16206,test,7.240940086149314,7.206335542054343,6.42632941771168,9.969157587062536,0.48927737658369574,3.542828169350856,0.028931388402623753
56,316,train,7.344131067389966,7.206335542054343,4.235913477703487,9.566758802126841,0.7258646769110408,5.330845324423355,0.004839976931793344
56,631,train,7.213579833508146,7.206335542054343,3.6036697534503372,9.430911605805608,0.8078155349840132,5.827241852355272,0.002946191816139985
56,1201,train,7.563535198703723,7.206335542054343,3.1393341710379272,8.656569412269727,0.7294519158418635,5.5172352412318,0.0040169384695643625
56,1490,train,7.234826488587316,7.206335542054343,3.4822367671951766,9.208187604211183,0.791442731356238,5.725950837016006,0.0032602518336018165
56,1803,train,7.319826838980036,7.206335542054343,1.6562546230638748,8.938008300503432,0.9947986253803535,7.281753677439557,0.0006879780136541801
56,2347,train,7.418555473672327,7.206335542054343,5.668483676342087,9.585716938540376,0.528031808362172,3.9172332621982884,0.01989606586149451
56,2666,train,7.339076514618667,7.206335542054343,3.853546937080818,9.635599815629089,0.7878447468194439,5.782052878548271,0.0030823811545847503
56,2963,train,7.840824747036346,7.206335542054343,9.056152470299502,13.094584008154794,0.5150518814212405,4.038431537855292,0.01762509504180879
56,3500,train,7.899718608548479,7.206335542054343,5.681527395540524,9.27481318713651,0.4548625045590363,3.593285791595987,0.027507796879712772
56,3810,train,7.3162470157839525,7.206335542054343,1.9485669012766598,10.048115509193263,1.1070633058783783,8.099548607916603,0.00030367618417123025
56,4656,train,7.2996693988740455,7.206335542054343,5.551801185598909,10.05669222370944,0.6171363101465114,4.504891038110531,0.011054794672551901
56,5253,train,7.77754591320457,7.206335542054343,6.700199329847216,12.268955984212173,0.7160043433379709,5.568756654364957,0.0038152211233531768
56,6399,train,7.413576429256426,7.206335542054343,4.703605216927016,12.142997014703909,1.003482174732642,7.439391797776892,0.0005876424943520787
56,6969,train,7.437694580712823,7.206335542054343,3.023314442713147,12.17682074694605,1.2306913392181313,9.153506304232902,0.00010584801598212432
56,7524,train,7.295655092256746,7.206335542054343,5.265473495747858,9.56618428478463,0.5894893240774687,4.3007107890367715,0.013558918055959173
56,7819,train,7.232320214198098,7.206335542054343,5.67814849008779,9.613261157473424,0.5441010009015412,3.935112667385634,0.019543497288682436
56,8983,train,7.224490271538276,7.206335542054343,1.446675078384701,9.118819071634366,1.0619633641801656,7.672143993249665,0.0004656184699255935
56,11296,train,7.280315137975774,7.206335542054343,3.035690660649364,8.899648783870786,0.8054538865541256,5.863958123221423,0.002839980414256319
56,11584,train,10.244345439352362,7.206335542054343,1.7188415438329077,9.27067983124472,0.7371713822146584,7.551838287411813,0.0005251438738898352
56,11872,train,11.280296372216842,7.206335542054343,6.03620482153746,11.835400851586243,0.5140996157097516,5.799196030048783,0.003029989787135802
56,12424,calibration,7.6257878247837585,7.206335542054343,6.892946837194728,11.360508527752259,0.5858491992182088,4.467561690557531,0.011475262005676126
56,13002,calibration,8.03378509127651,7.206335542054343,7.480840463274871,11.234470924632845,0.46723062898880086,3.7536304613579743,0.02343252038594782
56,14462,calibration,7.252303032979113,7.206335542054343,3.943151172930335,9.922537576026086,0.824481047731334,5.97938640309575,0.002530378448363954
56,14751,calibration,7.437444095032994,7.206335542054343,5.223840535693845,10.483926816036327,0.7072438075676247,5.260086280342482,0.005194856485371943
56,15889,test,7.694310434826958,7.206335542054343,5.465436042896627,10.680204005471154,0.6777433802216748,5.214767962574527,0.0054356946147436575
56,16206,test,7.240940086149314,7.206335542054343,6.42632941771168,9.969157587062536,0.48927737658369574,3.542828169350856,0.028931388402623753
57,316,train,7.344131067389966,7.206335542054343,4.235913477703487,9.566758802126841,0.7258646769110408,5.330845324423355,0.004839976931793344
57,903,train,7.467882907718488,7.206335542054343,2.0926817879330053,9.015951966675836,0.9270726743167372,6.923270178742831,0.0009846048362660016
57,1490,train,7.234826488587316,7.206335542054343,3.4822367671951766,9.208187604211183,0.791442731356238,5.725950837016006,0.0032602518336018165
57,2066,train,13.152129796754913,7.206335542054343,0.4676767871743694,9.273754150500217,0.6695552354949091,8.806077363325848,0.00014981979341614448
57,2666,train,7.339076514618667,7.206335542054343,3.853546937080818,9.635599815629089,0.7878447468194439,5.782052878548271,0.0030823811545847503
57,3500,train,7.899718608548479,7.206335542054343,5.681527395540524,9.27481318713651,0.4548625045590363,3.593285791595987,0.027507796879712772
57,4656,train,7.2996693988740455,7.206335542054343,5.551801185598909,10.05669222370944,0.6171363101465114,4.504891038110531,0.011054794672551901
57,5253,train,7.77754591320457,7.206335542054343,6.700199329847216,12.268955984212173,0.7160043433379709,5.568756654364957,0.0038152211233531768
57,6399,train,7.413576429256426,7.206335542054343,4.703605216927016,12.142997014703909,1.003482174732642,7.439391797776892,0.0005876424943520787
57,6975,train,7.668733824071019,7.206335542054343,2.1979716567216765,12.196371620086362,1.3037875864176156,9.998399963364685,4.547262945892442e-05
57,7551,train,11.297011340353885,7.206335542054343,0.0,9.523870435842426,0.8430433633205582,9.523870435842426,7.308624061236912e-05
57,8983,train,7.224490271538276,7.206335542054343,1.446675078384701,9.118819071634366,1.0619633641801656,7.672143993249665,0.0004656184699255935
57,11296,train,7.280315137975774,7.206335542054343,3.035690660649364,8.899648783870786,0.8054538865541256,5.863958123221423,0.002839980414256319
57,11872,train,11.280296372216842,7.206335542054343,6.03620482153746,11.835400851586243,0.5140996157097516,5.799196030048783,0.003029989787135802
57,13002,calibration,8.03378509127651,7.206335542054343,7.480840463274871,11.234470924632845,0.46723062898880086,3.7536304613579743,0.02343252038594782
57,14462,calibration,7.252303032979113,7.206335542054343,3.943151172930335,9.922537576026086,0.824481047731334,5.97938640309575,0.002530378448363954
57,15889,test,7.694310434826958,7.206335542054343,5.465436042896627,10.680204005471154,0.6777433802216748,5.214767962574527,0.0054356946147436575
58,316,train,7.344131067389966,7.206335542054343,4.235913477703487,9.566758802126841,0.7258646769110408,5.330845324423355,0.004839976931793344
58,631,train,7.213579833508146,7.206335542054343,3.6036697534503372,9.430911605805608,0.8078155349840132,5.827241852355272,0.002946191816139985
58,903,train,7.467882907718488,7.206335542054343,2.0926817879330053,9.015951966675836,0.9270726743167372,6.923270178742831,0.0009846048362660016
58,1201,train,7.563535198703723,7.206335542054343,3.1393341710379272,8.656569412269727,0.7294519158418635,5.5172352412318,0.0040169384695643625
58,1490,train,7.234826488587316,7.206335542054343,3.4822367671951766,9.208187604211183,0.791442731356238,5.725950837016006,0.0032602518336018165
58,1803,train,7.319826838980036,7.206335542054343,1.6562546230638748,8.938008300503432,0.9947986253803535,7.281753677439557,0.0006879780136541801
58,2039,train,7.389245719645417,7.206335542054343,5.403465196507068,9.409719156701051,0.5421736009593993,4.006253960193983,0.018201451047479757
58,2347,train,7.418555473672327,7.206335542054343,5.668483676342087,9.585716938540376,0.528031808362172,3.9172332621982884,0.01989606586149451
58,2666,train,7.339076514618667,7.206335542054343,3.853546937080818,9.635599815629089,0.7878447468194439,5.782052878548271,0.0030823811545847503
58,2963,train,7.840824747036346,7.206335542054343,9.056152470299502,13.094584008154794,0.5150518814212405,4.038431537855292,0.01762509504180879
58,3216,train,7.231080591231541,7.206335542054343,2.9956046227279525,9.169643698120874,0.8538197019792041,6.174039075392921,0.002082806376049178
58,3500,train,7.899718608548479,7.206335542054343,5.681527395540524,9.27481318713651,0.4548625045590363,3.593285791595987,0.027507796879712772
58,3810,train,7.3162470157839525,7.206335542054343,1.9485669012766598,10.048115509193263,1.1070633058783783,8.099548607916603,0.00030367618417123025
58,4656,train,7.2996693988740455,7.206335542054343,5.551801185598909,10.05669222370944,0.6171363101465114,4.504891038110531,0.011054794672551901
58,5253,train,7.77754591320457,7.206335542054343,6.700199329847216,12.268955984212173,0.7160043433379709,5.568756654364957,0.0038152211233531768
58,6399,train,7.413576429256426,7.206335542054343,4.703605216927016,12.142997014703909,1.003482174732642,7.439391797776892,0.0005876424943520787
58,6969,train,7.437694580712823,7.206335542054343,3.023314442713147,12.17682074694605,1.2306913392181313,9.153506304232902,0.00010584801598212432
58,7233,train,7.4576001005460375,7.206335542054343,2.8855798176494907,8.75122306197566,0.7865322845477719,5.865643244326169,0.0028351987333104477
58,7524,train,7.295655092256746,7.206335542054343,5.265473495747858,9.56618428478463,0.5894893240774687,4.3007107890367715,0.013558918055959173
58,7819,train,7.232320214198098,7.206335542054343,5.67814849008779,9.613261157473424,0.5441010009015412,3.935112667385634,0.019543497288682436
58,8983,train,7.224490271538276,7.206335542054343,1.446675078384701,9.118819071634366,1.0619633641801656,7.672143993249665,0.0004656184699255935
58,11296,train,7.280315137975774,7.206335542054343,3.035690660649364,8.899648783870786,0.8054538865541256,5.863958123221423,0.002839980414256319
58,11567,train,7.3226440301034055,7.206335542054343,4.295271861754972,9.327988641818052,0.6872813644052027,5.0327167800630805,0.006521070169650141
58,11868,train,7.725574505391678,7.206335542054343,7.7800222657344085,11.82731241100225,0.5238820934861528,4.047290145267842,0.017469650770649364
58,12424,calibration,7.6257878247837585,7.206335542054343,6.892946837194728,11.360508527752259,0.5858491992182088,4.467561690557531,0.011475262005676126
58,13002,calibration,8.03378509127651,7.206335542054343,7.480840463274871,11.234470924632845,0.46723062898880086,3.7536304613579743,0.02343252038594782
58,14462,calibration,7.252303032979113,7.206335542054343,3.943151172930335,9.922537576026086,0.824481047731334,5.97938640309575,0.002530378448363954
58,14751,calibration,7.437444095032994,7.206335542054343,5.223840535693845,10.483926816036327,0.7072438075676247,5.260086280342482,0.005194856485371943
58,15889,test,7.694310434826958,7.206335542054343,5.465436042896627,10.680204005471154,0.6777433802216748,5.214767962574527,0.0054356946147436575
58,16206,test,7.240940086149314,7.206335542054343,6.42632941771168,9.969157587062536,0.48927737658369574,3.542828169350856,0.028931388402623753
59,316,train,7.344131067389966,7.206335542054343,4.235913477703487,9.566758802126841,0.7258646769110408,5.330845324423355,0.004839976931793344
59,631,train,7.213579833508146,7.206335542054343,3.6036697534503372,9.430911605805608,0.8078155349840132,5.827241852355272,0.002946191816139985
59,1201,train,7.563535198703723,7.206335542054343,3.1393341710379272,8.656569412269727,0.7294519158418635,5.5172352412318,0.0040169384695643625
59,1490,train,7.234826488587316,7.206335542054343,3.4822367671951766,9.208187604211183,0.791442731356238,5.725950837016006,0.0032602518336018165
59,1803,train,7.319826838980036,7.206335542054343,1.6562546230638748,8.938008300503432,0.9947986253803535,7.281753677439557,0.0006879780136541801
59,2347,train,7.418555473672327,7.206335542054343,5.668483676342087,9.585716938540376,0.528031808362172,3.9172332621982884,0.01989606586149451
59,2666,train,7.339076514618667,7.206335542054343,3.853546937080818,9.635599815629089,0.7878447468194439,5.782052878548271,0.0030823811545847503
59,2963,train,7.840824747036346,7.206335542054343,9.056152470299502,13.094584008154794,0.5150518814212405,4.038431537855292,0.01762509504180879
59,3500,train,7.899718608548479,7.206335542054343,5.681527395540524,9.27481318713651,0.4548625045590363,3.593285791595987,0.027507796879712772
59,3810,train,7.3162470157839525,7.206335542054343,1.9485669012766598,10.048115509193263,1.1070633058783783,8.099548607916603,0.00030367618417123025
59,4656,train,7.2996693988740455,7.206335542054343,5.551801185598909,10.05669222370944,0.6171363101465114,4.504891038110531,0.011054794672551901
59,5253,train,7.77754591320457,7.206335542054343,6.700199329847216,12.268955984212173,0.7160043433379709,5.568756654364957,0.0038152211233531768
59,6399,train,7.413576429256426,7.206335542054343,4.703605216927016,12.142997014703909,1.003482174732642,7.439391797776892,0.0005876424943520787
59,6969,train,7.437694580712823,7.206335542054343,3.023314442713147,12.17682074694605,1.2306913392181313,9.153506304232902,0.00010584801598212432
59,7524,train,7.295655092256746,7.206335542054343,5.265473495747858,9.56618428478463,0.5894893240774687,4.3007107890367715,0.013558918055959173
59,7819,train,7.232320214198098,7.206335542054343,5.67814849008779,9.613261157473424,0.5441010009015412,3.935112667385634,0.019543497288682436
59,8983,train,7.224490271538276,7.206335542054343,1.446675078384701,9.118819071634366,1.0619633641801656,7.672143993249665,0.0004656184699255935
59,11296,train,7.280315137975774,7.206335542054343,3.035690660649364,8.899648783870786,0.8054538865541256,5.863958123221423,0.002839980414256319
59,11584,train,10.244345439352362,7.206335542054343,1.7188415438329077,9.27067983124472,0.7371713822146584,7.551838287411813,0.0005251438738898352
59,11872,train,11.280296372216842,7.206335542054343,6.03620482153746,11.835400851586243,0.5140996157097516,5.799196030048783,0.003029989787135802
59,12424,calibration,7.6257878247837585,7.206335542054343,6.892946837194728,11.360508527752259,0.5858491992182088,4.467561690557531,0.011475262005676126
59,13002,calibration,8.03378509127651,7.206335542054343,7.480840463274871,11.234470924632845,0.46723062898880086,3.7536304613579743,0.02343252038594782
59,14462,calibration,7.252303032979113,7.206335542054343,3.943151172930335,9.922537576026086,0.824481047731334,5.97938640309575,0.002530378448363954
59,14751,calibration,7.437444095032994,7.206335542054343,5.223840535693845,10.483926816036327,0.7072438075676247,5.260086280342482,0.005194856485371943
59,15889,test,7.694310434826958,7.206335542054343,5.465436042896627,10.680204005471154,0.6777433802216748,5.214767962574527,0.0054356946147436575
59,16206,test,7.240940086149314,7.206335542054343,6.42632941771168,9.969157587062536,0.48927737658369574,3.542828169350856,0.028931388402623753
60,316,train,7.344131067389966,7.206335542054343,4.235913477703487,9.566758802126841,0.7258646769110408,5.330845324423355,0.004839976931793344
60,903,train,7.467882907718488,7.206335542054343,2.0926817879330053,9.015951966675836,0.9270726743167372,6.923270178742831,0.0009846048362660016
60,1490,train,7.234826488587316,7.206335542054343,3.4822367671951766,9.208187604211183,0.791442731356238,5.725950837016006,0.0032602518336018165
60,2066,train,13.152129796754913,7.206335542054343,0.4676767871743694,9.273754150500217,0.6695552354949091,8.806077363325848,0.00014981979341614448
60,2666,train,7.339076514618667,7.206335542054343,3.853546937080818,9.635599815629089,0.7878447468194439,5.782052878548271,0.0030823811545847503
60,3500,train,7.899718608548479,7.206335542054343,5.681527395540524,9.27481318713651,0.4548625045590363,3.593285791595987,0.027507796879712772
60,4656,train,7.2996693988740455,7.206335542054343,5.551801185598909,10.05669222370944,0.6171363101465114,4.504891038110531,0.011054794672551901
60,5253,train,7.77754591320457,7.206335542054343,6.700199329847216,12.268955984212173,0.7160043433379709,5.568756654364957,0.0038152211233531768
60,6399,train,7.413576429256426,7.206335542054343,4.703605216927016,12.142997014703909,1.003482174732642,7.439391797776892,0.0005876424943520787
60,6975,train,7.668733824071019,7.206335542054343,2.1979716567216765,12.196371620086362,1.3037875864176156,9.998399963364685,4.547262945892442e-05
60,7551,train,11.297011340353885,7.206335542054343,0.0,9.523870435842426,0.8430433633205582,9.523870435842426,7.308624061236912e-05
60,8983,train,7.224490271538276,7.206335542054343,1.446675078384701,9.118819071634366,1.0619633641801656,7.672143993249665,0.0004656184699255935
60,11296,train,7.280315137975774,7.206335542054343,3.035690660649364,8.899648783870786,0.8054538865541256,5.863958123221423,0.002839980414256319
60,11872,train,11.280296372216842,7.206335542054343,6.03620482153746,11.835400851586243,0.5140996157097516,5.799196030048783,0.003029989787135802
60,13002,calibration,8.03378509127651,7.206335542054343,7.480840463274871,11.234470924632845,0.46723062898880086,3.7536304613579743,0.02343252038594782
60,14462,calibration,7.252303032979113,7.206335542054343,3.943151172930335,9.922537576026086,0.824481047731334,5.97938640309575,0.002530378448363954
60,15889,test,7.694310434826958,7.206335542054343,5.465436042896627,10.680204005471154,0.6777433802216748,5.214767962574527,0.0054356946147436575
61,316,train,7.344131067389966,7.206335542054343,4.235913477703487,9.566758802126841,0.7258646769110408,5.330845324423355,0.004839976931793344
61,631,train,7.213579833508146,7.206335542054343,3.6036697534503372,9.430911605805608,0.8078155349840132,5.827241852355272,0.002946191816139985
61,903,train,7.467882907718488,7.206335542054343,2.0926817879330053,9.015951966675836,0.9270726743167372,6.923270178742831,0.0009846048362660016
61,1201,train,7.563535198703723,7.206335542054343,3.1393341710379272,8.656569412269727,0.7294519158418635,5.5172352412318,0.0040169384695643625
61,1490,train,7.234826488587316,7.206335542054343,3.4822367671951766,9.208187604211183,0.791442731356238,5.725950837016006,0.0032602518336018165
61,1803,train,7.319826838980036,7.206335542054343,1.6562546230638748,8.938008300503432,0.9947986253803535,7.281753677439557,0.0006879780136541801
61,2039,train,7.389245719645417,7.206335542054343,5.403465196507068,9.409719156701051,0.5421736009593993,4.006253960193983,0.018201451047479757
61,2347,train,7.418555473672327,7.206335542054343,5.668483676342087,9.585716938540376,0.528031808362172,3.9172332621982884,0.01989606586149451
61,2666,train,7.339076514618667,7.206335542054343,3.853546937080818,9.635599815629089,0.7878447468194439,5.782052878548271,0.0030823811545847503
61,2963,train,7.840824747036346,7.206335542054343,9.056152470299502,13.094584008154794,0.5150518814212405,4.038431537855292,0.01762509504180879
61,3216,train,7.231080591231541,7.206335542054343,2.9956046227279525,9.169643698120874,0.8538197019792041,6.174039075392921,0.002082806376049178
61,3500,train,7.899718608548479,7.206335542054343,5.681527395540524,9.27481318713651,0.4548625045590363,3.593285791595987,0.027507796879712772
61,3810,train,7.3162470157839525,7.206335542054343,1.9485669012766598,10.048115509193263,1.1070633058783783,8.099548607916603,0.00030367618417123025
61,4656,train,7.2996693988740455,7.206335542054343,5.551801185598909,10.05669222370944,0.6171363101465114,4.504891038110531,0.011054794672551901
61,5253,train,7.77754591320457,7.206335542054343,6.700199329847216,12.268955984212173,0.7160043433379709,5.568756654364957,0.0038152211233531768
61,6399,train,7.413576429256426,7.206335542054343,4.703605216927016,12.142997014703909,1.003482174732642,7.439391797776892,0.0005876424943520787
61,6969,train,7.437694580712823,7.206335542054343,3.023314442713147,12.17682074694605,1.2306913392181313,9.153506304232902,0.00010584801598212432
61,7233,train,7.4576001005460375,7.206335542054343,2.8855798176494907,8.75122306197566,0.7865322845477719,5.865643244326169,0.0028351987333104477
61,7524,train,7.295655092256746,7.206335542054343,5.265473495747858,9.56618428478463,0.5894893240774687,4.3007107890367715,0.013558918055959173
61,7819,train,7.232320214198098,7.206335542054343,5.67814849008779,9.613261157473424,0.5441010009015412,3.935112667385634,0.019543497288682436
61,8983,train,7.224490271538276,7.206335542054343,1.446675078384701,9.118819071634366,1.0619633641801656,7.672143993249665,0.0004656184699255935
61,11296,train,7.280315137975774,7.206335542054343,3.035690660649364,8.899648783870786,0.8054538865541256,5.863958123221423,0.002839980414256319
61,11567,train,7.3226440301034055,7.206335542054343,4.295271861754972,9.327988641818052,0.6872813644052027,5.0327167800630805,0.006521070169650141
61,11868,train,7.725574505391678,7.206335542054343,7.7800222657344085,11.82731241100225,0.5238820934861528,4.047290145267842,0.017469650770649364
61,12424,calibration,7.6257878247837585,7.206335542054343,6.892946837194728,11.360508527752259,0.5858491992182088,4.467561690557531,0.011475262005676126
61,13002,calibration,8.03378509127651,7.206335542054343,7.480840463274871,11.234470924632845,0.46723062898880086,3.7536304613579743,0.02343252038594782
61,14462,calibration,7.252303032979113,7.206335542054343,3.943151172930335,9.922537576026086,0.824481047731334,5.97938640309575,0.002530378448363954
61,14751,calibration,7.437444095032994,7.206335542054343,5.223840535693845,10.483926816036327,0.7072438075676247,5.260086280342482,0.005194856485371943
61,15889,test,7.694310434826958,7.206335542054343,5.465436042896627,10.680204005471154,0.6777433802216748,5.214767962574527,0.0054356946147436575
61,16206,test,7.240940086149314,7.206335542054343,6.42632941771168,9.969157587062536,0.48927737658369574,3.542828169350856,0.028931388402623753
62,316,train,7.344131067389966,7.206335542054343,4.235913477703487,9.566758802126841,0.7258646769110408,5.330845324423355,0.004839976931793344
62,631,train,7.213579833508146,7.206335542054343,3.6036697534503372,9.430911605805608,0.8078155349840132,5.827241852355272,0.002946191816139985
62,1201,train,7.563535198703723,7.206335542054343,3.1393341710379272,8.656569412269727,0.7294519158418635,5.5172352412318,0.0040169384695643625
62,1490,train,7.234826488587316,7.206335542054343,3.4822367671951766,9.208187604211183,0.791442731356238,5.725950837016006,0.0032602518336018165
62,1803,train,7.319826838980036,7.206335542054343,1.6562546230638748,8.938008300503432,0.9947986253803535,7.281753677439557,0.0006879780136541801
62,2347,train,7.418555473672327,7.206335542054343,5.668483676342087,9.585716938540376,0.528031808362172,3.9172332621982884,0.01989606586149451
62,2666,train,7.339076514618667,7.206335542054343,3.853546937080818,9.635599815629089,0.7878447468194439,5.782052878548271,0.0030823811545847503
62,2963,train,7.840824747036346,7.206335542054343,9.056152470299502,13.094584008154794,0.5150518814212405,4.038431537855292,0.01762509504180879
62,3500,train,7.899718608548479,7.206335542054343,5.681527395540524,9.27481318713651,0.4548625045590363,3.593285791595987,0.027507796879712772
62,3810,train,7.3162470157839525,7.206335542054343,1.9485669012766598,10.048115509193263,1.1070633058783783,8.099548607916603,0.00030367618417123025
62,4656,train,7.2996693988740455,7.206335542054343,5.551801185598909,10.05669222370944,0.6171363101465114,4.504891038110531,0.011054794672551901
62,5253,train,7.77754591320457,7.206335542054343,6.700199329847216,12.268955984212173,0.7160043433379709,5.568756654364957,0.0038152211233531768
62,6399,train,7.413576429256426,7.206335542054343,4.703605216927016,12.142997014703909,1.003482174732642,7.439391797776892,0.0005876424943520787
62,6969,train,7.437694580712823,7.206335542054343,3.023314442713147,12.17682074694605,1.2306913392181313,9.153506304232902,0.00010584801598212432
62,7524,train,7.295655092256746,7.206335542054343,5.265473495747858,9.56618428478463,0.5894893240774687,4.3007107890367715,0.013558918055959173
62,7819,train,7.232320214198098,7.206335542054343,5.67814849008779,9.613261157473424,0.5441010009015412,3.935112667385634,0.019543497288682436
62,8983,train,7.224490271538276,7.206335542054343,1.446675078384701,9.118819071634366,1.0619633641801656,7.672143993249665,0.0004656184699255935
62,11296,train,7.280315137975774,7.206335542054343,3.035690660649364,8.899648783870786,0.8054538865541256,5.863958123221423,0.002839980414256319
62,11584,train,10.244345439352362,7.206335542054343,1.7188415438329077,9.27067983124472,0.7371713822146584,7.551838287411813,0.0005251438738898352
62,11872,train,11.280296372216842,7.206335542054343,6.03620482153746,11.835400851586243,0.5140996157097516,5.799196030048783,0.003029989787135802
62,12424,calibration,7.6257878247837585,7.206335542054343,6.892946837194728,11.360508527752259,0.5858491992182088,4.467561690557531,0.011475262005676126
62,13002,calibration,8.03378509127651,7.206335542054343,7.480840463274871,11.234470924632845,0.46723062898880086,3.7536304613579743,0.02343252038594782
62,14462,calibration,7.252303032979113,7.206335542054343,3.943151172930335,9.922537576026086,0.824481047731334,5.97938640309575,0.002530378448363954
62,14751,calibration,7.437444095032994,7.206335542054343,5.223840535693845,10.483926816036327,0.7072438075676247,5.260086280342482,0.005194856485371943
62,15889,test,7.694310434826958,7.206335542054343,5.465436042896627,10.680204005471154,0.6777433802216748,5.214767962574527,0.0054356946147436575
62,16206,test,7.240940086149314,7.206335542054343,6.42632941771168,9.969157587062536,0.48927737658369574,3.542828169350856,0.028931388402623753
63,316,train,7.344131067389966,7.206335542054343,4.235913477703487,9.566758802126841,0.7258646769110408,5.330845324423355,0.004839976931793344
63,903,train,7.467882907718488,7.206335542054343,2.0926817879330053,9.015951966675836,0.9270726743167372,6.923270178742831,0.0009846048362660016
63,1490,train,7.234826488587316,7.206335542054343,3.4822367671951766,9.208187604211183,0.791442731356238,5.725950837016006,0.0032602518336018165
63,2066,train,13.152129796754913,7.206335542054343,0.4676767871743694,9.273754150500217,0.6695552354949091,8.806077363325848,0.00014981979341614448
63,2666,train,7.339076514618667,7.206335542054343,3.853546937080818,9.635599815629089,0.7878447468194439,5.782052878548271,0.0030823811545847503
63,3500,train,7.899718608548479,7.206335542054343,5.681527395540524,9.27481318713651,0.4548625045590363,3.593285791595987,0.027507796879712772
63,4656,train,7.2996693988740455,7.206335542054343,5.551801185598909,10.05669222370944,0.6171363101465114,4.504891038110531,0.011054794672551901
63,5253,train,7.77754591320457,7.206335542054343,6.700199329847216,12.268955984212173,0.7160043433379709,5.568756654364957,0.0038152211233531768
63,6399,train,7.413576429256426,7.206335542054343,4.703605216927016,12.142997014703909,1.003482174732642,7.439391797776892,0.0005876424943520787
63,6975,train,7.668733824071019,7.206335542054343,2.1979716567216765,12.196371620086362,1.3037875864176156,9.998399963364685,4.547262945892442e-05
63,7551,train,11.297011340353885,7.206335542054343,0.0,9.523870435842426,0.8430433633205582,9.523870435842426,7.308624061236912e-05
63,8983,train,7.224490271538276,7.206335542054343,1.446675078384701,9.118819071634366,1.0619633641801656,7.672143993249665,0.0004656184699255935
63,11296,train,7.280315137975774,7.206335542054343,3.035690660649364,8.899648783870786,0.8054538865541256,5.863958123221423,0.002839980414256319
63,11872,train,11.280296372216842,7.206335542054343,6.03620482153746,11.835400851586243,0.5140996157097516,5.799196030048783,0.003029989787135802
63,13002,calibration,8.03378509127651,7.206335542054343,7.480840463274871,11.234470924632845,0.46723062898880086,3.7536304613579743,0.02343252038594782
63,14462,calibration,7.252303032979113,7.206335542054343,3.943151172930335,9.922537576026086,0.824481047731334,5.97938640309575,0.002530378448363954
63,15889,test,7.694310434826958,7.206335542054343,5.465436042896627,10.680204005471154,0.6777433802216748,5.214767962574527,0.0054356946147436575
64,638,train,4.824852042546319,4.772990391873051,2.0409211884768435,8.992813050815219,1.4408507869330451,6.951891862338375,0.0009568232624153581
64,1220,train,4.869526730744372,4.772990391873051,1.420130639501459,8.270258493132792,1.4067338023595157,6.850127853631332,0.00105932024630889
64,1497,train,4.888656073577144,4.772990391873051,1.4070730858358769,8.785003475756842,1.5091939950118767,7.377930389920965,0.000624892833130658
64,1794,train,5.269363188972903,4.772990391873051,2.9434118544327386,9.043155238322498,1.1575864416889268,6.099743383889759,0.0022434433493305483
64,2050,train,4.951993478341187,4.772990391873051,2.034230119105505,9.073660803393885,1.4215347243644676,7.03943068428838,0.0008766254968876886
64,2397,train,4.978927661673869,4.772990391873051,2.2677147204594372,9.214128704200977,1.3951626646863593,6.9464139837415395,0.0009620790061059479
64,2665,train,5.01967725383945,4.772990391873051,4.213918727168074,9.614269246931656,1.0758362035393736,5.400350519763582,0.004514998069158885
64,2971,train,5.636099321228038,4.772990391873051,5.5417089670354125,12.655307241137942,1.2621492043814024,7.11359827410253,0.0008139608620783172
64,3220,train,4.932380379913115,4.772990391873051,1.6426022583784254,9.069467488361655,1.5057365121775248,7.426865229983229,0.0005950499359444158
64,3532,train,4.81264961018806,4.772990391873051,1.4323032229438128,8.789014297757427,1.5286197148531124,7.356711074813615,0.0006382943133395554
64,3823,train,4.822761337365504,4.772990391873051,1.3617158941748604,9.689021656526744,1.7266676038546793,8.327305762351884,0.0002418226957920523
64,4111,train,4.933265719011235,4.772990391873051,2.1302901897242505,9.354625775681107,1.464412419164159,7.224335585956856,0.0007286364946176038
64,4664,train,4.85758003168371,4.772990391873051,2.393957381863554,9.86221710392672,1.5374445039198985,7.468259722063166,0.0005709209940522516
64,4998,train,4.814705729159664,4.772990391873051,3.1793210442371227,10.4917120488341,1.5187617719418227,7.312391004596977,0.0006672198176840598
64,6144,train,5.068065034290525,4.772990391873051,6.4252335217132375,12.686158528614598,1.2353679292866107,6.260925006901361,0.0019094786984955414
64,6397,train,4.875627783223996,4.772990391873051,5.676205607385502,11.617695210835523,1.2186101703443053,5.94148960345002,0.00262811188924465
64,6952,train,4.882840936047928,4.772990391873051,6.207844417442931,11.934636095400815,1.1728401053737854,5.726791677957885,0.0032575116325773397
64,7544,train,4.852028067031228,4.772990391873051,0.583022107769104,8.924850570883311,1.7192457149610547,8.341828463114208,0.0002383361554131346
64,7831,train,4.885378082230365,4.772990391873051,1.6318260151557056,9.221873016585004,1.5536253026222584,7.590047001429299,0.0005054572961905096
64,8989,train,4.90660454360367,4.772990391873051,0.7936736260170716,8.896303783067061,1.651372162774502,8.10263015704999,0.00030274183145534797
64,10729,train,4.881287737945524,4.772990391873051,2.1216817863048494,9.291459419009781,1.468829132314705,7.169777632704932,0.0007694938224637209
64,11014,train,4.809193006557166,4.772990391873051,2.4861698180215313,8.82570465842301,1.3182117731099054,6.339534840401479,0.0017651231098581733
64,11301,train,4.913640834233892,4.772990391873051,1.4437280090252067,8.489615388076142,1.4339443229064366,7.045887379050936,0.000870983627148876
64,11910,train,4.827847882111813,4.772990391873051,0.30698785718226546,10.935401938867173,2.2014807303820416,10.628414081684907,2.421800770004633e-05
64,13054,calibration,4.885075225289164,4.772990391873051,0.8252424348495365,10.68595919041731,2.018539387995624,9.860716755567774,5.218493242696502e-05
64,13906,calibration,4.790281471670719,4.772990391873051,1.7665504708967912,8.86524046781022,1.4818941306256064,7.098689996913429,0.0008261865215559982
64,14206,calibration,4.845867611638973,4.772990391873051,1.1330626619622448,9.214768114077428,1.6677520105386832,8.081705452115184,0.0003091433563898174
64,14753,calibration,5.032028586939837,4.772990391873051,4.318229326845966,10.186274682998619,1.1661391136335393,5.868045356152653,0.0028283964421056533
64,15046,test,4.790260688710997,4.772990391873051,0.35250831124567156,9.346355200750043,1.8775276491109947,8.993846889504372,0.000124171499241499
64,16221,test,4.961081321824245,4.772990391873051,4.709989280145589,9.930372838673286,1.0522672820465084,5.220383558527697,0.005405255496947007
64,16776,test,4.801354654393597,4.772990391873051,6.2462876079611975,10.906990163304636,0.9707057467788905,4.6607025553434385,0.009459814023666765
65,638,train,4.824852042546319,4.772990391873051,2.0409211884768435,8.992813050815219,1.4408507869330451,6.951891862338375,0.0009568232624153581
65,1220,train,4.869526730744372,4.772990391873051,1.420130639501459,8.270258493132792,1.4067338023595157,6.850127853631332,0.00105932024630889
65,1529,train,4.936331805364388,4.772990391873051,1.6648184974742104,8.785003475756842,1.442404047990659,7.120184978282631,0.0008086171606753582
65,1817,train,7.013260715140373,4.772990391873051,0.9370083969942838,9.055463912870366,1.1575864416889268,8.118455515876082,0.0002979885437838858
65,2397,train,4.978927661673869,4.772990391873051,2.2677147204594372,9.214128704200977,1.3951626646863593,6.9464139837415395,0.0009620790061059479
65,2685,train,8.306433859429411,4.772990391873051,0.7778169091571451,9.614269246931656,1.0638081861981512,8.83645233777451,0.0001453374413120081
65,2973,train,7.603891415926333,4.772990391873051,4.819797481591833,12.655307241137942,1.0304605012026673,7.835509759546109,0.0003954406838822232
65,3532,train,4.81264961018806,4.772990391873051,1.4323032229438128,8.789014297757427,1.5286197148531124,7.356711074813615,0.0006382943133395554
65,3823,train,4.822761337365504,4.772990391873051,1.3617158941748604,9.689021656526744,1.7266676038546793,8.327305762351884,0.0002418226957920523
65,4111,train,4.933265719011235,4.772990391873051,2.1302901897242505,9.354625775681107,1.464412419164159,7.224335585956856,0.0007286364946176038
65,4664,train,4.85758003168371,4.772990391873051,2.393957381863554,9.86221710392672,1.5374445039198985,7.468259722063166,0.0005709209940522516
65,4998,train,4.814705729159664,4.772990391873051,3.1793210442371227,10.4917120488341,1.5187617719418227,7.312391004596977,0.0006672198176840598
65,6144,train,5.068065034290525,4.772990391873051,6.4252335217132375,12.686158528614598,1.2353679292866107,6.260925006901361,0.0019094786984955414
65,6432,train,5.602954854494097,4.772990391873051,1.8860108711025294,11.62382432417385,1.7379782107758153,9.73781345307132,5.900942075028997e-05
65,6952,train,4.882840936047928,4.772990391873051,6.207844417442931,11.934636095400815,1.1728401053737854,5.726791677957885,0.0032575116325773397
65,7544,train,4.852028067031228,4.772990391873051,0.583022107769104,8.924850570883311,1.7192457149610547,8.341828463114208,0.0002383361554131346
65,7832,train,5.356919024947724,4.772990391873051,1.2582917071688273,9.221873016585004,1.486597290780196,7.963581309416177,0.00034790492852206057
65,8989,train,4.90660454360367,4.772990391873051,0.7936736260170716,8.896303783067061,1.651372162774502,8.10263015704999,0.00030274183145534797
65,10729,train,4.881287737945524,4.772990391873051,2.1216817863048494,9.291459419009781,1.468829132314705,7.169777632704932,0.0007694938224637209
65,11017,train,5.665451829432417,4.772990391873051,2.0460816305153884,8.830101579620273,1.1974367011403093,6.784019949104884,0.0011317162998651592
65,11305,train,5.425736572910816,4.772990391873051,0.8148451294124709,8.489615388076142,1.414512141444841,7.6747702586636715,0.00046439723658527857
65,11910,train,4.827847882111813,4.772990391873051,0.30698785718226546,10.935401938867173,2.2014807303820416,10.628414081684907,2.421800770004633e-05
65,13054,calibration,4.885075225289164,4.772990391873051,0.8252424348495365,10.68595919041731,2.018539387995624,9.860716755567774,5.218493242696502e-05
65,13906,calibration,4.790281471670719,4.772990391873051,1.7665504708967912,8.86524046781022,1.4818941306256064,7.098689996913429,0.0008261865215559982
65,14206,calibration,4.845867611638973,4.772990391873051,1.1330626619622448,9.214768114077428,1.6677520105386832,8.081705452115184,0.0003091433563898174
65,14753,calibration,5.032028586939837,4.772990391873051,4.318229326845966,10.186274682998619,1.1661391136335393,5.868045356152653,0.0028283964421056533
65,15046,test,4.790260688710997,4.772990391873051,0.35250831124567156,9.346355200750043,1.8775276491109947,8.993846889504372,0.000124171499241499
65,16221,test,4.961081321824245,4.772990391873051,4.709989280145589,9.930372838673286,1.0522672820465084,5.220383558527697,0.005405255496947007
65,16776,test,4.801354654393597,4.772990391873051,6.2462876079611975,10.906990163304636,0.9707057467788905,4.6607025553434385,0.009459814023666765
66,638,train,4.824852042546319,4.772990391873051,2.0409211884768435,8.992813050815219,1.4408507869330451,6.951891862338375,0.0009568232624153581
66,1220,train,4.869526730744372,4.772990391873051,1.420130639501459,8.270258493132792,1.4067338023595157,6.850127853631332,0.00105932024630889
66,1796,train,5.269363188972905,4.772990391873051,2.9434118544327377,9.043155238322498,1.1575864416889268,6.099743383889761,0.0022434433493305444
66,2397,train,4.978927661673869,4.772990391873051,2.2677147204594372,9.214128704200977,1.3951626646863593,6.9464139837415395,0.0009620790061059479
66,2973,train,7.603891415926333,4.772990391873051,4.819797481591833,12.655307241137942,1.0304605012026673,7.835509759546109,0.0003954406838822232
66,3549,train,5.727110218495005,4.772990391873051,0.6200845978037299,8.789014297757427,1.4263615310865039,8.168929699953697,0.0002833210928028065
66,4125,train,5.338384596226646,4.772990391873051,1.5370290746921622,9.354625775681107,1.464412419164159,7.817596700988945,0.0004025880605786962
66,4998,train,4.814705729159664,4.772990391873051,3.1793210442371227,10.4917120488341,1.5187617719418227,7.312391004596977,0.0006672198176840598
66,6144,train,5.068065034290525,4.772990391873051,6.4252335217132375,12.686158528614598,1.2353679292866107,6.260925006901361,0.0019094786984955414
66,6952,train,4.882840936047928,4.772990391873051,6.207844417442931,11.934636095400815,1.1728401053737854,5.726791677957885,0.0032575116325773397
66,7544,train,4.852028067031228,4.772990391873051,0.583022107769104,8.924850570883311,1.7192457149610547,8.341828463114208,0.0002383361554131346
66,8989,train,4.90660454360367,4.772990391873051,0.7936736260170716,8.896303783067061,1.651372162774502,8.10263015704999,0.00030274183145534797
66,10729,train,4.881287737945524,4.772990391873051,2.1216817863048494,9.291459419009781,1.468829132314705,7.169777632704932,0.0007694938224637209
66,11305,train,5.425736572910816,4.772990391873051,0.8148451294124709,8.489615388076142,1.414512141444841,7.6747702586636715,0.00046439723658527857
66,11910,train,4.827847882111813,4.772990391873051,0.30698785718226546,10.935401938867173,2.2014807303820416,10.628414081684907,2.421800770004633e-05
66,13054,calibration,4.885075225289164,4.772990391873051,0.8252424348495365,10.68595919041731,2.018539387995624,9.860716755567774,5.218493242696502e-05
66,13906,calibration,4.790281471670719,4.772990391873051,1.7665504708967912,8.86524046781022,1.4818941306256064,7.098689996913429,0.0008261865215559982
66,14753,calibration,5.032028586939837,4.772990391873051,4.318229326845966,10.186274682998619,1.1661391136335393,5.868045356152653,0.0028283964421056533
66,16221,test,4.961081321824245,4.772990391873051,4.709989280145589,9.930372838673286,1.0522672820465084,5.220383558527697,0.005405255496947007
66,16802,test,4.780895438930591,4.772990391873051,6.0583625594524895,11.026117078177027,1.0390845359788383,4.967754518724537,0.006958756261082593
67,638,train,4.824852042546319,4.772990391873051,2.0409211884768435,8.992813050815219,1.4408507869330451,6.951891862338375,0.0009568232624153581
67,1220,train,4.869526730744372,4.772990391873051,1.420130639501459,8.270258493132792,1.4067338023595157,6.850127853631332,0.00105932024630889
67,1497,train,4.888656073577144,4.772990391873051,1.4070730858358769,8.785003475756842,1.5091939950118767,7.377930389920965,0.000624892833130658
67,1794,train,5.269363188972903,4.772990391873051,2.9434118544327386,9.043155238322498,1.1575864416889268,6.099743383889759,0.0022434433493305483
67,2050,train,4.951993478341187,4.772990391873051,2.034230119105505,9.073660803393885,1.4215347243644676,7.03943068428838,0.0008766254968876886
67,2397,train,4.978927661673869,4.772990391873051,2.2677147204594372,9.214128704200977,1.3951626646863593,6.9464139837415395,0.0009620790061059479
67,2665,train,5.01967725383945,4.772990391873051,4.213918727168074,9.614269246931656,1.0758362035393736,5.400350519763582,0.004514998069158885
67,2971,train,5.636099321228038,4.772990391873051,5.5417089670354125,12.655307241137942,1.2621492043814024,7.11359827410253,0.0008139608620783172
67,3220,train,4.932380379913115,4.772990391873051,1.6426022583784254,9.069467488361655,1.5057365121775248,7.426865229983229,0.0005950499359444158
67,3532,train,4.81264961018806,4.772990391873051,1.4323032229438128,8.789014297757427,1.5286197148531124,7.356711074813615,0.0006382943133395554
67,3823,train,4.822761337365504,4.772990391873051,1.3617158941748604,9.689021656526744,1.7266676038546793,8.327305762351884,0.0002418226957920523
67,4111,train,4.933265719011235,4.772990391873051,2.1302901897242505,9.354625775681107,1.464412419164159,7.224335585956856,0.0007286364946176038
67,4664,train,4.85758003168371,4.772990391873051,2.393957381863554,9.86221710392672,1.5374445039198985,7.468259722063166,0.0005709209940522516
67,4998,train,4.814705729159664,4.772990391873051,3.1793210442371227,10.4917120488341,1.5187617719418227,7.312391004596977,0.0006672198176840598
67,6144,train,5.068065034290525,4.772990391873051,6.4252335217132375,12.686158528614598,1.2353679292866107,6.260925006901361,0.0019094786984955414
67,6397,train,4.875627783223996,4.772990391873051,5.676205607385502,11.617695210835523,1.2186101703443053,5.94148960345002,0.00262811188924465
67,6952,train,4.882840936047928,4.772990391873051,6.207844417442931,11.934636095400815,1.1728401053737854,5.726791677957885,0.0032575116325773397
67,7544,train,4.852028067031228,4.772990391873051,0.583022107769104,8.924850570883311,1.7192457149610547,8.341828463114208,0.0002383361554131346
67,7831,train,4.885378082230365,4.772990391873051,1.6318260151557056,9.221873016585004,1.5536253026222584,7.590047001429299,0.0005054572961905096
67,8989,train,4.90660454360367,4.772990391873051,0.7936736260170716,8.896303783067061,1.651372162774502,8.10263015704999,0.00030274183145534797
67,10729,train,4.881287737945524,4.772990391873051,2.1216817863048494,9.291459419009781,1.468829132314705,7.169777632704932,0.0007694938224637209
67,11014,train,4.809193006557166,4.772990391873051,2.4861698180215313,8.82570465842301,1.3182117731099054,6.339534840401479,0.0017651231098581733
67,11301,train,4.913640834233892,4.772990391873051,1.4437280090252067,8.489615388076142,1.4339443229064366,7.045887379050936,0.000870983627148876
67,11910,train,4.827847882111813,4.772990391873051,0.30698785718226546,10.935401938867173,2.2014807303820416,10.628414081684907,2.421800770004633e-05
67,13054,calibration,4.885075225289164,4.772990391873051,0.8252424348495365,10.68595919041731,2.018539387995624,9.860716755567774,5.218493242696502e-05
67,13906,calibration,4.790281471670719,4.772990391873051,1.7665504708967912,8.86524046781022,1.4818941306256064,7.098689996913429,0.0008261865215559982
67,14206,calibration,4.845867611638973,4.772990391873051,1.1330626619622448,9.214768114077428,1.6677520105386832,8.081705452115184,0.0003091433563898174
67,14753,calibration,5.032028586939837,4.772990391873051,4.318229326845966,10.186274682998619,1.1661391136335393,5.868045356152653,0.0028283964421056533
67,15046,test,4.790260688710997,4.772990391873051,0.35250831124567156,9.346355200750043,1.8775276491109947,8.993846889504372,0.000124171499241499
67,16221,test,4.961081321824245,4.772990391873051,4.709989280145589,9.930372838673286,1.0522672820465084,5.220383558527697,0.005405255496947007
67,16776,test,4.801354654393597,4.772990391873051,6.2462876079611975,10.906990163304636,0.9707057467788905,4.6607025553434385,0.009459814023666765
68,638,train,4.824852042546319,4.772990391873051,2.0409211884768435,8.992813050815219,1.4408507869330451,6.951891862338375,0.0009568232624153581
68,1220,train,4.869526730744372,4.772990391873051,1.420130639501459,8.270258493132792,1.4067338023595157,6.850127853631332,0.00105932024630889
68,1529,train,4.936331805364388,4.772990391873051,1.6648184974742104,8.785003475756842,1.442404047990659,7.120184978282631,0.0008086171606753582
68,1817,train,7.013260715140373,4.772990391873051,0.9370083969942838,9.055463912870366,1.1575864416889268,8.118455515876082,0.0002979885437838858
68,2397,train,4.978927661673869,4.772990391873051,2.2677147204594372,9.214128704200977,1.3951626646863593,6.9464139837415395,0.0009620790061059479
68,2685,train,8.306433859429411,4.772990391873051,0.7778169091571451,9.614269246931656,1.0638081861981512,8.83645233777451,0.0001453374413120081
68,2973,train,7.603891415926333,4.772990391873051,4.819797481591833,12.655307241137942,1.0304605012026673,7.835509759546109,0.0003954406838822232
68,3532,train,4.81264961018806,4.772990391873051,1.4323032229438128,8.789014297757427,1.5286197148531124,7.356711074813615,0.0006382943133395554
68,3823,train,4.822761337365504,4.772990391873051,1.3617158941748604,9.689021656526744,1.7266676038546793,8.327305762351884,0.0002418226957920523
68,4111,train,4.933265719011235,4.772990391873051,2.1302901897242505,9.354625775681107,1.464412419164159,7.224335585956856,0.0007286364946176038
68,4664,train,4.85758003168371,4.772990391873051,2.393957381863554,9.86221710392672,1.5374445039198985,7.468259722063166,0.0005709209940522516
68,4998,train,4.814705729159664,4.772990391873051,3.1793210442371227,10.4917120488341,1.5187617719418227,7.312391004596977,0.0006672198176840598
68,6144,train,5.068065034290525,4.772990391873051,6.4252335217132375,12.686158528614598,1.2353679292866107,6.260925006901361,0.0019094786984955414
68,6432,train,5.602954854494097,4.772990391873051,1.8860108711025294,11.62382432417385,1.7379782107758153,9.73781345307132,5.900942075028997e-05
68,6952,train,4.882840936047928,4.772990391873051,6.207844417442931,11.934636095400815,1.1728401053737854,5.726791677957885,0.0032575116325773397
68,7544,train,4.852028067031228,4.772990391873051,0.583022107769104,8.924850570883311,1.7192457149610547,8.341828463114208,0.0002383361554131346
68,7832,train,5.356919024947724,4.772990391873051,1.2582917071688273,9.221873016585004,1.486597290780196,7.963581309416177,0.00034790492852206057
68,8989,train,4.90660454360367,4.772990391873051,0.7936736260170716,8.896303783067061,1.651372162774502,8.10263015704999,0.00030274183145534797
68,10729,train,4.881287737945524,4.772990391873051,2.1216817863048494,9.291459419009781,1.468829132314705,7.169777632704932,0.0007694938224637209
68,11017,train,5.665451829432417,4.772990391873051,2.0460816305153884,8.830101579620273,1.1974367011403093,6.784019949104884,0.0011317162998651592
68,11305,train,5.425736572910816,4.772990391873051,0.8148451294124709,8.489615388076142,1.414512141444841,7.6747702586636715,0.00046439723658527857
68,11910,train,4.827847882111813,4.772990391873051,0.30698785718226546,10.935401938867173,2.2014807303820416,10.628414081684907,2.421800770004633e-05
68,13054,calibration,4.885075225289164,4.772990391873051,0.8252424348495365,10.68595919041731,2.018539387995624,9.860716755567774,5.218493242696502e-05
68,13906,calibration,4.790281471670719,4.772990391873051,1.7665504708967912,8.86524046781022,1.4818941306256064,7.098689996913429,0.0008261865215559982
68,14206,calibration,4.845867611638973,4.772990391873051,1.1330626619622448,9.214768114077428,1.6677520105386832,8.081705452115184,0.0003091433563898174
68,14753,calibration,5.032028586939837,4.772990391873051,4.318229326845966,10.186274682998619,1.1661391136335393,5.868045356152653,0.0028283964421056533
68,15046,test,4.790260688710997,4.772990391873051,0.35250831124567156,9.346355200750043,1.8775276491109947,8.993846889504372,0.000124171499241499
68,16221,test,4.961081321824245,4.772990391873051,4.709989280145589,9.930372838673286,1.0522672820465084,5.220383558527697,0.005405255496947007
68,16776,test,4.801354654393597,4.772990391873051,6.2462876079611975,10.906990163304636,0.9707057467788905,4.6607025553434385,0.009459814023666765
69,638,train,4.824852042546319,4.772990391873051,2.0409211884768435,8.992813050815219,1.4408507869330451,6.951891862338375,0.0009568232624153581
69,1220,train,4.869526730744372,4.772990391873051,1.420130639501459,8.270258493132792,1.4067338023595157,6.850127853631332,0.00105932024630889
69,1796,train,5.269363188972905,4.772990391873051,2.9434118544327377,9.043155238322498,1.1575864416889268,6.099743383889761,0.0022434433493305444
69,2397,train,4.978927661673869,4.772990391873051,2.2677147204594372,9.214128704200977,1.3951626646863593,6.9464139837415395,0.0009620790061059479
69,2973,train,7.603891415926333,4.772990391873051,4.819797481591833,12.655307241137942,1.0304605012026673,7.835509759546109,0.0003954406838822232
69,3549,train,5.727110218495005,4.772990391873051,0.6200845978037299,8.789014297757427,1.4263615310865039,8.168929699953697,0.0002833210928028065
69,4125,train,5.338384596226646,4.772990391873051,1.5370290746921622,9.354625775681107,1.464412419164159,7.817596700988945,0.0004025880605786962
69,4998,train,4.814705729159664,4.772990391873051,3.1793210442371227,10.4917120488341,1.5187617719418227,7.312391004596977,0.0006672198176840598
69,6144,train,5.068065034290525,4.772990391873051,6.4252335217132375,12.686158528614598,1.2353679292866107,6.260925006901361,0.0019094786984955414
69,6952,train,4.882840936047928,4.772990391873051,6.207844417442931,11.934636095400815,1.1728401053737854,5.726791677957885,0.0032575116325773397
69,7544,train,4.852028067031228,4.772990391873051,0.583022107769104,8.924850570883311,1.7192457149610547,8.341828463114208,0.0002383361554131346
69,8989,train,4.90660454360367,4.772990391873051,0.7936736260170716,8.896303783067061,1.651372162774502,8.10263015704999,0.00030274183145534797
69,10729,train,4.881287737945524,4.772990391873051,2.1216817863048494,9.291459419009781,1.468829132314705,7.169777632704932,0.0007694938224637209
69,11305,train,5.425736572910816,4.772990391873051,0.8148451294124709,8.489615388076142,1.414512141444841,7.6747702586636715,0.00046439723658527857
69,11910,train,4.827847882111813,4.772990391873051,0.30698785718226546,10.935401938867173,2.2014807303820416,10.628414081684907,2.421800770004633e-05
69,13054,calibration,4.885075225289164,4.772990391873051,0.8252424348495365,10.68595919041731,2.018539387995624,9.860716755567774,5.218493242696502e-05
69,13906,calibration,4.790281471670719,4.772990391873051,1.7665504708967912,8.86524046781022,1.4818941306256064,7.098689996913429,0.0008261865215559982
69,14753,calibration,5.032028586939837,4.772990391873051,4.318229326845966,10.186274682998619,1.1661391136335393,5.868045356152653,0.0028283964421056533
69,16221,test,4.961081321824245,4.772990391873051,4.709989280145589,9.930372838673286,1.0522672820465084,5.220383558527697,0.005405255496947007
69,16802,test,4.780895438930591,4.772990391873051,6.0583625594524895,11.026117078177027,1.0390845359788383,4.967754518724537,0.006958756261082593
70,638,train,4.824852042546319,4.772990391873051,2.0409211884768435,8.992813050815219,1.4408507869330451,6.951891862338375,0.0009568232624153581
70,1220,train,4.869526730744372,4.772990391873051,1.420130639501459,8.270258493132792,1.4067338023595157,6.850127853631332,0.00105932024630889
70,1497,train,4.888656073577144,4.772990391873051,1.4070730858358769,8.785003475756842,1.5091939950118767,7.377930389920965,0.000624892833130658
70,1794,train,5.269363188972903,4.772990391873051,2.9434118544327386,9.043155238322498,1.1575864416889268,6.099743383889759,0.0022434433493305483
70,2050,train,4.951993478341187,4.772990391873051,2.034230119105505,9.073660803393885,1.4215347243644676,7.03943068428838,0.0008766254968876886
70,2397,train,4.978927661673869,4.772990391873051,2.2677147204594372,9.214128704200977,1.3951626646863593,6.9464139837415395,0.0009620790061059479
70,2665,train,5.01967725383945,4.772990391873051,4.213918727168074,9.614269246931656,1.0758362035393736,5.400350519763582,0.004514998069158885
70,2971,train,5.636099321228038,4.772990391873051,5.5417089670354125,12.655307241137942,1.2621492043814024,7.11359827410253,0.0008139608620783172
70,3220,train,4.932380379913115,4.772990391873051,1.6426022583784254,9.069467488361655,1.5057365121775248,7.426865229983229,0.0005950499359444158
70,3532,train,4.81264961018806,4.772990391873051,1.4323032229438128,8.789014297757427,1.5286197148531124,7.356711074813615,0.0006382943133395554
70,3823,train,4.822761337365504,4.772990391873051,1.3617158941748604,9.689021656526744,1.7266676038546793,8.327305762351884,0.0002418226957920523
70,4111,train,4.933265719011235,4.772990391873051,2.1302901897242505,9.354625775681107,1.464412419164159,7.224335585956856,0.0007286364946176038
70,4664,train,4.85758003168371,4.772990391873051,2.393957381863554,9.86221710392672,1.5374445039198985,7.468259722063166,0.0005709209940522516
70,4998,train,4.814705729159664,4.772990391873051,3.1793210442371227,10.4917120488341,1.5187617719418227,7.312391004596977,0.0006672198176840598
70,6144,train,5.068065034290525,4.772990391873051,6.4252335217132375,12.686158528614598,1.2353679292866107,6.260925006901361,0.0019094786984955414
70,6397,train,4.875627783223996,4.772990391873051,5.676205607385502,11.617695210835523,1.2186101703443053,5.94148960345002,0.00262811188924465
70,6952,train,4.882840936047928,4.772990391873051,6.207844417442931,11.934636095400815,1.1728401053737854,5.726791677957885,0.0032575116325773397
70,7544,train,4.852028067031228,4.772990391873051,0.583022107769104,8.924850570883311,1.7192457149610547,8.341828463114208,0.0002383361554131346
70,7831,train,4.885378082230365,4.772990391873051,1.6318260151557056,9.221873016585004,1.5536253026222584,7.590047001429299,0.0005054572961905096
70,8989,train,4.90660454360367,4.772990391873051,0.7936736260170716,8.896303783067061,1.651372162774502,8.10263015704999,0.00030274183145534797
70,10729,train,4.881287737945524,4.772990391873051,2.1216817863048494,9.291459419009781,1.468829132314705,7.169777632704932,0.0007694938224637209
70,11014,train,4.809193006557166,4.772990391873051,2.4861698180215313,8.82570465842301,1.3182117731099054,6.339534840401479,0.0017651231098581733
70,11301,train,4.913640834233892,4.772990391873051,1.4437280090252067,8.489615388076142,1.4339443229064366,7.045887379050936,0.000870983627148876
70,11910,train,4.827847882111813,4.772990391873051,0.30698785718226546,10.935401938867173,2.2014807303820416,10.628414081684907,2.421800770004633e-05
70,13054,calibration,4.885075225289164,4.772990391873051,0.8252424348495365,10.68595919041731,2.018539387995624,9.860716755567774,5.218493242696502e-05
70,13906,calibration,4.790281471670719,4.772990391873051,1.7665504708967912,8.86524046781022,1.4818941306256064,7.098689996913429,0.0008261865215559982
70,14206,calibration,4.845867611638973,4.772990391873051,1.1330626619622448,9.214768114077428,1.6677520105386832,8.081705452115184,0.0003091433563898174
70,14753,calibration,5.032028586939837,4.772990391873051,4.318229326845966,10.186274682998619,1.1661391136335393,5.868045356152653,0.0028283964421056533
70,15046,test,4.790260688710997,4.772990391873051,0.35250831124567156,9.346355200750043,1.8775276491109947,8.993846889504372,0.000124171499241499
70,16221,test,4.961081321824245,4.772990391873051,4.709989280145589,9.930372838673286,1.0522672820465084,5.220383558527697,0.005405255496947007
70,16776,test,4.801354654393597,4.772990391873051,6.2462876079611975,10.906990163304636,0.9707057467788905,4.6607025553434385,0.009459814023666765
71,638,train,4.824852042546319,4.772990391873051,2.0409211884768435,8.992813050815219,1.4408507869330451,6.951891862338375,0.0009568232624153581
71,1220,train,4.869526730744372,4.772990391873051,1.420130639501459,8.270258493132792,1.4067338023595157,6.850127853631332,0.00105932024630889
71,1529,train,4.936331805364388,4.772990391873051,1.6648184974742104,8.785003475756842,1.442404047990659,7.120184978282631,0.0008086171606753582
71,1817,train,7.013260715140373,4.772990391873051,0.9370083969942838,9.055463912870366,1.1575864416889268,8.118455515876082,0.0002979885437838858
71,2397,train,4.978927661673869,4.772990391873051,2.2677147204594372,9.214128704200977,1.3951626646863593,6.9464139837415395,0.0009620790061059479
71,2685,train,8.306433859429411,4.772990391873051,0.7778169091571451,9.614269246931656,1.0638081861981512,8.83645233777451,0.0001453374413120081
71,2973,train,7.603891415926333,4.772990391873051,4.819797481591833,12.655307241137942,1.0304605012026673,7.835509759546109,0.0003954406838822232
71,3532,train,4.81264961018806,4.772990391873051,1.4323032229438128,8.789014297757427,1.5286197148531124,7.356711074813615,0.0006382943133395554
71,3823,train,4.822761337365504,4.772990391873051,1.3617158941748604,9.689021656526744,1.7266676038546793,8.327305762351884,0.0002418226957920523
71,4111,train,4.933265719011235,4.772990391873051,2.1302901897242505,9.354625775681107,1.464412419164159,7.224335585956856,0.0007286364946176038
71,4664,train,4.85758003168371,4.772990391873051,2.393957381863554,9.86221710392672,1.5374445039198985,7.468259722063166,0.0005709209940522516
71,4998,train,4.814705729159664,4.772990391873051,3.1793210442371227,10.4917120488341,1.5187617719418227,7.312391004596977,0.0006672198176840598
71,6144,train,5.068065034290525,4.772990391873051,6.4252335217132375,12.686158528614598,1.2353679292866107,6.260925006901361,0.0019094786984955414
71,6432,train,5.602954854494097,4.772990391873051,1.8860108711025294,11.62382432417385,1.7379782107758153,9.73781345307132,5.900942075028997e-05
71,6952,train,4.882840936047928,4.772990391873051,6.207844417442931,11.934636095400815,1.1728401053737854,5.726791677957885,0.0032575116325773397
71,7544,train,4.852028067031228,4.772990391873051,0.583022107769104,8.924850570883311,1.7192457149610547,8.341828463114208,0.0002383361554131346
71,7832,train,5.356919024947724,4.772990391873051,1.2582917071688273,9.221873016585004,1.486597290780196,7.963581309416177,0.00034790492852206057
71,8989,train,4.90660454360367,4.772990391873051,0.7936736260170716,8.896303783067061,1.651372162774502,8.10263015704999,0.00030274183145534797
71,10729,train,4.881287737945524,4.772990391873051,2.1216817863048494,9.291459419009781,1.468829132314705,7.169777632704932,0.0007694938224637209
71,11017,train,5.665451829432417,4.772990391873051,2.0460816305153884,8.830101579620273,1.1974367011403093,6.784019949104884,0.0011317162998651592
71,11305,train,5.425736572910816,4.772990391873051,0.8148451294124709,8.489615388076142,1.414512141444841,7.6747702586636715,0.00046439723658527857
71,11910,train,4.827847882111813,4.772990391873051,0.30698785718226546,10.935401938867173,2.2014807303820416,10.628414081684907,2.421800770004633e-05
71,13054,calibration,4.885075225289164,4.772990391873051,0.8252424348495365,10.68595919041731,2.018539387995624,9.860716755567774,5.218493242696502e-05
71,13906,calibration,4.790281471670719,4.772990391873051,1.7665504708967912,8.86524046781022,1.4818941306256064,7.098689996913429,0.0008261865215559982
71,14206,calibration,4.845867611638973,4.772990391873051,1.1330626619622448,9.214768114077428,1.6677520105386832,8.081705452115184,0.0003091433563898174
71,14753,calibration,5.032028586939837,4.772990391873051,4.318229326845966,10.186274682998619,1.1661391136335393,5.868045356152653,0.0028283964421056533
71,15046,test,4.790260688710997,4.772990391873051,0.35250831124567156,9.346355200750043,1.8775276491109947,8.993846889504372,0.000124171499241499
71,16221,test,4.961081321824245,4.772990391873051,4.709989280145589,9.930372838673286,1.0522672820465084,5.220383558527697,0.005405255496947007
71,16776,test,4.801354654393597,4.772990391873051,6.2462876079611975,10.906990163304636,0.9707057467788905,4.6607025553434385,0.009459814023666765
72,638,train,4.824852042546319,4.772990391873051,2.0409211884768435,8.992813050815219,1.4408507869330451,6.951891862338375,0.0009568232624153581
72,1220,train,4.869526730744372,4.772990391873051,1.420130639501459,8.270258493132792,1.4067338023595157,6.850127853631332,0.00105932024630889
72,1796,train,5.269363188972905,4.772990391873051,2.9434118544327377,9.043155238322498,1.1575864416889268,6.099743383889761,0.0022434433493305444
72,2397,train,4.978927661673869,4.772990391873051,2.2677147204594372,9.214128704200977,1.3951626646863593,6.9464139837415395,0.0009620790061059479
72,2973,train,7.603891415926333,4.772990391873051,4.819797481591833,12.655307241137942,1.0304605012026673,7.835509759546109,0.0003954406838822232
72,3549,train,5.727110218495005,4.772990391873051,0.6200845978037299,8.789014297757427,1.4263615310865039,8.168929699953697,0.0002833210928028065
72,4125,train,5.338384596226646,4.772990391873051,1.5370290746921622,9.354625775681107,1.464412419164159,7.817596700988945,0.0004025880605786962
72,4998,train,4.814705729159664,4.772990391873051,3.1793210442371227,10.4917120488341,1.5187617719418227,7.312391004596977,0.0006672198176840598
72,6144,train,5.068065034290525,4.772990391873051,6.4252335217132375,12.686158528614598,1.2353679292866107,6.260925006901361,0.0019094786984955414
72,6952,train,4.882840936047928,4.772990391873051,6.207844417442931,11.934636095400815,1.1728401053737854,5.726791677957885,0.0032575116325773397
72,7544,train,4.852028067031228,4.772990391873051,0.583022107769104,8.924850570883311,1.7192457149610547,8.341828463114208,0.0002383361554131346
72,8989,train,4.90660454360367,4.772990391873051,0.7936736260170716,8.896303783067061,1.651372162774502,8.10263015704999,0.00030274183145534797
72,10729,train,4.881287737945524,4.772990391873051,2.1216817863048494,9.291459419009781,1.468829132314705,7.169777632704932,0.0007694938224637209
72,11305,train,5.425736572910816,4.772990391873051,0.8148451294124709,8.489615388076142,1.414512141444841,7.6747702586636715,0.00046439723658527857
72,11910,train,4.827847882111813,4.772990391873051,0.30698785718226546,10.935401938867173,2.2014807303820416,10.628414081684907,2.421800770004633e-05
72,13054,calibration,4.885075225289164,4.772990391873051,0.8252424348495365,10.68595919041731,2.018539387995624,9.860716755567774,5.218493242696502e-05
72,13906,calibration,4.790281471670719,4.772990391873051,1.7665504708967912,8.86524046781022,1.4818941306256064,7.098689996913429,0.0008261865215559982
72,14753,calibration,5.032028586939837,4.772990391873051,4.318229326845966,10.186274682998619,1.1661391136335393,5.868045356152653,0.0028283964421056533
72,16221,test,4.961081321824245,4.772990391873051,4.709989280145589,9.930372838673286,1.0522672820465084,5.220383558527697,0.005405255496947007
72,16802,test,4.780895438930591,4.772990391873051,6.0583625594524895,11.026117078177027,1.0390845359788383,4.967754518724537,0.006958756261082593
73,640,train,4.957544350709414,4.7857293480912055,1.3672928437930854,9.12287196832557,1.5643993428768175,7.755579124532486,0.00042834606563262897
73,901,train,4.933590625628141,4.7857293480912055,2.762781402519986,8.982686594234472,1.2607258412168263,6.219905191714487,0.0019894338231342358
73,1494,train,4.920174980354039,4.7857293480912055,2.1302270229832914,8.673564061226536,1.3298992544717196,6.543337038243244,0.001439676219503502
73,1790,train,4.8327205666080975,4.7857293480912055,3.3677199642094364,9.055463912870366,1.1769238196722265,5.687743948660929,0.0033872261117637676
73,2044,train,4.980220513750671,4.7857293480912055,3.9628225123088163,9.21273271453427,1.0541521580681326,5.249910202225454,0.005247989635813204
73,2671,train,4.81558445822409,4.7857293480912055,3.2225771463769113,9.429835186334465,1.2889937023857514,6.207258039957553,0.0020147542728905623
73,3533,train,4.919091820802918,4.7857293480912055,1.1232874529774408,8.763731815939954,1.553222554344473,7.640444362962513,0.0004806148371677512
73,3794,train,4.8634314213298335,4.7857293480912055,3.586342804897365,9.38307281263447,1.1919012535704832,5.796730007737105,0.003037471030219932
73,4095,train,4.876803343480448,4.7857293480912055,3.673848308076247,9.66748025559592,1.229008332995887,5.993631947519674,0.002494587366761401
73,4377,train,4.963441375483857,4.7857293480912055,2.4151570155611535,9.515724382020409,1.430573432685515,7.100567366459256,0.0008246369191845401
73,4661,train,5.172118554487355,4.7857293480912055,3.582822189134521,9.957826325648217,1.2325711542289979,6.375004136513695,0.0017036127487705325
73,5270,train,4.829713953135292,4.7857293480912055,0.34779651504328,11.535521582994388,2.3164363721144197,11.187725067951108,1.3843080293890527e-05
73,6144,train,5.123082923159691,4.7857293480912055,6.4252335217132375,12.309872206096445,1.1486518513648853,5.884638684383208,0.002781851170034896
73,6398,train,5.110243016205938,4.7857293480912055,5.195608738386498,12.003744389219111,1.3322528164007479,6.808135650832614,0.0011047506221078913
73,6952,train,4.907451520356647,4.7857293480912055,6.207844417442931,11.830678672526751,1.1457747940575038,5.622834255083821,0.003614382496105757
73,7534,train,4.824454603455645,4.7857293480912055,2.0482674702299133,8.786914926829573,1.3967687563632423,6.73864745659966,0.0011842478204618276
73,7824,train,4.906819286623106,4.7857293480912055,3.9511207508100092,9.355346138052457,1.1013703728554591,5.404225387242448,0.004497536901676264
73,8127,train,5.035758620506051,4.7857293480912055,3.3053441567660946,9.476577145703711,1.2254822865829615,6.171232988937616,0.0020886591186204265
73,8418,train,4.799635409768763,4.7857293480912055,1.1510849308714262,9.1644509557973,1.6695780701626128,8.013366024925872,0.00033100865829914305
73,8978,train,4.865790831280074,4.7857293480912055,2.526570567996371,9.33118443832639,1.3984600050183185,6.804613870330019,0.0011086481704354937
73,9282,train,4.790583043723684,4.7857293480912055,0.8523059721683426,8.655858355187622,1.628935833445784,7.803552383019279,0.0004082820256493762
73,10725,train,4.9442615695696315,4.7857293480912055,2.6209757065716874,9.43276340439219,1.377715883751965,6.8117876978205025,0.0011007233792422362
73,11015,train,5.0435138454653705,4.7857293480912055,2.1085834698837362,8.894050781214673,1.3453848882425015,6.785467311330937,0.0011300794812625764
73,11300,train,5.0205731487603265,4.7857293480912055,1.7423224246141082,8.616494802180348,1.369200721488064,6.87417237756624,0.0010341531729349835
73,11573,train,4.869283864679174,4.7857293480912055,2.6025983207303987,8.767251029654886,1.2660286153456084,6.164652708924487,0.002102448399380832
73,13918,calibration,4.872082200066197,4.7857293480912055,0.45545226811099965,8.86524046781022,1.7261178802740555,8.409788199699221,0.00022267701498341656
73,14752,calibration,4.862706668141493,4.7857293480912055,4.7697549824959635,10.028267143571378,1.0813961277012822,5.258512161075415,0.005203040248474958
73,15031,test,4.791903220512293,4.7857293480912055,2.6179223478850364,9.891133060986444,1.5178125221660554,7.273210713101408,0.0006938805620219739
73,16783,test,5.215995954256316,4.7857293480912055,5.465519722752979,10.910403770538341,1.0438819538083175,5.444884047785362,0.004318340699772036
73,17056,test,4.871052406718292,4.7857293480912055,3.4063510144643954,10.52524610781114,1.4614696166126577,7.118895093346746,0.0008096608567490245
74,640,train,4.957544350709414,4.7857293480912055,1.3672928437930854,9.12287196832557,1.5643993428768175,7.755579124532486,0.00042834606563262897
74,928,train,5.274734027864367,4.7857293480912055,1.0497394757234582,8.843542936905665,1.4775727875586857,7.793803461182208,0.0004122818002713338
74,1494,train,4.920174980354039,4.7857293480912055,2.1302270229832914,8.673564061226536,1.3298992544717196,6.543337038243244,0.001439676219503502
74,1790,train,4.8327205666080975,4.7857293480912055,3.3677199642094364,9.055463912870366,1.1769238196722265,5.687743948660929,0.0033872261117637676
74,2078,train,6.700206241737101,4.7857293480912055,0.22567085009185084,9.083299811666997,1.3219934793050057,8.857628961575147,0.0001422920444134349
74,2671,train,4.81558445822409,4.7857293480912055,3.2225771463769113,9.429835186334465,1.2889937023857514,6.207258039957553,0.0020147542728905623
74,3533,train,4.919091820802918,4.7857293480912055,1.1232874529774408,8.763731815939954,1.553222554344473,7.640444362962513,0.0004806148371677512
74,3823,train,4.946811486351891,4.7857293480912055,1.3617158941748604,9.310118332778849,1.6067728597569162,7.948402438603988,0.00035322601436066104
74,4111,train,4.984277464835699,4.7857293480912055,2.1302901897242505,9.600486848943504,1.49875216857846,7.470196659219253,0.0005698162262439889
74,4661,train,5.172118554487355,4.7857293480912055,3.582822189134521,9.957826325648217,1.2325711542289979,6.375004136513695,0.0017036127487705325
74,5270,train,4.829713953135292,4.7857293480912055,0.34779651504328,11.535521582994388,2.3164363721144197,11.187725067951108,1.3843080293890527e-05
74,6144,train,5.123082923159691,4.7857293480912055,6.4252335217132375,12.309872206096445,1.1486518513648853,5.884638684383208,0.002781851170034896
74,6432,train,6.181528518765203,4.7857293480912055,1.8860108711025294,11.722054826616112,1.5911993167473715,9.836043955513583,5.348849598437903e-05
74,6952,train,4.907451520356647,4.7857293480912055,6.207844417442931,11.830678672526751,1.1457747940575038,5.622834255083821,0.003614382496105757
74,7534,train,4.824454603455645,4.7857293480912055,2.0482674702299133,8.786914926829573,1.3967687563632423,6.73864745659966,0.0011842478204618276
74,7824,train,4.906819286623106,4.7857293480912055,3.9511207508100092,9.355346138052457,1.1013703728554591,5.404225387242448,0.004497536901676264
74,8127,train,5.035758620506051,4.7857293480912055,3.3053441567660946,9.476577145703711,1.2254822865829615,6.171232988937616,0.0020886591186204265
74,8418,train,4.799635409768763,4.7857293480912055,1.1510849308714262,9.1644509557973,1.6695780701626128,8.013366024925872,0.00033100865829914305
74,8978,train,4.865790831280074,4.7857293480912055,2.526570567996371,9.33118443832639,1.3984600050183185,6.804613870330019,0.0011086481704354937
74,9282,train,4.790583043723684,4.7857293480912055,0.8523059721683426,8.655858355187622,1.628935833445784,7.803552383019279,0.0004082820256493762
74,10725,train,4.9442615695696315,4.7857293480912055,2.6209757065716874,9.43276340439219,1.377715883751965,6.8117876978205025,0.0011007233792422362
74,11015,train,5.0435138454653705,4.7857293480912055,2.1085834698837362,8.894050781214673,1.3453848882425015,6.785467311330937,0.0011300794812625764
74,11303,train,5.499660867996491,4.7857293480912055,1.093888223065241,8.578747048596309,1.3609673405658154,7.484858825531068,0.0005615224370082873
74,11591,train,4.921638868239163,4.7857293480912055,1.7200865773537413,8.708471815698642,1.419930520185681,6.988385238344901,0.0009225350037316586
74,13918,calibration,4.872082200066197,4.7857293480912055,0.45545226811099965,8.86524046781022,1.7261178802740555,8.409788199699221,0.00022267701498341656
74,14752,calibration,4.862706668141493,4.7857293480912055,4.7697549824959635,10.028267143571378,1.0813961277012822,5.258512161075415,0.005203040248474958
74,15040,test,5.612773271617409,4.7857293480912055,0.9776710469717899,9.885752571524678,1.5871087416980028,8.90808152455289,0.00013529113790139186
74,16783,test,5.215995954256316,4.7857293480912055,5.465519722752979,10.910403770538341,1.0438819538083175,5.444884047785362,0.004318340699772036
75,640,train,4.957544350709414,4.7857293480912055,1.3672928437930854,9.12287196832557,1.5643993428768175,7.755579124532486,0.00042834606563262897
75,1494,train,4.920174980354039,4.7857293480912055,2.1302270229832914,8.673564061226536,1.3298992544717196,6.543337038243244,0.001439676219503502
75,2070,train,7.5130859884007055,4.7857293480912055,0.4676767871743694,9.170141226116492,1.1583075785872374,8.702464438942123,0.00016617577588859086
75,2671,train,4.81558445822409,4.7857293480912055,3.2225771463769113,9.429835186334465,1.2889937023857514,6.207258039957553,0.0020147542728905623
75,3533,train,4.919091820802918,4.7857293480912055,1.1232874529774408,8.763731815939954,1.553222554344473,7.640444362962513,0.0004806148371677512
75,4109,train,4.966170670922454,4.7857293480912055,2.3806574057843584,9.612165404250428,1.4561537405082445,7.2315079984660695,0.0007234291101873746
75,4685,train,5.046080009219434,4.7857293480912055,2.219077505448619,9.798816829364263,1.502104467243304,7.5797393239156445,0.0005106943314632018
75,5270,train,4.829713953135292,4.7857293480912055,0.34779651504328,11.535521582994388,2.3164363721144197,11.187725067951108,1.3843080293890527e-05
75,6144,train,5.123082923159691,4.7857293480912055,6.4252335217132375,12.309872206096445,1.1486518513648853,5.884638684383208,0.002781851170034896
75,6952,train,4.907451520356647,4.7857293480912055,6.207844417442931,11.830678672526751,1.1457747940575038,5.622834255083821,0.003614382496105757
75,7534,train,4.824454603455645,4.7857293480912055,2.0482674702299133,8.786914926829573,1.3967687563632423,6.73864745659966,0.0011842478204618276
75,8127,train,5.035758620506051,4.7857293480912055,3.3053441567660946,9.476577145703711,1.2254822865829615,6.171232988937616,0.0020886591186204265
75,8978,train,4.865790831280074,4.7857293480912055,2.526570567996371,9.33118443832639,1.3984600050183185,6.804613870330019,0.0011086481704354937
75,10725,train,4.9442615695696315,4.7857293480912055,2.6209757065716874,9.43276340439219,1.377715883751965,6.8117876978205025,0.0011007233792422362
75,11301,train,5.222268601265098,4.7857293480912055,1.4437280090252067,8.601716305545011,1.370666436955345,7.157988296519805,0.0007786193299722981
75,13918,calibration,4.872082200066197,4.7857293480912055,0.45545226811099965,8.86524046781022,1.7261178802740555,8.409788199699221,0.00022267701498341656
75,14752,calibration,4.862706668141493,4.7857293480912055,4.7697549824959635,10.028267143571378,1.0813961277012822,5.258512161075415,0.005203040248474958
75,16783,test,5.215995954256316,4.7857293480912055,5.465519722752979,10.910403770538341,1.0438819538083175,5.444884047785362,0.004318340699772036
76,640,train,4.957544350709414,4.7857293480912055,1.3672928437930854,9.12287196832557,1.5643993428768175,7.755579124532486,0.00042834606563262897
76,901,train,4.933590625628141,4.7857293480912055,2.762781402519986,8.982686594234472,1.2607258412168263,6.219905191714487,0.0019894338231342358
76,1494,train,4.920174980354039,4.7857293480912055,2.1302270229832914,8.673564061226536,1.3298992544717196,6.543337038243244,0.001439676219503502
76,1790,train,4.8327205666080975,4.7857293480912055,3.3677199642094364,9.055463912870366,1.1769238196722265,5.687743948660929,0.0033872261117637676
76,2044,train,4.980220513750671,4.7857293480912055,3.9628225123088163,9.21273271453427,1.0541521580681326,5.249910202225454,0.005247989635813204
76,2671,train,4.81558445822409,4.7857293480912055,3.2225771463769113,9.429835186334465,1.2889937023857514,6.207258039957553,0.0020147542728905623
76,3533,train,4.919091820802918,4.7857293480912055,1.1232874529774408,8.763731815939954,1.553222554344473,7.640444362962513,0.0004806148371677512
76,3794,train,4.8634314213298335,4.7857293480912055,3.586342804897365,9.38307281263447,1.1919012535704832,5.796730007737105,0.003037471030219932
76,4095,train,4.876803343480448,4.7857293480912055,3.673848308076247,9.66748025559592,1.229008332995887,5.993631947519674,0.002494587366761401
76,4377,train,4.963441375483857,4.7857293480912055,2.4151570155611535,9.515724382020409,1.430573432685515,7.100567366459256,0.0008246369191845401
76,4661,train,5.172118554487355,4.7857293480912055,3.582822189134521,9.957826325648217,1.2325711542289979,6.375004136513695,0.0017036127487705325
76,5270,train,4.829713953135292,4.7857293480912055,0.34779651504328,11.535521582994388,2.3164363721144197,11.187725067951108,1.3843080293890527e-05
76,6144,train,5.123082923159691,4.7857293480912055,6.4252335217132375,12.309872206096445,1.1486518513648853,5.884638684383208,0.002781851170034896
76,6398,train,5.110243016205938,4.7857293480912055,5.195608738386498,12.003744389219111,1.3322528164007479,6.808135650832614,0.0011047506221078913
76,6952,train,4.907451520356647,4.7857293480912055,6.207844417442931,11.830678672526751,1.1457747940575038,5.622834255083821,0.003614382496105757
76,7534,train,4.824454603455645,4.7857293480912055,2.0482674702299133,8.786914926829573,1.3967687563632423,6.73864745659966,0.0011842478204618276
76,7824,train,4.906819286623106,4.7857293480912055,3.9511207508100092,9.355346138052457,1.1013703728554591,5.404225387242448,0.004497536901676264
76,8127,train,5.035758620506051,4.7857293480912055,3.3053441567660946,9.476577145703711,1.2254822865829615,6.171232988937616,0.0020886591186204265
76,8418,train,4.799635409768763,4.7857293480912055,1.1510849308714262,9.1644509557973,1.6695780701626128,8.013366024925872,0.00033100865829914305
76,8978,train,4.865790831280074,4.7857293480912055,2.526570567996371,9.33118443832639,1.3984600050183185,6.804613870330019,0.0011086481704354937
76,9282,train,4.790583043723684,4.7857293480912055,0.8523059721683426,8.655858355187622,1.628935833445784,7.803552383019279,0.0004082820256493762
76,10725,train,4.9442615695696315,4.7857293480912055,2.6209757065716874,9.43276340439219,1.377715883751965,6.8117876978205025,0.0011007233792422362
76,11015,train,5.0435138454653705,4.7857293480912055,2.1085834698837362,8.894050781214673,1.3453848882425015,6.785467311330937,0.0011300794812625764
76,11300,train,5.0205731487603265,4.7857293480912055,1.7423224246141082,8.616494802180348,1.369200721488064,6.87417237756624,0.0010341531729349835
76,11573,train,4.869283864679174,4.7857293480912055,2.6025983207303987,8.767251029654886,1.2660286153456084,6.164652708924487,0.002102448399380832
76,13918,calibration,4.872082200066197,4.7857293480912055,0.45545226811099965,8.86524046781022,1.7261178802740555,8.409788199699221,0.00022267701498341656
76,14752,calibration,4.862706668141493,4.7857293480912055,4.7697549824959635,10.028267143571378,1.0813961277012822,5.258512161075415,0.005203040248474958
76,15031,test,4.791903220512293,4.7857293480912055,2.6179223478850364,9.891133060986444,1.5178125221660554,7.273210713101408,0.0006938805620219739
76,16783,test,5.215995954256316,4.7857293480912055,5.465519722752979,10.910403770538341,1.0438819538083175,5.444884047785362,0.004318340699772036
76,17056,test,4.871052406718292,4.7857293480912055,3.4063510144643954,10.52524610781114,1.4614696166126577,7.118895093346746,0.0008096608567490245
77,640,train,4.957544350709414,4.7857293480912055,1.3672928437930854,9.12287196832557,1.5643993428768175,7.755579124532486,0.00042834606563262897
77,928,train,5.274734027864367,4.7857293480912055,1.0497394757234582,8.843542936905665,1.4775727875586857,7.793803461182208,0.0004122818002713338
77,1494,train,4.920174980354039,4.7857293480912055,2.1302270229832914,8.673564061226536,1.3298992544717196,6.543337038243244,0.001439676219503502
77,1790,train,4.8327205666080975,4.7857293480912055,3.3677199642094364,9.055463912870366,1.1769238196722265,5.687743948660929,0.0033872261117637676
77,2078,train,6.700206241737101,4.7857293480912055,0.22567085009185084,9.083299811666997,1.3219934793050057,8.857628961575147,0.0001422920444134349
77,2671,train,4.81558445822409,4.7857293480912055,3.2225771463769113,9.429835186334465,1.2889937023857514,6.207258039957553,0.0020147542728905623
77,3533,train,4.919091820802918,4.7857293480912055,1.1232874529774408,8.763731815939954,1.553222554344473,7.640444362962513,0.0004806148371677512
77,3823,train,4.946811486351891,4.7857293480912055,1.3617158941748604,9.310118332778849,1.6067728597569162,7.948402438603988,0.00035322601436066104
77,4111,train,4.984277464835699,4.7857293480912055,2.1302901897242505,9.600486848943504,1.49875216857846,7.470196659219253,0.0005698162262439889
77,4661,train,5.172118554487355,4.7857293480912055,3.582822189134521,9.957826325648217,1.2325711542289979,6.375004136513695,0.0017036127487705325
77,5270,train,4.829713953135292,4.7857293480912055,0.34779651504328,11.535521582994388,2.3164363721144197,11.187725067951108,1.3843080293890527e-05
77,6144,train,5.123082923159691,4.7857293480912055,6.4252335217132375,12.309872206096445,1.1486518513648853,5.884638684383208,0.002781851170034896
77,6432,train,6.181528518765203,4.7857293480912055,1.8860108711025294,11.722054826616112,1.5911993167473715,9.836043955513583,5.348849598437903e-05
77,6952,train,4.907451520356647,4.7857293480912055,6.207844417442931,11.830678672526751,1.1457747940575038,5.622834255083821,0.003614382496105757
77,7534,train,4.824454603455645,4.7857293480912055,2.0482674702299133,8.786914926829573,1.3967687563632423,6.73864745659966,0.0011842478204618276
77,7824,train,4.906819286623106,4.7857293480912055,3.9511207508100092,9.355346138052457,1.1013703728554591,5.404225387242448,0.004497536901676264
77,8127,train,5.035758620506051,4.7857293480912055,3.3053441567660946,9.476577145703711,1.2254822865829615,6.171232988937616,0.0020886591186204265
77,8418,train,4.799635409768763,4.7857293480912055,1.1510849308714262,9.1644509557973,1.6695780701626128,8.013366024925872,0.00033100865829914305
77,8978,train,4.865790831280074,4.7857293480912055,2.526570567996371,9.33118443832639,1.3984600050183185,6.804613870330019,0.0011086481704354937
77,9282,train,4.790583043723684,4.7857293480912055,0.8523059721683426,8.655858355187622,1.628935833445784,7.803552383019279,0.0004082820256493762
77,10725,train,4.9442615695696315,4.7857293480912055,2.6209757065716874,9.43276340439219,1.377715883751965,6.8117876978205025,0.0011007233792422362
77,11015,train,5.0435138454653705,4.7857293480912055,2.1085834698837362,8.894050781214673,1.3453848882425015,6.785467311330937,0.0011300794812625764
77,11303,train,5.499660867996491,4.7857293480912055,1.093888223065241,8.578747048596309,1.3609673405658154,7.484858825531068,0.0005615224370082873
77,11591,train,4.921638868239163,4.7857293480912055,1.7200865773537413,8.708471815698642,1.419930520185681,6.988385238344901,0.0009225350037316586
77,13918,calibration,4.872082200066197,4.7857293480912055,0.45545226811099965,8.86524046781022,1.7261178802740555,8.409788199699221,0.00022267701498341656
77,14752,calibration,4.862706668141493,4.7857293480912055,4.7697549824959635,10.028267143571378,1.0813961277012822,5.258512161075415,0.005203040248474958
77,15040,test,5.612773271617409,4.7857293480912055,0.9776710469717899,9.885752571524678,1.5871087416980028,8.90808152455289,0.00013529113790139186
77,16783,test,5.215995954256316,4.7857293480912055,5.465519722752979,10.910403770538341,1.0438819538083175,5.444884047785362,0.004318340699772036
78,640,train,4.957544350709414,4.7857293480912055,1.3672928437930854,9.12287196832557,1.5643993428768175,7.755579124532486,0.00042834606563262897
78,1494,train,4.920174980354039,4.7857293480912055,2.1302270229832914,8.673564061226536,1.3298992544717196,6.543337038243244,0.001439676219503502
78,2070,train,7.5130859884007055,4.7857293480912055,0.4676767871743694,9.170141226116492,1.1583075785872374,8.702464438942123,0.00016617577588859086
78,2671,train,4.81558445822409,4.7857293480912055,3.2225771463769113,9.429835186334465,1.2889937023857514,6.207258039957553,0.0020147542728905623
78,3533,train,4.919091820802918,4.7857293480912055,1.1232874529774408,8.763731815939954,1.553222554344473,7.640444362962513,0.0004806148371677512
78,4109,train,4.966170670922454,4.7857293480912055,2.3806574057843584,9.612165404250428,1.4561537405082445,7.2315079984660695,0.0007234291101873746
78,4685,train,5.046080009219434,4.7857293480912055,2.219077505448619,9.798816829364263,1.502104467243304,7.5797393239156445,0.0005106943314632018
78,5270,train,4.829713953135292,4.7857293480912055,0.34779651504328,11.535521582994388,2.3164363721144197,11.187725067951108,1.3843080293890527e-05
78,6144,train,5.123082923159691,4.7857293480912055,6.4252335217132375,12.309872206096445,1.1486518513648853,5.884638684383208,0.002781851170034896
78,6952,train,4.907451520356647,4.7857293480912055,6.207844417442931,11.830678672526751,1.1457747940575038,5.622834255083821,0.003614382496105757
78,7534,train,4.824454603455645,4.7857293480912055,2.0482674702299133,8.786914926829573,1.3967687563632423,6.73864745659966,0.0011842478204618276
78,8127,train,5.035758620506051,4.7857293480912055,3.3053441567660946,9.476577145703711,1.2254822865829615,6.171232988937616,0.0020886591186204265
78,8978,train,4.865790831280074,4.7857293480912055,2.526570567996371,9.33118443832639,1.3984600050183185,6.804613870330019,0.0011086481704354937
78,10725,train,4.9442615695696315,4.7857293480912055,2.6209757065716874,9.43276340439219,1.377715883751965,6.8117876978205025,0.0011007233792422362
78,11301,train,5.222268601265098,4.7857293480912055,1.4437280090252067,8.601716305545011,1.370666436955345,7.157988296519805,0.0007786193299722981
78,13918,calibration,4.872082200066197,4.7857293480912055,0.45545226811099965,8.86524046781022,1.7261178802740555,8.409788199699221,0.00022267701498341656
78,14752,calibration,4.862706668141493,4.7857293480912055,4.7697549824959635,10.028267143571378,1.0813961277012822,5.258512161075415,0.005203040248474958
78,16783,test,5.215995954256316,4.7857293480912055,5.465519722752979,10.910403770538341,1.0438819538083175,5.444884047785362,0.004318340699772036
79,640,train,4.957544350709414,4.7857293480912055,1.3672928437930854,9.12287196832557,1.5643993428768175,7.755579124532486,0.00042834606563262897
79,901,train,4.933590625628141,4.7857293480912055,2.762781402519986,8.982686594234472,1.2607258412168263,6.219905191714487,0.0019894338231342358
79,1494,train,4.920174980354039,4.7857293480912055,2.1302270229832914,8.673564061226536,1.3298992544717196,6.543337038243244,0.001439676219503502
79,1790,train,4.8327205666080975,4.7857293480912055,3.3677199642094364,9.055463912870366,1.1769238196722265,5.687743948660929,0.0033872261117637676
79,2044,train,4.980220513750671,4.7857293480912055,3.9628225123088163,9.21273271453427,1.0541521580681326,5.249910202225454,0.005247989635813204
79,2671,train,4.81558445822409,4.7857293480912055,3.2225771463769113,9.429835186334465,1.2889937023857514,6.207258039957553,0.0020147542728905623
79,3533,train,4.919091820802918,4.7857293480912055,1.1232874529774408,8.763731815939954,1.553222554344473,7.640444362962513,0.0004806148371677512
79,3794,train,4.8634314213298335,4.7857293480912055,3.586342804897365,9.38307281263447,1.1919012535704832,5.796730007737105,0.003037471030219932
79,4095,train,4.876803343480448,4.7857293480912055,3.673848308076247,9.66748025559592,1.229008332995887,5.993631947519674,0.002494587366761401
79,4377,train,4.963441375483857,4.7857293480912055,2.4151570155611535,9.515724382020409,1.430573432685515,7.100567366459256,0.0008246369191845401
79,4661,train,5.172118554487355,4.7857293480912055,3.582822189134521,9.957826325648217,1.2325711542289979,6.375004136513695,0.0017036127487705325
79,5270,train,4.829713953135292,4.7857293480912055,0.34779651504328,11.535521582994388,2.3164363721144197,11.187725067951108,1.3843080293890527e-05
79,6144,train,5.123082923159691,4.7857293480912055,6.4252335217132375,12.309872206096445,1.1486518513648853,5.884638684383208,0.002781851170034896
79,6398,train,5.110243016205938,4.7857293480912055,5.195608738386498,12.003744389219111,1.3322528164007479,6.808135650832614,0.0011047506221078913
79,6952,train,4.907451520356647,4.7857293480912055,6.207844417442931,11.830678672526751,1.1457747940575038,5.622834255083821,0.003614382496105757
79,7534,train,4.824454603455645,4.7857293480912055,2.0482674702299133,8.786914926829573,1.3967687563632423,6.73864745659966,0.0011842478204618276
79,7824,train,4.906819286623106,4.7857293480912055,3.9511207508100092,9.355346138052457,1.1013703728554591,5.404225387242448,0.004497536901676264
79,8127,train,5.035758620506051,4.7857293480912055,3.3053441567660946,9.476577145703711,1.2254822865829615,6.171232988937616,0.0020886591186204265
79,8418,train,4.799635409768763,4.7857293480912055,1.1510849308714262,9.1644509557973,1.6695780701626128,8.013366024925872,0.00033100865829914305
79,8978,train,4.865790831280074,4.7857293480912055,2.526570567996371,9.33118443832639,1.3984600050183185,6.804613870330019,0.0011086481704354937
79,9282,train,4.790583043723684,4.7857293480912055,0.8523059721683426,8.655858355187622,1.628935833445784,7.803552383019279,0.0004082820256493762
79,10725,train,4.9442615695696315,4.7857293480912055,2.6209757065716874,9.43276340439219,1.377715883751965,6.8117876978205025,0.0011007233792422362
79,11015,train,5.0435138454653705,4.7857293480912055,2.1085834698837362,8.894050781214673,1.3453848882425015,6.785467311330937,0.0011300794812625764
79,11300,train,5.0205731487603265,4.7857293480912055,1.7423224246141082,8.616494802180348,1.369200721488064,6.87417237756624,0.0010341531729349835
79,11573,train,4.869283864679174,4.7857293480912055,2.6025983207303987,8.767251029654886,1.2660286153456084,6.164652708924487,0.002102448399380832
79,13918,calibration,4.872082200066197,4.7857293480912055,0.45545226811099965,8.86524046781022,1.7261178802740555,8.409788199699221,0.00022267701498341656
79,14752,calibration,4.862706668141493,4.7857293480912055,4.7697549824959635,10.028267143571378,1.0813961277012822,5.258512161075415,0.005203040248474958
79,15031,test,4.791903220512293,4.7857293480912055,2.6179223478850364,9.891133060986444,1.5178125221660554,7.273210713101408,0.0006938805620219739
79,16783,test,5.215995954256316,4.7857293480912055,5.465519722752979,10.910403770538341,1.0438819538083175,5.444884047785362,0.004318340699772036
79,17056,test,4.871052406718292,4.7857293480912055,3.4063510144643954,10.52524610781114,1.4614696166126577,7.118895093346746,0.0008096608567490245
80,640,train,4.957544350709414,4.7857293480912055,1.3672928437930854,9.12287196832557,1.5643993428768175,7.755579124532486,0.00042834606563262897
80,928,train,5.274734027864367,4.7857293480912055,1.0497394757234582,8.843542936905665,1.4775727875586857,7.793803461182208,0.0004122818002713338
80,1494,train,4.920174980354039,4.7857293480912055,2.1302270229832914,8.673564061226536,1.3298992544717196,6.543337038243244,0.001439676219503502
80,1790,train,4.8327205666080975,4.7857293480912055,3.3677199642094364,9.055463912870366,1.1769238196722265,5.687743948660929,0.0033872261117637676
80,2078,train,6.700206241737101,4.7857293480912055,0.22567085009185084,9.083299811666997,1.3219934793050057,8.857628961575147,0.0001422920444134349
80,2671,train,4.81558445822409,4.7857293480912055,3.2225771463769113,9.429835186334465,1.2889937023857514,6.207258039957553,0.0020147542728905623
80,3533,train,4.919091820802918,4.7857293480912055,1.1232874529774408,8.763731815939954,1.553222554344473,7.640444362962513,0.0004806148371677512
80,3823,train,4.946811486351891,4.7857293480912055,1.3617158941748604,9.310118332778849,1.6067728597569162,7.948402438603988,0.00035322601436066104
80,4111,train,4.984277464835699,4.7857293480912055,2.1302901897242505,9.600486848943504,1.49875216857846,7.470196659219253,0.0005698162262439889
80,4661,train,5.172118554487355,4.7857293480912055,3.582822189134521,9.957826325648217,1.2325711542289979,6.375004136513695,0.0017036127487705325
80,5270,train,4.829713953135292,4.7857293480912055,0.34779651504328,11.535521582994388,2.3164363721144197,11.187725067951108,1.3843080293890527e-05
80,6144,train,5.123082923159691,4.7857293480912055,6.4252335217132375,12.309872206096445,1.1486518513648853,5.884638684383208,0.002781851170034896
80,6432,train,6.181528518765203,4.7857293480912055,1.8860108711025294,11.722054826616112,1.5911993167473715,9.836043955513583,5.348849598437903e-05
80,6952,train,4.907451520356647,4.7857293480912055,6.207844417442931,11.830678672526751,1.1457747940575038,5.622834255083821,0.003614382496105757
80,7534,train,4.824454603455645,4.7857293480912055,2.0482674702299133,8.786914926829573,1.3967687563632423,6.73864745659966,0.0011842478204618276
80,7824,train,4.906819286623106,4.7857293480912055,3.9511207508100092,9.355346138052457,1.1013703728554591,5.404225387242448,0.004497536901676264
80,8127,train,5.035758620506051,4.7857293480912055,3.3053441567660946,9.476577145703711,1.2254822865829615,6.171232988937616,0.0020886591186204265
80,8418,train,4.799635409768763,4.7857293480912055,1.1510849308714262,9.1644509557973,1.6695780701626128,8.013366024925872,0.00033100865829914305
80,8978,train,4.865790831280074,4.7857293480912055,2.526570567996371,9.33118443832639,1.3984600050183185,6.804613870330019,0.0011086481704354937
80,9282,train,4.790583043723684,4.7857293480912055,0.8523059721683426,8.655858355187622,1.628935833445784,7.803552383019279,0.0004082820256493762
80,10725,train,4.9442615695696315,4.7857293480912055,2.6209757065716874,9.43276340439219,1.377715883751965,6.8117876978205025,0.0011007233792422362
80,11015,train,5.0435138454653705,4.7857293480912055,2.1085834698837362,8.894050781214673,1.3453848882425015,6.785467311330937,0.0011300794812625764
80,11303,train,5.499660867996491,4.7857293480912055,1.093888223065241,8.578747048596309,1.3609673405658154,7.484858825531068,0.0005615224370082873
80,11591,train,4.921638868239163,4.7857293480912055,1.7200865773537413,8.708471815698642,1.419930520185681,6.988385238344901,0.0009225350037316586
80,13918,calibration,4.872082200066197,4.7857293480912055,0.45545226811099965,8.86524046781022,1.7261178802740555,8.409788199699221,0.00022267701498341656
80,14752,calibration,4.862706668141493,4.7857293480912055,4.7697549824959635,10.028267143571378,1.0813961277012822,5.258512161075415,0.005203040248474958
80,15040,test,5.612773271617409,4.7857293480912055,0.9776710469717899,9.885752571524678,1.5871087416980028,8.90808152455289,0.00013529113790139186
80,16783,test,5.215995954256316,4.7857293480912055,5.465519722752979,10.910403770538341,1.0438819538083175,5.444884047785362,0.004318340699772036
81,640,train,4.957544350709414,4.7857293480912055,1.3672928437930854,9.12287196832557,1.5643993428768175,7.755579124532486,0.00042834606563262897
81,1494,train,4.920174980354039,4.7857293480912055,2.1302270229832914,8.673564061226536,1.3298992544717196,6.543337038243244,0.001439676219503502
81,2070,train,7.5130859884007055,4.7857293480912055,0.4676767871743694,9.170141226116492,1.1583075785872374,8.702464438942123,0.00016617577588859086
81,2671,train,4.81558445822409,4.7857293480912055,3.2225771463769113,9.429835186334465,1.2889937023857514,6.207258039957553,0.0020147542728905623
81,3533,train,4.919091820802918,4.7857293480912055,1.1232874529774408,8.763731815939954,1.553222554344473,7.640444362962513,0.0004806148371677512
81,4109,train,4.966170670922454,4.7857293480912055,2.3806574057843584,9.612165404250428,1.4561537405082445,7.2315079984660695,0.0007234291101873746
81,4685,train,5.046080009219434,4.7857293480912055,2.219077505448619,9.798816829364263,1.502104467243304,7.5797393239156445,0.0005106943314632018
81,5270,train,4.829713953135292,4.7857293480912055,0.34779651504328,11.535521582994388,2.3164363721144197,11.187725067951108,1.3843080293890527e-05
81,6144,train,5.123082923159691,4.7857293480912055,6.4252335217132375,12.309872206096445,1.1486518513648853,5.884638684383208,0.002781851170034896
81,6952,train,4.907451520356647,4.7857293480912055,6.207844417442931,11.830678672526751,1.1457747940575038,5.622834255083821,0.003614382496105757
81,7534,train,4.824454603455645,4.7857293480912055,2.0482674702299133,8.786914926829573,1.3967687563632423,6.73864745659966,0.0011842478204618276
81,8127,train,5.035758620506051,4.7857293480912055,3.3053441567660946,9.476577145703711,1.2254822865829615,6.171232988937616,0.0020886591186204265
81,8978,train,4.865790831280074,4.7857293480912055,2.526570567996371,9.33118443832639,1.3984600050183185,6.804613870330019,0.0011086481704354937
81,10725,train,4.9442615695696315,4.7857293480912055,2.6209757065716874,9.43276340439219,1.377715883751965,6.8117876978205025,0.0011007233792422362
81,11301,train,5.222268601265098,4.7857293480912055,1.4437280090252067,8.601716305545011,1.370666436955345,7.157988296519805,0.0007786193299722981
81,13918,calibration,4.872082200066197,4.7857293480912055,0.45545226811099965,8.86524046781022,1.7261178802740555,8.409788199699221,0.00022267701498341656
81,14752,calibration,4.862706668141493,4.7857293480912055,4.7697549824959635,10.028267143571378,1.0813961277012822,5.258512161075415,0.005203040248474958
81,16783,test,5.215995954256316,4.7857293480912055,5.465519722752979,10.910403770538341,1.0438819538083175,5.444884047785362,0.004318340699772036
